industry_code,industry_name,uqer_indic_id,uqer_name,name_en,frequency,unit,stat_type,region,country,source,api,begin_date,end_date,is_update,selection_score
801010,农林牧渔,2010711979,价格:仔猪:外三元(15kg),Price: Piglet: Foreign Mixed Breed (15kg),日,元/公斤,当期值,全国,中国,博亚和讯,getEcoDataIndAgricultural,2016-09-28,2026-08-07,1,150.0
801010,农林牧渔,2010712032,价格:仔猪:外三元(20kg),Price: Piglet: Foreign Mixed Breed (20kg),日,元/公斤,当期值,全国,中国,博亚和讯,getEcoDataIndAgricultural,2016-01-04,2026-08-07,1,150.0
801010,农林牧渔,2010711926,价格:生猪:外三元,Price: Pig: Foreign Mixed Breed,日,元/公斤,当期值,全国,中国,博亚和讯,getEcoDataIndAgricultural,2016-01-04,2026-08-07,1,150.0
801010,农林牧渔,2010000983,农产品批发价格200指数,Wholesale Price Index of Agricultural Products,日,2015年=100,定基,全国,中国,中国农业农村部,getEcoDataIndAgricultural,2015-01-19,2026-08-07,1,150.0
801010,农林牧渔,2010000984,农产品批发价格200指数:菜篮子,Wholesale Price Index of Agricultural Products 200: Vegetable Basket,日,2015年=100,定基,全国,中国,中国农业农村部,getEcoDataIndAgricultural,2015-01-19,2026-08-07,1,150.0
801010,农林牧渔,2010723605,收盘价:大商所:农产品期货价格指数,Closing Price: Dalian Commodity Exchange: Agricultural Futures Price Index,日,点,当期值,全国,中国,大连商品交易所,getEcoDataIndAgricultural,2013-01-04,2026-08-07,1,150.0
801010,农林牧渔,2010723606,收盘价:大商所:农产品期货价格综合指数,Closing Price: Dalian Commodity Exchange: Agricultural Futures Price Composite Index,日,点,当期值,全国,中国,大连商品交易所,getEcoDataIndAgricultural,2013-01-04,2026-08-07,1,150.0
801010,农林牧渔,2010723608,收盘价:大商所:大豆类期货价格指数,Closing Price: Dalian Commodity Exchange: Soybean Futures Price Index,日,点,当期值,全国,中国,大连商品交易所,getEcoDataIndAgricultural,2013-01-04,2026-08-07,1,150.0
801010,农林牧渔,2010723617,收盘价:大商所:玉米期货主力合约价格指数,Closing Price: Dalian Commodity Exchange: Corn Futures Main Contract Price Index,日,点,当期值,全国,中国,大连商品交易所,getEcoDataIndAgricultural,2013-01-04,2026-08-07,1,150.0
801010,农林牧渔,2010723610,收盘价:大商所:玉米期货价格指数,Closing Price: Dalian Commodity Exchange: Corn Futures Price Index,日,点,当期值,全国,中国,大连商品交易所,getEcoDataIndAgricultural,2013-01-04,2026-08-07,1,150.0
801010,农林牧渔,2010723625,收盘价:大商所:玉米淀粉加工利润指数,Closing Price: Dalian Commodity Exchange: Corn Starch Processing Profit Index,日,点,当期值,全国,中国,大连商品交易所,getEcoDataIndAgricultural,2014-12-19,2026-08-07,1,150.0
801010,农林牧渔,2010723618,收盘价:大商所:玉米淀粉期货主力合约价格指数,Closing Price: Dalian Commodity Exchange: Corn Starch Futures Main Contract Price Index,日,点,当期值,全国,中国,大连商品交易所,getEcoDataIndAgricultural,2014-12-19,2026-08-07,1,150.0
801010,农林牧渔,2010723611,收盘价:大商所:玉米淀粉期货价格指数,Closing Price: Dalian Commodity Exchange: Corn Starch Futures Price Index,日,点,当期值,全国,中国,大连商品交易所,getEcoDataIndAgricultural,2014-12-19,2026-08-07,1,150.0
801010,农林牧渔,2010723620,收盘价:大商所:豆粕期货主力合约价格指数,Closing Price: Dalian Commodity Exchange: Soybean Meal Main Contract Price Index,日,点,当期值,全国,中国,大连商品交易所,getEcoDataIndAgricultural,2013-01-04,2026-08-07,1,150.0
801010,农林牧渔,2010723613,收盘价:大商所:豆粕期货价格指数,Closing Price: Dalian Commodity Exchange: Soybean Meal Futures Price Index,日,点,当期值,全国,中国,大连商品交易所,getEcoDataIndAgricultural,2013-01-04,2026-08-07,1,150.0
801010,农林牧渔,2010723609,收盘价:大商所:饲料类期货价格指数,Closing Price: Dalian Commodity Exchange: Feed Futures Price Index,日,点,当期值,全国,中国,大连商品交易所,getEcoDataIndAgricultural,2013-01-04,2026-08-07,1,150.0
801010,农林牧渔,2010723623,收盘价:大商所:鸡蛋期货主力合约价格指数,Closing Price: Dalian Commodity Exchange: Egg Futures Price Main Contract Index,日,点,当期值,全国,中国,大连商品交易所,getEcoDataIndAgricultural,2013-11-08,2026-08-07,1,150.0
801010,农林牧渔,2010723616,收盘价:大商所:鸡蛋期货价格指数,Closing Price: Dalian Commodity Exchange: Egg Futures Price Index,日,点,当期值,全国,中国,大连商品交易所,getEcoDataIndAgricultural,2013-11-08,2026-08-07,1,150.0
801010,农林牧渔,1040015395,农产品生产价格指数:渔业产品:海水养殖(上年同期=100),Price Index of Agricultural Produce: Fishery: Mariculture (CPPY=100),季,上年同期=100,当期值,全国,中国,国家统计局,getEcoDataChina,2011-03-31,2026-06-30,1,147.0
801010,农林牧渔,1040015396,农产品生产价格指数:渔业产品:淡水养殖(上年同期=100),Price Index of Agricultural Produce: Fishery: Freshwater Aquaculture (CPPY=100),季,上年同期=100,当期值,全国,中国,国家统计局,getEcoDataChina,2011-03-31,2026-06-30,1,147.0
801010,农林牧渔,1040001914,国内期货价格:强小麦,Domestic Futures Prices: Wheat Wh,周,元/吨,当期值,全国,中国,商务部,getEcoDataChina,2005-04-08,2026-07-31,1,147.0
801010,农林牧渔,1040001913,国内期货价格:棉花,Domestic Futures Prices: Cotton,周,元/吨,当期值,全国,中国,商务部,getEcoDataChina,2005-04-08,2026-07-31,1,147.0
801010,农林牧渔,1040001918,国内期货价格:玉米,Domestic Futures Prices: Corn,周,元/吨,当期值,全国,中国,商务部,getEcoDataChina,2004-12-31,2026-07-31,1,147.0
801010,农林牧渔,1040001912,国内期货价格:白糖,Domestic Futures Prices: White Sugar,周,元/吨,当期值,全国,中国,商务部,getEcoDataChina,2006-03-03,2026-07-31,1,147.0
801010,农林牧渔,1040001915,国内期货价格:硬小麦,Domestic Futures Prices: Wheat Pm,周,元/吨,当期值,全国,中国,商务部,getEcoDataChina,2005-04-08,2026-07-31,1,147.0
801010,农林牧渔,1040001919,国内期货价格:豆粕,Domestic Futures Prices: Soybean Meal,周,元/吨,当期值,全国,中国,商务部,getEcoDataChina,2004-12-31,2026-07-31,1,147.0
801010,农林牧渔,1040001861,国内现货价格:零售价:小包装大米,Domestic Spot Price: Retail Price: Small-Packaged Rice,周,元/公斤,当期值,全国,中国,商务部,getEcoDataChina,2004-01-02,2026-07-31,1,147.0
801010,农林牧渔,1040001870,国内现货价格:零售价:鸡蛋,Domestic Spot Price: Retail Price: Egg,周,元/公斤,当期值,全国,中国,商务部,getEcoDataChina,2004-01-02,2026-07-31,1,147.0
801010,农林牧渔,1040001943,国际期货价格:CBOT:小麦,International Futures Prices: Wheat (CBOT),周,美分/60磅,当期值,全国,中国,商务部,getEcoDataChina,2005-01-21,2026-07-31,1,147.0
801010,农林牧渔,1040001948,国际期货价格:CBOT:豆粕,International Futures Prices: Soybean Meal (CBOT),周,美元/短吨,当期值,全国,中国,商务部,getEcoDataChina,2005-01-21,2026-07-31,1,147.0
801010,农林牧渔,1040002019,国际期货价格:棉花,International Futures Prices: Cotton,周,美分/磅,当期值,全国,中国,商务部,getEcoDataChina,2005-01-21,2026-07-31,1,147.0
801010,农林牧渔,1040001951,国际期货价格:瘦猪肉,International Futures Prices: Lean Pork,周,美分/磅,当期值,全国,中国,商务部,getEcoDataChina,2005-01-21,2026-07-31,1,147.0
801010,农林牧渔,1040001925,国际现货价格:大米(10%),International Spot Price: Rice (10%),周,美元/吨,当期值,全国,中国,商务部,getEcoDataChina,2005-01-21,2026-07-31,1,147.0
801010,农林牧渔,1040001936,国际现货价格:大米(5%),International Spot Price: Rice (5%),周,美元/吨,当期值,全国,中国,商务部,getEcoDataChina,2005-04-08,2026-07-31,1,147.0
801010,农林牧渔,2010720446,收购平均价格:大豆:全国,Average Purchase Price: Soybean: Nationwide,周,元/吨,当期值,全国,中国,国家粮食和物资储备局,getEcoDataIndAgricultural,2017-06-05,2026-08-04,1,147.0
801010,农林牧渔,2010720409,收购平均价格:小麦:全国,Average Purchase Price: Wheat: Nationwide,周,元/吨,当期值,全国,中国,国家粮食和物资储备局,getEcoDataIndAgricultural,2017-06-05,2026-08-04,1,147.0
801010,农林牧渔,2010720433,收购平均价格:玉米:全国,Average Purchase Price: Corn: Nationwide,周,元/吨,当期值,全国,中国,国家粮食和物资储备局,getEcoDataIndAgricultural,2017-06-05,2026-08-04,1,147.0
801010,农林牧渔,2010014626,农产品集贸市场价格:仔猪(普通):当月值,Agricultural Products Market Price: Piglet (Ordinary): Current Month Value,月,元/公斤,当期值,全国,中国,国家统计局,getEcoDataIndAgricultural,2003-01-31,2026-06-30,1,145.0
801010,农林牧渔,2010014597,农产品集贸市场价格:大豆(中等):当月值,Agricultural Products Market Price: Soybean (Medium): Current Month Value,月,元/公斤,当期值,全国,中国,国家统计局,getEcoDataIndAgricultural,2003-01-31,2026-06-30,1,145.0
801010,农林牧渔,2010014595,农产品集贸市场价格:小麦(中等):当月值,Agricultural Products Market Price: Wheat (Medium): Current Month Value,月,元/公斤,当期值,全国,中国,国家统计局,getEcoDataIndAgricultural,2003-01-31,2026-06-30,1,145.0
801010,农林牧渔,2010014615,农产品集贸市场价格:棉花[籽棉](中准级):当月值,Agricultural Products Market Price: Cotton [Seed Cotton] (Medium Standard): Current Month Value,月,元/公斤,当期值,全国,中国,国家统计局,getEcoDataIndAgricultural,2003-01-31,2026-06-30,1,145.0
801010,农林牧渔,2010014632,农产品集贸市场价格:活鸡(普通肉鸡):当月值,Agricultural Products Market Price: Live Chicken (Ordinary Broiler): Current Month Value,月,元/公斤,当期值,全国,中国,国家统计局,getEcoDataIndAgricultural,2003-01-31,2026-06-30,1,145.0
801010,农林牧渔,2010014627,农产品集贸市场价格:猪肉(去骨统肉):当月值,Agricultural Products Market Price: Pork (Boneless Meat): Current Month Value,月,元/公斤,当期值,全国,中国,国家统计局,getEcoDataIndAgricultural,2003-01-31,2026-06-30,1,145.0
801010,农林牧渔,2010014596,农产品集贸市场价格:玉米(中等):当月值,Agricultural Products Market Price: Maize (Medium): Current Month Value,月,元/公斤,当期值,全国,中国,国家统计局,getEcoDataIndAgricultural,2003-01-31,2026-06-30,1,145.0
801010,农林牧渔,2010014633,农产品集贸市场价格:鸡蛋(普通鲜蛋):当月值,Agricultural Products Market Price: Egg (Ordinary Fresh Egg): Current Month Value,月,元/公斤,当期值,全国,中国,国家统计局,getEcoDataIndAgricultural,2003-01-31,2026-06-30,1,145.0
801010,农林牧渔,2010737420,出口金额(美元):稻谷、大米(1006):当月值,"Export Value (USD): Rice, Rice (1006): Current Month Value",月,美元,当期值,中国,中国,海关总署,getEcoDataIndAgricultural,2015-01-31,2026-06-30,1,145.0
801010,农林牧渔,2010737422,进出口金额(美元):稻谷、大米(1006):当月值,"Import and Export Value (USD): Rice, Rice (1006): Current Month Value",月,美元,当期值,中国,中国,海关总署,getEcoDataIndAgricultural,2015-01-31,2026-06-30,1,145.0
801010,农林牧渔,2010737421,进口金额(美元):稻谷、大米(1006):当月值,"Import Value (USD): Rice, Rice (1006): Current Month Value",月,美元,当期值,中国,中国,海关总署,getEcoDataIndAgricultural,2015-01-31,2026-06-30,1,145.0
801010,农林牧渔,2010730939,产量:大豆:预测值,Yield: Soybeans: Forecast,月,万吨,预期,中国,中国,中国农业农村部,getEcoDataIndAgricultural,2016-07-31,2026-07-31,1,143.0
801010,农林牧渔,2010730955,产量:棉花:预测值,Yield: Cotton: Forecast,月,万吨,预期,中国,中国,中国农业农村部,getEcoDataIndAgricultural,2016-07-31,2026-07-31,1,143.0
801010,农林牧渔,2010730923,产量:玉米:预测值,Yield: Corn: Predicted Value,月,万吨,当期值,中国,中国,中国农业农村部,getEcoDataIndAgricultural,2016-07-31,2026-07-31,1,143.0
801010,农林牧渔,1020001579,产量:饲料加工机械:当月值,Output: Feed Processing Machinery,月,台,当期值,全国,中国,国家统计局,getEcoDataChina,1998-02-28,2026-06-30,1,143.0
801010,农林牧渔,1040001498,企业商品价格指数(CGPI):农产品(上年同月=100),Cgpi: Agricultural Product (CYoY=100),月,上年同月=100,当期值,全国,中国,中国人民银行,getEcoDataChina,1999-01-31,2026-06-30,1,143.0
801010,农林牧渔,2010731164,农产品批发价格200指数:粮油,Wholesale Price Index of Agricultural Products: Grain and Oil,月,2015年=100,定基,全国,中国,中国农业农村部,getEcoDataIndAgricultural,2016-12-31,2026-07-31,1,143.0
801010,农林牧渔,2010731758,出口数量:动物饲料用的其植物原料、废料、残渣及副产品(2308):当月值,"Export Quantity: Plant Raw Materials, Waste, Residues And By-Products Used In Animal Feed (2308): Current Month Value",月,千克,当期值,中国,中国,海关总署,getEcoDataIndAgricultural,2015-01-31,2026-06-30,1,143.0
801010,农林牧渔,2010712214,出口数量:大豆:当月值,,月,吨,当期值,全国,中国,中国农业农村部,getEcoDataIndAgricultural,2018-01-31,2026-06-30,1,143.0
801010,农林牧渔,2010712211,出口数量:小麦:当月值,Export Volume: Wheat: Current Value (Month),月,吨,当期值,全国,中国,中国农业农村部,getEcoDataIndAgricultural,2018-01-31,2026-06-30,1,143.0
801010,农林牧渔,2010712215,出口数量:棉花:当月值,Export Volume: Cotton: Current Value (Month),月,吨,当期值,全国,中国,中国农业农村部,getEcoDataIndAgricultural,2018-01-31,2026-06-30,1,143.0
801010,农林牧渔,2010714808,出口数量:水产品:当月值,Export Volume: Aquatic Products: Current Value (Month),月,吨,当期值,全国,中国,中国农业农村部,getEcoDataIndAgricultural,2018-01-31,2026-06-30,1,143.0
801010,农林牧渔,2010712213,出口数量:玉米:当月值,Export Volume: Corn: Current Value (Month),月,吨,当期值,全国,中国,中国农业农村部,getEcoDataIndAgricultural,2018-01-31,2026-06-30,1,143.0
801010,农林牧渔,2010714802,出口数量:生猪:当月值,Export Volume: Pig: Current Value (Month),月,吨,当期值,全国,中国,中国农业农村部,getEcoDataIndAgricultural,2018-01-31,2026-06-30,1,143.0
801010,农林牧渔,2010730946,出口量:大豆:预测值,Exports: Soybeans: Forecast,月,万吨,预期,中国,中国,中国农业农村部,getEcoDataIndAgricultural,2016-07-31,2026-07-31,1,143.0
801010,农林牧渔,2010730958,出口量:棉花:预测值,Exports: Cotton: Forecast,月,万吨,预期,中国,中国,中国农业农村部,getEcoDataIndAgricultural,2016-07-31,2026-07-31,1,143.0
801010,农林牧渔,2010730931,出口量:玉米:预测值,Exports: Corn: Forecast,月,万吨,当期值,中国,中国,中国农业农村部,getEcoDataIndAgricultural,2016-07-31,2026-07-31,1,143.0
801010,农林牧渔,2010731751,出口金额(美元):动物饲料用的其植物原料、废料、残渣及副产品(2308):当月值,"Export Value (USD): Plant Raw Materials, Waste, Residues And By-Products Used In Animal Feed (2308): Value Of The Month",月,美元,当期值,中国,中国,海关总署,getEcoDataIndAgricultural,2015-01-31,2026-06-30,1,143.0
801010,农林牧渔,2010736398,出口金额(美元):各类子仁及果仁;工业用或药用植物;稻草、秸秆及饲料(12):当月值,"Export Value (USD): Seeds and Nuts of All Kinds; Industrial or Medicinal Plants; Straw, Straw and Fodder (12): Current Month Value",月,美元,当期值,中国,中国,海关总署,getEcoDataIndAgricultural,2015-01-31,2026-06-30,1,143.0
801010,农林牧渔,2010737462,"出口金额(美元):大豆,不论是否破碎(1201):当月值","Export Value (USD): Soybeans, Whether or Not Broken (1201): Current Month Value",月,美元,当期值,中国,中国,海关总署,getEcoDataIndAgricultural,2015-01-31,2026-06-30,1,143.0
801010,农林牧渔,2010737350,出口金额(美元):小麦及混合麦(1001):当月值,Export Value (USD): Wheat and Mixed Wheat (1001): Current Month Value,月,美元,当期值,中国,中国,海关总署,getEcoDataIndAgricultural,2015-01-31,2026-04-30,1,143.0
801010,农林牧渔,2010737406,出口金额(美元):玉米(1005):当月值,Export Value (USD): Corn (1005): Current Month Value,月,美元,当期值,中国,中国,海关总署,getEcoDataIndAgricultural,2015-01-31,2026-06-30,1,143.0
801010,农林牧渔,2010737602,出口金额(美元):芜菁甘蓝、饲料甜菜、饲料用根等及类似饲料(1214):当月值,"Export Value (USD): Turnip Cabbage, Fodder Beet, Fodder Root and Similar Fodder (1214): Current Month Value",月,美元,当期值,中国,中国,海关总署,getEcoDataIndAgricultural,2015-01-31,2026-06-30,1,143.0
801010,农林牧渔,2010731771,出口金额(美元):配制的动物饲料(2309):当月值,Export Value (USD): Prepared Animal Feed (2309): Value Of The Month,月,美元,当期值,中国,中国,海关总署,getEcoDataIndAgricultural,2015-01-31,2026-06-30,1,143.0
801010,农林牧渔,2010736552,出口金额(美元):鲜、冷、冻猪肉(0203):当月值,"Export Value (USD): Fresh, Cold and Frozen Pork (0203): Current Month Value",月,美元,当期值,中国,中国,海关总署,getEcoDataIndAgricultural,2015-01-31,2026-06-30,1,143.0
801010,农林牧渔,2010712204,出口金额:大豆:当月值,Export Amount: Soybean: Current Value (Month),月,美元,当期值,全国,中国,中国农业农村部,getEcoDataIndAgricultural,2018-01-31,2026-06-30,1,143.0
801010,农林牧渔,2010712201,出口金额:小麦:当月值,Export Amount: Wheat: Current Value (Month),月,美元,当期值,全国,中国,中国农业农村部,getEcoDataIndAgricultural,2018-01-31,2026-06-30,1,143.0
801010,农林牧渔,2010712205,出口金额:棉花:当月值,Export Amount: Cotton: Current Value (Month),月,美元,当期值,全国,中国,中国农业农村部,getEcoDataIndAgricultural,2018-01-31,2026-06-30,1,143.0
801010,农林牧渔,2010714800,出口金额:水产品:当月值,Export Amount: Aquatic Products: Current Value (Month),月,美元,当期值,全国,中国,中国农业农村部,getEcoDataIndAgricultural,2018-01-31,2026-06-30,1,143.0
801010,农林牧渔,2010712203,出口金额:玉米:当月值,Export Amount: Corn: Current Value (Month),月,美元,当期值,全国,中国,中国农业农村部,getEcoDataIndAgricultural,2018-01-31,2026-06-30,1,143.0
801010,农林牧渔,2010714794,出口金额:生猪:当月值,Export Amount: Pig: Current Value (Month),月,美元,当期值,全国,中国,中国农业农村部,getEcoDataIndAgricultural,2018-01-31,2026-06-30,1,143.0
801010,农林牧渔,2010730938,单产量:大豆:预测值,Unit Yield: Soybean: Predicted Value,月,公斤/公顷,预期,中国,中国,中国农业农村部,getEcoDataIndAgricultural,2016-07-31,2026-07-31,1,143.0
801010,农林牧渔,2010730954,单产量:棉花:预测值,Unit Yield: Cotton: Predicted Value,月,公斤/公顷,预期,中国,中国,中国农业农村部,getEcoDataIndAgricultural,2016-07-31,2026-07-31,1,143.0
801030,基础化工,2030019739,中国塑料城价格指数:聚丙烯(PP),China Plastics City Price Index: Polypropylene (PP),日,点,当期值,全国,中国,中塑在线,getEcoDataIndChemical,2010-01-04,2026-08-07,1,150.0
801030,基础化工,2030019742,中国塑料城价格指数:聚乙烯(PE),China Plastics City Price Index: Polyethylene (PE),日,点,当期值,全国,中国,中塑在线,getEcoDataIndChemical,2010-01-04,2026-08-07,1,150.0
801030,基础化工,1040015380,生产资料价格:化肥:尿素:周环比,Spot Price: Chemical Fertilizer: Urea: WoW,周,%,当期环比,全国,中国,商务部,getEcoDataChina,2017-03-19,2026-08-02,1,149.0
801030,基础化工,1040001999,国内现货价格:国产尿素,Domestic Spot Price: Domestic Urea,周,元/吨,当期值,全国,中国,商务部,getEcoDataChina,2003-07-01,2026-07-31,1,147.0
801030,基础化工,1040005412,生产资料价格:化工产品:聚氯乙烯:电石法生产:当月值,Price of Means of Production: Chemical Products: PVC: Calcium Carbide Production: Current,月,元/吨,当期值,全国,中国,发改委,getEcoDataChina,2015-05-31,2026-06-30,1,147.0
801030,基础化工,1040024019,生产资料价格:基础化学:聚丙烯:周环比,,周,%,当期环比,全国,中国,商务部,getEcoDataChina,2006-09-01,2026-07-31,1,147.0
801030,基础化工,1040015375,生产资料价格:基础化学原料:甲醇:周环比,Spot Price: Basic Chemical Raw Materials: Methanol: WoW,周,%,当期环比,全国,中国,商务部,getEcoDataChina,2017-03-19,2026-08-02,1,147.0
801030,基础化工,1040015378,生产资料价格:基础化学原料:纯碱:周环比,Spot Price: Basic Chemical Raw Materials: Soda Ash: WoW,周,%,当期环比,全国,中国,商务部,getEcoDataChina,2017-03-19,2026-08-02,1,147.0
801030,基础化工,2030637303,中价柴达木纯碱价格指数(CSI)价格指数:全国轻质纯碱:定基,Mid-Price Qaidam Soda Ash Price Index (CSI) Price Index: National Light Soda Ash: Fixed Base Index,旬,元/吨,当期值,全国,中国,发改委,getEcoDataIndChemical,2018-04-05,2026-06-15,1,145.0
801030,基础化工,2030637307,中价柴达木纯碱价格指数(CSI)价格指数:全国轻质纯碱:环比,Mid-Price Qaidam Soda Ash Price Index (CSI) Price Index: National Light Soda Ash: Percent Change from Preceding Period,旬,%,环比指数,全国,中国,发改委,getEcoDataIndChemical,2018-04-15,2026-06-15,1,145.0
801030,基础化工,2030637302,中价柴达木纯碱价格指数(CSI)价格指数:全国重质纯碱:定基,Mid-Price Qaidam Soda Ash Price Index (CSI) Price Index: National Heavy Soda Ash: Fixed Base Index,旬,元/吨,当期值,全国,中国,发改委,getEcoDataIndChemical,2018-04-05,2026-06-15,1,145.0
801030,基础化工,2030637306,中价柴达木纯碱价格指数(CSI)价格指数:全国重质纯碱:环比,Mid-Price Qaidam Soda Ash Price Index (CSI) Price Index: National Heavy Soda Ash: Percent Change from Preceding Period,旬,%,环比指数,全国,中国,发改委,getEcoDataIndChemical,2018-04-15,2026-06-15,1,145.0
801030,基础化工,1040005421,生产资料价格:化工产品:烧碱:液碱(离子膜法)含量≥30%:当月值,Price of Means of Production: Chemical Products: Caustic Soda: Caustic Soda Liquid (Ion-exchange Membrane Process) Content of ≥30%: Current,月,元/吨,当期值,全国,中国,发改委,getEcoDataChina,2015-05-31,2026-06-30,1,145.0
801030,基础化工,1040005406,生产资料价格:化工产品:甲醇:精甲醇:当月值,Price of Means of Production: Chemical Products: Methanol: Refined Methanol: Current,月,元/吨,当期值,全国,中国,发改委,getEcoDataChina,2015-05-31,2026-06-30,1,145.0
801030,基础化工,1040005427,生产资料价格:化工产品:线性低压聚乙烯:注塑级:当月值,Price of Means of Production: Chemical Products: Linear Low-pressure Polyethylene: Injection Molding Grade: Current,月,元/吨,当期值,全国,中国,发改委,getEcoDataChina,2015-05-31,2026-06-30,1,145.0
801030,基础化工,1040005409,生产资料价格:化工产品:聚丙烯:拉丝:当月值,Price of Means of Production: Chemical Products: Polypropylene: Drawing: Current,月,元/吨,当期值,全国,中国,发改委,getEcoDataChina,2015-05-31,2026-06-30,1,145.0
801030,基础化工,1040005400,生产资料价格:化工产品:高压聚乙烯:薄膜级:当月值,Price of Means of Production: Chemical Products: High-pressure Polyethylene: Film Grade: Current,月,元/吨,当期值,全国,中国,发改委,getEcoDataChina,2015-05-31,2026-06-30,1,145.0
801030,基础化工,2030728548,中国农药价格指数:农药,China Pesticide Price index(CAPI): Pesticide,月,,当期值,全国,中国,农药资讯网,getEcoDataIndChemical,2013-12-31,2026-06-30,1,143.0
801030,基础化工,2030728551,中国农药价格指数:杀菌剂,China Pesticide Price index(CAPI): Fungicide,月,,当期值,全国,中国,农药资讯网,getEcoDataIndChemical,2013-12-31,2026-06-30,1,143.0
801030,基础化工,2030728550,中国农药价格指数:杀虫剂,China Pesticide Price index(CAPI): Insecticide,月,,当期值,全国,中国,农药资讯网,getEcoDataIndChemical,2013-12-31,2026-06-30,1,143.0
801030,基础化工,2030728549,中国农药价格指数:除草剂,China Pesticide Price index(CAPI): Herbicide,月,,当期值,全国,中国,农药资讯网,getEcoDataIndChemical,2013-12-31,2026-06-30,1,143.0
801030,基础化工,1020001555,产量:氢氧化钠(烧碱)(折100%):当月值,Output: Sodium Hydroxide (Caustic Soda) (100% Off): Current,月,万吨,当期值,全国,中国,国家统计局,getEcoDataChina,1989-02-28,2026-06-30,1,143.0
801030,基础化工,1020001554,产量:碳酸钠(纯碱):当月值,Output: Sodium Carbonate (Soda Ash): Current,月,万吨,当期值,全国,中国,国家统计局,getEcoDataChina,1989-02-28,2026-06-30,1,143.0
801030,基础化工,2030768526,"出口数量:过氧化氢,不论是否用尿素固化(2847):当月值","Export Quantity: Hydrogen Peroxide, Whether Or Not Cured With Urea(2847): Current Month Value",月,千克,当期值,中国,中国,海关总署,getEcoDataIndChemical,2015-01-31,2026-06-30,1,143.0
801030,基础化工,2030768519,"出口金额(美元):过氧化氢,不论是否用尿素固化(2847):当月值","Export Value (USD): Hydrogen Peroxide, Whether Or Not Cured With Urea(2847): Current Month Value",月,美元,当期值,中国,中国,海关总署,getEcoDataIndChemical,2015-01-31,2026-06-30,1,143.0
801030,基础化工,1020001557,化学农药原药(折有效成分100%):产量:当月值,Output: Chemical Pesticide Original Drug (Active Ingredients 100% Off): Current,月,万吨,当期值,全国,中国,国家统计局,getEcoDataChina,1989-02-28,2026-06-30,1,143.0
801030,基础化工,1040000979,工业生产者购进价格指数(PPIRM):化工原料类(上年同月=100),PPIRM: Chemical Raw Materials (CYoY=100),月,上年同月=100,当期值,全国,中国,国家统计局,getEcoDataChina,1988-03-31,2026-06-30,1,143.0
801030,基础化工,1040005391,生产资料价格:化工产品:ABS树脂:通用级:当月值,Price of Means of Production: Chemical Products: ABS Resin: General Purpose: Current,月,元/吨,当期值,全国,中国,发改委,getEcoDataChina,2015-05-31,2026-06-30,1,143.0
801030,基础化工,1040005433,生产资料价格:化工产品:乙醇:燃料乙醇:当月值,Price of Means of Production: Chemical Products: Ethanol: Fuel Ethanol: Current,月,元/吨,当期值,全国,中国,发改委,getEcoDataChina,2015-05-31,2026-06-30,1,143.0
801030,基础化工,1040005397,生产资料价格:化工产品:二甲苯:含量≥96%:当月值,Price of Means of Production: Chemical Products: Xylene: Content ≥96%: Current,月,元/吨,当期值,全国,中国,发改委,getEcoDataChina,2015-05-31,2026-06-30,1,143.0
801030,基础化工,1040005403,生产资料价格:化工产品:合成橡胶:顺丁胶:当月值,Price of Means of Production: Chemical Products: Synthetic Rubbers: BR: Current,月,元/吨,当期值,全国,中国,发改委,getEcoDataChina,2015-05-31,2026-06-30,1,143.0
801030,基础化工,1040005424,"生产资料价格:化工产品:天然橡胶:国产1#标胶,全乳胶:当月值","Price of Means of Production: Chemical Products: Natural Rubber: Domestic 1# Standard Rubber, Latex: Current",月,元/吨,当期值,全国,中国,发改委,getEcoDataChina,2015-05-31,2026-06-30,1,143.0
801030,基础化工,1040005430,生产资料价格:化工产品:盐酸:31%合成酸:当月值,Price of Means of Production: Chemical Products: Hydrochloric Acid: 31% Synthetic Acids: Current,月,元/吨,当期值,全国,中国,发改委,getEcoDataChina,2015-05-31,2026-06-30,1,143.0
801030,基础化工,1040005418,生产资料价格:化工产品:硫酸:98%酸:当月值,Price of Means of Production: Chemical Products: Sulfuric Acid: 98% Acid: Current,月,元/吨,当期值,全国,中国,发改委,getEcoDataChina,2015-05-31,2026-06-30,1,143.0
801030,基础化工,1040005415,生产资料价格:化工产品:聚酯切片:颗粒:当月值,Price of Means of Production: Chemical Products: Polyester Chips: Particle: Current,月,元/吨,当期值,全国,中国,发改委,getEcoDataChina,2015-05-31,2026-06-30,1,143.0
801030,基础化工,2030768528,"进出口数量:过氧化氢,不论是否用尿素固化(2847):当月值","Import And Export Quantity: Hydrogen Peroxide, Whether Or Not Cured With Urea(2847): Current Month Value",月,千克,当期值,中国,中国,海关总署,getEcoDataIndChemical,2015-01-31,2026-06-30,1,143.0
801030,基础化工,2030768521,"进出口金额(美元):过氧化氢,不论是否用尿素固化(2847):当月值","Import And Export Value (USD): Hydrogen Peroxide, Whether Or Not Cured With Urea(2847): Current Month Value",月,美元,当期值,中国,中国,海关总署,getEcoDataIndChemical,2015-01-31,2026-06-30,1,143.0
801030,基础化工,2030768527,"进口数量:过氧化氢,不论是否用尿素固化(2847):当月值","Import Quantity: Hydrogen Peroxide, Whether Or Not Cured With Urea(2847): Current Month Value",月,千克,当期值,中国,中国,海关总署,getEcoDataIndChemical,2015-01-31,2026-06-30,1,143.0
801030,基础化工,2030768520,"进口金额(美元):过氧化氢,不论是否用尿素固化(2847):当月值","Import Value (USD): Hydrogen Peroxide, Whether Or Not Cured With Urea(2847): Current Month Value",月,美元,当期值,中国,中国,海关总署,getEcoDataIndChemical,2015-01-31,2026-06-30,1,143.0
801030,基础化工,2020761832,大商所:聚丙烯:期货结算价(主力),DCE: Polypropylene: Futures Settlement Price (Main Force),周,元/吨,均值,全国,中国,Datayes!,getEcoDataIndEnergy,2014-03-07,2026-08-07,1,139.0
801030,基础化工,2020761830,大商所:聚乙烯:期货结算价(主力),DCE: Polyethylene: Futures Settlement Price (Main Force),周,元/吨,均值,全国,中国,Datayes!,getEcoDataIndEnergy,2007-08-10,2026-08-07,1,139.0
801030,基础化工,2020761831,大商所:聚氯乙烯:期货结算价(主力),DCE: Polyvinyl Chloride: Futures Settlement Price (Main Force),周,元/吨,均值,全国,中国,Datayes!,getEcoDataIndEnergy,2009-06-05,2026-08-07,1,139.0
801030,基础化工,1040024027,市场价:化工产品:涤纶长丝(POY150D/48F):当期值,,旬,元/吨,当期值,全国,中国,国家统计局,getEcoDataChina,2013-12-31,2026-07-31,1,139.0
801030,基础化工,1040024034,市场价:化工产品:涤纶长丝(POY150D/48F):涨跌幅,,旬,%,当期值,全国,中国,国家统计局,getEcoDataChina,2014-01-10,2026-07-31,1,139.0
801030,基础化工,1040001820,"市场价:化工产品:烧碱(液碱,32%)","Circulation Area Important Means of Production Market Price: Chemical Products: Caustic Soda (liquid Caustic Soda, 32%)",旬,元/吨,当期值,全国,中国,国家统计局,getEcoDataChina,2013-12-30,2026-07-31,1,139.0
801030,基础化工,1040001821,市场价:化工产品:甲醇(优等品),Circulation Area Important Means of Production Market Price: Chemical Products: Methanol (excellent),旬,元/吨,当期值,全国,中国,国家统计局,getEcoDataChina,2013-12-30,2026-07-31,1,139.0
801030,基础化工,1040024026,市场价:化工产品:聚丙烯(拉丝料):当期值,,旬,元/吨,当期值,全国,中国,国家统计局,getEcoDataChina,2013-12-31,2026-07-31,1,139.0
801030,基础化工,1040024033,市场价:化工产品:聚丙烯(拉丝料):涨跌幅,,旬,%,当期值,全国,中国,国家统计局,getEcoDataChina,2014-01-10,2026-07-31,1,139.0
801030,基础化工,1040024018,"市场价:化工产品:聚乙烯(LLDPE,熔融指数2薄膜料):当期值",,旬,元/吨,当期值,全国,中国,国家统计局,getEcoDataChina,2013-12-31,2026-07-31,1,139.0
801030,基础化工,1040024032,"市场价:化工产品:聚乙烯(LLDPE,熔融指数2薄膜料):涨跌幅",,旬,%,当期值,全国,中国,国家统计局,getEcoDataChina,2014-01-10,2026-07-31,1,139.0
801030,基础化工,2020761838,郑商所:PTA:期货结算价(主力),CZCE: PTA: Futures Settlement Price (Main Force),周,元/吨,均值,全国,中国,Datayes!,getEcoDataIndEnergy,2006-12-22,2026-08-07,1,139.0
801030,基础化工,2020761837,郑商所:甲醇:期货结算价(主力),CZCE: Methanol: Futures Settlement Price (Main Force),周,元/吨,均值,全国,中国,Datayes!,getEcoDataIndEnergy,2011-11-04,2026-08-07,1,139.0
801030,基础化工,1040001855,"市场价:农业生产资料:农药(草甘膦,95%原药)","Circulation of Important Means of Production Market Price: Agricultural Production Materials: Pesticides (glyphosate, 95% of The original Drug)",旬,元/吨,当期值,全国,中国,国家统计局,getEcoDataChina,2013-12-30,2026-07-31,1,137.0
801030,基础化工,1040001853,市场价:农业生产资料:尿素(小颗料),Circulation Area Important Means of Production Market Price: Agricultural Production Information: urea (small Particles),旬,元/吨,当期值,全国,中国,国家统计局,getEcoDataChina,2013-12-30,2026-07-31,1,137.0
801030,基础化工,1040001819,市场价:化工产品:硫酸(98%),Circulation Area Important Means of Production Market Price: Chemical Products: Sulfuric Acid (98%),旬,元/吨,当期值,全国,中国,国家统计局,getEcoDataChina,2013-12-30,2026-07-31,1,137.0
801030,基础化工,1040001822,"市场价:化工产品:纯苯(石油苯,工业级)","Circulation Area Important Means of Production Market Price: Chemical Products: Pure Benzene (petroleum Benzene, Industrial Grade)",旬,元/吨,当期值,全国,中国,国家统计局,getEcoDataChina,2013-12-30,2026-07-31,1,137.0
801030,基础化工,1040001827,市场价:化工产品:顺丁胶(BR9000),Circulation Area Important Means of Production Market Price: Chemical Products: Butadiene Rubber (BR9000),旬,元/吨,当期值,全国,中国,国家统计局,getEcoDataChina,2013-12-30,2026-07-31,1,137.0
801030,基础化工,1040018844,PPI:农药制造业(上年同月=100),PPI: Pesticide (CYoY=100),月,上年同月=100,当期值,全国,中国,国家统计局,getEcoDataChina,2014-01-31,2026-06-30,1,135.0
801030,基础化工,1040018904,PPI:化工、木材、非金属加工专用设备制造业(上年同月=100),"PPI: Chemical Industry, Timber and Nonmetal Processing Equipment Manufacturing (CYoY=100)",月,上年同月=100,当期值,全国,中国,国家统计局,getEcoDataChina,2014-01-31,2026-06-30,1,135.0
801030,基础化工,1040000948,PPIRM:化工原料类:当月同比,Purchasing Price Indices of Raw Material (PPIRM): Chemical Raw Materials: Month YoY,月,%,当期同比,全国,中国,国家统计局,getEcoDataChina,1988-03-31,2026-06-30,1,135.0
801030,基础化工,2030768522,"贸易差额(美元):过氧化氢,不论是否用尿素固化(2847):当月值","Trade Balance (USD): Hydrogen Peroxide, Whether Or Not Cured With Urea(2847): Current Month Value",月,美元,当期值,中国,中国,海关总署,getEcoDataIndChemical,2017-01-31,2026-06-30,1,135.0
801030,基础化工,2030200130,MEG(乙二醇):进口数量:当月同比,MEG(Ethylene Glycol): Imports Quantity: YoY,月,%,当期同比,,中国,海关总署,getEcoDataIndChemical,1999-01-31,2026-06-30,1,133.0
801030,基础化工,2030200126,MEG(乙二醇):进口金额:当月同比,MEG(Ethylene Glycol): Imports Value: YoY,月,%,当期同比,,中国,海关总署,getEcoDataIndChemical,1999-01-31,2026-06-30,1,133.0
801030,基础化工,2030102353,化学农药原药:产量:当月同比,Chemical Pesticide: Production: YoY,月,%,当期同比,,中国,国家统计局,getEcoDataIndChemical,1997-02-28,2026-06-30,1,133.0
801030,基础化工,2030201356,尿素:出口数量:当月同比,Urea: Exports Quantity: YoY,月,%,当期同比,,中国,海关总署,getEcoDataIndChemical,2006-01-31,2026-06-30,1,133.0
801030,基础化工,2030201352,尿素:出口金额:当月同比,Urea: Exportss Value: YoY,月,%,当期同比,,中国,海关总署,getEcoDataIndChemical,2006-01-31,2026-06-30,1,133.0
801030,基础化工,2030201330,矿物肥料及化肥:出口数量:当月同比,Mineral Fertilizer and Fertilizer: Exports Quantity: YoY,月,%,当期同比,,中国,海关总署,getEcoDataIndChemical,2008-01-31,2026-06-30,1,133.0
801030,基础化工,2030201326,矿物肥料及化肥:出口金额:当月同比,Mineral Fertilizer and Fertilizer: Exportss Value: YoY,月,%,当期同比,,中国,海关总署,getEcoDataIndChemical,2008-01-31,2026-06-30,1,133.0
801030,基础化工,2030201298,矿物肥料及化肥:进口数量:当月同比,Mineral Fertilizer and Fertilizer: Imports Quantity: YoY,月,%,当期同比,,中国,海关总署,getEcoDataIndChemical,2009-01-31,2026-06-30,1,133.0
801030,基础化工,2030201294,矿物肥料及化肥:进口金额:当月同比,Mineral Fertilizer and Fertilizer: Imports Value: YoY,月,%,当期同比,,中国,海关总署,getEcoDataIndChemical,2009-01-31,2026-06-30,1,133.0
801030,基础化工,2020001592,郑商所:甲醇(新标准):增减量,CZCE: Methanol (New Standard): Increase/Decrease,日,手,当期值,,中国,郑州商品交易所,getEcoDataIndEnergy,2014-12-09,2026-08-07,1,132.0
801030,基础化工,2020001590,郑商所:甲醇(新标准):成交量,CZCE: Methanol (New Standard): Trade Volume,日,手,当期值,,中国,郑州商品交易所,getEcoDataIndEnergy,2014-12-09,2026-08-07,1,132.0
801030,基础化工,2020001593,郑商所:甲醇(新标准):成交额,CZCE: Methanol (New Standard): Turnover,日,万元,当期值,,中国,郑州商品交易所,getEcoDataIndEnergy,2014-12-09,2026-08-07,1,132.0
801030,基础化工,2020001583,郑商所:甲醇(新标准):期货收盘价,Methanol(New Standard): Futures Closing Price: Zhengzhou Commodity Exchange,日,元/吨,当期值,,中国,郑州商品交易所,getEcoDataIndEnergy,2014-12-09,2026-08-07,1,132.0
801030,基础化工,2020001584,郑商所:甲醇(新标准):期货结算价,Methanol(New Standard): Futures Settlement Price: Zhengzhou Commodity Exchange,日,元/吨,当期值,,中国,郑州商品交易所,getEcoDataIndEnergy,2014-12-09,2026-08-07,1,132.0
801030,基础化工,2020001591,郑商所:甲醇(新标准):空盘量,CZCE: Methanol (New Standard): Open Interest,日,手,当期值,,中国,郑州商品交易所,getEcoDataIndEnergy,2014-12-09,2026-08-07,1,132.0
801030,基础化工,2030793564,"出口数量:其他初级形状的聚氯乙烯,未掺其他物质(39041090):当月值","Export Quantity: Pvc In Other Primary Shapes, Without Other Substances(39041090): Current Month Value",月,千克,当期值,中国,中国,海关总署,getEcoDataIndChemical,2015-01-31,2026-06-30,1,125.0
801030,基础化工,2030637847,出口数量:聚氯乙烯制手套(分指手套、连指手套等)(39262011):当月值,"Export Quantity: Pvc Gloves (Split Finger Gloves, Mittens, Etc.)(39262011): Current Month Value",月,千克,当期值,全国,中国,海关总署,getEcoDataIndChemical,2015-01-31,2026-06-30,1,125.0
801030,基础化工,2030793557,"出口金额(美元):其他初级形状的聚氯乙烯,未掺其他物质(39041090):当月值","Export Value (USD): Pvc In Other Primary Shapes, Without Other Substances(39041090): Current Month Value",月,美元,当期值,中国,中国,海关总署,getEcoDataIndChemical,2015-01-31,2026-06-30,1,125.0
801030,基础化工,2030786715,"出口金额(美元):初级形状的聚氯乙烯,未掺其他物质(390410):当月值","Export Value (USD): Pvc In Primary Shape, Not Mixed With Other Substances(390410): Current Month Value",月,美元,当期值,中国,中国,海关总署,getEcoDataIndChemical,2015-01-31,2026-06-30,1,125.0
801040,钢铁,2040601002,特钢指数:相对价格:不锈钢,Special Steel Index: Relative Price: Stainless Steel,日,点,当期值,全国,中国,我的钢铁网,getEcoDataIndSteel,2003-01-01,2026-08-07,1,150.0
801040,钢铁,2040601004,钢材指数:相对价格:H型钢,Steel Index: Relative Price: H-Beam,日,点,当期值,全国,中国,我的钢铁网,getEcoDataIndSteel,2015-07-29,2026-08-07,1,150.0
801040,钢铁,1040024020,生产资料价格:钢材:热轧带钢:周环比,,周,%,当期环比,全国,中国,商务部,getEcoDataChina,2014-07-18,2026-07-31,1,149.0
801040,钢铁,1040015368,生产资料价格:钢材:螺纹钢:周环比,Spot Price: Steel: Rebar: WoW,周,%,当期环比,全国,中国,商务部,getEcoDataChina,2017-03-19,2026-08-02,1,149.0
801040,钢铁,1040015369,生产资料价格:钢材:高速线材:周环比,Spot Price: Steel: High-Speed Wire Rod: WoW,周,%,当期环比,全国,中国,商务部,getEcoDataChina,2017-03-19,2026-07-19,1,149.0
801040,钢铁,2040000176,铁矿石指数:相对价格:进口矿,Index of Iron Ore: Ore Imports,日,2005年1月=100,当期值,,中国,Datayes!,getEcoDataIndSteel,2005-01-07,2026-08-07,1,148.0
801040,钢铁,2040000179,铁矿石指数:相对价格:进口矿:京唐港,Index of Iron Ore: Ore Imports: Jingtang Port,日,2005年1月=100,当期值,,中国,Datayes!,getEcoDataIndSteel,2005-01-07,2026-08-07,1,148.0
801040,钢铁,2040000182,铁矿石指数:相对价格:进口矿:岚山港,Index of Iron Ore: Ore Imports: Port of Lanshan,日,2005年1月=100,当期值,,中国,Datayes!,getEcoDataIndSteel,2005-01-07,2026-08-07,1,148.0
801040,钢铁,2040000181,铁矿石指数:相对价格:进口矿:日照港,Index of Iron Ore: Ore Imports: Rizhao Port,日,2005年1月=100,当期值,,中国,Datayes!,getEcoDataIndSteel,2005-01-07,2026-08-07,1,148.0
801040,钢铁,2040000180,铁矿石指数:相对价格:进口矿:曹妃甸,Index of Iron Ore: Ore Imports: Caofeidian,日,2005年1月=100,当期值,,中国,Datayes!,getEcoDataIndSteel,2005-01-07,2026-08-07,1,148.0
801040,钢铁,2040000183,铁矿石指数:相对价格:进口矿:连云港,Index of Iron Ore: Ore Imports: Lianyungang,日,2005年1月=100,当期值,,中国,Datayes!,getEcoDataIndSteel,2005-01-07,2026-08-07,1,148.0
801040,钢铁,2040104245,中厚板社会库存,Plate Social Inventory,周,万吨,当期值,全国,中国,兰格钢铁,getEcoDataIndSteel,2009-01-16,2026-08-05,1,147.0
801040,钢铁,2040601007,价格:CSPI:螺纹钢(三级)HRB400Φ16,,周,元/吨,当期值,全国,中国,中国钢铁工业协会,getEcoDataIndSteel,2010-10-09,2026-08-07,1,147.0
801040,钢铁,2040104244,冷轧卷板社会库存,Cold Rolled Coil Social Inventory,周,万吨,当期值,全国,中国,兰格钢铁,getEcoDataIndSteel,2009-01-16,2026-08-05,1,147.0
801040,钢铁,1040001980,国内现货价格:普通高速线材(φ6.5mm),Domestic Spot Price: Ordinary High-Speed Wire Φ6.5Mm,周,元/吨,当期值,全国,中国,商务部,getEcoDataChina,2003-07-01,2026-07-31,1,147.0
801040,钢铁,1040001988,国内现货价格:热轧带钢(180*2.5),Domestic Spot Price: Hot-Rolled Strip 180 * 2.5,周,元/吨,当期值,全国,中国,商务部,getEcoDataChina,2006-07-01,2026-07-31,1,147.0
801040,钢铁,1040001981,国内现货价格:螺纹钢(φ25mm),Domestic Spot Price: Rebar Φ25Mm,周,元/吨,当期值,全国,中国,商务部,getEcoDataChina,2003-07-01,2026-07-31,1,147.0
801040,钢铁,2040104243,热轧卷板社会库存,Hot Rolled Coil Social Inventory,周,万吨,当期值,全国,中国,兰格钢铁,getEcoDataIndSteel,2007-12-29,2026-08-05,1,147.0
801040,钢铁,1040005361,"生产资料价格:钢材:不锈钢板:2.0,304/2B冷轧:当月值","Price of Means of Production: Steel: Stainless Steel Plate: 2.0,304/2B Cold Rolled:Current",月,元/吨,当期值,全国,中国,发改委,getEcoDataChina,2015-05-31,2026-06-30,1,147.0
801040,钢铁,1040005382,"生产资料价格:钢材:热轧中厚板:20,Q235:当月值","Price of Means of Production: Steel: Hot Rolled Plate: 20, Q235: Current",月,元/吨,当期值,全国,中国,发改委,getEcoDataChina,2015-05-31,2026-06-30,1,147.0
801040,钢铁,2040104242,螺纹钢社会库存,Rebar Social Inventory,周,万吨,当期值,全国,中国,兰格钢铁,getEcoDataIndSteel,2006-04-07,2026-08-05,1,147.0
801040,钢铁,2040104240,钢材社会库存,Steel Social Inventory,周,万吨,当期值,全国,中国,兰格钢铁,getEcoDataIndSteel,2006-04-07,2026-08-05,1,147.0
801040,钢铁,2040104248,铁矿石港口库存,Iron Ore Port Inventory,周,万吨,当期值,全国,中国,兰格钢铁,getEcoDataIndSteel,2007-01-05,2026-08-05,1,147.0
801040,钢铁,2040608869,产量:重点优特钢企业:冷轧钢材:累计值,Output: Key High Quality and Special Steel Companies: Cold Rolled Steel: Cumulative Value,月,吨,累计值,中国大陆,中国,兰格钢铁,getEcoDataIndSteel,2012-02-29,2026-03-31,1,145.0
801040,钢铁,2040608868,产量:重点优特钢企业:热轧钢材:累计值,Output: Key High Quality and Special Steel Companies: Hot Rolled Steel: Cumulative Value,月,吨,累计值,中国大陆,中国,兰格钢铁,getEcoDataIndSteel,2012-02-29,2026-03-31,1,145.0
801040,钢铁,2040608984,产量:重点优特钢企业:粗钢:不锈钢:累计值,Output: Key High Quality and Special Steel Companies: Crude Steel: Stainless Steel: Cumulative Value,月,吨,累计值,中国大陆,中国,兰格钢铁,getEcoDataIndSteel,2011-02-28,2026-05-31,1,145.0
801040,钢铁,2040608987,产量:重点优特钢企业:粗钢:耐热不锈钢:累计值,Output: Key High Quality and Special Steel Companies: Crude Steel: Heat-resistant Stainless Steel: Cumulative Value,月,吨,累计值,中国大陆,中国,兰格钢铁,getEcoDataIndSteel,2011-02-28,2026-05-31,1,145.0
801040,钢铁,2040608985,产量:重点优特钢企业:粗钢:铬系不锈钢:累计值,Output: Key High Quality and Special Steel Companies: Crude Steel: Chrome Stainless Steel: Cumulative Value,月,吨,累计值,中国大陆,中国,兰格钢铁,getEcoDataIndSteel,2011-02-28,2026-05-31,1,145.0
801040,钢铁,2040608986,产量:重点优特钢企业:粗钢:铬镍系不锈钢:累计值,Output: Key High Quality and Special Steel Companies: Crude Steel: Chrome Nickel Stainless Steel: Cumulative Value,月,吨,累计值,中国大陆,中国,兰格钢铁,getEcoDataIndSteel,2011-02-28,2026-05-31,1,145.0
801040,钢铁,2040608918,产量:重点优特钢企业:钢材:不锈钢:累计值,Output: Key High Quality and Special Steel Companies: Steel: Stainless Steel: Cumulative Value,月,吨,累计值,中国大陆,中国,兰格钢铁,getEcoDataIndSteel,2011-02-28,2026-03-31,1,145.0
801040,钢铁,2040706522,出口数量:不规则盘卷的不锈钢热轧条、杆(7221):当月同比,Export Quantity: Stainless Steel Hot Rolled Bars And Rods With Irregular Coils(7221): Mom,月,%,当期同比,中国,中国,海关总署,getEcoDataIndSteel,2011-01-31,2026-06-30,1,145.0
801040,钢铁,2040706518,出口金额(美元):不规则盘卷的不锈钢热轧条、杆(7221):当月同比,Export Value (USD): Stainless Steel Hot Rolled Bars And Rods With Irregular Coils(7221): Mom,月,%,当期同比,中国,中国,海关总署,getEcoDataIndSteel,2011-01-31,2026-06-30,1,145.0
801040,钢铁,2040716208,国内主要港口进口铁矿石库存:日均疏港量:45港总计,Inventory of Imported Iron Ore From Major Domestic Ports: Daily Average Port Clearance Volume: 45 Ports Total,周,万吨,均值,,中国,我的钢铁网,getEcoDataIndSteel,2011-08-12,2026-08-07,1,145.0
801040,钢铁,1040005370,生产资料价格:钢材:冷轧卷板:1mm:当月值,Price of Means of Production: Steel: Cold Rolled Coil: 1mm: Current,月,元/吨,当期值,全国,中国,发改委,getEcoDataChina,2015-05-31,2026-06-30,1,145.0
801040,钢铁,1040005379,"生产资料价格:钢材:热轧卷板:4.75,Q235B:当月值","Price of Means of Production: Steel: Hot Rolled Coil: 4.75, Q235B: Current",月,元/吨,当期值,全国,中国,发改委,getEcoDataChina,2015-05-31,2026-06-30,1,145.0
801040,钢铁,1040005385,"生产资料价格:钢材:线材:高线6.5,HPB300:当月值","Price of Means of Production: Steel: Wire and Rod: High Wire 6.5, HPB300: Current",月,元/吨,当期值,全国,中国,发改委,getEcoDataChina,2015-05-31,2026-06-30,1,145.0
801040,钢铁,1040005373,生产资料价格:钢材:螺纹钢:Φ12mmHRB400E:当月值,Price of Means of Production: Steel: Rebar: Φ12mmHRB400E: Current,月,元/吨,当期值,全国,中国,发改委,getEcoDataChina,2015-05-31,2026-06-30,1,145.0
801040,钢铁,1040005376,生产资料价格:钢材:螺纹钢:Φ20mmHRB400E:当月值,Price of Means of Production: Steel: Rebar: Φ20mmHRB400E: Current,月,元/吨,当期值,全国,中国,发改委,getEcoDataChina,2015-05-31,2026-06-30,1,145.0
801040,钢铁,2040706521,进出口数量:不规则盘卷的不锈钢热轧条、杆(7221):当月值,Import And Export Quantity: Stainless Steel Hot Rolled Bars And Rods With Irregular Coils(7221): Current Month Value,月,千克,当期值,中国,中国,海关总署,getEcoDataIndSteel,2015-01-31,2026-06-30,1,145.0
801040,钢铁,2040706516,进出口金额(美元):不规则盘卷的不锈钢热轧条、杆(7221):当月值,Import And Export Value (USD): Stainless Steel Hot Rolled Bars And Rods With Irregular Coils(7221): Current Month Value,月,美元,当期值,中国,中国,海关总署,getEcoDataIndSteel,2015-01-31,2026-06-30,1,145.0
801040,钢铁,2040706523,进口数量:不规则盘卷的不锈钢热轧条、杆(7221):当月同比,Import Quantity: Stainless Steel Hot Rolled Bars And Rods With Irregular Coils(7221): Mom,月,%,当期同比,中国,中国,海关总署,getEcoDataIndSteel,2011-01-31,2026-06-30,1,145.0
801040,钢铁,2040706519,进口金额(美元):不规则盘卷的不锈钢热轧条、杆(7221):当月同比,Import Value (USD): Stainless Steel Hot Rolled Bars And Rods With Irregular Coils(7221): Mom,月,%,当期同比,中国,中国,海关总署,getEcoDataIndSteel,2011-01-31,2026-06-30,1,145.0
801040,钢铁,2040104232,重点钢企粗钢日均产量,Average Daily Crude Steel Output of Key Steel Companies,旬,万吨,当期值,全国,中国,兰格钢铁,getEcoDataIndSteel,2011-01-10,2026-07-31,1,145.0
801040,钢铁,2040104249,重点钢企钢材库存,Key Steel Enterprises Steel Inventory,旬,万吨,当期值,全国,中国,兰格钢铁,getEcoDataIndSteel,2011-01-10,2026-07-31,1,145.0
801040,钢铁,1020008677,产量:冷轧薄板:当月值,Output: Steel: Cold Rolled Sheet: Current Value (Month),月,万吨,当期值,全国,中国,国家统计局,getEcoDataChina,2004-01-31,2026-06-30,1,143.0
801040,钢铁,1020001542,产量:焦炭:当月值,Output: Coke: Current,月,万吨,当期值,全国,中国,国家统计局,getEcoDataChina,1993-02-28,2026-06-30,1,143.0
801040,钢铁,1020001562,产量:生铁:当月值,Output: Pig Iron,月,万吨,当期值,全国,中国,国家统计局,getEcoDataChina,1989-02-28,2026-06-30,1,143.0
801040,钢铁,1020001563,产量:粗钢:当月值,Output: Crude Steel,月,万吨,当期值,全国,中国,国家统计局,getEcoDataChina,1989-02-28,2026-06-30,1,143.0
801040,钢铁,2040608865,产量:重点优特钢企业:中小型钢材:累计值,Output: Key High Quality and Special Steel Companies: Small and Medium-Sized Steel: Cumulative Value,月,吨,累计值,中国大陆,中国,兰格钢铁,getEcoDataIndSteel,2012-02-29,2026-03-31,1,143.0
801040,钢铁,2040608886,产量:重点优特钢企业:其他钢材:累计值,Output: Key High Quality and Special Steel Companies: Other Steel: Cumulative Value,月,吨,累计值,中国大陆,中国,兰格钢铁,getEcoDataIndSteel,2012-02-29,2026-03-31,1,143.0
801040,钢铁,2040608883,产量:重点优特钢企业:冷轧钢带:累计值,Output: Key High Quality and Special Steel Companies: Cold Rolled Steel Strip: Cumulative Value,月,吨,累计值,中国大陆,中国,兰格钢铁,getEcoDataIndSteel,2012-02-29,2026-03-31,1,143.0
801040,钢铁,2040608882,产量:重点优特钢企业:热轧钢带:累计值,Output: Key High Quality and Special Steel Companies: Hot Rolled Steel Strip: Cumulative Value,月,吨,累计值,中国大陆,中国,兰格钢铁,getEcoDataIndSteel,2012-02-29,2026-03-31,1,143.0
801040,钢铁,2040608966,产量:重点优特钢企业:粗钢:优质低合金钢:累计值,Output: Key High Quality and Special Steel Companies: Crude Steel: High Quality Low Alloy Steel: Cumulative Value,月,吨,累计值,中国大陆,中国,兰格钢铁,getEcoDataIndSteel,2011-02-28,2026-05-31,1,143.0
801040,钢铁,2040608969,产量:重点优特钢企业:粗钢:优质合金钢:累计值,Output: Key High Quality and Special Steel Companies: Crude Steel: High-Quality Alloy Steel: Cumulative Value,月,吨,累计值,中国大陆,中国,兰格钢铁,getEcoDataIndSteel,2011-02-28,2026-05-31,1,143.0
801040,钢铁,2040608958,产量:重点优特钢企业:粗钢:优质非合金钢:累计值,Output: Key High Quality and Special Steel Companies: Crude Steel: High-Quality Non-Alloy Steel: Cumulative Value,月,吨,累计值,中国大陆,中国,兰格钢铁,getEcoDataIndSteel,2011-02-28,2026-05-31,1,143.0
801040,钢铁,2040608964,产量:重点优特钢企业:粗钢:低合金钢:累计值,Output: Key High Quality and Special Steel Companies: Crude Steel: Low-alloy Steel: Cumulative Value,月,吨,累计值,中国大陆,中国,兰格钢铁,getEcoDataIndSteel,2011-02-28,2026-05-31,1,143.0
801040,钢铁,2040608983,产量:重点优特钢企业:粗钢:其他:累计值,Output: Key High Quality and Special Steel Companies: Crude Steel: Others: Cumulative Value,月,吨,累计值,中国大陆,中国,兰格钢铁,getEcoDataIndSteel,2017-07-31,2026-05-31,1,143.0
801040,钢铁,2040608975,产量:重点优特钢企业:粗钢:合金工具钢:累计值,Output: Key High Quality and Special Steel Companies: Crude Steel: Alloy Tool Steel: Cumulative Value,月,吨,累计值,中国大陆,中国,兰格钢铁,getEcoDataIndSteel,2011-02-28,2026-05-31,1,143.0
801040,钢铁,2040608974,产量:重点优特钢企业:粗钢:合金弹簧:累计值,Output: Key High Quality and Special Steel Companies: Crude Steel: Alloy Spring: Cumulative Value,月,吨,累计值,中国大陆,中国,兰格钢铁,getEcoDataIndSteel,2011-02-28,2026-05-31,1,143.0
801040,钢铁,2040608972,产量:重点优特钢企业:粗钢:合金结构钢:累计值,Output: Key High Quality and Special Steel Companies: Crude Steel: Alloy Structural Steel: Cumulative Value,月,吨,累计值,中国大陆,中国,兰格钢铁,getEcoDataIndSteel,2011-02-28,2026-05-31,1,143.0
801040,钢铁,2040608968,产量:重点优特钢企业:粗钢:合金钢:累计值,Output: Key High Quality and Special Steel Companies: Crude Steel: Alloy Steel: Cumulative Value,月,吨,累计值,中国大陆,中国,兰格钢铁,getEcoDataIndSteel,2011-02-28,2026-05-31,1,143.0
801040,钢铁,2040608963,产量:重点优特钢企业:粗钢:工业纯铁:累计值,Output: Key High Quality and Special Steel Companies: Crude Steel: Industrial Pure Iron: Cumulative Value,月,吨,累计值,中国大陆,中国,兰格钢铁,getEcoDataIndSteel,2011-02-28,2026-05-31,1,143.0
801040,钢铁,2040608965,产量:重点优特钢企业:粗钢:普通质量低合金钢:累计值,Output: Key High Quality and Special Steel Companies: Crude Steel: Common Quality Low Alloy Steel: Cumulative Value,月,吨,累计值,中国大陆,中国,兰格钢铁,getEcoDataIndSteel,2011-02-28,2026-05-31,1,143.0
801040,钢铁,2040608957,产量:重点优特钢企业:粗钢:普通质量非合金钢:累计值,Output: Key High Quality and Special Steel Companies: Crude Steel: Common Quality Non-Alloy Steel: Cumulative Value,月,吨,累计值,中国大陆,中国,兰格钢铁,getEcoDataIndSteel,2011-02-28,2026-05-31,1,143.0
801040,钢铁,2040608977,产量:重点优特钢企业:粗钢:模具钢:累计值,Output: Key High Quality and Special Steel Companies: Crude Steel: Die Steel: Cumulative Value,月,吨,累计值,中国大陆,中国,兰格钢铁,getEcoDataIndSteel,2011-02-28,2026-05-31,1,143.0
801040,钢铁,2040608960,产量:重点优特钢企业:粗钢:特殊碳素结构钢:累计值,Output: Key High Quality and Special Steel Companies: Crude Steel: Special Carbon Structural Steel: Cumulative Value,月,吨,累计值,中国大陆,中国,兰格钢铁,getEcoDataIndSteel,2011-02-28,2026-05-31,1,143.0
801040,钢铁,2040608872,产量:重点优特钢企业:线材(盘条):累计值,Output: Key High Quality and Special Steel Companies: Wire (Wire Rod): Cumulative Value,月,吨,累计值,中国大陆,中国,兰格钢铁,getEcoDataIndSteel,2012-02-29,2026-03-31,1,143.0
801040,钢铁,2040608900,产量:重点优特钢企业:钢材:优质低合金钢:累计值,Output: Key High Quality and Special Steel Companies: Steel: High Quality Low Alloy Steel: Cumulative Value,月,吨,累计值,中国大陆,中国,兰格钢铁,getEcoDataIndSteel,2011-02-28,2026-03-31,1,143.0
801040,钢铁,2040608903,产量:重点优特钢企业:钢材:优质合金钢:累计值,Output: Key High Quality and Special Steel Companies: Steel: High-Quality Alloy Steel: Cumulative Value,月,吨,累计值,中国大陆,中国,兰格钢铁,getEcoDataIndSteel,2011-02-28,2026-03-31,1,143.0
801040,钢铁,2040608892,产量:重点优特钢企业:钢材:优质非合金钢:累计值,Output: Key High Quality and Special Steel Companies: Steel: High-Quality Non-Alloy Steel: Cumulative Value,月,吨,累计值,中国大陆,中国,兰格钢铁,getEcoDataIndSteel,2011-02-28,2026-03-31,1,143.0
801040,钢铁,2040608898,产量:重点优特钢企业:钢材:低合金钢:累计值,Output: Key High Quality and Special Steel Companies: Steel: Low-alloy Steel: Cumulative Value,月,吨,累计值,中国大陆,中国,兰格钢铁,getEcoDataIndSteel,2011-02-28,2026-03-31,1,143.0
801040,钢铁,2040100560,产量:铁矿石:当月同比,Iron Ore: Output: YoY,月,%,当期同比,全国,中国,国家统计局,getEcoDataIndSteel,1998-02-28,2026-06-30,1,143.0
801040,钢铁,2040706536,出口数量:不锈钢丝(7223):当月同比,Export Quantity: Stainless Steel Wire(7223): Mom,月,%,当期同比,中国,中国,海关总署,getEcoDataIndSteel,2011-01-31,2026-06-30,1,143.0
801040,钢铁,2040706166,出口金额(美元):不规则盘卷的其他合金钢热轧条、杆(7227):当月值,Export Value (USD): Other Alloy Steel Hot Rolled Bars And Rods With Irregular Coils(7227): Current Month Value,月,美元,当期值,中国,中国,海关总署,getEcoDataIndSteel,2015-01-31,2026-06-30,1,143.0
801040,钢铁,2040705998,出口金额(美元):不规则盘卷的铁及非合金钢的热轧条、杆(7213):当月值,Export Value (USD): Hot Rolled Bars And Rods Of Iron And Non Alloy Steel With Irregular Coils(7213): Current Month Value,月,美元,当期值,中国,中国,海关总署,getEcoDataIndSteel,2015-01-31,2026-06-30,1,143.0
801040,钢铁,2040706068,"出口金额(美元):不锈钢,锭状及其他初级形状;不锈钢半制品(7218):当月值","Export Value (USD): Stainless Steel, Ingot And Other Primary Shapes;Stainless Steel Semi-Finished Products(7218): Current Month Value",月,美元,当期值,中国,中国,海关总署,getEcoDataIndSteel,2015-01-31,2026-06-30,1,143.0
801040,钢铁,2040706532,出口金额(美元):不锈钢丝(7223):当月同比,Export Value (USD): Stainless Steel Wire(7223): Mom,月,%,当期同比,中国,中国,海关总署,getEcoDataIndSteel,2011-01-31,2026-06-30,1,143.0
801040,钢铁,2040705942,"出口金额(美元):宽度≥600mm的铁或非合金钢平板轧材,经冷轧(7209):当月值","Export Value (USD): Iron Or Non Alloy Steel Flat Rolled Products With Width ≥ 600Mm, Cold Rolled(7209): Current Month Value",月,美元,当期值,中国,中国,海关总署,getEcoDataIndSteel,2015-01-31,2026-06-30,1,143.0
801040,钢铁,2040705928,"出口金额(美元):宽度≥600mm的铁或非合金钢平板轧材,经热轧(7208):当月值","Export Value (USD): Iron Or Non Alloy Steel Flat Rolled Products With Width ≥ 600Mm, Hot Rolled(7208): Current Month Value",月,美元,当期值,中国,中国,海关总署,getEcoDataIndSteel,2015-01-31,2026-06-30,1,143.0
801040,钢铁,2040705886,出口金额(美元):生铁、镜铁及钢铁的颗粒和粉末(7205):当月值,"Export Value (USD): Particles And Powders Of Pig Iron, Mirror Iron And Steel(7205): Current Month Value",月,美元,当期值,中国,中国,海关总署,getEcoDataIndSteel,2015-01-31,2026-06-30,1,143.0
801050,有色金属,2030019767,价格:正极材料:磷酸铁锂,Price: Cathode Material: Lithium Iron Phosphate,日,元/吨,当期值,全国,中国,Datayes!,getEcoDataIndChemical,2017-11-01,2026-08-07,1,150.0
801050,有色金属,1040015389,生产资料价格:有色金属:铜:周环比,Spot Price: Non-Ferrous Metals: Copper: WoW,周,%,当期环比,全国,中国,商务部,getEcoDataChina,2017-03-19,2026-08-02,1,149.0
801050,有色金属,1040015390,生产资料价格:有色金属:铝:周环比,Spot Price: Non-Ferrous Metals: Aluminum: WoW,周,%,当期环比,全国,中国,商务部,getEcoDataChina,2017-03-19,2026-08-02,1,149.0
801050,有色金属,1040015392,生产资料价格:有色金属:锌:周环比,Spot Price: Non-Ferrous Metals: Zinc: WoW,周,%,当期环比,全国,中国,商务部,getEcoDataChina,2017-03-19,2026-08-02,1,149.0
801050,有色金属,1040002010,国内期货价格:铜,Domestic Futures Prices: Copper,周,元/吨,当期值,全国,中国,商务部,getEcoDataChina,2005-01-07,2026-07-31,1,147.0
801050,有色金属,1040002011,国内期货价格:铝,Domestic Futures Prices: Aluminum,周,元/吨,当期值,全国,中国,商务部,getEcoDataChina,2005-01-07,2026-07-31,1,147.0
801050,有色金属,1040002004,国内现货价格:铜(1#),Domestic Spot Price: Copper (1 #),周,元/吨,当期值,全国,中国,商务部,getEcoDataChina,2006-06-15,2026-07-31,1,147.0
801050,有色金属,1040002005,国内现货价格:铝(A00),Domestic Spot Price: Aluminum (A00),周,元/吨,当期值,全国,中国,商务部,getEcoDataChina,2006-06-15,2026-07-31,1,147.0
801050,有色金属,1040002007,国内现货价格:锌(1#),Domestic Spot Price: Zinc (1 #),周,元/吨,当期值,全国,中国,商务部,getEcoDataChina,2006-06-15,2026-07-31,1,147.0
801050,有色金属,1040005228,国际现货价格:白银(英),International Spot Price: Silver,周,美分/盎司,当期值,全国,中国,商务部,getEcoDataChina,2005-01-21,2026-07-31,1,147.0
801050,有色金属,1040005219,国际现货价格:铜(A级),International Spot Price: Copper (Grade A),周,美元/吨,当期值,全国,中国,商务部,getEcoDataChina,2005-01-21,2026-07-31,1,147.0
801050,有色金属,1040005222,国际现货价格:铝,International Spot Price: Aluminum,周,美元/吨,当期值,全国,中国,商务部,getEcoDataChina,2005-01-21,2026-07-31,1,147.0
801050,有色金属,1040005229,国际现货价格:铝合金,International Spot Price: Aluminum Alloy,周,美元/吨,当期值,全国,中国,商务部,getEcoDataChina,2005-01-21,2026-07-31,1,147.0
801050,有色金属,1040005221,国际现货价格:锌,International Spot Price: Zinc,周,美元/吨,当期值,全国,中国,商务部,getEcoDataChina,2005-01-21,2026-07-31,1,147.0
801050,有色金属,1040005223,国际现货价格:镍,International Spot Price: Nickel,周,美元/吨,当期值,全国,中国,商务部,getEcoDataChina,2005-01-21,2026-07-31,1,147.0
801050,有色金属,1040005227,国际现货价格:黄金(英),International Spot Price: Gold (English),周,美元/盎司,当期值,全国,中国,商务部,getEcoDataChina,2005-01-21,2026-07-31,1,147.0
801050,有色金属,2030767397,出口金额(美元):人造刚玉;氧化铝;氢氧化铝(2818):当月值,Export Value (USD): Artificial Corundum;Alumina;Aluminum Hydroxide(2818): Current Month Value,月,美元,当期值,中国,中国,海关总署,getEcoDataIndChemical,2015-01-31,2026-06-30,1,145.0
801050,有色金属,1040005478,生产资料价格:有色金属:铅:1#铅锭:当月值,Price of Means of Production: Non-ferrous Metals: Lead: Lead Ingot 1#: Current,月,元/吨,当期值,全国,中国,发改委,getEcoDataChina,2015-05-31,2026-06-30,1,145.0
801050,有色金属,1040005481,"生产资料价格:有色金属:铜:1#电解铜,阴极铜:当月值","Price of Means of Production: Non-ferrous Metals: Copper: 1# Electrolytic Copper, Copper Cathodes: Current",月,元/吨,当期值,全国,中国,发改委,getEcoDataChina,2015-05-31,2026-06-30,1,145.0
801050,有色金属,1040005472,生产资料价格:有色金属:铝:AOO铝锭:当月值,Price of Means of Production: Non-ferrous Metals: Aluminium: AOO Aluminum Ingot: Current,月,元/吨,当期值,全国,中国,发改委,getEcoDataChina,2015-05-31,2026-06-30,1,145.0
801050,有色金属,1040005487,生产资料价格:有色金属:锌:0#锌锭:当月值,Price of Means of Production: Non-ferrous Metals: Zinc: 0 # Zinc Ingot: Current,月,元/吨,当期值,全国,中国,发改委,getEcoDataChina,2015-05-31,2026-06-30,1,145.0
801050,有色金属,1040005484,生产资料价格:有色金属:锡:1#锡锭:当月值,Price of Means of Production: Non-ferrous Metals: Tin: Tin Ingot 1#: Current,月,元/吨,当期值,全国,中国,发改委,getEcoDataChina,2015-05-31,2026-06-30,1,145.0
801050,有色金属,1040005475,生产资料价格:有色金属:镍:1#:当月值,Price of Means of Production: Non-ferrous Metals: Nickel: 1#: Current,月,元/吨,当期值,全国,中国,发改委,getEcoDataChina,2015-05-31,2026-06-30,1,145.0
801050,有色金属,2030767399,进出口金额(美元):人造刚玉;氧化铝;氢氧化铝(2818):当月值,Import And Export Value (USD): Artificial Corundum;Alumina;Aluminum Hydroxide(2818): Current Month Value,月,美元,当期值,中国,中国,海关总署,getEcoDataIndChemical,2015-01-31,2026-06-30,1,145.0
801050,有色金属,2030767398,进口金额(美元):人造刚玉;氧化铝;氢氧化铝(2818):当月值,Import Value (USD): Artificial Corundum;Alumina;Aluminum Hydroxide(2818): Current Month Value,月,美元,当期值,中国,中国,海关总署,getEcoDataIndChemical,2015-01-31,2026-06-30,1,145.0
801050,有色金属,1020001631,产量:十种有色金属:当月同比,Output: Ten Non-Ferrous Metals: YoY,月,%,当期同比,全国,中国,国家统计局,getEcoDataChina,1997-02-28,2026-06-30,1,143.0
801050,有色金属,1020008741,产量:原铝(电解铝):当月同比,Output: Ten Non-Ferrous Metals: Primary Aluminum (Electrolytic Aluminum): Month YoY,月,%,当期同比,全国,中国,国家统计局,getEcoDataChina,2002-04-30,2026-06-30,1,143.0
801050,有色金属,1020008681,产量:精炼铜(电解铜):当月值,Output: Ten Kinds of Non-Ferrous Metals: Refined Copper (Electrolyzed Copper): Current Value (Month),月,万吨,当期值,全国,中国,国家统计局,getEcoDataChina,1989-01-31,2026-06-30,1,143.0
801050,有色金属,1020008682,产量:铅:当月值,Output: Ten Kinds of Non-Ferrous Metals: Lead: Current Value (Month),月,万吨,当期值,全国,中国,国家统计局,getEcoDataChina,1995-01-31,2026-06-30,1,143.0
801050,有色金属,1020001568,产量:铝材:当月值,Output: Aluminum Products: Current Value (Month),月,万吨,当期值,全国,中国,国家统计局,getEcoDataChina,1989-02-28,2026-06-30,1,143.0
801050,有色金属,1020008683,产量:锌:当月值,Output: Ten Kinds of Non-Ferrous Metals: Zinc: Current Value (Month),月,万吨,当期值,全国,中国,国家统计局,getEcoDataChina,1993-01-31,2026-06-30,1,143.0
801050,有色金属,1020000197,出口交货值:有色金属冶炼及压延加工业:当月同比,Export Delivery Value: Non-Ferrous Metal Smelting And Rolling Processing Industry: Current YoY (Month),月,%,当期同比,全国,中国,国家统计局,getEcoDataChina,2007-02-28,2026-06-30,1,143.0
801050,有色金属,1020000156,出口交货值:有色金属冶炼及压延加工业:当期值,Export Delivery Value: Non-Ferrous Metal Smelting And Rolling Processing Industry: Current Value,月,亿元,当期值,全国,中国,国家统计局,getEcoDataChina,2007-02-28,2026-06-30,1,143.0
801050,有色金属,1020000174,出口交货值:有色金属矿采选业:当月同比,Export Delivery Value: Non-Ferrous Metal Mining Industry: Current YoY (Month),月,%,当期同比,全国,中国,国家统计局,getEcoDataChina,2007-02-28,2026-06-30,1,143.0
801050,有色金属,1020000133,出口交货值:有色金属矿采选业:当期值,Export Delivery Value: Non-Ferrous Metal Mining Industry: Current Value,月,亿元,当期值,全国,中国,国家统计局,getEcoDataChina,2007-02-28,2026-06-30,1,143.0
801050,有色金属,2030762822,出口金额(美元):天然磷酸钙、天然磷酸铝钙及磷酸盐白垩(2510):当月值,"Export Value (USD): Natural Calcium Phosphate, Natural Aluminum Calcium Phosphate And Phosphate Chalk (2510): Current Month Value",月,美元,当期值,中国,中国,海关总署,getEcoDataIndChemical,2015-01-31,2026-06-30,1,143.0
801050,有色金属,2030766115,出口金额(美元):无机化学品;贵金属、稀土金属等及其同位素化合物(28):当月值,"Export Value (USD): Inorganic Chemicals;Precious Metals, Rare Earth Metals And Their Isotopic Compounds(28): Current Month Value",月,美元,当期值,中国,中国,海关总署,getEcoDataIndChemical,2015-01-31,2026-06-30,1,143.0
801050,有色金属,2030767495,出口金额(美元):氟化物;氟硅酸盐、氟铝酸盐及其他氟络盐(2826):当月值,"Export Value (USD): Fluoride;Fluorosilicates, Fluoroaluminates And Other Fluorine Complex Salts(2826): Current Month Value",月,美元,当期值,中国,中国,海关总署,getEcoDataIndChemical,2015-01-31,2026-06-30,1,143.0
801050,有色金属,2030767383,出口金额(美元):氧化锌及过氧化锌(2817):当月值,Export Value (USD): Zinc Oxide And Zinc Peroxide(2817): Current Month Value,月,美元,当期值,中国,中国,海关总署,getEcoDataIndChemical,2015-01-31,2026-06-30,1,143.0
801050,有色金属,2030767243,出口金额(美元):碱金属、碱土金属;稀土金属、钪及钇;汞(2805):当月值,"Export Value (USD): Alkali Metal And Alkaline Earth Metal;Rare Earth Metals, Scandium And Yttrium;Mercury(2805): Current Month Value",月,美元,当期值,中国,中国,海关总署,getEcoDataIndChemical,2015-01-31,2026-06-30,1,143.0
801050,有色金属,2030767761,出口金额(美元):稀土金属、钇、钪及其混合物的无机或有机化合物(2846):当月值,"Export Value (USD): Inorganic Or Organic Compounds Of Rare Earth Metals, Yttrium, Scandium And Their Mixtures(2846): Current Month Value",月,美元,当期值,中国,中国,海关总署,getEcoDataIndChemical,2015-01-31,2026-06-30,1,143.0
801050,有色金属,2030767453,出口金额(美元):钴的氧化物及氢氧化物;商品氧化钴(2822):当月值,Export Value (USD): Oxides And Hydroxides Of Cobalt;Commercial Cobalt Oxide(2822): Current Month Value,月,美元,当期值,中国,中国,海关总署,getEcoDataIndChemical,2015-01-31,2026-06-30,1,143.0
801050,有色金属,2030767467,出口金额(美元):铅的氧化物;铅丹及铅橙(2824):当月值,Export Value (USD): Lead Oxide;Lead Lead And Lead Orange(2824): Current Month Value,月,美元,当期值,中国,中国,海关总署,getEcoDataIndChemical,2015-01-31,2026-06-30,1,143.0
801050,有色金属,1020008268,工业企业:利润总额:有色金属冶炼和压延加工业:累计值,Total Profit: Non-Ferrous Metal Smelting and Rolling Processing Industry: Cumulative Value,月,亿元,累计值,全国,中国,国家统计局,getEcoDataChina,2000-02-29,2026-06-30,1,143.0
801050,有色金属,1020008199,工业企业:利润总额:有色金属矿采选业:累计值,Total Profit: Non-Ferrous Metal Mining and Dressing: Cumulative Value,月,亿元,累计值,全国,中国,国家统计局,getEcoDataChina,2000-02-29,2026-06-30,1,143.0
801050,有色金属,1040002183,月均国内期货价格:铜,Average Monthly Domestic Futures Prices: Copper,月,元/吨,当期值,全国,中国,商务部,getEcoDataChina,2005-01-31,2026-07-31,1,143.0
801050,有色金属,1040002184,月均国内期货价格:铝,Average Monthly Domestic Futures Prices: Aluminum,月,元/吨,当期值,全国,中国,商务部,getEcoDataChina,2005-01-31,2026-07-31,1,143.0
801050,有色金属,1040002204,月均国际现货价格:白银(英),Average Monthly International Spot Price: Silver,月,美分/盎司,当期值,全国,中国,商务部,getEcoDataChina,2005-01-31,2026-07-31,1,143.0
801050,有色金属,1040002196,月均国际现货价格:铅,Average Monthly International Spot Price: Lead,月,美元/吨,当期值,全国,中国,商务部,getEcoDataChina,2005-01-31,2026-04-30,1,143.0
801050,有色金属,1040002192,月均国际现货价格:铜(A级),Average Monthly International Spot Price: Copper (Grade A),月,美元/吨,当期值,全国,中国,商务部,getEcoDataChina,2005-01-31,2026-07-31,1,143.0
801050,有色金属,1040002198,月均国际现货价格:铝,Average Monthly International Spot Price: Aluminum,月,美元/吨,当期值,全国,中国,商务部,getEcoDataChina,2005-01-31,2026-07-31,1,143.0
801050,有色金属,1040002205,月均国际现货价格:铝合金,Average Monthly International Spot Price: Aluminum Alloy,月,美元/吨,当期值,全国,中国,商务部,getEcoDataChina,2005-01-31,2026-07-31,1,143.0
801050,有色金属,1040002197,月均国际现货价格:锌,Average Monthly International Spot Price: Zinc,月,美元/吨,当期值,全国,中国,商务部,getEcoDataChina,2005-01-31,2026-07-31,1,143.0
801050,有色金属,1040002199,月均国际现货价格:镍,Average Monthly International Spot Price: Nickel,月,美元/吨,当期值,全国,中国,商务部,getEcoDataChina,2005-01-31,2026-07-31,1,143.0
801050,有色金属,1040002203,月均国际现货价格:黄金(英),Average Monthly International Spot Price: Gold (English),月,美元/盎司,当期值,全国,中国,商务部,getEcoDataChina,2005-01-31,2026-07-31,1,143.0
801050,有色金属,1040005364,"生产资料价格:钢材:镀锌板:1.0,80g:当月值","Price of Means of Production: Steel: Galvanized Sheet: 1.0, 80g: Current",月,元/吨,当期值,全国,中国,发改委,getEcoDataChina,2015-05-31,2026-06-30,1,143.0
801050,有色金属,1040005367,"生产资料价格:钢材:镀锌管:4寸×3.75,Q235(或100,Q235):当月值","Price of Means of Production: Steel: Galvanized Pipe: 4 inches × 3.75, Q235 (or 100, Q235): Current",月,元/吨,当期值,全国,中国,发改委,getEcoDataChina,2015-05-31,2026-06-30,1,143.0
801050,有色金属,2030762824,进出口金额(美元):天然磷酸钙、天然磷酸铝钙及磷酸盐白垩(2510):当月值,"Import And Export Value (USD): Natural Calcium Phosphate, Natural Aluminum Calcium Phosphate And Phosphate Chalk (2510): Current Month Value",月,美元,当期值,中国,中国,海关总署,getEcoDataIndChemical,2015-01-31,2026-06-30,1,143.0
801050,有色金属,2030766117,进出口金额(美元):无机化学品;贵金属、稀土金属等及其同位素化合物(28):当月值,"Import And Export Value (USD): Inorganic Chemicals;Precious Metals, Rare Earth Metals And Their Isotopic Compounds(28): Current Month Value",月,美元,当期值,中国,中国,海关总署,getEcoDataIndChemical,2015-01-31,2026-06-30,1,143.0
801050,有色金属,2030767497,进出口金额(美元):氟化物;氟硅酸盐、氟铝酸盐及其他氟络盐(2826):当月值,"Import And Export Value (USD): Fluoride;Fluorosilicates, Fluoroaluminates And Other Fluorine Complex Salts(2826): Current Month Value",月,美元,当期值,中国,中国,海关总署,getEcoDataIndChemical,2015-01-31,2026-06-30,1,143.0
801050,有色金属,2030767385,进出口金额(美元):氧化锌及过氧化锌(2817):当月值,Import And Export Value (USD): Zinc Oxide And Zinc Peroxide(2817): Current Month Value,月,美元,当期值,中国,中国,海关总署,getEcoDataIndChemical,2015-01-31,2026-06-30,1,143.0
801050,有色金属,2030767245,进出口金额(美元):碱金属、碱土金属;稀土金属、钪及钇;汞(2805):当月值,"Import And Export Value (USD): Alkali Metal And Alkaline Earth Metal;Rare Earth Metals, Scandium And Yttrium;Mercury(2805): Current Month Value",月,美元,当期值,中国,中国,海关总署,getEcoDataIndChemical,2015-01-31,2026-06-30,1,143.0
801050,有色金属,2030767763,进出口金额(美元):稀土金属、钇、钪及其混合物的无机或有机化合物(2846):当月值,"Import And Export Value (USD): Inorganic Or Organic Compounds Of Rare Earth Metals, Yttrium, Scandium And Their Mixtures(2846): Current Month Value",月,美元,当期值,中国,中国,海关总署,getEcoDataIndChemical,2015-01-31,2026-06-30,1,143.0
801050,有色金属,2030767455,进出口金额(美元):钴的氧化物及氢氧化物;商品氧化钴(2822):当月值,Import And Export Value (USD): Oxides And Hydroxides Of Cobalt;Commercial Cobalt Oxide(2822): Current Month Value,月,美元,当期值,中国,中国,海关总署,getEcoDataIndChemical,2015-01-31,2026-06-30,1,143.0
801050,有色金属,2030767469,进出口金额(美元):铅的氧化物;铅丹及铅橙(2824):当月值,Import And Export Value (USD): Lead Oxide;Lead Lead And Lead Orange(2824): Current Month Value,月,美元,当期值,中国,中国,海关总署,getEcoDataIndChemical,2015-01-31,2026-06-30,1,143.0
801050,有色金属,2030762823,进口金额(美元):天然磷酸钙、天然磷酸铝钙及磷酸盐白垩(2510):当月值,"Import Value (USD): Natural Calcium Phosphate, Natural Aluminum Calcium Phosphate And Phosphate Chalk (2510): Current Month Value",月,美元,当期值,中国,中国,海关总署,getEcoDataIndChemical,2015-01-31,2026-06-30,1,143.0
801050,有色金属,2030766116,进口金额(美元):无机化学品;贵金属、稀土金属等及其同位素化合物(28):当月值,"Import Value (USD): Inorganic Chemicals;Precious Metals, Rare Earth Metals And Their Isotopic Compounds(28): Current Month Value",月,美元,当期值,中国,中国,海关总署,getEcoDataIndChemical,2015-01-31,2026-06-30,1,143.0
801050,有色金属,2030767496,进口金额(美元):氟化物;氟硅酸盐、氟铝酸盐及其他氟络盐(2826):当月值,"Import Value (USD): Fluoride;Fluorosilicates, Fluoroaluminates And Other Fluorine Complex Salts(2826): Current Month Value",月,美元,当期值,中国,中国,海关总署,getEcoDataIndChemical,2015-01-31,2026-06-30,1,143.0
801050,有色金属,2030767384,进口金额(美元):氧化锌及过氧化锌(2817):当月值,Import Value (USD): Zinc Oxide And Zinc Peroxide(2817): Current Month Value,月,美元,当期值,中国,中国,海关总署,getEcoDataIndChemical,2015-01-31,2026-06-30,1,143.0
801050,有色金属,2030767244,进口金额(美元):碱金属、碱土金属;稀土金属、钪及钇;汞(2805):当月值,"Import Value (USD): Alkali Metal And Alkaline Earth Metal;Rare Earth Metals, Scandium And Yttrium;Mercury(2805): Current Month Value",月,美元,当期值,中国,中国,海关总署,getEcoDataIndChemical,2015-01-31,2026-06-30,1,143.0
801050,有色金属,2030767762,进口金额(美元):稀土金属、钇、钪及其混合物的无机或有机化合物(2846):当月值,"Import Value (USD): Inorganic Or Organic Compounds Of Rare Earth Metals, Yttrium, Scandium And Their Mixtures(2846): Current Month Value",月,美元,当期值,中国,中国,海关总署,getEcoDataIndChemical,2015-01-31,2026-06-30,1,143.0
801050,有色金属,2030767454,进口金额(美元):钴的氧化物及氢氧化物;商品氧化钴(2822):当月值,Import Value (USD): Oxides And Hydroxides Of Cobalt;Commercial Cobalt Oxide(2822): Current Month Value,月,美元,当期值,中国,中国,海关总署,getEcoDataIndChemical,2015-01-31,2026-06-30,1,143.0
801050,有色金属,2030767468,进口金额(美元):铅的氧化物;铅丹及铅橙(2824):当月值,Import Value (USD): Lead Oxide;Lead Lead And Lead Orange(2824): Current Month Value,月,美元,当期值,中国,中国,海关总署,getEcoDataIndChemical,2015-03-31,2026-06-30,1,143.0
801050,有色金属,2030726029,市场价:最低价:电解液:锰酸锂,Market Price: The Lowest Price: Electrolyte: Lithium Manganese Oxide,日,万元/吨,当期值,全国,中国,中国化学与物理电源行业协会,getEcoDataIndChemical,2015-01-23,2026-08-07,1,142.0
801050,有色金属,2030726036,市场价:最高价:电解液:锰酸锂,Market Price: The Highest Price: Electrolyte: Lithium Manganese Oxide,日,万元/吨,当期值,全国,中国,中国化学与物理电源行业协会,getEcoDataIndChemical,2015-01-23,2026-08-07,1,142.0
801050,有色金属,2030767400,贸易差额(美元):人造刚玉;氧化铝;氢氧化铝(2818):当月值,Trade Balance (USD): Artificial Corundum;Alumina;Aluminum Hydroxide(2818): Current Month Value,月,美元,当期值,中国,中国,海关总署,getEcoDataIndChemical,2017-01-31,2026-06-30,1,137.0
801050,有色金属,1040018879,PPI:稀有稀土金属冶炼业(上年同月=100),PPI: Smelting of Rare Lanthanon Metals (CYoY=100),月,上年同月=100,当期值,全国,中国,国家统计局,getEcoDataChina,2014-01-31,2026-06-30,1,135.0
801050,有色金属,1040018771,PPI:稀有稀土金属矿采选业(上年同月=100),PPI: Mining and Dressing of Rare Lanthanon Metal Ores (CYoY=100),月,上年同月=100,当期值,全国,中国,国家统计局,getEcoDataChina,2014-01-31,2026-06-30,1,135.0
801050,有色金属,2030762825,贸易差额(美元):天然磷酸钙、天然磷酸铝钙及磷酸盐白垩(2510):当月值,"Trade Balance (USD): Natural Calcium Phosphate, Natural Aluminum Calcium Phosphate And Phosphate Chalk (2510): Current Month Value",月,美元,当期值,中国,中国,海关总署,getEcoDataIndChemical,2017-01-31,2026-06-30,1,135.0
801050,有色金属,2030766118,贸易差额(美元):无机化学品;贵金属、稀土金属等及其同位素化合物(28):当月值,"Trade Balance (USD): Inorganic Chemicals;Precious Metals, Rare Earth Metals And Their Isotopic Compounds(28): Current Month Value",月,美元,当期值,中国,中国,海关总署,getEcoDataIndChemical,2017-01-31,2026-06-30,1,135.0
801080,电子,2090103612,产量:光电子器件:当月值,Output: Optoelectronics: Current Value (Month),月,亿只,当期值,全国,中国,国家统计局,getEcoDataIndElectronic,2007-01-31,2026-06-30,1,145.0
801080,电子,2090100994,产量:微型电子计算机:当月值,Micro Computer Equipments: Production,月,万台,当期值,全国,中国,国家统计局,getEcoDataIndElectronic,1989-02-28,2026-06-30,1,143.0
801080,电子,2090714996,产量:智能手机:当月同比,Output: Smart Phone: Month YoY,月,%,当期同比,全国,中国,国家统计局,getEcoDataIndElectronic,2016-03-31,2026-06-30,1,143.0
801080,电子,2090100999,产量:电子计算机:当月同比,Electronic Computer: Output: YoY,月,%,当期同比,全国,中国,国家统计局,getEcoDataIndElectronic,1997-02-28,2026-06-30,1,143.0
801080,电子,1020001593,产量:集成电路:当月值,Output: Integrated Circuit,月,亿块,当期值,全国,中国,国家统计局,getEcoDataChina,1989-02-28,2026-06-30,1,143.0
801080,电子,2090717191,出口金额(美元):二极管、晶体管及类似的半导体器件(8541):当月值,"Export Value (USD): Diodes, Transistors And Similar Semiconductor Devices(8541): Current Month Value",月,美元,当期值,中国,中国,海关总署,getEcoDataIndElectronic,2015-01-31,2026-06-30,1,143.0
801080,电子,2090717093,出口金额(美元):印刷电路(8534):当月值,Export Value (USD): Printed Circuit(8534): Current Month Value,月,美元,当期值,中国,中国,海关总署,getEcoDataIndElectronic,2015-01-31,2026-06-30,1,143.0
801080,电子,2090717205,出口金额(美元):集成电路(8542):当月值,Export Value (USD): Integrated Circuit(8542): Current Month Value,月,美元,当期值,中国,中国,海关总署,getEcoDataIndElectronic,2015-01-31,2026-06-30,1,143.0
801080,电子,1050000361,固定资产投资完成额:计算机、通信和其他电子设备制造业:累计同比,"Fixed Assets Investment Completed: Manufacturing: Computer, Communications And Other Electronic Equipment Manufacturing: Cumulative YoY",月,%,累计同比,全国,中国,国家统计局,getEcoDataChina,2004-02-29,2026-06-30,1,143.0
801080,电子,1020010285,工业企业:投资收益:计算机、通信和其他电子设备制造业:累计值,"Investment Return: Computer, Communications and Other Electronic Equipment Manufacturing Industry: Cumulative Value",月,亿元,累计值,全国,中国,国家统计局,getEcoDataChina,2017-02-28,2026-06-30,1,143.0
801080,电子,1050000443,民间固定资产投资完成额:计算机、通信和其他电子设备制造业:累计同比,"Private Investment In Fixed Assets Completed: Computer, Communications And Other Electronic Equipment Manufacturing: Cumulative YoY",月,%,累计同比,全国,中国,国家统计局,getEcoDataChina,2012-03-31,2026-06-30,1,143.0
801080,电子,2090700315,电子信息制造业:固定资产投资:累计同比,Electronic Information Manufacturing Industry: Fixed Asset Investment: Cumulative YoY,月,%,累计同比,全国,中国,工信部,getEcoDataIndElectronic,2016-02-29,2026-06-30,1,143.0
801080,电子,2090700305,规模以上电子信息制造业:出口交货值:当月同比,Electronic Information Manufacturing above Designated Size: Export Delivery Value: Month YoY,月,%,当期同比,全国,中国,工信部,getEcoDataIndElectronic,2010-10-31,2026-06-30,1,143.0
801080,电子,2090717193,进出口金额(美元):二极管、晶体管及类似的半导体器件(8541):当月值,"Import And Export Value (USD): Diodes, Transistors And Similar Semiconductor Devices(8541): Current Month Value",月,美元,当期值,中国,中国,海关总署,getEcoDataIndElectronic,2015-01-31,2026-06-30,1,143.0
801080,电子,2090717095,进出口金额(美元):印刷电路(8534):当月值,Import And Export Value (USD): Printed Circuit(8534): Current Month Value,月,美元,当期值,中国,中国,海关总署,getEcoDataIndElectronic,2015-01-31,2026-06-30,1,143.0
801080,电子,2090717207,进出口金额(美元):集成电路(8542):当月值,Import And Export Value (USD): Integrated Circuit(8542): Current Month Value,月,美元,当期值,中国,中国,海关总署,getEcoDataIndElectronic,2015-01-31,2026-06-30,1,143.0
801080,电子,2090717192,进口金额(美元):二极管、晶体管及类似的半导体器件(8541):当月值,"Import Value (USD): Diodes, Transistors And Similar Semiconductor Devices(8541): Current Month Value",月,美元,当期值,中国,中国,海关总署,getEcoDataIndElectronic,2015-01-31,2026-06-30,1,143.0
801080,电子,2090717094,进口金额(美元):印刷电路(8534):当月值,Import Value (USD): Printed Circuit(8534): Current Month Value,月,美元,当期值,中国,中国,海关总署,getEcoDataIndElectronic,2015-01-31,2026-06-30,1,143.0
801080,电子,2090717206,进口金额(美元):集成电路(8542):当月值,Import Value (USD): Integrated Circuit(8542): Current Month Value,月,美元,当期值,中国,中国,海关总署,getEcoDataIndElectronic,2015-01-31,2026-06-30,1,143.0
801080,电子,1040018946,PPI:电子元件及电子专用材料制造业(上年同月=100),PPI: Manufacturing of Electronic Components and Materials for Electronic Purpose (CYoY=100),月,上年同月=100,当期值,全国,中国,国家统计局,getEcoDataChina,2018-01-31,2026-06-30,1,135.0
801080,电子,1040018945,PPI:电子器件制造业(上年同月=100),PPI: Electronic Parts (CYoY=100),月,上年同月=100,当期值,全国,中国,国家统计局,getEcoDataChina,2014-01-31,2026-06-30,1,135.0
801080,电子,1040000869,PPI:计算机、通信和其他电子设备制造业(上年同月=100),"PPI: Computer, Communications and Other Electronic Equipment Manufacturing (CYoY=100)",月,上年同月=100,当期值,全国,中国,国家统计局,getEcoDataChina,1996-10-31,2026-06-30,1,135.0
801080,电子,2090726818,出口数量:机电产品:电子元件:二极管及类似半导体器件:太阳能电池:当月环比,,月,%,当期环比,,中国,Datayes!,getEcoDataIndElectronic,2014-07-31,2026-06-30,1,135.0
801080,电子,2090726817,出口数量:机电产品:电子元件:二极管及类似半导体器件:当月环比,,月,%,当期环比,,中国,海关总署,getEcoDataIndElectronic,2014-07-31,2026-06-30,1,135.0
801080,电子,2090700311,规模以上电子信息制造业:利润总额:累计同比,Electronic Information Manufacturing above Designated Size: Total Profit: Cumulative YoY,月,%,累计同比,全国,中国,工信部,getEcoDataIndElectronic,2008-02-29,2026-06-30,1,135.0
801080,电子,2090700304,规模以上电子信息制造业:增加值:当月同比,Electronic Information Manufacturing above Designated Size: Value Added: Month YoY,月,%,当期同比,全国,中国,工信部,getEcoDataIndElectronic,2009-02-28,2026-06-30,1,135.0
801080,电子,2090717194,贸易差额(美元):二极管、晶体管及类似的半导体器件(8541):当月值,"Trade Balance (USD): Diodes, Transistors And Similar Semiconductor Devices(8541): Current Month Value",月,美元,当期值,中国,中国,海关总署,getEcoDataIndElectronic,2017-01-31,2026-06-30,1,135.0
801080,电子,2090717096,贸易差额(美元):印刷电路(8534):当月值,Trade Balance (USD): Printed Circuit(8534): Current Month Value,月,美元,当期值,中国,中国,海关总署,getEcoDataIndElectronic,2017-01-31,2026-06-30,1,135.0
801080,电子,2090715996,现货平均价:DRAM:DDR3 2Gb 256Mx8 1600MHz,Average Spot Price: DRAM: DDR3 2Gb 256Mx8 1600MHz,日,美元,当期值,全球,全球,全球半导体观察,getEcoDataIndElectronic,2011-12-01,2026-08-07,1,132.0
801080,电子,2090715997,现货平均价:DRAM:DDR3 4Gb 512Mx8 1600MHz,Average Spot Price: DRAM: DDR3 4Gb 512Mx8 1600MHz,日,美元,当期值,全球,全球,全球半导体观察,getEcoDataIndElectronic,2013-05-29,2026-08-07,1,132.0
801080,电子,2090715998,现货平均价:DRAM:DDR3 4Gb 512Mx8 eTT,Average Spot Price: DRAM: DDR3 4Gb 512Mx8 eTT,日,美元,当期值,全球,全球,全球半导体观察,getEcoDataIndElectronic,2014-04-09,2026-08-07,1,132.0
801080,电子,2090727098,合约平均价:NAND Flash:64Gb 8Gx8 MLC,,月,美元,当期值,,中国,全球半导体观察,getEcoDataIndElectronic,2018-06-30,2026-06-30,1,125.0
801080,电子,3020030449,PPI:电子元件制造:未季调:欧元区,PPI:Manufacture of electronic components:Unadjusted data:Euro area (19 countries),月,2021年=100,当期值,欧元区,欧元区,欧盟统计局,getEcoDataGlobeEu,1995-01-31,2026-06-30,1,105.0
801110,家用电器,2090102058,产量:家用洗衣机:当月值,Output: Household Washing Machine,月,万台,当期值,全国,中国,国家统计局,getEcoDataIndElectronic,1989-02-28,2026-06-30,1,143.0
801110,家用电器,1020001598,产量:家用电冰箱:当月值,Output: Household Refrigerator: Current,月,万台,当期值,全国,中国,国家统计局,getEcoDataChina,1989-02-28,2026-06-30,1,143.0
801110,家用电器,1020001596,产量:彩电:当月值,Output: Color TV,月,万台,当期值,全国,中国,国家统计局,getEcoDataChina,1989-02-28,2026-06-30,1,143.0
801110,家用电器,2090102062,产量:空调:当月值,Output: Room Air Conditioner,月,万台,当期值,全国,中国,国家统计局,getEcoDataIndElectronic,1990-02-28,2026-06-30,1,143.0
801110,家用电器,2090715149,出口数量:其他电热水器:当月值,Export Volume: Other Electric Water Heaters: Current Value (Month),月,个,当期值,全国,中国,海关总署,getEcoDataIndElectronic,2015-01-31,2026-06-30,1,143.0
801110,家用电器,2090715077,出口数量:抽油烟机、罩平面最大边长≤120cm:当月值,Export Volume: The Maximum Side Length of the Range Hood and Hood Plane≤120cm: Current Value (Month),月,台,当期值,全国,中国,海关总署,getEcoDataIndElectronic,2015-01-31,2026-06-30,1,143.0
801110,家用电器,2090715113,出口数量:热水器零件:当月值,Export Volume: Water Heater Components: Current Value (Month),月,千克,当期值,全国,中国,海关总署,getEcoDataIndElectronic,2015-01-31,2026-06-30,1,143.0
801110,家用电器,2090715089,出口数量:燃气快速热水器:当月值,Export Volume: Gas Instant Water Heater: Current Value (Month),月,台,当期值,全国,中国,海关总署,getEcoDataIndElectronic,2015-01-31,2026-06-30,1,143.0
801110,家用电器,2090715125,出口数量:电热的储存式热水器:当月值,Export Volume: Electric Storage Water Heater: Current Value (Month),月,个,当期值,全国,中国,海关总署,getEcoDataIndElectronic,2015-01-31,2026-06-30,1,143.0
801110,家用电器,2090715137,出口数量:电热的快速热水器:当月值,Export Volume: Electric Fast Water Heater: Current Value (Month),月,个,当期值,全国,中国,海关总署,getEcoDataIndElectronic,2015-01-31,2026-06-30,1,143.0
801110,家用电器,2090715155,出口金额(人民币):其他电热水器:当月值,Export Amount (CNY): Other Electric Water Heaters: Current Value (Month),月,元,当期值,全国,中国,海关总署,getEcoDataIndElectronic,2015-01-31,2026-06-30,1,143.0
801110,家用电器,2090715083,出口金额(人民币):抽油烟机、罩平面最大边长≤120cm:当月值,Export Amount (CNY): The Maximum Side Length of the Range Hood and Hood Plane≤120cm: Current Value (Month),月,元,当期值,全国,中国,海关总署,getEcoDataIndElectronic,2015-01-31,2026-06-30,1,143.0
801110,家用电器,2090715119,出口金额(人民币):热水器零件:当月值,Export Amount (CNY): Water Heater Components: Current Value (Month),月,元,当期值,全国,中国,海关总署,getEcoDataIndElectronic,2015-01-31,2026-06-30,1,143.0
801110,家用电器,2090715095,出口金额(人民币):燃气快速热水器:当月值,Export Amount (CNY): Gas Instant Water Heater: Current Value (Month),月,元,当期值,全国,中国,海关总署,getEcoDataIndElectronic,2015-01-31,2026-06-30,1,143.0
801110,家用电器,2090715131,出口金额(人民币):电热的储存式热水器:当月值,Export Amount (CNY): Electric Storage Water Heater: Current Value (Month),月,元,当期值,全国,中国,海关总署,getEcoDataIndElectronic,2015-01-31,2026-06-30,1,143.0
801110,家用电器,2090715143,出口金额(人民币):电热的快速热水器:当月值,Export Amount (CNY): Electric Fast Water Heater: Current Value (Month),月,元,当期值,全国,中国,海关总署,getEcoDataIndElectronic,2015-01-31,2026-06-30,1,143.0
801110,家用电器,2090716953,出口金额(美元):电热的快速热水器、储存式热水器等(8516):当月值,"Export Value (USD): Electric Fast Water Heater, Storage Water Heater, Etc(8516): Current Month Value",月,美元,当期值,中国,中国,海关总署,getEcoDataIndElectronic,2015-01-31,2026-06-30,1,143.0
801110,家用电器,2090716955,进出口金额(美元):电热的快速热水器、储存式热水器等(8516):当月值,"Import And Export Value (USD): Electric Fast Water Heater, Storage Water Heater, Etc(8516): Current Month Value",月,美元,当期值,中国,中国,海关总署,getEcoDataIndElectronic,2015-01-31,2026-06-30,1,143.0
801110,家用电器,2090727470,出口:家电:抽油烟机,,季,万台,当期值,全国,中国,产业在线,getEcoDataIndElectronic,2016-03-31,2026-03-31,1,141.0
801110,家用电器,2090727454,产量:抽油烟机:当季值,,季,万台,当期值,全国,中国,产业在线,getEcoDataIndElectronic,2016-03-31,2026-03-31,1,139.0
801110,家用电器,2090727407,销量:抽油烟机:当季值,,季,万台,当期值,全国,中国,产业在线,getEcoDataIndElectronic,2016-03-31,2026-03-31,1,139.0
801110,家用电器,2090726559,出口数量:机电产品:家用电器:冰箱:当月环比,,月,%,当期环比,,中国,Datayes!,getEcoDataIndElectronic,2014-07-31,2026-06-30,1,135.0
801110,家用电器,2090726562,出口数量:机电产品:家用电器:微波炉:当月环比,,月,%,当期环比,,中国,Datayes!,getEcoDataIndElectronic,2014-07-31,2026-06-30,1,135.0
801110,家用电器,2090726560,出口数量:机电产品:家用电器:洗衣机:当月环比,,月,%,当期环比,,中国,Datayes!,getEcoDataIndElectronic,2014-07-31,2026-06-30,1,135.0
801110,家用电器,2090726551,出口数量:机电产品:家用电器:电视机:当月环比,,月,%,当期环比,,中国,Datayes!,getEcoDataIndElectronic,2014-07-31,2026-06-30,1,135.0
801110,家用电器,2090726558,出口数量:机电产品:家用电器:空调:当月环比,,月,%,当期环比,,中国,Datayes!,getEcoDataIndElectronic,2014-07-31,2026-06-30,1,135.0
801110,家用电器,2090716956,贸易差额(美元):电热的快速热水器、储存式热水器等(8516):当月值,"Trade Balance (USD): Electric Fast Water Heater, Storage Water Heater, Etc(8516): Current Month Value",月,美元,当期值,中国,中国,海关总署,getEcoDataIndElectronic,2017-01-31,2026-06-30,1,135.0
801110,家用电器,2090715146,进口数量:其他电热水器:当月值,Import Volume: Other Electric Water Heaters: Current Value (Month),月,个,当期值,全国,中国,海关总署,getEcoDataIndElectronic,2015-01-31,2026-06-30,1,135.0
801110,家用电器,2090715074,进口数量:抽油烟机、罩平面最大边长≤120cm:当月值,Import Volume: The Maximum Side Length of the Range Hood and Hood Plane≤120cm: Current Value (Month),月,台,当期值,全国,中国,海关总署,getEcoDataIndElectronic,2015-01-31,2026-06-30,1,135.0
801110,家用电器,2090715110,进口数量:热水器零件:当月值,Import Volume: Water Heater Components: Current Value (Month),月,千克,当期值,全国,中国,海关总署,getEcoDataIndElectronic,2015-01-31,2026-06-30,1,135.0
801110,家用电器,2090715086,进口数量:燃气快速热水器:当月值,Import Volume: Gas Instant Water Heater: Current Value (Month),月,台,当期值,全国,中国,海关总署,getEcoDataIndElectronic,2015-01-31,2026-06-30,1,135.0
801110,家用电器,2090715080,进口金额(人民币):抽油烟机、罩平面最大边长≤120cm:当月值,Import Amount (CNY): The Maximum Side Length of the Range Hood and Hood Plane≤120cm: Current Value (Month),月,元,当期值,全国,中国,海关总署,getEcoDataIndElectronic,2015-01-31,2026-06-30,1,135.0
801110,家用电器,1040005294,36个大中城市日用工业消费品平均价格:冰箱:210-250立升,Average Price of Daily Manufactured Consumer Goods in 36 Large and Medium-Sized Cities: Refrigerator: 210-250 Liters,月,元/台,当期值,36个大中城市,中国,发改委,getEcoDataChina,2015-06-30,2026-04-30,1,133.0
801110,家用电器,1040005295,36个大中城市日用工业消费品平均价格:彩电:液晶42寸,Average Price of Daily Manufactured Consumer Goods in 36 Large and Medium-Sized Cities: TV: LCD 42-inch,月,元/台,当期值,36个大中城市,中国,发改委,getEcoDataChina,2015-06-30,2026-04-30,1,133.0
801110,家用电器,1040005287,36个大中城市日用工业消费品平均价格:微波炉:功率700瓦,Average Price of Daily Manufactured Consumer Goods in 36 Large and Medium-Sized Cities: Microwave: Power 700 watts,月,元/台,当期值,36个大中城市,中国,发改委,getEcoDataChina,2015-06-30,2026-04-30,1,133.0
801110,家用电器,1040005288,36个大中城市日用工业消费品平均价格:抽油烟机:直吸式,Average Price of Daily Manufactured Consumer Goods in 36 Large and Medium-Sized Cities: Hoods: Straight Suction,月,元/台,当期值,36个大中城市,中国,发改委,getEcoDataChina,2015-06-30,2026-06-30,1,133.0
801110,家用电器,1040005285,36个大中城市日用工业消费品平均价格:洗衣机:波轮式(5kg),Average Price of Daily Manufactured Consumer Goods in 36 Large and Medium-Sized Cities: Washing Machines: Wave Wheel (5kg),月,元/台,当期值,36个大中城市,中国,发改委,getEcoDataChina,2015-06-30,2026-04-30,1,133.0
801110,家用电器,1040005286,36个大中城市日用工业消费品平均价格:洗衣机:滚筒式(5kg),Average Price of Daily Manufactured Consumer Goods in 36 Large and Medium-Sized Cities: Washing Machines: a Drum (5kg),月,元/台,当期值,36个大中城市,中国,发改委,getEcoDataChina,2015-06-30,2026-04-30,1,133.0
801110,家用电器,1040005293,36个大中城市日用工业消费品平均价格:空调机:1.5匹冷暖,Average Price of Daily Manufactured Consumer Goods in 36 Large and Medium-Sized Cities: Conditioners: 1.5p Warm and Cold,月,元/台,当期值,36个大中城市,中国,发改委,getEcoDataChina,2015-06-30,2026-06-30,1,133.0
801110,家用电器,2090727392,产量:洗衣机:波轮:累计值,,月,万台,累计值,,中国,产业在线,getEcoDataIndElectronic,2015-01-31,2026-06-30,1,133.0
801110,家用电器,2090727398,产量:洗衣机:滚筒:累计值,,月,万台,累计值,,中国,产业在线,getEcoDataIndElectronic,2015-01-31,2026-06-30,1,133.0
801110,家用电器,2200000460,全国百家重点大型零售企业商品零售额:家用电器:当月同比,Merchandise Sales of National Hundred Key Large-Scale Enterprise: Household Appliances: YoY,月,%,当期同比,,中国,中华全国商业信息中心,getEcoDataIndCommercialtrade,2007-04-30,2026-03-31,1,133.0
801110,家用电器,2090200278,冰箱:出口数量:当月同比,Refrigerator: Exports Quantity: YoY,月,%,当期同比,,中国,海关总署,getEcoDataIndElectronic,2009-01-31,2026-06-30,1,133.0
801110,家用电器,2090200272,冰箱:出口金额:当月值,Refrigerator: Exportss Value,月,万美元,当期值,,中国,海关总署,getEcoDataIndElectronic,2008-01-31,2026-06-30,1,133.0
801110,家用电器,2090726557,出口数量:机电产品:家用电器:电扇:当月环比,,月,%,当期环比,,中国,Datayes!,getEcoDataIndElectronic,2014-07-31,2026-06-30,1,133.0
801110,家用电器,2090200286,洗衣机:出口数量:当月同比,Washing Machine: Exports Quantity: YoY,月,%,当期同比,,中国,海关总署,getEcoDataIndElectronic,2009-01-31,2026-06-30,1,133.0
801110,家用电器,2090200280,洗衣机:出口金额:当月值,Washing Machine: Exportss Value,月,万美元,当期值,,中国,海关总署,getEcoDataIndElectronic,2008-01-31,2026-06-30,1,133.0
801110,家用电器,2090727376,销量:微波炉:累计值,,月,万台,累计值,,中国,产业在线,getEcoDataIndElectronic,2015-01-31,2026-05-31,1,133.0
801110,家用电器,2090727451,销量:洗衣机:变频直流:累计值,,月,万台,累计值,,中国,产业在线,getEcoDataIndElectronic,2015-01-31,2026-05-31,1,133.0
801110,家用电器,2090727389,销量:洗衣机:波轮:累计值,,月,万台,累计值,,中国,产业在线,getEcoDataIndElectronic,2015-01-31,2026-06-30,1,133.0
801110,家用电器,2090727382,销量:洗衣机:滚筒:累计值,,月,万台,累计值,,中国,产业在线,getEcoDataIndElectronic,2015-01-31,2026-06-30,1,133.0
801110,家用电器,2090727474,内销:抽油烟机:当季值,,季,万台,当期值,全国,中国,产业在线,getEcoDataIndElectronic,2016-03-31,2026-03-31,1,131.0
801110,家用电器,2090726523,内销:微波炉:累计值,,月,万台,累计值,,中国,产业在线,getEcoDataIndElectronic,2015-01-31,2026-05-31,1,125.0
801110,家用电器,2090727408,内销:洗衣机:波轮:累计值,,月,万台,累计值,,中国,产业在线,getEcoDataIndElectronic,2015-01-31,2026-06-30,1,125.0
801110,家用电器,2090727414,内销:洗衣机:滚筒:累计值,,月,万台,累计值,,中国,产业在线,getEcoDataIndElectronic,2015-01-31,2026-06-30,1,125.0
801110,家用电器,2090718950,出口数量:微波炉(851650):当月值,Export Quantity: Microwave Oven(851650): Current Month Value,月,个,当期值,中国,中国,海关总署,getEcoDataIndElectronic,2015-01-31,2026-06-30,1,123.0
801110,家用电器,2087006503,"出口金额(美元):家用型或洗衣房用洗衣机,包括洗涤干燥两用机(8450):当月值","Export Value (USD): Household or Laundry Washing Machines, Including Washing and Drying Machines(8450): Current Month Value",月,美元,当期值,中国,中国,海关总署,getEcoDataIndMachineryequipment,2015-01-31,2026-06-30,1,123.0
801110,家用电器,2090718943,出口金额(美元):微波炉(851650):当月值,Export Value (USD): Microwave Oven(851650): Current Month Value,月,美元,当期值,中国,中国,海关总署,getEcoDataIndElectronic,2015-01-31,2026-06-30,1,123.0
801110,家用电器,2070135536,汽车用品价格指数:汽车电子(休闲用品):车载冰箱/冷暖箱,Automobile Accessories Price Index: Automobile Electronics (Entertainment Devices): Automobile Refrigerator/Cooler&Heater,月,,当期值,全国,中国,中国金恒德汽车用品价格指数,getEcoDataIndAutomobile,2012-09-30,2026-07-31,1,123.0
801110,家用电器,2090718952,进出口数量:微波炉(851650):当月值,Import And Export Quantity: Microwave Oven(851650): Current Month Value,月,个,当期值,中国,中国,海关总署,getEcoDataIndElectronic,2015-01-31,2026-06-30,1,123.0
801110,家用电器,2087006505,"进出口金额(美元):家用型或洗衣房用洗衣机,包括洗涤干燥两用机(8450):当月值","Import and Export Value (USD): Household or Laundry Washing Machines, Including Washing and Drying Machines(8450): Current Month Value",月,美元,当期值,中国,中国,海关总署,getEcoDataIndMachineryequipment,2015-01-31,2026-06-30,1,123.0
801110,家用电器,2090718945,进出口金额(美元):微波炉(851650):当月值,Import And Export Value (USD): Microwave Oven(851650): Current Month Value,月,美元,当期值,中国,中国,海关总署,getEcoDataIndElectronic,2015-01-31,2026-06-30,1,123.0
801110,家用电器,2090726524,"海信家电(000921):市盈率(PE,TTM)",,日,倍,当期值,全国,中国,Datayes!,getEcoDataIndElectronic,2000-01-04,2026-08-06,1,122.0
801110,家用电器,2090726530,海信家电(000921):总市值,,日,亿元,当期值,全国,中国,Datayes!,getEcoDataIndElectronic,1999-07-13,2026-08-06,1,122.0
801110,家用电器,2090726540,海信家电(000921):收盘价(后复权),,日,元,当期值,全国,中国,Datayes!,getEcoDataIndElectronic,1999-07-13,2026-08-06,1,122.0
801110,家用电器,2087006506,"贸易差额(美元):家用型或洗衣房用洗衣机,包括洗涤干燥两用机(8450):当月值","Trade Balance (USD): Household or Laundry Washing Machines, Including Washing and Drying Machines(8450): Current Month Value",月,美元,当期值,中国,中国,海关总署,getEcoDataIndMachineryequipment,2015-01-31,2026-06-30,1,115.0
801110,家用电器,2090718946,贸易差额(美元):微波炉(851650):当月值,Trade Balance (USD): Microwave Oven(851650): Current Month Value,月,美元,当期值,中国,中国,海关总署,getEcoDataIndElectronic,2017-01-31,2026-06-30,1,115.0
801110,家用电器,2090718951,进口数量:微波炉(851650):当月值,Import Quantity: Microwave Oven(851650): Current Month Value,月,个,当期值,中国,中国,海关总署,getEcoDataIndElectronic,2015-01-31,2026-06-30,1,115.0
801110,家用电器,2087006504,"进口金额(美元):家用型或洗衣房用洗衣机,包括洗涤干燥两用机(8450):当月值","Import Value (USD): Household or Laundry Washing Machines, Including Washing and Drying Machines(8450): Current Month Value",月,美元,当期值,中国,中国,海关总署,getEcoDataIndMachineryequipment,2015-01-31,2026-06-30,1,115.0
801110,家用电器,2090718944,进口金额(美元):微波炉(851650):当月值,Import Value (USD): Microwave Oven(851650): Current Month Value,月,美元,当期值,中国,中国,海关总署,getEcoDataIndElectronic,2015-01-31,2026-06-30,1,115.0
801110,家用电器,3190000643,南非:零售销售:不变价:家具、家电和设备,"South Africa: Retail Trade Sales: At Constant Prices: Retailers In Household Furniture,Appliances and Equipment",月,百万兰特,当期值,南非,南非,南非统计局,getEcoDataGlobeRest,2008-01-31,2026-05-31,1,113.0
801110,家用电器,3190000635,南非:零售销售:现价:家具、家电和设备,"South Africa: Retail Trade Sales: At Current Prices: Retailers In Household Furniture,Appliances and Equipment",月,百万兰特,当期值,南非,南非,南非统计局,getEcoDataGlobeRest,2005-01-31,2026-05-31,1,113.0
801110,家用电器,3020030977,PPI:家用电器制造:未季调:欧元区,PPI:Manufacture of domestic appliances:Unadjusted data:Euro area (19 countries),月,2021年=100,当期值,欧元区,欧元区,欧盟统计局,getEcoDataGlobeEu,2000-01-31,2026-06-30,1,105.0
801110,家用电器,3020032980,"PPI:电,气,蒸汽和空调供应:未季调:欧元区","PPI:Electricity, gas, steam and air conditioning supply:Unadjusted data:Euro area (19 countries)",月,2021年=100,当期值,欧元区,欧元区,欧盟统计局,getEcoDataGlobeEu,1996-01-31,2026-06-30,1,105.0
801110,家用电器,3020031025,PPI:非电气家用电器制造:未季调:欧元区,PPI:Manufacture of non-electric domestic appliances:Unadjusted data:Euro area (19 countries),月,2021年=100,当期值,欧元区,欧元区,欧盟统计局,getEcoDataGlobeEu,2000-01-31,2026-06-30,1,105.0
801110,家用电器,3020502726,土耳其:工业指数:采矿和制造业;电力、燃气、蒸汽和空调供给:同比:日历调整,"Volume index of production:Mining and quarrying; manufacturing; electricity, gas, steam and air conditioning supply:Calendar adjusted data, not seasonally adjusted data:Percentage change compared to same period in previous year:Turkey",月,%,同比(日历调整),土耳其,土耳其,欧盟统计局,getEcoDataGlobeEu,1987-01-31,2026-05-31,1,105.0
801110,家用电器,3020505958,土耳其:工业指数:采矿和制造业;电力、燃气、蒸汽和空调供给:季调和日历调整,"Volume index of production:Mining and quarrying; manufacturing; electricity, gas, steam and air conditioning supply:Seasonally and calendar adjusted data:Turkey",月,2021年=100,季调,土耳其,土耳其,欧盟统计局,getEcoDataGlobeEu,1986-01-31,2026-05-31,1,105.0
801110,家用电器,3020502652,土耳其:工业指数:采矿和制造业;电力、燃气、蒸汽和空调供给:日历调整,"Volume index of production:Mining and quarrying; manufacturing; electricity, gas, steam and air conditioning supply:Calendar adjusted data, not seasonally adjusted data:Turkey",月,2021年=100,日历调整,土耳其,土耳其,欧盟统计局,getEcoDataGlobeEu,1986-01-31,2026-05-31,1,105.0
801110,家用电器,3020500767,土耳其:工业指数:采矿和制造业;电力、燃气、蒸汽和空调供给:未季调,"Volume index of production:Mining and quarrying; manufacturing; electricity, gas, steam and air conditioning supply:Unadjusted data (i.e. neither seasonally adjusted nor calendar adjusted data):Turkey",月,2021年=100,当期值,土耳其,土耳其,欧盟统计局,getEcoDataGlobeEu,1986-01-31,2026-05-31,1,105.0
801110,家用电器,3020505995,土耳其:工业指数:采矿和制造业;电力、燃气、蒸汽和空调供给:环比:季调和日历调整,"Volume index of production:Mining and quarrying; manufacturing; electricity, gas, steam and air conditioning supply:Seasonally and calendar adjusted data:Percentage change on previous period:Turkey",月,%,环比(季调),土耳其,土耳其,欧盟统计局,getEcoDataGlobeEu,1986-02-28,2026-05-31,1,105.0
801120,食品饮料,1040001910,国内现货价格:零售价:中老年奶粉,Domestic Spot Price: Retail Price: Milk Powder For Middle-Aged Adults,周,元/公斤,当期值,全国,中国,商务部,getEcoDataChina,2009-05-01,2026-07-31,1,147.0
801120,食品饮料,1040001909,国内现货价格:零售价:国产品牌婴幼儿奶粉,Domestic Spot Price: Retail Price: Domestic-Branded Milk Powder For Infants,周,元/公斤,当期值,全国,中国,商务部,getEcoDataChina,2009-05-01,2026-07-31,1,147.0
801120,食品饮料,1040001908,国内现货价格:零售价:国外品牌婴幼儿奶粉,Domestic Spot Price: Retail Price: Foreign-Branded Milk Powder For Infants,周,元/公斤,当期值,全国,中国,商务部,getEcoDataChina,2009-05-01,2026-07-31,1,147.0
801120,食品饮料,1040001906,国内现货价格:零售价:牛奶,Domestic Spot Price: Retail Price: Milk,周,元/升,当期值,全国,中国,商务部,getEcoDataChina,2009-05-01,2026-07-31,1,147.0
801120,食品饮料,2110732342,全国白酒定基价格指数:名酒,National Baijiu Fixed Base Price Index: Vintage Wine,旬,2012年2月=100,当期值,全国,中国,泸州·中国白酒商品批发价格指数办公室,getEcoDataIndFoodbeverage,2013-01-10,2026-07-31,1,145.0
801120,食品饮料,2110732343,全国白酒定基价格指数:地方酒,National Baijiu Fixed Base Price Index: Local Wine,旬,2012年2月=100,当期值,全国,中国,泸州·中国白酒商品批发价格指数办公室,getEcoDataIndFoodbeverage,2013-01-10,2026-07-31,1,145.0
801120,食品饮料,2110732344,全国白酒定基价格指数:基酒,National Baijiu Fixed Base Price Index: Base Wine,旬,2012年2月=100,当期值,全国,中国,泸州·中国白酒商品批发价格指数办公室,getEcoDataIndFoodbeverage,2013-01-10,2026-07-31,1,145.0
801120,食品饮料,2110732341,全国白酒定基价格指数:总指数,National Baijiu Fixed Base Price Index: Total Index,旬,2012年2月=100,当期值,全国,中国,泸州·中国白酒商品批发价格指数办公室,getEcoDataIndFoodbeverage,2013-01-10,2026-07-31,1,145.0
801120,食品饮料,2110735148,白酒批发价格指数:总指数:全国:中度:当旬值,,旬,2012年2月=100,当期值,全国,中国,泸州·中国白酒商品批发价格指数办公室,getEcoDataIndFoodbeverage,2012-03-10,2026-07-31,1,145.0
801120,食品饮料,2110735149,白酒批发价格指数:总指数:全国:低度:当旬值,,旬,2012年2月=100,当期值,全国,中国,泸州·中国白酒商品批发价格指数办公室,getEcoDataIndFoodbeverage,2012-03-10,2026-07-31,1,145.0
801120,食品饮料,2110735147,白酒批发价格指数:总指数:全国:高度:当旬值,,旬,2012年2月=100,当期值,全国,中国,泸州·中国白酒商品批发价格指数办公室,getEcoDataIndFoodbeverage,2012-03-10,2026-07-31,1,145.0
801120,食品饮料,1040020165,iCPI:食品烟酒:茶及饮料:环比,"iCPI: Food, Tobacco and Alcohol: Tea and Beverages: DoM",日,%,当期环比,全国,中国,清华大学iCPI项目组,getEcoDataChina,2016-01-01,2026-08-06,1,144.0
801120,食品饮料,2110100015,产量:乳制品:当月值,Dairy Products: Output,月,万吨,当期值,全国,中国,国家统计局,getEcoDataIndFoodbeverage,1989-01-31,2026-06-30,1,143.0
801120,食品饮料,2110100041,产量:卷烟:当月值,Cigarette: Output,月,亿支,当期值,全国,中国,国家统计局,getEcoDataIndFoodbeverage,1989-01-31,2026-06-30,1,143.0
801120,食品饮料,2110100023,产量:啤酒:当月值,Beer: Output,月,万千升,当期值,全国,中国,国家统计局,getEcoDataIndFoodbeverage,1989-01-31,2026-06-30,1,143.0
801120,食品饮料,1020008661,"产量:白酒(折65度,商品量):当月值","Output: Liquor and Spirits (65%Vol Equivalent, Commodity Quantity): Current Value (Month)",月,万千升,当期值,全国,中国,国家统计局,getEcoDataChina,1989-01-31,2026-06-30,1,143.0
801120,食品饮料,2110100025,产量:葡萄酒:当月值,Wine: Output,月,万千升,当期值,全国,中国,国家统计局,getEcoDataIndFoodbeverage,2000-05-31,2026-06-30,1,143.0
801120,食品饮料,2110100043,产量:软饮料:当月值,Output: Soft Drinks: Current Value (Month),月,万吨,当期值,全国,中国,国家统计局,getEcoDataIndFoodbeverage,1997-02-28,2026-06-30,1,143.0
801120,食品饮料,2110731591,产量:软饮料:当月值:全国,Output: Soft Drinks: Current Month Value: Nationwide,月,吨,当期值,全国,中国,国家统计局,getEcoDataIndFoodbeverage,1999-01-31,2026-06-30,1,143.0
801120,食品饮料,2110731623,产量:软饮料:当月同比:全国,Output: Soft Drinks: Nationwide: YoY,月,%,当期同比,全国,中国,国家统计局,getEcoDataIndFoodbeverage,2000-01-31,2026-06-30,1,143.0
801120,食品饮料,2110731655,产量:软饮料:累计值:全国,Output: Soft Drinks: Cumulative Value: Nationwide,月,吨,累计值,全国,中国,国家统计局,getEcoDataIndFoodbeverage,1999-01-31,2026-06-30,1,143.0
801120,食品饮料,2110731687,产量:软饮料:累计同比:全国,Output: Soft Drinks: Nationwide: Cumulative YoY,月,%,累计同比,全国,中国,国家统计局,getEcoDataIndFoodbeverage,2000-01-31,2026-06-30,1,143.0
801120,食品饮料,1020021369,农副食品加工业:利润总额:累计同比增减,,月,千元,累计同比增减,全国,中国,国家统计局,getEcoDataChina,1999-03-31,2026-06-30,1,143.0
801120,食品饮料,1020000178,出口交货值:农副食品加工业:当月同比,Export Delivery Value: Agricultural Food Processing Industry: Current YoY (Month),月,%,当期同比,全国,中国,国家统计局,getEcoDataChina,2007-02-28,2026-06-30,1,143.0
801120,食品饮料,1020000137,出口交货值:农副食品加工业:当期值,Export Delivery Value: Agricultural Food Processing Industry: Current Value,月,亿元,当期值,全国,中国,国家统计局,getEcoDataChina,2007-02-28,2026-06-30,1,143.0
801120,食品饮料,1020000180,出口交货值:酒、饮料和精制茶制造业:当月同比,"Export Delivery Value: Wine, Beverage And Refined Tea Manufacturing: Current YoY (Month)",月,%,当期同比,全国,中国,国家统计局,getEcoDataChina,2012-02-29,2026-06-30,1,143.0
801120,食品饮料,1020000139,出口交货值:酒、饮料和精制茶制造业:当期值,"Export Delivery Value: Wine, Beverage And Refined Tea Manufacturing: Current Value",月,亿元,当期值,全国,中国,国家统计局,getEcoDataChina,2012-02-29,2026-06-30,1,143.0
801120,食品饮料,1020000179,出口交货值:食品制造业:当月同比,Export Delivery Value: Food Manufacturing Industry: Current YoY (Month),月,%,当期同比,全国,中国,国家统计局,getEcoDataChina,2007-02-28,2026-06-30,1,143.0
801120,食品饮料,1020000138,出口交货值:食品制造业:当期值,Export Delivery Value: Food Manufacturing Industry: Current Value,月,亿元,当期值,全国,中国,国家统计局,getEcoDataChina,2007-02-28,2026-06-30,1,143.0
801120,食品饮料,2110720687,出口数量:乳制品:累计值,Export Volume: Dairy Products: Cumulative Value,月,吨,累计值,全国,中国,中国奶业协会,getEcoDataIndFoodbeverage,2018-01-31,2026-06-30,1,143.0
801120,食品饮料,2110720695,出口数量:干乳制品:累计值,Export Volume: Dry Dairy Products: Cumulative Value,月,吨,累计值,全国,中国,中国奶业协会,getEcoDataIndFoodbeverage,2017-11-30,2026-06-30,1,143.0
801120,食品饮料,2110720691,出口金额(美元):乳制品:累计值,Export Amount (USD): Dairy Products: Cumulative Value,月,万美元,累计值,全国,中国,中国奶业协会,getEcoDataIndFoodbeverage,2018-01-31,2026-06-30,1,143.0
801120,食品饮料,2110722917,出口金额(美元):动、植物油、脂及分解产品;精制食用油脂;动、植物蜡(15):当月值,"Export Value (USD): Animal and Vegetable Oils, Fats and Decomposition Products; Refined Edible Oils and Fats; Animal and Vegetable Waxes (15): Current Month Value",月,美元,当期值,中国,中国,海关总署,getEcoDataIndFoodbeverage,2015-01-31,2026-06-30,1,143.0
801120,食品饮料,2110720699,出口金额(美元):干乳制品:累计值,Export Amount (USD): Dry Dairy Products: Cumulative Value,月,万美元,累计值,全国,中国,中国奶业协会,getEcoDataIndFoodbeverage,2018-01-31,2026-06-30,1,143.0
801120,食品饮料,2110723001,出口金额(美元):杂项食品(21):当月值,Export Value (USD): Miscellaneous Food (21): Current Month Value,月,美元,当期值,中国,中国,海关总署,getEcoDataIndFoodbeverage,2015-01-31,2026-06-30,1,143.0
801120,食品饮料,2110721366,出口金额(美元):饮料、酒及醋(22):当月值,"Export Value (USD): Beverages, Wine And Vinegar(22): Current Month Value",月,美元,当期值,中国,中国,海关总署,getEcoDataIndFoodbeverage,2015-01-31,2026-06-30,1,143.0
801120,食品饮料,1040002072,国内现货价格:零售价:婴幼儿奶粉:国产品牌,Average Monthly Domestic Spot Price: Retail Price: Domestic-Branded Milk Powder For Infants,月,元/千克,当期值,全国,中国,商务部,getEcoDataChina,2009-05-31,2026-07-31,1,143.0
801120,食品饮料,1040002071,国内现货价格:零售价:婴幼儿奶粉:国外品牌,Average Monthly Domestic Spot Price: Retail Price: Foreign-Branded Milk Powder For Infants,月,元/千克,当期值,全国,中国,商务部,getEcoDataChina,2009-05-31,2026-07-31,1,143.0
801120,食品饮料,1020008211,工业企业:利润总额:农副食品加工业:累计值,Total Profit: Agricultural and By-Product Food Processing Industry: Cumulative Value,月,亿元,累计值,全国,中国,国家统计局,getEcoDataChina,2002-02-28,2026-06-30,1,143.0
801120,食品饮料,1020008217,工业企业:利润总额:酒、饮料和精制茶制造业:累计值,"Total Profit: Alcohol, Beverages and Refined Tea Manufacturing Industry: Cumulative Value",月,亿元,累计值,全国,中国,国家统计局,getEcoDataChina,2000-02-29,2026-06-30,1,143.0
801120,食品饮料,1020008214,工业企业:利润总额:食品制造业:累计值,Total Profit: Food Manufacturing Industry: Cumulative Value,月,亿元,累计值,全国,中国,国家统计局,getEcoDataChina,2000-02-29,2026-06-30,1,143.0
801120,食品饮料,1020010176,工业企业:营业利润:农副食品加工业:累计值,Operating Profit: Agricultural and By-Product Food Processing Industry: Cumulative Value,月,亿元,累计值,全国,中国,国家统计局,getEcoDataChina,2017-02-28,2026-06-30,1,143.0
801120,食品饮料,1020010178,工业企业:营业利润:酒、饮料和精制茶制造业:累计值,"Operating Profit: Alcohol, Beverages and Refined Tea Manufacturing Industry: Cumulative Value",月,亿元,累计值,全国,中国,国家统计局,getEcoDataChina,2017-02-28,2026-06-30,1,143.0
801120,食品饮料,1020010177,工业企业:营业利润:食品制造业:累计值,Operating Profit: Food Manufacturing Industry: Cumulative Value,月,亿元,累计值,全国,中国,国家统计局,getEcoDataChina,2017-02-28,2026-06-30,1,143.0
801120,食品饮料,1020007077,工业企业:营业收入:农副食品加工业:累计值,Operating Revenue: Agricultural and By-Product Food Processing Industry: Cumulative Value,月,亿元,累计值,全国,中国,国家统计局,getEcoDataChina,2016-02-29,2026-06-30,1,143.0
801120,食品饮料,1020007083,工业企业:营业收入:酒、饮料和精制茶制造业:累计值,"Operating Revenue: Alcohol, Beverages and Refined Tea Manufacturing Industry: Cumulative Value",月,亿元,累计值,全国,中国,国家统计局,getEcoDataChina,2016-02-29,2026-06-30,1,143.0
801120,食品饮料,1020007080,工业企业:营业收入:食品制造业:累计值,Operating Revenue: Food Manufacturing Industry: Cumulative Value,月,亿元,累计值,全国,中国,国家统计局,getEcoDataChina,2016-02-29,2026-06-30,1,143.0
801120,食品饮料,1020000923,成本费用利润率:农副食品加工业,Profit-To-Cost Ratio: Agricultural Food Processing Industry,月,%,当期值,全国,中国,国家统计局,getEcoDataChina,2003-02-28,2026-06-30,1,143.0
801120,食品饮料,1020000925,成本费用利润率:酒、饮料和精制茶制造业,Profit-To-Cost Ratio: Beverage Manufacturing Industry,月,%,当期值,全国,中国,国家统计局,getEcoDataChina,2003-02-28,2026-06-30,1,143.0
801120,食品饮料,1020000924,成本费用利润率:食品制造业,Profit-To-Cost Ratio: Food Manufacturing Industry,月,%,当期值,全国,中国,国家统计局,getEcoDataChina,2003-02-28,2026-06-30,1,143.0
801120,食品饮料,1020000603,收入增长率:农副食品加工业,Income Growth Rate: Agricultural Food Processing Industry,月,%,当期值,全国,中国,国家统计局,getEcoDataChina,2011-02-28,2026-06-30,1,143.0
801120,食品饮料,1020000605,收入增长率:酒、饮料和精制茶制造业,Income Growth Rate: Beverage Manufacturing Industry,月,%,当期值,全国,中国,国家统计局,getEcoDataChina,2011-02-28,2026-06-30,1,143.0
801120,食品饮料,2110735185,白酒批发价格指数:总指数:全国:中度:月环比,,月,上月=100,当期环比,全国,中国,泸州·中国白酒商品批发价格指数办公室,getEcoDataIndFoodbeverage,2012-03-31,2026-07-31,1,143.0
801120,食品饮料,2110735186,白酒批发价格指数:总指数:全国:低度:月环比,,月,上月=100,当期环比,全国,中国,泸州·中国白酒商品批发价格指数办公室,getEcoDataIndFoodbeverage,2012-03-31,2026-07-31,1,143.0
801120,食品饮料,2110735184,白酒批发价格指数:总指数:全国:高度:月环比,,月,上月=100,当期环比,全国,中国,泸州·中国白酒商品批发价格指数办公室,getEcoDataIndFoodbeverage,2012-03-31,2026-07-31,1,143.0
801120,食品饮料,1020000845,税前利润率:酒、饮料和精制茶制造业,Pre-Tax Profit Margin: Beverage Manufacturing Industry,月,%,当期值,全国,中国,国家统计局,getEcoDataChina,2001-02-28,2026-06-30,1,143.0
801120,食品饮料,2110722919,进出口金额(美元):动、植物油、脂及分解产品;精制食用油脂;动、植物蜡(15):当月值,"Import and Export Value (USD): Animal and Vegetable Oils, Fats and Decomposition Products; Refined Edible Oils and Fats; Animal and Vegetable Waxes (15): Current Month Value",月,美元,当期值,中国,中国,海关总署,getEcoDataIndFoodbeverage,2015-01-31,2026-06-30,1,143.0
801120,食品饮料,2110721368,进出口金额(美元):饮料、酒及醋(22):当月值,"Import And Export Value (USD): Beverages, Wine And Vinegar(22): Current Month Value",月,美元,当期值,中国,中国,海关总署,getEcoDataIndFoodbeverage,2015-01-31,2026-06-30,1,143.0
801120,食品饮料,2110701320,进口奶粉:本月实际到港数量,Imported Milk Powder: Actual Arrivals This Month,月,吨,当期值,全国,中国,商务部,getEcoDataIndFoodbeverage,2013-09-30,2026-05-31,1,143.0
801120,食品饮料,2110701322,进口奶粉:本月实际到港数量:东北区,Imported Milk Powder: Actual Arrivals This Month: Northeast China,月,吨,当期值,全国,中国,商务部,getEcoDataIndFoodbeverage,2013-09-30,2026-05-31,1,143.0
801120,食品饮料,2110701324,进口奶粉:本月实际到港数量:中南区,Imported Milk Powder: Actual Arrivals This Month: Central South Region,月,吨,当期值,全国,中国,商务部,getEcoDataIndFoodbeverage,2013-09-30,2026-05-31,1,143.0
801120,食品饮料,2110701323,进口奶粉:本月实际到港数量:华东区,Imported Milk Powder: Actual Arrivals This Month: East China,月,吨,当期值,全国,中国,商务部,getEcoDataIndFoodbeverage,2013-09-30,2026-05-31,1,143.0
801120,食品饮料,2110701321,进口奶粉:本月实际到港数量:华北区,Imported Milk Powder: Actual Arrivals This Month: North China,月,吨,当期值,全国,中国,商务部,getEcoDataIndFoodbeverage,2013-09-30,2026-05-31,1,143.0
801120,食品饮料,2110701326,进口奶粉:本月实际到港数量:西北区,Imported Milk Powder: Actual Arrivals This Month: Northwest China,月,吨,当期值,全国,中国,商务部,getEcoDataIndFoodbeverage,2013-09-30,2026-05-31,1,143.0
801120,食品饮料,2110701325,进口奶粉:本月实际到港数量:西南区,Imported Milk Powder: Actual Arrivals This Month: Southwest China,月,吨,当期值,全国,中国,商务部,getEcoDataIndFoodbeverage,2013-09-30,2026-05-31,1,143.0
801120,食品饮料,2110720529,进口数量:乳制品:当月值,Import Volume: Liquid Milk: Current Value (Month),月,万吨,当期值,全国,中国,中国奶业协会,getEcoDataIndFoodbeverage,2017-11-30,2026-06-30,1,143.0
801120,食品饮料,2110720649,进口数量:包装牛奶:当月值,Import Volume: Packaged Milk: Current Value (Month),月,万吨,当期值,全国,中国,中国奶业协会,getEcoDataIndFoodbeverage,2017-11-30,2026-06-30,1,143.0
801120,食品饮料,2110720541,进口数量:干乳制品:当月值,Import Volume: Dry Dairy Products: Current Value (Month),月,万吨,当期值,全国,中国,中国奶业协会,getEcoDataIndFoodbeverage,2017-11-30,2026-06-30,1,143.0
801120,食品饮料,2110720533,进口金额(美元):乳制品:当月值,Import Amount (USD): Liquid Milk: Current Value (Month),月,亿美元,当期值,全国,中国,中国奶业协会,getEcoDataIndFoodbeverage,2017-11-30,2026-06-30,1,143.0
801120,食品饮料,2110722918,进口金额(美元):动、植物油、脂及分解产品;精制食用油脂;动、植物蜡(15):当月值,"Import Value (USD): Animal and Vegetable Oils, Fats and Decomposition Products; Refined Edible Oils and Fats; Animal and Vegetable Waxes (15): Current Month Value",月,美元,当期值,中国,中国,海关总署,getEcoDataIndFoodbeverage,2015-01-31,2026-06-30,1,143.0
801120,食品饮料,2110720653,进口金额(美元):包装牛奶:当月值,Import Amount (USD): Packaged Milk: Current Value (Month),月,亿美元,当期值,全国,中国,中国奶业协会,getEcoDataIndFoodbeverage,2017-11-30,2026-06-30,1,143.0
801120,食品饮料,2110720545,进口金额(美元):干乳制品:当月值,Import Amount (USD): Dry Dairy Products: Current Value (Month),月,亿美元,当期值,全国,中国,中国奶业协会,getEcoDataIndFoodbeverage,2017-11-30,2026-06-30,1,143.0
801120,食品饮料,2110721367,进口金额(美元):饮料、酒及醋(22):当月值,"Import Value (USD): Beverages, Wine And Vinegar(22): Current Month Value",月,美元,当期值,中国,中国,海关总署,getEcoDataIndFoodbeverage,2015-01-31,2026-06-30,1,143.0
801120,食品饮料,1040000083,CPI:食品烟酒及在外餐饮:食用油(上年同月=100),"CPI: Food, Tobacco, Alcohol, and Catering Services: Edible Oil (CYoY=100)",月,上年同月=100,当期值,全国,中国,国家统计局,getEcoDataChina,2005-01-31,2026-06-30,1,137.0
801120,食品饮料,1040018789,PPI:乳制品制造业(上年同月=100),PPI: Dairy Products (CYoY=100),月,上年同月=100,当期值,全国,中国,国家统计局,getEcoDataChina,2014-01-31,2026-06-30,1,135.0
801120,食品饮料,1040018797,PPI:卷烟制造业(上年同月=100),PPI: Cigarettes (CYoY=100),月,上年同月=100,当期值,全国,中国,国家统计局,getEcoDataChina,2014-01-31,2026-06-30,1,135.0
801120,食品饮料,1040018791,PPI:调味品、发酵制品制造业(上年同月=100),PPI: Condiments and Fermented Products (CYoY=100),月,上年同月=100,当期值,全国,中国,国家统计局,getEcoDataChina,2014-01-31,2026-06-30,1,135.0
801120,食品饮料,2110735123,白酒批发价格指数:名酒指数:泸州:当旬值,,旬,2012年2月=100,当期值,泸州市,中国,泸州·中国白酒商品批发价格指数办公室,getEcoDataIndFoodbeverage,2012-03-10,2026-07-31,1,135.0
801120,食品饮料,2110735127,白酒批发价格指数:地方酒指数:泸州:当旬值,,旬,2012年2月=100,当期值,泸州市,中国,泸州·中国白酒商品批发价格指数办公室,getEcoDataIndFoodbeverage,2012-03-10,2026-07-31,1,135.0
801120,食品饮料,2110735131,白酒批发价格指数:基酒指数:泸州:当旬值,,旬,2012年2月=100,当期值,泸州市,中国,泸州·中国白酒商品批发价格指数办公室,getEcoDataIndFoodbeverage,2012-03-10,2026-07-31,1,135.0
801130,纺织服饰,1040001913,国内期货价格:棉花,Domestic Futures Prices: Cotton,周,元/吨,当期值,全国,中国,商务部,getEcoDataChina,2005-04-08,2026-07-31,1,147.0
801130,纺织服饰,1040002019,国际期货价格:棉花,International Futures Prices: Cotton,周,美分/磅,当期值,全国,中国,商务部,getEcoDataChina,2005-01-21,2026-07-31,1,147.0
801130,纺织服饰,1040002014,国际现货价格:原油(布),International Spot Price: Crude Oil (Cloth),周,美元/桶,当期值,全国,中国,商务部,getEcoDataChina,2005-01-21,2026-07-31,1,147.0
801130,纺织服饰,1020000183,出口交货值:纺织服装、鞋、帽制造业:当月同比,"Export Delivery Value: Textile And Garment, Shoes, Cap Manufacturing: Current YoY (Month)",月,%,当期同比,全国,中国,国家统计局,getEcoDataChina,2007-02-28,2026-06-30,1,145.0
801130,纺织服饰,1020000142,出口交货值:纺织服装、鞋、帽制造业:当期值,"Export Delivery Value: Textile And Garment, Shoes, Cap Manufacturing: Current Value",月,亿元,当期值,全国,中国,国家统计局,getEcoDataChina,2007-02-28,2026-06-30,1,145.0
801130,纺织服饰,2120715757,出口数量:针织物或钩编织物制成的服装(6113):当月值,Export Quantity: A Garment Made of Knitted or Crocheted Fabric (6113): Current Month Value,月,件,当期值,中国,中国,海关总署,getEcoDataIndTextileclothing,2015-01-31,2026-06-30,1,145.0
801130,纺织服饰,2120714134,"出口金额(美元):化学纤维短纤纺制的纱线,供零售用(5511):当月值",Export Value (USD): Yarn Made of Chemical Staple Fibers For Retail Use (5511): Current Month Value,月,美元,当期值,中国,中国,海关总署,getEcoDataIndTextileclothing,2015-01-31,2026-06-30,1,145.0
801130,纺织服饰,2120713966,"出口金额(美元):化学纤维长丝纱线,供零售用(5406):当月值",Export Value (USD): Chemical Fiber Filament Yarn For Retail Use (5406): Current Month Value,月,美元,当期值,中国,中国,海关总署,getEcoDataIndTextileclothing,2015-01-31,2026-06-30,1,145.0
801130,纺织服饰,2120713686,"出口金额(美元):棉纱线,供零售用(5207):当月值",Export Value (USD): Cotton Yarn For Retail Use (5207): Current Month Value,月,美元,当期值,中国,中国,海关总署,getEcoDataIndTextileclothing,2015-01-31,2026-06-30,1,145.0
801130,纺织服饰,2120713672,"出口金额(美元):棉纱线,按重量计含棉量<85%,非供零售用(5206):当月值","Export Value (USD): Cotton Yarn, Cotton Content < 85% By Weight, Not For Retail Use (5206): Current Month Value",月,美元,当期值,中国,中国,海关总署,getEcoDataIndTextileclothing,2015-01-31,2026-06-30,1,145.0
801130,纺织服饰,2120713658,"出口金额(美元):棉纱线,按重量计含棉量≥85%,非供零售用(5205):当月值","Export Value (USD): Cotton Yarn, With Cotton Content ≥ 85% By Weight, Not For Retail Use (5205): Current Month Value",月,美元,当期值,中国,中国,海关总署,getEcoDataIndTextileclothing,2015-01-31,2026-06-30,1,145.0
801130,纺织服饰,2120714876,出口金额(美元):针织或钩编的其他服装(6114):当月值,Export Value (USD): Other Garments Knitted or Crocheted (6114): Current Month Value,月,美元,当期值,中国,中国,海关总署,getEcoDataIndTextileclothing,2015-01-31,2026-06-30,1,145.0
801130,纺织服饰,2120714848,出口金额(美元):针织或钩编的婴儿服装及衣着附件(6111):当月值,Export Value (USD): Knitted or Crocheted Baby Garments and Clothing Accessories (6111): Current Month Value,月,美元,当期值,中国,中国,海关总署,getEcoDataIndTextileclothing,2015-01-31,2026-06-30,1,145.0
801130,纺织服饰,2120714918,出口金额(美元):针织或钩编的衣着附件;服装或衣着附件的零件(6117):当月值,Export Value (USD): Knitted or Crocheted Clothing Accessories;Parts of Clothing or Clothing Accessories (6117): Current Month Value,月,美元,当期值,中国,中国,海关总署,getEcoDataIndTextileclothing,2015-01-31,2026-06-30,1,145.0
801130,纺织服饰,2120715750,出口金额(美元):针织物或钩编织物制成的服装(6113):当月值,Export Value (USD): A Garment Made of Knitted or Crocheted Fabric (6113): Current Month Value,月,美元,当期值,中国,中国,海关总署,getEcoDataIndTextileclothing,2015-01-31,2026-06-30,1,145.0
801130,纺织服饰,1020008226,工业企业:利润总额:纺织服装、服饰业:累计值,Total Profit: Textile and Apparel Industry: Cumulative Value,月,亿元,累计值,全国,中国,国家统计局,getEcoDataChina,2000-02-29,2026-06-30,1,145.0
801130,纺织服饰,1020010181,工业企业:营业利润:纺织服装、服饰业:累计值,Operating Profit: Textile and Apparel Industry: Cumulative Value,月,亿元,累计值,全国,中国,国家统计局,getEcoDataChina,2017-02-28,2026-06-30,1,145.0
801130,纺织服饰,1020000928,成本费用利润率:纺织服装、服饰业,"Profit-To-Cost Ratio: Textile And Garment, Shoes, Cap Manufacturing",月,%,当期值,全国,中国,国家统计局,getEcoDataChina,2003-02-28,2026-06-30,1,145.0
801130,纺织服饰,1020000848,税前利润率:纺织服装、服饰业,"Pre-Tax Profit Margin: Textile And Garment, Shoes, Cap Manufacturing",月,%,当期值,全国,中国,国家统计局,getEcoDataChina,2001-02-28,2026-06-30,1,145.0
801130,纺织服饰,2120715759,进出口数量:针织物或钩编织物制成的服装(6113):当月值,Import and Export Quantity: A Garment Made of Knitted or Crocheted Fabric (6113): Current Month Value,月,件,当期值,中国,中国,海关总署,getEcoDataIndTextileclothing,2015-01-31,2026-06-30,1,145.0
801130,纺织服饰,2120714136,"进出口金额(美元):化学纤维短纤纺制的纱线,供零售用(5511):当月值",Import and Export Value (USD): Yarn Made of Chemical Staple Fibers For Retail Use (5511): Current Month Value,月,美元,当期值,中国,中国,海关总署,getEcoDataIndTextileclothing,2015-01-31,2026-06-30,1,145.0
801130,纺织服饰,2120713968,"进出口金额(美元):化学纤维长丝纱线,供零售用(5406):当月值",Import and Export Value (USD): Chemical Fiber Filament Yarn For Retail Use (5406): Current Month Value,月,美元,当期值,中国,中国,海关总署,getEcoDataIndTextileclothing,2015-01-31,2026-06-30,1,145.0
801130,纺织服饰,2120713688,"进出口金额(美元):棉纱线,供零售用(5207):当月值",Import and Export Value (USD): Cotton Yarn For Retail Use (5207): Current Month Value,月,美元,当期值,中国,中国,海关总署,getEcoDataIndTextileclothing,2015-01-31,2026-06-30,1,145.0
801130,纺织服饰,2120713674,"进出口金额(美元):棉纱线,按重量计含棉量<85%,非供零售用(5206):当月值","Import and Export Value (USD): Cotton Yarn, Cotton Content < 85% By Weight, Not For Retail Use (5206): Current Month Value",月,美元,当期值,中国,中国,海关总署,getEcoDataIndTextileclothing,2015-01-31,2026-06-30,1,145.0
801130,纺织服饰,2120713660,"进出口金额(美元):棉纱线,按重量计含棉量≥85%,非供零售用(5205):当月值","Import and Export Value (USD): Cotton Yarn, With Cotton Content ≥ 85% By Weight, Not For Retail Use (5205): Current Month Value",月,美元,当期值,中国,中国,海关总署,getEcoDataIndTextileclothing,2015-01-31,2026-06-30,1,145.0
801130,纺织服饰,2120714878,进出口金额(美元):针织或钩编的其他服装(6114):当月值,Import and Export Value (USD): Other Garments Knitted or Crocheted (6114): Current Month Value,月,美元,当期值,中国,中国,海关总署,getEcoDataIndTextileclothing,2015-01-31,2026-06-30,1,145.0
801130,纺织服饰,2120714850,进出口金额(美元):针织或钩编的婴儿服装及衣着附件(6111):当月值,Import and Export Value (USD): Knitted or Crocheted Baby Garments and Clothing Accessories (6111): Current Month Value,月,美元,当期值,中国,中国,海关总署,getEcoDataIndTextileclothing,2015-01-31,2026-06-30,1,145.0
801130,纺织服饰,2120714920,进出口金额(美元):针织或钩编的衣着附件;服装或衣着附件的零件(6117):当月值,Import and Export Value (USD): Knitted or Crocheted Clothing Accessories;Parts of Clothing or Clothing Accessories (6117): Current Month Value,月,美元,当期值,中国,中国,海关总署,getEcoDataIndTextileclothing,2015-01-31,2026-06-30,1,145.0
801130,纺织服饰,2120715752,进出口金额(美元):针织物或钩编织物制成的服装(6113):当月值,Import and Export Value (USD): A Garment Made of Knitted or Crocheted Fabric (6113): Current Month Value,月,美元,当期值,中国,中国,海关总署,getEcoDataIndTextileclothing,2015-01-31,2026-06-30,1,145.0
801130,纺织服饰,2120200022,进口数量:棉纱线:当月同比,Cotton Yarn: Imports Quantity: YoY,月,%,当期同比,全国,中国,海关总署,getEcoDataIndTextileclothing,2000-01-31,2026-06-30,1,145.0
801130,纺织服饰,2120715758,进口数量:针织物或钩编织物制成的服装(6113):当月值,Import Quantity: A Garment Made of Knitted or Crocheted Fabric (6113): Current Month Value,月,件,当期值,中国,中国,海关总署,getEcoDataIndTextileclothing,2015-01-31,2026-06-30,1,145.0
801130,纺织服饰,2120714135,"进口金额(美元):化学纤维短纤纺制的纱线,供零售用(5511):当月值",Import Value (USD): Yarn Made of Chemical Staple Fibers For Retail Use (5511): Current Month Value,月,美元,当期值,中国,中国,海关总署,getEcoDataIndTextileclothing,2015-01-31,2026-06-30,1,145.0
801130,纺织服饰,2120713967,"进口金额(美元):化学纤维长丝纱线,供零售用(5406):当月值",Import Value (USD): Chemical Fiber Filament Yarn For Retail Use (5406): Current Month Value,月,美元,当期值,中国,中国,海关总署,getEcoDataIndTextileclothing,2015-01-31,2026-06-30,1,145.0
801130,纺织服饰,2120713687,"进口金额(美元):棉纱线,供零售用(5207):当月值",Import Value (USD): Cotton Yarn For Retail Use (5207): Current Month Value,月,美元,当期值,中国,中国,海关总署,getEcoDataIndTextileclothing,2015-01-31,2026-06-30,1,145.0
801130,纺织服饰,2120713673,"进口金额(美元):棉纱线,按重量计含棉量<85%,非供零售用(5206):当月值","Import Value (USD): Cotton Yarn, Cotton Content < 85% By Weight, Not For Retail Use (5206): Current Month Value",月,美元,当期值,中国,中国,海关总署,getEcoDataIndTextileclothing,2015-01-31,2026-06-30,1,145.0
801130,纺织服饰,2120713659,"进口金额(美元):棉纱线,按重量计含棉量≥85%,非供零售用(5205):当月值","Import Value (USD): Cotton Yarn, With Cotton Content ≥ 85% By Weight, Not For Retail Use (5205): Current Month Value",月,美元,当期值,中国,中国,海关总署,getEcoDataIndTextileclothing,2015-01-31,2026-06-30,1,145.0
801130,纺织服饰,2120200182,进口金额(美元):棉纱线:当月同比,Cotton Yarn: Imports Value: YoY,月,%,当期同比,全国,中国,海关总署,getEcoDataIndTextileclothing,2000-01-31,2026-06-30,1,145.0
801130,纺织服饰,2120714877,进口金额(美元):针织或钩编的其他服装(6114):当月值,Import Value (USD): Other Garments Knitted or Crocheted (6114): Current Month Value,月,美元,当期值,中国,中国,海关总署,getEcoDataIndTextileclothing,2015-01-31,2026-06-30,1,145.0
801130,纺织服饰,2120714849,进口金额(美元):针织或钩编的婴儿服装及衣着附件(6111):当月值,Import Value (USD): Knitted or Crocheted Baby Garments and Clothing Accessories (6111): Current Month Value,月,美元,当期值,中国,中国,海关总署,getEcoDataIndTextileclothing,2015-01-31,2026-06-30,1,145.0
801130,纺织服饰,2120714919,进口金额(美元):针织或钩编的衣着附件;服装或衣着附件的零件(6117):当月值,Import Value (USD): Knitted or Crocheted Clothing Accessories;Parts of Clothing or Clothing Accessories (6117): Current Month Value,月,美元,当期值,中国,中国,海关总署,getEcoDataIndTextileclothing,2015-01-31,2026-06-30,1,145.0
801130,纺织服饰,2120715751,进口金额(美元):针织物或钩编织物制成的服装(6113):当月值,Import Value (USD): A Garment Made of Knitted or Crocheted Fabric (6113): Current Month Value,月,美元,当期值,中国,中国,海关总署,getEcoDataIndTextileclothing,2015-01-31,2026-06-30,1,145.0
801130,纺织服饰,1040020210,iCPI:衣着:服装:女士服装:针织衫:环比,iCPI: Clothing: Clothing: Women'S Wear: Knitwear: DoM,日,%,当期环比,全国,中国,清华大学iCPI项目组,getEcoDataChina,2016-01-01,2026-08-06,1,144.0
801130,纺织服饰,1020001589,产量:布:当月值,Output: Cloth,月,亿米,当期值,全国,中国,国家统计局,getEcoDataChina,1989-02-28,2026-06-30,1,143.0
801130,纺织服饰,2120100007,产量:纱:当月值,Output: Yarn,月,万吨,当期值,全国,中国,国家统计局,getEcoDataIndTextileclothing,1989-02-28,2026-06-30,1,143.0
801130,纺织服饰,1020000193,出口交货值:化学纤维制造业:当月同比,Export Delivery Value: Chemical Fiber Manufacturing: Current YoY (Month),月,%,当期同比,全国,中国,国家统计局,getEcoDataChina,2007-02-28,2026-06-30,1,143.0
801130,纺织服饰,1020000152,出口交货值:化学纤维制造业:当期值,Export Delivery Value: Chemical Fiber Manufacturing: Current Value,月,亿元,当期值,全国,中国,国家统计局,getEcoDataChina,2007-02-28,2026-06-30,1,143.0
801130,纺织服饰,1020000182,出口交货值:纺织业:当月同比,Export Delivery Value: Textile Industry: Current YoY (Month),月,%,当期同比,全国,中国,国家统计局,getEcoDataChina,2007-02-28,2026-06-30,1,143.0
801130,纺织服饰,1020000141,出口交货值:纺织业:当期值,Export Delivery Value: Textile Industry: Current Value,月,亿元,当期值,全国,中国,国家统计局,getEcoDataChina,2007-02-28,2026-06-30,1,143.0
801130,纺织服饰,2120715457,"出口数量:丝纱线,非供零售用(5004):当月值","Export Quantity: Silk Yarn, Not For Retail Use (5004): Current Month Value",月,千克,当期值,中国,中国,海关总署,getEcoDataIndTextileclothing,2015-01-31,2026-06-30,1,143.0
801130,纺织服饰,2120715477,"出口数量:丝纱线及绢纺纱线,供零售用;蚕胶丝(5006):当月值",Export Quantity: Silk Yarn and Spun Silk Yarn For Retail Use;Silkworm Glue Silk (5006): Current Month Value,月,千克,当期值,中国,中国,海关总署,getEcoDataIndTextileclothing,2015-01-31,2026-06-30,1,143.0
801130,纺织服饰,2120715497,出口数量:动物粗毛或马毛的纱线(5110):当月值,Export Quantity: Yarn of Coarse Animal or Horse Hair (5110): Current Month Value,月,千克,当期值,中国,中国,海关总署,getEcoDataIndTextileclothing,2015-01-31,2026-06-30,1,143.0
801130,纺织服饰,2120715617,"出口数量:含金属纱线,由纺织纱线与金属包覆制得的(5605):当月值","Export Quantity: Metal Containing Yarn, Made of Textile Yarn and Metal Coating (5605): Current Month Value",月,千克,当期值,中国,中国,海关总署,getEcoDataIndTextileclothing,2015-01-31,2026-06-30,1,143.0
801130,纺织服饰,2120715537,出口数量:未梳的棉花(5201):当月值,Export Quantity: Uncombed Cotton (5201): Current Month Value,月,千克,当期值,中国,中国,海关总署,getEcoDataIndTextileclothing,2015-01-31,2026-06-30,1,143.0
801130,纺织服饰,2120715657,出口数量:用纱线、扁条及类似品或线缆制成的其他物品(5609):当月值,"Export Quantity: Other Articles Made of Yarn, Flat Strips and Similar or Cables (5609): Current Month Value",月,千克,当期值,中国,中国,海关总署,getEcoDataIndTextileclothing,2015-01-31,2026-06-30,1,143.0
801130,纺织服饰,2120715797,出口数量:由机织物及纱线构成的零售包装成套物品(6308):当月值,Export Quantity: Retail Package Consisting of Woven Fabric and Yarn (6308): Current Month Value,月,千克,当期值,中国,中国,海关总署,getEcoDataIndTextileclothing,2015-01-31,2026-06-30,1,143.0
801130,纺织服饰,2120715637,"出口数量:粗松螺旋花线,螺旋花线;绳绒线;纵行起圈纱线(5606):当月值","Export Quantity: Coarse Loose Spiral Thread, Spiral Thread;Chenille;Longitudinal Loop Yarn (5606): Current Month Value",月,千克,当期值,中国,中国,海关总署,getEcoDataIndTextileclothing,2015-01-31,2026-06-30,1,143.0
801130,纺织服饰,2120715450,"出口金额(美元):丝纱线,非供零售用(5004):当月值","Export Value (USD): Silk Yarn, Not For Retail Use (5004): Current Month Value",月,美元,当期值,中国,中国,海关总署,getEcoDataIndTextileclothing,2015-01-31,2026-06-30,1,143.0
801130,纺织服饰,2120715470,"出口金额(美元):丝纱线及绢纺纱线,供零售用;蚕胶丝(5006):当月值",Export Value (USD): Silk Yarn and Spun Silk Yarn For Retail Use;Silkworm Glue Silk (5006): Current Month Value,月,美元,当期值,中国,中国,海关总署,getEcoDataIndTextileclothing,2015-01-31,2026-06-30,1,143.0
801130,纺织服饰,2120713826,出口金额(美元):亚麻纱线(5306):当月值,Export Value (USD): Linen Yarn (5306): Current Month Value,月,美元,当期值,中国,中国,海关总署,getEcoDataIndTextileclothing,2015-01-31,2026-06-30,1,143.0
801130,纺织服饰,2120714120,"出口金额(美元):人造纤维短纤纺制的纱线,非供零售用(5510):当月值","Export Value (USD): Yarn of Man-Made Staple Fibres, Not Put Up For Retail Sale (5510): Current Month Value",月,美元,当期值,中国,中国,海关总署,getEcoDataIndTextileclothing,2015-01-31,2026-06-30,1,143.0
801130,纺织服饰,2120713938,"出口金额(美元):人造纤维长丝纱线,细度<67分特的人造纤维单丝(5403):当月值","Export Value (USD): Rayon Filament Yarn, Rayon Monofilament With Fineness < 67 Dte (5403): Current Month Value",月,美元,当期值,中国,中国,海关总署,getEcoDataIndTextileclothing,2015-01-31,2026-06-30,1,143.0
801130,纺织服饰,2120713994,出口金额(美元):人造纤维长丝纱线的机织物(5408):当月值,Export Value (USD): Woven Fabric of Rayon Filament Yarn (5408): Current Month Value,月,美元,当期值,中国,中国,海关总署,getEcoDataIndTextileclothing,2015-01-31,2026-06-30,1,143.0
801130,纺织服饰,2120713854,出口金额(美元):其他植物纺织纤维纱线;纸纱线(5308):当月值,Export Value (USD): Other Vegetable Textile Fiber Yarns;Paper Yarn (5308): Current Month Value,月,美元,当期值,中国,中国,海关总署,getEcoDataIndTextileclothing,2015-01-31,2026-06-30,1,143.0
801130,纺织服饰,2120714484,出口金额(美元):其他的金属线机织物及品含金属纱线的有机织物(5809):当月值,Export Value (USD): Other Metal Thread Woven Fabrics and Organic Fabrics Containing Metal Yarn (5809): Current Month Value,月,美元,当期值,中国,中国,海关总署,getEcoDataIndTextileclothing,2015-01-31,2026-06-30,1,143.0
801130,纺织服饰,2120714694,出口金额(美元):其他针织物或钩编织物(6006):当月值,Export Value (USD): Other Knitted or Crocheted Fabrics (6006): Current Month Value,月,美元,当期值,中国,中国,海关总署,getEcoDataIndTextileclothing,2015-01-31,2026-06-30,1,143.0
801130,纺织服饰,2120714568,出口金额(美元):列诺伦;以纺织物为底布经涂布或覆面的铺地制品(5904):当月值,Export Value (USD): Lenoren;Floor Covering Products Coated or Covered With Textile As Base Cloth (5904): Current Month Value,月,美元,当期值,中国,中国,海关总署,getEcoDataIndTextileclothing,2015-01-31,2026-06-30,1,143.0
801130,纺织服饰,2120714064,出口金额(美元):化学纤维废料(5505):当月值,Export Value (USD): Chemical Fiber Waste (5505): Current Month Value,月,美元,当期值,中国,中国,海关总署,getEcoDataIndTextileclothing,2015-01-31,2026-06-30,1,143.0
801130,纺织服饰,2120714092,出口金额(美元):化学纤维短纤纺制的缝纫线(5508):当月值,Export Value (USD): Sewing Thread Made of Chemical Fiber Staple Fiber (5508): Current Month Value,月,美元,当期值,中国,中国,海关总署,getEcoDataIndTextileclothing,2015-01-31,2026-06-30,1,143.0
801130,纺织服饰,2120713910,出口金额(美元):化学纤维长丝纺制的缝纫线(5401):当月值,Export Value (USD): Sewing Thread Made of Chemical Fiber Filament (5401): Current Month Value,月,美元,当期值,中国,中国,海关总署,getEcoDataIndTextileclothing,2015-01-31,2026-06-30,1,143.0
801130,纺织服饰,2120715530,出口金额(美元):未梳的棉花(5201):当月值,Export Value (USD): Uncombed Cotton (5201): Current Month Value,月,美元,当期值,中国,中国,海关总署,getEcoDataIndTextileclothing,2015-01-31,2026-06-30,1,143.0
801130,纺织服饰,2120715226,出口金额(美元):油苫布、天蓬及遮阳蓬;帐蓬;风帆;野营用品(6306):当月值,"Export Value (USD): Oil Tarpaulin, Canopy and Sunshade;Tent;Sail;Camping Supplies (6306): Current Month Value",月,美元,当期值,中国,中国,海关总署,getEcoDataIndTextileclothing,2015-01-31,2026-06-30,1,143.0
801130,纺织服饰,2120714596,出口金额(美元):用其他材料浸渍、涂布或包覆的纺织物;已绘制花布(5907):当月值,"Export Value (USD): Textiles Impregnated, Coated or Coated With Other Materials;Patterned Cloth (5907): Current Month Value",月,美元,当期值,中国,中国,海关总署,getEcoDataIndTextileclothing,2015-01-31,2026-06-30,1,143.0
801130,纺织服饰,2120714554,出口金额(美元):用塑料浸渍、涂布、包覆或层压的纺织物(5903):当月值,"Export Value (USD): Textiles Impregnated, Coated, Coated or Laminated With Plastics (5903): Current Month Value",月,美元,当期值,中国,中国,海关总署,getEcoDataIndTextileclothing,2015-01-31,2026-06-30,1,143.0
801130,纺织服饰,2120714526,出口金额(美元):用胶或淀粉物质涂布的纺织物;油画布;硬挺纺织物(5901):当月值,Export Value (USD): Textiles Coated With Glue or Starch Substances;Canvas;Stiff Textile (5901): Current Month Value,月,美元,当期值,中国,中国,海关总署,getEcoDataIndTextileclothing,2015-01-31,2026-06-30,1,143.0
801130,纺织服饰,2120714820,出口金额(美元):针织或钩编的T恤衫、汗衫及其他背心(6109):当月值,"Export Value (USD): Knitted or Crocheted T-Shirts, Sweaters and Other Vests (6109): Current Month Value",月,美元,当期值,中国,中国,海关总署,getEcoDataIndTextileclothing,2015-01-31,2026-06-30,1,143.0
801130,纺织服饰,2120714904,出口金额(美元):针织或钩编的分指手套、连指手套及露指手套(6116):当月值,"Export Value (USD): Knitted or Crocheted Mittens, Mittens and Mittens (6116): Current Month Value",月,美元,当期值,中国,中国,海关总署,getEcoDataIndTextileclothing,2015-01-31,2026-06-30,1,143.0
801130,纺织服饰,2120714834,出口金额(美元):针织或钩编的套头衫、开襟衫、外穿背心及类似品(6110):当月值,"Export Value (USD): Pullovers, Cardigans, Vests and Similar Articles Knitted or Crocheted (6110): Current Month Value",月,美元,当期值,中国,中国,海关总署,getEcoDataIndTextileclothing,2015-01-31,2026-06-30,1,143.0
801130,纺织服饰,2120714722,出口金额(美元):针织或钩编的女式大衣及类似品(6102):当月值,Export Value (USD): Women'S Coats and Similar Articles Knitted or Crocheted (6102): Current Month Value,月,美元,当期值,中国,中国,海关总署,getEcoDataIndTextileclothing,2015-01-31,2026-06-30,1,143.0
801130,纺织服饰,2120714806,出口金额(美元):针织或钩编的女式衬裙、睡衣及类似品(6108):当月值,"Export Value (USD): Women'S Petticoats, Pajamas and Similar Articles Knitted or Crocheted (6108): Current Month Value",月,美元,当期值,中国,中国,海关总署,getEcoDataIndTextileclothing,2015-01-31,2026-06-30,1,143.0
801130,纺织服饰,2120714778,出口金额(美元):针织或钩编的女衬衫(6106):当月值,Export Value (USD): A Knitted or Crocheted Blouse (6106): Current Month Value,月,美元,当期值,中国,中国,海关总署,getEcoDataIndTextileclothing,2015-01-31,2026-06-30,1,143.0
801140,轻工制造,1040002021,国际期货价格:木材,International Futures Prices: Wood,周,美元/千板英尺,当期值,全国,中国,商务部,getEcoDataChina,2005-01-21,2026-07-31,1,147.0
801140,轻工制造,1020000189,出口交货值:文教体育用品制造业:当月同比,"Export Delivery Value: Culture, Education And Sporting Goods Manufacturing Industry: Current YoY (Month)",月,%,当期同比,全国,中国,国家统计局,getEcoDataChina,2007-02-28,2026-06-30,1,145.0
801140,轻工制造,1020000148,出口交货值:文教体育用品制造业:当期值,"Export Delivery Value: Culture, Education And Sporting Goods Manufacturing Industry: Current Value",月,亿元,当期值,全国,中国,国家统计局,getEcoDataChina,2007-02-28,2026-06-30,1,145.0
801140,轻工制造,1040000980,工业生产者购进价格指数(PPIRM):木材及纸浆类(上年同月=100),PPIRM: Timber and Paper Pulp Categories (CYoY=100),月,上年同月=100,当期值,全国,中国,国家统计局,getEcoDataChina,1988-03-31,2026-06-30,1,145.0
801140,轻工制造,1040024029,市场价:林产品:纸浆(进口针叶浆):当期值,,旬,元/吨,当期值,全国,中国,国家统计局,getEcoDataChina,2013-12-31,2026-07-31,1,145.0
801140,轻工制造,1040024036,市场价:林产品:纸浆(进口针叶浆):涨跌幅,,旬,%,当期值,全国,中国,国家统计局,getEcoDataChina,2014-01-10,2026-07-31,1,145.0
801140,轻工制造,2130100008,产量:机制纸及纸板:当月值,Production: paperboard: current value (month),月,万吨,当期值,全国,中国,国家统计局,getEcoDataIndLightmanufactue,2005-02-28,2026-06-30,1,143.0
801140,轻工制造,1020000186,出口交货值:家具制造业:当月同比,Export Delivery Value: Furniture Manufacturing: Current YoY (Month),月,%,当期同比,全国,中国,国家统计局,getEcoDataChina,2007-02-28,2026-06-30,1,143.0
801140,轻工制造,1020000145,出口交货值:家具制造业:当期值,Export Delivery Value: Furniture Manufacturing: Current Value,月,亿元,当期值,全国,中国,国家统计局,getEcoDataChina,2007-02-28,2026-06-30,1,143.0
801140,轻工制造,1020000185,出口交货值:木材加工及木、竹、藤、棕、草制品业:当月同比,"Export Delivery Value: Wood Processing And Wood, Bamboo, Rattan, Palm, Straw Products Industry: Current YoY (Month)",月,%,当期同比,全国,中国,国家统计局,getEcoDataChina,2007-02-28,2026-06-30,1,143.0
801140,轻工制造,1020000144,出口交货值:木材加工及木、竹、藤、棕、草制品业:当期值,"Export Delivery Value: Wood Processing And Wood, Bamboo, Rattan, Palm, Straw Products Industry: Current Value",月,亿元,当期值,全国,中国,国家统计局,getEcoDataChina,2007-02-28,2026-06-30,1,143.0
801140,轻工制造,1020000187,出口交货值:造纸及纸制品业:当月同比,Export Delivery Value: Paper And Paper Products Industry: Current YoY (Month),月,%,当期同比,全国,中国,国家统计局,getEcoDataChina,2007-02-28,2026-06-30,1,143.0
801140,轻工制造,1020000146,出口交货值:造纸及纸制品业:当期值,Export Delivery Value: Paper And Paper Products Industry: Current Value,月,亿元,当期值,全国,中国,国家统计局,getEcoDataChina,2007-02-28,2026-06-30,1,143.0
801140,轻工制造,2130712244,"出口数量:成卷或成张的复合纸及纸板,未经表面涂布或未浸渍(4807):当月值","Export Quantity: Composite Paper and Paperboard In Rolls or Sheets, Uncoated or Not Impregnated (4807): Current Month Value",月,千克,当期值,中国,中国,海关总署,getEcoDataIndLightmanufactue,2015-01-31,2026-06-30,1,143.0
801140,轻工制造,2130712264,出口数量:纸浆制的滤块、滤板及滤片(4812):当月值,"Export Quantity: Filter Block, Filter Plate and Filter Plate Made of Pulp (4812): Current Month Value",月,千克,当期值,中国,中国,海关总署,getEcoDataIndLightmanufactue,2015-01-31,2026-06-30,1,143.0
801140,轻工制造,2130711821,出口金额(美元):书写、印刷的未经涂布的纸及纸板;手工制纸及纸板(4802):当月值,Export Value (USD): Uncoated Paper and Paperboard For Writing and Printing;Handmade Paper and Paperboard (4802): Current Month Value,月,美元,当期值,中国,中国,海关总署,getEcoDataIndLightmanufactue,2015-01-31,2026-06-30,1,143.0
801140,轻工制造,2130711709,出口金额(美元):木浆及其他纤维状纤维素浆;回收纸及纸板(47):当月值,Export Value (USD): Wood Pulp and Other Fibrous Cellulosic Pulps; Recovered Paper and Board (47): Current Month Value,月,美元,当期值,中国,中国,海关总署,getEcoDataIndLightmanufactue,2015-01-31,2026-06-30,1,143.0
801140,轻工制造,2130711723,出口金额(美元):纸及纸板及其他纸板制品(48):当月值,Export Value (USD): Paper and Cardboard and Other Cardboard Products (48): Current Month Value,月,美元,当期值,中国,中国,海关总署,getEcoDataIndLightmanufactue,2015-01-31,2026-06-30,1,143.0
801140,轻工制造,2130712257,出口金额(美元):纸浆制的滤块、滤板及滤片(4812):当月值,"Export Value (USD): Filter Block, Filter Plate and Filter Plate Made of Pulp (4812): Current Month Value",月,美元,当期值,中国,中国,海关总署,getEcoDataIndLightmanufactue,2015-01-31,2026-06-30,1,143.0
801140,轻工制造,1020008235,工业企业:利润总额:家具制造业:累计值,Total Profit: Furniture Manufacturing Industry: Cumulative Value,月,亿元,累计值,全国,中国,国家统计局,getEcoDataChina,2000-02-29,2026-06-30,1,143.0
801140,轻工制造,1020008244,工业企业:利润总额:文教、工美、体育和娱乐用品制造业:累计值,"Total Profit: Culture, Education, Arts and Crafts, Sports and Entertainment Products Manufacturing Industry: Cumulative Value",月,亿元,累计值,全国,中国,国家统计局,getEcoDataChina,2000-02-29,2026-06-30,1,143.0
801140,轻工制造,1020008232,工业企业:利润总额:木材加工和木、竹、藤、棕、草制品业:累计值,"Total Profit: Wood Processing and Wood, Bamboo, Rattan, Palm and Straw Manufacturing Industry: Cumulative Value",月,亿元,累计值,全国,中国,国家统计局,getEcoDataChina,2000-02-29,2026-06-30,1,143.0
801140,轻工制造,1020008238,工业企业:利润总额:造纸和纸制品业:累计值,Total Profit: pulp & paper industry: Cumulative value,月,亿元,累计值,全国,中国,国家统计局,getEcoDataChina,2000-02-29,2026-06-30,1,143.0
801140,轻工制造,1020010184,工业企业:营业利润:家具制造业:累计值,Operating Profit: Furniture Manufacturing Industry: Cumulative Value,月,亿元,累计值,全国,中国,国家统计局,getEcoDataChina,2017-02-28,2026-06-30,1,143.0
801140,轻工制造,1020010187,工业企业:营业利润:文教、工美、体育和娱乐用品制造业:累计值,"Operating Profit: Culture, Education, Arts and Crafts, Sports and Entertainment Products Manufacturing Industry: Cumulative Value",月,亿元,累计值,全国,中国,国家统计局,getEcoDataChina,2017-02-28,2026-06-30,1,143.0
801140,轻工制造,1020010183,工业企业:营业利润:木材加工和木、竹、藤、棕、草制品业:累计值,"Operating Profit: Wood Processing and Wood, Bamboo, Rattan, Palm and Straw Manufacturing Industry: Cumulative Value",月,亿元,累计值,全国,中国,国家统计局,getEcoDataChina,2017-02-28,2026-06-30,1,143.0
801140,轻工制造,1020010185,工业企业:营业利润:造纸和纸制品业:累计值,Operating Profit: Paper Making and Paper Products: Cumulative Value,月,亿元,累计值,全国,中国,国家统计局,getEcoDataChina,2017-02-28,2026-06-30,1,143.0
801140,轻工制造,1020000931,成本费用利润率:家具制造业,Profit-To-Cost Ratio: Furniture Manufacturing,月,%,当期值,全国,中国,国家统计局,getEcoDataChina,2003-02-28,2026-06-30,1,143.0
801140,轻工制造,1020000934,成本费用利润率:文教、工美、体育和娱乐用品制造业,"Profit-To-Cost Ratio: Culture, Education And Sporting Goods Manufacturing Industry",月,%,当期值,全国,中国,国家统计局,getEcoDataChina,2003-02-28,2026-06-30,1,143.0
801140,轻工制造,1020000930,成本费用利润率:木材加工和木、竹、藤、棕、草制品业,"Profit-To-Cost Ratio: Wood Processing And Wood, Bamboo, Rattan, Palm, Straw Products Industry",月,%,当期值,全国,中国,国家统计局,getEcoDataChina,2003-02-28,2026-06-30,1,143.0
801140,轻工制造,1020000932,成本费用利润率:造纸和纸制品业,Profit-To-Cost Ratio: Paper And Paper Products Industry,月,%,当期值,全国,中国,国家统计局,getEcoDataChina,2003-02-28,2026-06-30,1,143.0
801140,轻工制造,1040002214,月均国际期货价格:木材,Average Monthly International Futures Prices: Wood,月,美元/千板英尺,当期值,全国,中国,商务部,getEcoDataChina,2005-01-31,2026-07-31,1,143.0
801140,轻工制造,1040005469,"生产资料价格:木材及其制品:原木:品种自选,当地主销:当月值","Price of Means of Production: Timber and Its Products: Log: Variety Choice, Major Local Sales: Current",月,元/立方米,当期值,全国,中国,发改委,getEcoDataChina,2015-05-31,2026-06-30,1,143.0
801140,轻工制造,1040005454,生产资料价格:木材及其制品:国产胶合板:1220cm×2440mm×5mm:当月值,Price of Means of Production: Timber and Its Products: Domestic Plywood: 1220cm × 2440mm × 5mm: Current,月,元/张,当期值,全国,中国,发改委,getEcoDataChina,2015-05-31,2026-06-30,1,143.0
801140,轻工制造,1040005457,生产资料价格:木材及其制品:密度板:中密度1220cm×2440mm×15mm:当月值,Price of Means of Production: Timber and Its Products: Density Board: Medium Density 1220cm × 2440mm × 15mm: Current,月,元/张,当期值,全国,中国,发改委,getEcoDataChina,2015-05-31,2026-06-30,1,143.0
801140,轻工制造,1040005466,生产资料价格:木材及其制品:新闻纸:国产:当月值,Price of Means of Production: Timber and Its Products: Newsprint: Domestic: Current,月,元/吨,当期值,全国,中国,发改委,getEcoDataChina,2015-05-31,2026-06-30,1,143.0
801140,轻工制造,1040005460,生产资料价格:木材及其制品:松原木:长4M:当月值,Price of Means of Production: Timber and Its Products: Pine Log: 4m in Length: Current,月,元/立方米,当期值,全国,中国,发改委,getEcoDataChina,2015-05-31,2026-06-30,1,143.0
801140,轻工制造,1040005463,生产资料价格:木材及其制品:细木工板:1220cm×2440mm×15mm:当月值,Price of Means of Production: Timber and Its Products: Blockboard: 1220cm × 2440mm × 15mm: Current,月,元/张,当期值,全国,中国,发改委,getEcoDataChina,2015-05-31,2026-06-30,1,143.0
801140,轻工制造,1020000851,税前利润率:家具制造业,Pre-Tax Profit Margin: Furniture Manufacturing,月,%,当期值,全国,中国,国家统计局,getEcoDataChina,2000-02-29,2026-06-30,1,143.0
801140,轻工制造,1020000854,税前利润率:文教、工美、体育和娱乐用品制造业,"Pre-Tax Profit Margin: Culture, Education And Sporting Goods Manufacturing Industry",月,%,当期值,全国,中国,国家统计局,getEcoDataChina,2001-02-28,2026-06-30,1,143.0
801140,轻工制造,1020000850,税前利润率:木材加工和木、竹、藤、棕、草制品业,"Pre-Tax Profit Margin: Wood Processing And Wood, Bamboo, Rattan, Palm, Straw Products Industry",月,%,当期值,全国,中国,国家统计局,getEcoDataChina,2000-02-29,2026-06-30,1,143.0
801140,轻工制造,1020000852,税前利润率:造纸和纸制品业,Pre-Tax Profit Margin: Paper And Paper Products Industry,月,%,当期值,全国,中国,国家统计局,getEcoDataChina,2000-02-29,2026-06-30,1,143.0
801140,轻工制造,2130712246,"进出口数量:成卷或成张的复合纸及纸板,未经表面涂布或未浸渍(4807):当月值","Import and Export Quantity: Composite Paper and Paperboard In Rolls or Sheets, Uncoated or Not Impregnated (4807): Current Month Value",月,千克,当期值,中国,中国,海关总署,getEcoDataIndLightmanufactue,2015-01-31,2026-06-30,1,143.0
801140,轻工制造,2130712266,进出口数量:纸浆制的滤块、滤板及滤片(4812):当月值,"Import and Export Quantity: Filter Block, Filter Plate and Filter Plate Made of Pulp (4812): Current Month Value",月,千克,当期值,中国,中国,海关总署,getEcoDataIndLightmanufactue,2015-01-31,2026-06-30,1,143.0
801140,轻工制造,2130711823,进出口金额(美元):书写、印刷的未经涂布的纸及纸板;手工制纸及纸板(4802):当月值,Import and Export Value (USD): Uncoated Paper and Paperboard For Writing and Printing;Handmade Paper and Paperboard (4802): Current Month Value,月,美元,当期值,中国,中国,海关总署,getEcoDataIndLightmanufactue,2015-01-31,2026-06-30,1,143.0
801140,轻工制造,2130711711,进出口金额(美元):木浆及其他纤维状纤维素浆;回收纸及纸板(47):当月值,Import and Export Value (USD): Wood Pulp and Other Fibrous Cellulosic Pulps; Recovered Paper and Board (47): Current Month Value,月,美元,当期值,中国,中国,海关总署,getEcoDataIndLightmanufactue,2015-01-31,2026-06-30,1,143.0
801140,轻工制造,2130711725,进出口金额(美元):纸及纸板及其他纸板制品(48):当月值,Import and Export Value (USD): Paper and Cardboard and Other Cardboard Products (48): Current Month Value,月,美元,当期值,中国,中国,海关总署,getEcoDataIndLightmanufactue,2015-01-31,2026-06-30,1,143.0
801140,轻工制造,2130712259,进出口金额(美元):纸浆制的滤块、滤板及滤片(4812):当月值,"Import and Export Value (USD): Filter Block, Filter Plate and Filter Plate Made of Pulp (4812): Current Month Value",月,美元,当期值,中国,中国,海关总署,getEcoDataIndLightmanufactue,2015-01-31,2026-06-30,1,143.0
801140,轻工制造,2130712245,"进口数量:成卷或成张的复合纸及纸板,未经表面涂布或未浸渍(4807):当月值","Import Quantity: Composite Paper and Paperboard In Rolls or Sheets, Uncoated or Not Impregnated (4807): Current Month Value",月,千克,当期值,中国,中国,海关总署,getEcoDataIndLightmanufactue,2015-01-31,2026-06-30,1,143.0
801140,轻工制造,2130712265,进口数量:纸浆制的滤块、滤板及滤片(4812):当月值,"Import Quantity: Filter Block, Filter Plate and Filter Plate Made of Pulp (4812): Current Month Value",月,千克,当期值,中国,中国,海关总署,getEcoDataIndLightmanufactue,2015-01-31,2026-06-30,1,143.0
801140,轻工制造,2130711822,进口金额(美元):书写、印刷的未经涂布的纸及纸板;手工制纸及纸板(4802):当月值,Import Value (USD): Uncoated Paper and Paperboard For Writing and Printing;Handmade Paper and Paperboard (4802): Current Month Value,月,美元,当期值,中国,中国,海关总署,getEcoDataIndLightmanufactue,2015-01-31,2026-06-30,1,143.0
801140,轻工制造,2130711710,进口金额(美元):木浆及其他纤维状纤维素浆;回收纸及纸板(47):当月值,Import Value (USD): Wood Pulp and Other Fibrous Cellulosic Pulps; Recovered Paper and Board (47): Current Month Value,月,美元,当期值,中国,中国,海关总署,getEcoDataIndLightmanufactue,2015-01-31,2026-06-30,1,143.0
801140,轻工制造,2130711724,进口金额(美元):纸及纸板及其他纸板制品(48):当月值,Import Value (USD): Paper and Cardboard and Other Cardboard Products (48): Current Month Value,月,美元,当期值,中国,中国,海关总署,getEcoDataIndLightmanufactue,2015-01-31,2026-06-30,1,143.0
801140,轻工制造,2130712258,进口金额(美元):纸浆制的滤块、滤板及滤片(4812):当月值,"Import Value (USD): Filter Block, Filter Plate and Filter Plate Made of Pulp (4812): Current Month Value",月,美元,当期值,中国,中国,海关总署,getEcoDataIndLightmanufactue,2015-01-31,2026-06-30,1,143.0
801140,轻工制造,1040020343,iCPI:交通和通信:交通:交通工具:自行车:环比,iCPI: Transportation and Communication: Traffic: Vehicle: Bicycle: DoM,日,%,当期环比,全国,中国,清华大学iCPI项目组,getEcoDataChina,2016-01-01,2026-08-06,1,142.0
801140,轻工制造,2130712031,出口金额(美元):纸浆、纸或纸板(不论是否穿孔或硬化)制的筒管、卷轴、纡子及类似品(4822):当月值,"Export Value (USD): Bobbins, Reels, Reels and Similar Articles of Pulp, Paper or Paperboard (4822): Current Month Value",月,美元,当期值,中国,中国,海关总署,getEcoDataIndLightmanufactue,2015-01-31,2026-06-30,1,140.6
801140,轻工制造,2130712032,进口金额(美元):纸浆、纸或纸板(不论是否穿孔或硬化)制的筒管、卷轴、纡子及类似品(4822):当月值,"Import Value (USD): Bobbins, Reels, Reels and Similar Articles of Pulp, Paper or Paperboard (4822): Current Month Value",月,美元,当期值,中国,中国,海关总署,getEcoDataIndLightmanufactue,2015-01-31,2026-06-30,1,140.6
801140,轻工制造,2130712033,进出口金额(美元):纸浆、纸或纸板(不论是否穿孔或硬化)制的筒管、卷轴、纡子及类似品(4822):当月值,"Import and Export Value (USD): Bobbins, Reels, Reels and Similar Articles of Pulp, Paper or Paperboard (4822): Current Month Value",月,美元,当期值,中国,中国,海关总署,getEcoDataIndLightmanufactue,2015-01-31,2026-06-30,1,140.2
801140,轻工制造,2130711849,"出口金额(美元):成卷或成张的其他未经涂布的纸及纸板,加工程度不超过本章注释3所列范围(4805):当月值",Export Value (USD): Other Uncoated Paper and Board In Rolls or Sheets (4805): Current Month Value,月,美元,当期值,中国,中国,海关总署,getEcoDataIndLightmanufactue,2015-01-31,2026-06-30,1,139.8
801140,轻工制造,2130711850,"进口金额(美元):成卷或成张的其他未经涂布的纸及纸板,加工程度不超过本章注释3所列范围(4805):当月值",Import Value (USD): Other Uncoated Paper and Board In Rolls or Sheets (4805): Current Month Value,月,美元,当期值,中国,中国,海关总署,getEcoDataIndLightmanufactue,2015-01-31,2026-06-30,1,139.8
801140,轻工制造,2130711851,"进出口金额(美元):成卷或成张的其他未经涂布的纸及纸板,加工程度不超过本章注释3所列范围(4805):当月值",Import and Export Value (USD): Other Uncoated Paper and Board In Rolls or Sheets (4805): Current Month Value,月,美元,当期值,中国,中国,海关总署,getEcoDataIndLightmanufactue,2015-01-31,2026-06-30,1,139.4
801140,轻工制造,1040001678,农产品生产价格指数:林业产品:木材(上年同期=100),Indices of Producers' Prices for Farm Products: Forestry Products: Wood (CPPY=100),季,上年同期=100,当期值,全国,中国,国家统计局,getEcoDataChina,2004-03-31,2026-06-30,1,139.0
801140,轻工制造,1020021175,利润总额:家具制造业:当季值,Total Profits: Furniture Manufacturing Industry: Current Value (Quarter),季,亿元,当期值,全国,中国,Datayes!,getEcoDataChina,2000-03-31,2026-06-30,1,139.0
801140,轻工制造,1020021178,利润总额:文教、工美、体育和娱乐用品制造业:当季值,"Total Profits: Culture, Education, Arts and Crafts, Sports and Entertainment Products Manufacturing Industry: Current Value (Quarter)",季,亿元,当期值,全国,中国,Datayes!,getEcoDataChina,2000-03-31,2026-06-30,1,139.0
801140,轻工制造,1020021174,利润总额:木材加工及木、竹、藤、棕、草制品业:当季值,"Total Profits: Wood Processing and Wood, Bamboo, Rattan, Palm and Straw Manufacturing Industry: Current Value (Quarter)",季,亿元,当期值,全国,中国,Datayes!,getEcoDataChina,2000-03-31,2026-06-30,1,139.0
801140,轻工制造,1020021176,利润总额:造纸及纸制品:当季值,Total Profits: Paper Making and Paper Products: Current Value (Quarter),季,亿元,当期值,全国,中国,Datayes!,getEcoDataChina,2000-03-31,2026-06-30,1,139.0
801140,轻工制造,1040000949,PPIRM:木材及纸浆类:当月同比,Purchasing Price Indices of Raw Material (PPIRM): Wood and Pulp Category: Month YoY,月,%,当期同比,全国,中国,国家统计局,getEcoDataChina,1988-03-31,2026-06-30,1,137.0
801140,轻工制造,1020000494,产成品资金占用率:文教体育用品制造业,"Capital Utilization Of Finished Product: Culture, Education And Sporting Goods Manufacturing Industry",月,%,当期值,全国,中国,国家统计局,getEcoDataChina,2003-02-28,2026-06-30,1,137.0
801140,轻工制造,1020000414,资本保值增值率:文教体育用品制造业,"Capital Maintenance And Appreciation Rate: Culture, Education And Sporting Goods Manufacturing Industry",月,%,当期值,全国,中国,国家统计局,getEcoDataChina,2003-02-28,2026-06-30,1,137.0
801140,轻工制造,1020000454,资金利税率:文教体育用品制造业,"Capital Tax Rate: Culture, Education And Sporting Goods Manufacturing Industry",月,%,当期值,全国,中国,国家统计局,getEcoDataChina,2003-02-28,2026-06-30,1,137.0
801140,轻工制造,1040018834,PPI:体育用品制造业(上年同月=100),PPI: Sports Articles (CYoY=100),月,上年同月=100,当期值,全国,中国,国家统计局,getEcoDataChina,2014-01-31,2026-06-30,1,135.0
801140,轻工制造,1040018824,PPI:其他家具制造业(上年同月=100),PPI: Other Furniture (CYoY=100),月,上年同月=100,当期值,全国,中国,国家统计局,getEcoDataChina,2014-01-31,2026-06-30,1,135.0
801140,轻工制造,1040000855,PPI:家具制造业(上年同月=100),PPI: Manufacture of Furniture (CYoY=100),月,上年同月=100,当期值,全国,中国,国家统计局,getEcoDataChina,1996-10-31,2026-06-30,1,135.0
801140,轻工制造,1040015520,PPI:文教、工美、体育和娱乐用品制造业(上年同月=100),"PPI: Cultural and Educational, Industrial Beauty, Sports and Entertainment Products Manufacturing (CYoY=100)",月,上年同月=100,当期值,全国,中国,国家统计局,getEcoDataChina,2007-01-31,2026-06-30,1,135.0
801140,轻工制造,1040018831,PPI:文教办公用品制造业(上年同月=100),PPI: Office Supplies Manufacturing of Culture and Education (CYoY=100),月,上年同月=100,当期值,全国,中国,国家统计局,getEcoDataChina,2014-01-31,2026-06-30,1,135.0
801140,轻工制造,1040000808,PPI:文教艺术用品工业(上年同月=100),"PPI: Manufacture of Articles for Culture, Education and Sport Activities (CYoY=100)",月,上年同月=100,当期值,全国,中国,国家统计局,getEcoDataChina,1988-12-31,2026-06-30,1,135.0
801140,轻工制造,1040018820,PPI:木质家具制造业(上年同月=100),PPI: Wooden Furniture (CYoY=100),月,上年同月=100,当期值,全国,中国,国家统计局,getEcoDataChina,2014-01-31,2026-06-30,1,135.0
801140,轻工制造,1040018898,PPI:烘炉、风机、包装等设备制造业(上年同月=100),"PPI: Drying, Wind-Generating and Packaging Equipment Manufacturing (CYoY=100)",月,上年同月=100,当期值,全国,中国,国家统计局,getEcoDataChina,2018-01-31,2026-06-30,1,135.0
801140,轻工制造,1040018835,PPI:玩具制造业(上年同月=100),PPI: Toy (CYoY=100),月,上年同月=100,当期值,全国,中国,国家统计局,getEcoDataChina,2014-01-31,2026-06-30,1,135.0
801140,轻工制造,1040018821,PPI:竹、藤家具制造业(上年同月=100),PPI: Bamboo and Cane Furniture (CYoY=100),月,上年同月=100,当期值,全国,中国,国家统计局,getEcoDataChina,2014-01-31,2026-06-30,1,135.0
801150,医药生物,2140001345,中药材价格指数:进口:定基,Traditional Chinese Medicine Price Index: Imports: Fixed Base,周,2012年8月=1000,当期值,全国,中国,康美中国中药材指数网,getEcoDataIndBiologicalmedicine,2012-09-01,2026-08-02,1,155.0
801150,医药生物,2140000935,中药材价格指数:总指数:定基,Traditional Chinese Medicine Price Index: General: Fixed Base,日,2012年8月=1000,当期值,全国,中国,康美中国中药材指数网,getEcoDataIndBiologicalmedicine,2013-04-16,2026-08-08,1,150.0
801150,医药生物,2140934365,价格指数:中药材:MA15日指数:定基,Price Index: Chinese Herbal Medicines: MA15 Daily Price Index: Fixed Base,日,2012年8月=1000,当期值,全国,中国,康美中国中药材指数网,getEcoDataIndBiologicalmedicine,2013-05-04,2026-08-09,1,150.0
801150,医药生物,2140934366,价格指数:中药材:MA30日指数:定基,Price Index: Chinese Herbal Medicines: MA30 Daily Price Index: Fixed Base,日,2012年8月=1000,当期值,全国,中国,康美中国中药材指数网,getEcoDataIndBiologicalmedicine,2013-05-19,2026-08-09,1,150.0
801150,医药生物,2140934364,价格指数:中药材:MA7日指数:定基,Price Index: Chinese Herbal Medicines: MA7 Daily Price Index: Fixed Base,日,2012年8月=1000,当期值,全国,中国,康美中国中药材指数网,getEcoDataIndBiologicalmedicine,2013-04-23,2026-08-09,1,150.0
801150,医药生物,2140006258,维生素:VA:50万IU/g:25kg:进口:最低价,Vitamine: VA: 50W IU/g: 25kg: Import: Lowest Price,日,元/千克,最低,全国,中国,博亚和讯,getEcoDataIndBiologicalmedicine,2008-03-10,2026-08-07,1,150.0
801150,医药生物,2140006264,维生素:VE:50%:25kg:进口:最低价,Vitamine: VE: 50%: 25kg: Import: Lowest Price,日,元/千克,最低,全国,中国,博亚和讯,getEcoDataIndBiologicalmedicine,2008-03-10,2026-08-07,1,150.0
801150,医药生物,2140006278,维生素:烟酰胺:99%:25kg:进口:最低价,Vitamine: Nicotinamide: 99%: 25kg: Import: Lowest Price,日,元/千克,最低,全国,中国,博亚和讯,getEcoDataIndBiologicalmedicine,2010-08-04,2026-08-07,1,150.0
801150,医药生物,2140001259,中药材价格指数:进口:环比,Traditional Chinese Medicine Price Index: Imports: DoD,日,%,当期环比,,中国,康美中国中药材指数网,getEcoDataIndBiologicalmedicine,2013-04-17,2026-08-08,1,148.0
801150,医药生物,2140100137,产量:化学药品原药:当月值,Output: Chemical Raw Medicine,月,万吨,当期值,全国,中国,国家统计局,getEcoDataIndBiologicalmedicine,1997-01-31,2026-06-30,1,145.0
801150,医药生物,1020000192,出口交货值:医药制造业:当月同比,Export Delivery Value: Pharmaceutical Manufacturing: Current YoY (Month),月,%,当期同比,全国,中国,国家统计局,getEcoDataChina,2007-02-28,2026-06-30,1,143.0
801150,医药生物,1020000151,出口交货值:医药制造业:当期值,Export Delivery Value: Pharmaceutical Manufacturing: Current Value,月,亿元,当期值,全国,中国,国家统计局,getEcoDataChina,2007-02-28,2026-06-30,1,143.0
801150,医药生物,2140906286,出口金额(美元):两种或两种以上成分混合而成的治病或防病药品(3003):当月值,Export Value (USD): Medicine for Treating or Preventing Diseases Made by Mixing Two or More Ingredients(3003): Current Month Value,月,美元,当期值,中国,中国,海关总署,getEcoDataIndBiologicalmedicine,2015-01-31,2026-06-30,1,143.0
801150,医药生物,2140906328,出口金额(美元):医药用品(3006):当月值,Export Value (USD): Medical Supplies(3006): Current Month Value,月,美元,当期值,中国,中国,海关总署,getEcoDataIndBiologicalmedicine,2015-01-31,2026-06-30,1,143.0
801150,医药生物,2140906300,出口金额(美元):由混合或非混合产品构成的治病或防病用药品(3004):当月值,Export Value (USD): Medicine for Treating or Preventing Diseases Composed Of Mixed or Non Mixed Products(3004): Current Month Value,月,美元,当期值,中国,中国,海关总署,getEcoDataIndBiologicalmedicine,2015-01-31,2026-06-30,1,143.0
801150,医药生物,2140906142,出口金额(美元):药品(30):当月值,Export Value (USD): Drugs(30): Current Month Value,月,美元,当期值,中国,中国,海关总署,getEcoDataIndBiologicalmedicine,2015-01-31,2026-06-30,1,143.0
801150,医药生物,2140908332,"出口金额(美元):龙涎香等;供配制药用的,冻或用其他方法暂时保藏的(0510):当月值","Export Value (USD): Ambergris, Etc;Used for Preparing Medicine, Frozen or Temporarily Preserved by Other Methods (0510): Current Month Value",月,美元,当期值,中国,中国,海关总署,getEcoDataIndBiologicalmedicine,2015-01-31,2026-06-30,1,143.0
801150,医药生物,1050000349,固定资产投资完成额:制造业:医药制造业:累计同比,Fixed Assets Investment Completed: Manufacturing: Pharmaceutical Manufacturing: Cumulative YoY,月,%,累计同比,全国,中国,国家统计局,getEcoDataChina,2004-02-29,2026-06-30,1,143.0
801150,医药生物,1020008253,工业企业:利润总额:医药制造业:累计值,Total Profit: Pharmaceutical Manufacturing Industry: Cumulative Value,月,亿元,累计值,全国,中国,国家统计局,getEcoDataChina,2000-02-29,2026-06-30,1,143.0
801150,医药生物,1020010273,工业企业:投资收益:医药制造业:累计值,Investment Return: Pharmaceutical Manufacturing Industry: Cumulative Value,月,亿元,累计值,全国,中国,国家统计局,getEcoDataChina,2017-02-28,2026-06-30,1,143.0
801150,医药生物,1020010190,工业企业:营业利润:医药制造业:累计值,Operating Profit: Pharmaceutical Manufacturing Industry: Cumulative Value,月,亿元,累计值,全国,中国,国家统计局,getEcoDataChina,2017-02-28,2026-06-30,1,143.0
801150,医药生物,1020007119,工业企业:营业收入:医药制造业:累计值,Revenue from Operations: Pharmaceutical Manufacturing: Cumulative Value,月,亿元,累计值,全国,中国,国家统计局,getEcoDataChina,2016-02-29,2026-06-30,1,143.0
801150,医药生物,1020000937,成本费用利润率:医药制造业,Profit-To-Cost Ratio: Pharmaceutical Manufacturing,月,%,当期值,全国,中国,国家统计局,getEcoDataChina,2003-02-28,2026-06-30,1,143.0
801150,医药生物,1020000617,收入增长率:医药制造业,Income Growth Rate: Pharmaceutical Manufacturing,月,%,当期值,全国,中国,国家统计局,getEcoDataChina,2011-02-28,2026-06-30,1,143.0
801150,医药生物,1020000857,税前利润率:医药制造业,Pre-Tax Profit Margin: Pharmaceutical Manufacturing,月,%,当期值,全国,中国,国家统计局,getEcoDataChina,2000-02-29,2026-06-30,1,143.0
801150,医药生物,2140820663,药审中心受理新注册申请量:中药:进口再注册:当月值,,月,个,当期值,全国,中国,国家药品监督管理局,getEcoDataIndBiologicalmedicine,2010-03-31,2026-06-30,1,143.0
801150,医药生物,2140906288,进出口金额(美元):两种或两种以上成分混合而成的治病或防病药品(3003):当月值,Import and Export Value (USD): Medicine for Treating or Preventing Diseases Made by Mixing Two or More Ingredients(3003): Current Month Value,月,美元,当期值,中国,中国,海关总署,getEcoDataIndBiologicalmedicine,2015-01-31,2026-06-30,1,143.0
801150,医药生物,2140906330,进出口金额(美元):医药用品(3006):当月值,Import and Export Value (USD): Medical Supplies(3006): Current Month Value,月,美元,当期值,中国,中国,海关总署,getEcoDataIndBiologicalmedicine,2015-01-31,2026-06-30,1,143.0
801150,医药生物,2140906302,进出口金额(美元):由混合或非混合产品构成的治病或防病用药品(3004):当月值,Import and Export Value (USD): Medicine for Treating or Preventing Diseases Composed Of Mixed or Non Mixed Products(3004): Current Month Value,月,美元,当期值,中国,中国,海关总署,getEcoDataIndBiologicalmedicine,2015-01-31,2026-06-30,1,143.0
801150,医药生物,2140906144,进出口金额(美元):药品(30):当月值,Import and Export Value (USD): Drugs(30): Current Month Value,月,美元,当期值,中国,中国,海关总署,getEcoDataIndBiologicalmedicine,2015-01-31,2026-06-30,1,143.0
801150,医药生物,2140908334,"进出口金额(美元):龙涎香等;供配制药用的,冻或用其他方法暂时保藏的(0510):当月值","Import and Export Value (USD): Ambergris, Etc;Used for Preparing Medicine, Frozen or Temporarily Preserved by Other Methods (0510): Current Month Value",月,美元,当期值,中国,中国,海关总署,getEcoDataIndBiologicalmedicine,2015-01-31,2026-06-30,1,143.0
801150,医药生物,2140906287,进口金额(美元):两种或两种以上成分混合而成的治病或防病药品(3003):当月值,Import Value (USD): Medicine for Treating or Preventing Diseases Made by Mixing Two or More Ingredients(3003): Current Month Value,月,美元,当期值,中国,中国,海关总署,getEcoDataIndBiologicalmedicine,2015-01-31,2026-06-30,1,143.0
801150,医药生物,2140906329,进口金额(美元):医药用品(3006):当月值,Import Value (USD): Medical Supplies(3006): Current Month Value,月,美元,当期值,中国,中国,海关总署,getEcoDataIndBiologicalmedicine,2015-01-31,2026-06-30,1,143.0
801150,医药生物,2140906301,进口金额(美元):由混合或非混合产品构成的治病或防病用药品(3004):当月值,Import Value (USD): Medicine for Treating or Preventing Diseases Composed Of Mixed or Non Mixed Products(3004): Current Month Value,月,美元,当期值,中国,中国,海关总署,getEcoDataIndBiologicalmedicine,2015-01-31,2026-06-30,1,143.0
801150,医药生物,2140906143,进口金额(美元):药品(30):当月值,Import Value (USD): Drugs(30): Current Month Value,月,美元,当期值,中国,中国,海关总署,getEcoDataIndBiologicalmedicine,2015-01-31,2026-06-30,1,143.0
801150,医药生物,2140908333,"进口金额(美元):龙涎香等;供配制药用的,冻或用其他方法暂时保藏的(0510):当月值","Import Value (USD): Ambergris, Etc;Used for Preparing Medicine, Frozen or Temporarily Preserved by Other Methods (0510): Current Month Value",月,美元,当期值,中国,中国,海关总署,getEcoDataIndBiologicalmedicine,2015-01-31,2026-06-30,1,143.0
801150,医药生物,2140006260,维生素:VA:50万IU/g:25kg:国产:最低价,Vitamine: VA: 50W IU/g: 25kg: Domestic: Lowest Price,日,元/千克,最低,全国,中国,博亚和讯,getEcoDataIndBiologicalmedicine,2008-03-10,2026-08-07,1,142.0
801150,医药生物,2140006276,维生素:VB12(液相):1%:25kg:国产:最低价,Vitamine: VB12(liquid): 1%: 25kg: Domestic: Lowest Price,日,元/千克,最低,全国,中国,博亚和讯,getEcoDataIndBiologicalmedicine,2016-04-08,2026-08-07,1,142.0
801150,医药生物,2140006268,维生素:VB1:98%:25kg:国产:最低价,Vitamine: VB1: 98%: 25kg: Domestic: Lowest Price,日,元/千克,最低,全国,中国,博亚和讯,getEcoDataIndBiologicalmedicine,2008-03-10,2026-08-07,1,142.0
801150,医药生物,2140006272,维生素:VB2:80%:25kg:国产:最低价,Vitamine: VB2: 80%: 25kg: Domestic: Lowest Price,日,元/千克,最低,全国,中国,博亚和讯,getEcoDataIndBiologicalmedicine,2008-03-10,2026-08-07,1,142.0
801150,医药生物,2140006274,维生素:VB6:98%:25kg:国产:最低价,Vitamine: VB6: 98%: 25kg: Domestic: Lowest Price,日,元/千克,最低,全国,中国,博亚和讯,getEcoDataIndBiologicalmedicine,2008-03-10,2026-08-07,1,142.0
801150,医药生物,2140006288,维生素:VC磷酸脂:35%:25kg:国产:最低价,Vitamine: VC Phosphate: 35%: 25kg: Domestic: Lowest Price,日,元/千克,最低,全国,中国,博亚和讯,getEcoDataIndBiologicalmedicine,2008-03-10,2026-08-07,1,142.0
801150,医药生物,2140006292,维生素:VC粉:99%:25kg:国产:最低价,Vitamine: VC Powder: 99%: 25kg: Domestic: Lowest Price,日,元/千克,最低,全国,中国,博亚和讯,getEcoDataIndBiologicalmedicine,2008-03-10,2026-08-07,1,142.0
801150,医药生物,2140006262,维生素:VD3:50万IU/g:25kg:国产:最低价,Vitamine: VD3: 50W IU/g: 25kg: Domestic: Lowest Price,日,元/千克,最低,全国,中国,博亚和讯,getEcoDataIndBiologicalmedicine,2008-03-10,2026-08-07,1,142.0
801150,医药生物,2140006266,维生素:VE:50%:25kg:国产:最低价,Vitamine: VE: 50%: 25kg: Domestic: Lowest Price,日,元/千克,最低,全国,中国,博亚和讯,getEcoDataIndBiologicalmedicine,2008-03-10,2026-08-07,1,142.0
801150,医药生物,2140006270,维生素:VK3(MSB):96%:25kg:国产:最低价,Vitamine: VK3(MSB): 96%: 25kg: Domestic: Lowest Price,日,元/千克,最低,全国,中国,博亚和讯,getEcoDataIndBiologicalmedicine,2008-03-10,2026-08-07,1,142.0
801150,医药生物,2140006290,维生素:包膜VC:97%:25kg:国产:最低价,Vitamine: Envelope VC: 97%: 25kg: Domestic: Lowest Price,日,元/千克,最低,全国,中国,博亚和讯,getEcoDataIndBiologicalmedicine,2008-03-10,2026-08-07,1,142.0
801150,医药生物,2140006296,维生素:氯化胆碱:50%:25kg:国产:最低价,Vitamine: Choline Chloride: 50%: 25kg: Domestic: Lowest Price,日,元/千克,最低,全国,中国,博亚和讯,getEcoDataIndBiologicalmedicine,2008-03-10,2026-08-07,1,142.0
801150,医药生物,2140006282,维生素:泛酸钙:98%:25kg:国产:最低价,Vitamine: Calcium Pantothenate: 98%: 25kg: Domestic: Lowest Price,日,元/千克,最低,全国,中国,博亚和讯,getEcoDataIndBiologicalmedicine,2008-03-10,2026-08-07,1,142.0
801150,医药生物,2140001261,中药材价格指数:东北:定基,Traditional Chinese Medicine Price Index: Northeast: Fixed Base,日,2012年8月=1000,当期值,东北地区,中国,康美中国中药材指数网,getEcoDataIndBiologicalmedicine,2013-04-16,2026-08-08,1,140.0
801150,医药生物,2140001262,中药材价格指数:东北:环比,Traditional Chinese Medicine Price Index: Northeast: DoD,日,%,当期环比,东北地区,中国,康美中国中药材指数网,getEcoDataIndBiologicalmedicine,2013-04-17,2026-08-08,1,140.0
801150,医药生物,2140000941,中药材价格指数:全草类:定基,Traditional Chinese Medicine Price Index: Whole Plant Category: Fixed Base,日,2012年8月=1000,当期值,,中国,康美中国中药材指数网,getEcoDataIndBiologicalmedicine,2013-04-16,2026-08-08,1,140.0
801150,医药生物,2140000942,中药材价格指数:全草类:环比,Traditional Chinese Medicine Price Index: Whole Plant Category: DoD,日,%,当期环比,,中国,康美中国中药材指数网,getEcoDataIndBiologicalmedicine,2013-04-17,2026-08-08,1,140.0
801150,医药生物,2140000959,中药材价格指数:其他类:定基,Traditional Chinese Medicine Price Index: Others: Fixed Base,日,2012年8月=1000,当期值,,中国,康美中国中药材指数网,getEcoDataIndBiologicalmedicine,2013-04-16,2026-08-08,1,140.0
801150,医药生物,2140000960,中药材价格指数:其他类:环比,Traditional Chinese Medicine Price Index: Others: DoD,日,%,当期环比,,中国,康美中国中药材指数网,getEcoDataIndBiologicalmedicine,2013-04-17,2026-08-08,1,140.0
801150,医药生物,2140001064,中药材价格指数:利水渗湿药:定基,Traditional Chinese Medicine Price Index: Water Permeability Wet Medicine: Fixed Base,日,2012年8月=1000,当期值,,中国,康美中国中药材指数网,getEcoDataIndBiologicalmedicine,2013-04-16,2026-08-08,1,140.0
801150,医药生物,2140001065,中药材价格指数:利水渗湿药:环比,Traditional Chinese Medicine Price Index: Water Permeability Wet Medicine: DoD,日,%,当期环比,,中国,康美中国中药材指数网,getEcoDataIndBiologicalmedicine,2013-04-17,2026-08-08,1,140.0
801150,医药生物,2140000955,中药材价格指数:动物类:定基,Traditional Chinese Medicine Price Index: Animal Category: Fixed Base,日,2012年8月=1000,当期值,,中国,康美中国中药材指数网,getEcoDataIndBiologicalmedicine,2013-04-16,2026-08-08,1,140.0
801150,医药生物,1020021181,利润总额:医药制造业:当季值,Total Profits: Pharmaceutical Manufacturing: Current Value (Quarter),季,亿元,当期值,全国,中国,Datayes!,getEcoDataChina,2000-03-31,2026-06-30,1,139.0
801150,医药生物,2140151018,批签发次数:乙型脑炎疫苗:乙型脑炎灭活疫苗(Vero细胞):当周值,,周,次,当期值,全国,中国,中检所,getEcoDataIndBiologicalmedicine,2007-06-03,2026-05-17,1,139.0
801150,医药生物,2140151287,批签发次数:人血白蛋白:同路生物制药有限公司:当周值,,周,次,当期值,全国,中国,中检所,getEcoDataIndBiologicalmedicine,2007-06-03,2026-05-17,1,139.0
801150,医药生物,2140150984,批签发次数:水痘疫苗:水痘减毒活疫苗:当周值,,周,次,当期值,全国,中国,中检所,getEcoDataIndBiologicalmedicine,2007-06-03,2026-05-17,1,139.0
801150,医药生物,2140150285,批签发次数:疫苗:当周值,,周,次,当期值,全国,中国,中检所,getEcoDataIndBiologicalmedicine,2007-06-03,2026-05-17,1,139.0
801150,医药生物,2140150432,批签发次数:肺炎疫苗:肺炎多糖疫苗:23价肺炎球菌多糖疫苗:当周值,,周,次,当期值,全国,中国,中检所,getEcoDataIndBiologicalmedicine,2007-06-03,2026-05-17,1,139.0
801150,医药生物,2140150578,批签发次数:黄热病疫苗:黄热减毒活疫苗:当周值,,周,次,当期值,全国,中国,中检所,getEcoDataIndBiologicalmedicine,2007-06-03,2026-05-17,1,139.0
801150,医药生物,1020021033,营业收入:医药制造业:当季值,Operating Revenue: Pharmaceutical Manufacturing: Current Value (Quarter),季,亿元,当期值,全国,中国,Datayes!,getEcoDataChina,2015-09-30,2026-06-30,1,139.0
801150,医药生物,2140150437,批签发次数:肺炎疫苗:肺炎多糖疫苗:23价肺炎球菌多糖疫苗:玉溪沃森生物技术有限公司:当周值,,周,次,当期值,全国,中国,中检所,getEcoDataIndBiologicalmedicine,2017-07-30,2026-05-17,1,138.6
801150,医药生物,2140150674,批签发次数:狂犬疫苗:狂犬疫苗(Vero细胞)-冻干:冻干人用狂犬病疫苗(Vero细胞):当周值,,周,次,当期值,全国,中国,中检所,getEcoDataIndBiologicalmedicine,2007-06-03,2026-05-17,1,137.8
801150,医药生物,1040018851,PPI:化学药品制剂制造业(上年同月=100),PPI: Chemical Medicine Dose (CYoY=100),月,上年同月=100,当期值,全国,中国,国家统计局,getEcoDataChina,2014-01-31,2026-06-30,1,137.0
801150,医药生物,1040018850,PPI:化学药品原料药制造业(上年同月=100),PPI: Chemical Medicine Materials (CYoY=100),月,上年同月=100,当期值,全国,中国,国家统计局,getEcoDataChina,2014-01-31,2026-06-30,1,137.0
801150,医药生物,1040018855,PPI:生物药品制品制造业(上年同月=100),PPI: Biopharmaceuticals and Bioproducts Manufacturing (CYoY=100),月,上年同月=100,当期值,全国,中国,国家统计局,getEcoDataChina,2018-01-31,2026-06-30,1,137.0
801150,医药生物,1040018854,PPI:兽用药品制造业(上年同月=100),PPI: Animal Medicines (CYoY=100),月,上年同月=100,当期值,全国,中国,国家统计局,getEcoDataChina,2014-01-31,2026-06-30,1,135.0
801150,医药生物,1040000860,PPI:医药制造业(上年同月=100),PPI: Pharmaceutical Manufacturing Industry (CYoY=100),月,上年同月=100,当期值,全国,中国,国家统计局,getEcoDataChina,1996-10-31,2026-06-30,1,135.0
801150,医药生物,1040018906,PPI:印刷、制药、日化及日用品生产专用设备制造业(上年同月=100),"PPI: Printing, Medicine, Daily Chemical Articles and Commodity Production Equipment Manufacturing (CYoY=100)",月,上年同月=100,当期值,全国,中国,国家统计局,getEcoDataChina,2014-01-31,2026-06-30,1,135.0
801150,医药生物,2140820636,仿制药通过一致性评价品种数:当月值,Number of generic drugs that passed the consistency evaluation: Current value(Month),月,个,当期值,全国,中国,国家药品监督管理局,getEcoDataIndBiologicalmedicine,1985-02-28,2026-08-31,1,135.0
801150,医药生物,2140705161,医疗器械:优先审批申请,Medical Device: Priority Approval Application,月,项,当期值,全国,中国,国家食品药品监督管理总局医疗器械技术审评中心,getEcoDataIndBiologicalmedicine,2017-08-31,2026-06-30,1,135.0
801150,医药生物,2140705157,医疗器械:转入注册申请,Medical Device: Transfer to Registration Application,月,项,当期值,全国,中国,国家食品药品监督管理总局医疗器械技术审评中心,getEcoDataIndBiologicalmedicine,2007-04-30,2026-06-30,1,135.0
801150,医药生物,2140705158,医疗器械:转出审结项目,Medical Device: Transfer out of the Closing Project,月,项,当期值,全国,中国,国家食品药品监督管理总局医疗器械技术审评中心,getEcoDataIndBiologicalmedicine,2007-04-30,2026-06-30,1,135.0
801150,医药生物,2140808488,执业药师注册人数:药品批发企业,Number of Registered Licensed Pharmacists: Drug Wholesalers,月,人,期末值,全国,中国,国家药品监督管理局,getEcoDataIndBiologicalmedicine,2014-05-31,2026-05-31,1,135.0
801150,医药生物,2140808489,执业药师注册人数:药品生产企业,Number of Registered Licensed Pharmacists: Drug Manufacturers,月,人,期末值,全国,中国,国家药品监督管理局,getEcoDataIndBiologicalmedicine,2014-05-31,2026-05-31,1,135.0
801160,公用事业,2020105036,发电设备装机容量:核电:累计值,Installed Capacity of Power Generation Equipment: Nuclear Power: Cumulative,月,万千瓦,累计值,全国,中国,中国电力企业联合会,getEcoDataIndEnergy,2008-12-31,2026-06-30,1,145.0
801160,公用事业,2020657644,发电设备装机容量:水电:累计值,Installed Capacity of Power Generation Equipment: Hydro Power: Cumulative,月,万千瓦,累计值,全国,中国,中国电力企业联合会,getEcoDataIndEnergy,2008-12-31,2026-06-30,1,145.0
801160,公用事业,2020105035,发电设备装机容量:火电:累计值,Installed Capacity of Power Generation Equipment: Thermal Power: Cumulative,月,万千瓦,累计值,全国,中国,中国电力企业联合会,getEcoDataIndEnergy,2008-12-31,2026-06-30,1,145.0
801160,公用事业,2020657645,发电设备装机容量:风电:累计值,Installed Capacity of Power Generation Equipment: Wind Power: Cumulative,月,万千瓦,累计值,全国,中国,中国电力企业联合会,getEcoDataIndEnergy,2008-12-31,2026-06-30,1,145.0
801160,公用事业,2020101562,(全国)发电设备平均利用小时:累计值,Power Generation Equipment Average Utilization Hours: Cumulative,月,小时,累计值,全国,中国,中国电力企业联合会,getEcoDataIndEnergy,2009-07-31,2026-06-30,1,143.0
801160,公用事业,2020101578,(全国)发电设备平均利用小时:累计同比增减,(National) Power Generation Equipment Average Utilization Hours: Cumulative Per Cent Change,月,小时,累计同比增减,全国,中国,中国电力企业联合会,getEcoDataIndEnergy,2009-07-31,2026-06-30,1,143.0
801160,公用事业,1020008711,产量:发电量:核能:当月同比,Electricity Generating Capacity: Nuclear Power: Month YoY,月,%,当期同比,全国,中国,国家统计局,getEcoDataChina,1997-01-31,2026-06-30,1,143.0
801160,公用事业,1020008655,产量:发电量:风力:当月值,Output of Electricity: Wind Power: Current Value (Month),月,亿千瓦时,当期值,全国,中国,国家统计局,getEcoDataChina,2009-09-30,2026-06-30,1,143.0
801160,公用事业,1020005915,利润总额:电力、热力、燃气及水生产和供应业:累计值,"Industrial Enterprises: Total Profit: Electricity, Heat and Water Production and Supply Industry: Cumulative Value",月,亿元,累计值,全国,中国,国家统计局,getEcoDataChina,2015-10-31,2026-06-30,1,143.0
801160,公用事业,2020105037,发电设备装机容量:太阳能发电:累计值,Installed Capacity of Power Generation Equipment: Solar Power: Cumulative,月,万千瓦,累计值,全国,中国,中国电力企业联合会,getEcoDataIndEnergy,2009-12-31,2026-06-30,1,143.0
801160,公用事业,1020010425,投资收益:电力、热力、燃气及水生产和供应业:累计值,"Industrial Enterprises: Investment Return: Electricity, Heat and Water Production and Supply Industry: Cumulative Value",月,亿元,累计值,全国,中国,国家统计局,getEcoDataChina,2017-02-28,2026-06-30,1,143.0
801160,公用事业,1020010419,营业利润:电力、热力、燃气及水生产和供应业:累计值,"Industrial Enterprises: Operating Profit: Electricity, Heat and Water Production and Supply Industry: Cumulative Value",月,亿元,累计值,全国,中国,国家统计局,getEcoDataChina,2017-02-28,2026-06-30,1,143.0
801160,公用事业,2020101565,(全国)发电设备平均利用小时:核电:累计值,(National) Power Generation Equipment Average Utilization Hours: Nuclear Power: YTD,季,小时,累计值,全国,中国,中国电力企业联合会,getEcoDataIndEnergy,2009-12-31,2026-06-30,1,141.0
801160,公用事业,2020101581,(全国)发电设备平均利用小时:核电:累计同比增减,(National) Power Generation Equipment Average Utilization Hours: Nuclear Power: Cumulative Per Cent Change,季,小时,累计同比增减,全国,中国,中国电力企业联合会,getEcoDataIndEnergy,2009-12-31,2026-06-30,1,141.0
801160,公用事业,2020101563,(全国)发电设备平均利用小时:水电:累计值,Power Generation Equipment Average Utilization Hours: HydroPower: Cumulative,季,小时,累计值,全国,中国,中国电力企业联合会,getEcoDataIndEnergy,2009-07-31,2026-06-30,1,141.0
801160,公用事业,2020101579,(全国)发电设备平均利用小时:水电:累计同比增减,(National) Power Generation Equipment Average Utilization Hours: HydroPower: Cumulative Per Cent Change,季,小时,累计同比增减,全国,中国,中国电力企业联合会,getEcoDataIndEnergy,2009-07-31,2026-06-30,1,141.0
801160,公用事业,2020101564,(全国)发电设备平均利用小时:火电:累计值,Power Generation Equipment Average Utilization Hours: Rmal Power: Cumulative,季,小时,累计值,全国,中国,中国电力企业联合会,getEcoDataIndEnergy,2009-07-31,2026-06-30,1,141.0
801160,公用事业,2020101580,(全国)发电设备平均利用小时:火电:累计同比增减,(National) Power Generation Equipment Average Utilization Hours:rmal Power: Cumulative Per Cent Change,季,小时,累计同比增减,全国,中国,中国电力企业联合会,getEcoDataIndEnergy,2009-07-31,2026-06-30,1,141.0
801160,公用事业,2020101566,(全国)发电设备平均利用小时:风电:累计值,(National) Power Generation Equipment Average Utilization Hours: Wind Power: YTD,季,小时,累计值,全国,中国,中国电力企业联合会,getEcoDataIndEnergy,2009-12-31,2026-06-30,1,141.0
801160,公用事业,2020101582,(全国)发电设备平均利用小时:风电:累计同比增减,(National) Power Generation Equipment Average Utilization Hours: Wind Power: Cumulative Per Cent Change,季,小时,累计同比增减,全国,中国,中国电力企业联合会,getEcoDataIndEnergy,2009-12-31,2026-06-30,1,141.0
801160,公用事业,2020105038,发电设备平均利用小时:太阳能发电:累计值,Power Generation Equipment Average Utilization Hours: Solar Power: Cumulative,季,小时,累计值,全国,中国,中国电力企业联合会,getEcoDataIndEnergy,2012-12-31,2026-06-30,1,139.0
801160,公用事业,2020766782,核电设备利用小时数:累计值,,季,小时,累计值,全国,中国,中国核能行业协会,getEcoDataIndEnergy,2014-06-30,2026-03-31,1,139.0
801160,公用事业,2020640997,风电并网:利用小时数:合计,Wind Power Integration to Power Grid: Number of Utilization Hours: Total,季,小时,累计值,全国,中国,能源局,getEcoDataIndEnergy,2014-03-31,2026-06-30,1,139.0
801160,公用事业,2020101525,全社会用电量:城乡居民生活用电量:当月值,Total Electricity Consumption: Electricity Consumption of Urban and Rural Residents Living: Current Value (Month),月,亿千瓦时,当期值,全国,中国,能源局,getEcoDataIndEnergy,2009-07-31,2026-06-30,1,137.0
801160,公用事业,2020101526,全社会用电量:工业用电:当月值,Total Electricity Consumption: Industrial Electricity: Current Value (Month),月,亿千瓦时,当期值,全国,中国,能源局,getEcoDataIndEnergy,2009-07-31,2026-06-30,1,137.0
801160,公用事业,2020101521,全社会用电量:当月值,Total Electricity Consumption: Current Value (Month),月,亿千瓦时,当期值,全国,中国,能源局,getEcoDataIndEnergy,2009-07-31,2026-06-30,1,137.0
801160,公用事业,2020101522,全社会用电量:第一产业:当月值,Total Electricity Consumption: Primary Industry: Current Value (Month),月,亿千瓦时,当期值,全国,中国,能源局,getEcoDataIndEnergy,2009-07-31,2026-06-30,1,137.0
801160,公用事业,2020101524,全社会用电量:第三产业:当月值,Total Electricity Consumption: Tertiary Industry: Current Value (Month),月,亿千瓦时,当期值,全国,中国,能源局,getEcoDataIndEnergy,2009-07-31,2026-06-30,1,137.0
801160,公用事业,2020101523,全社会用电量:第二产业:当月值,Total Electricity Consumption: Secondary Industry: Current Value (Month),月,亿千瓦时,当期值,全国,中国,能源局,getEcoDataIndEnergy,2009-07-31,2026-06-30,1,137.0
801160,公用事业,1020001545,发电量:水电:当月值,Output: Hydropower: Current,月,亿千瓦时,当期值,全国,中国,国家统计局,getEcoDataChina,1986-02-28,2026-06-30,1,137.0
801160,公用事业,1020001544,发电量:火电:当月值,Output: Thermal Power: Current,月,亿千瓦时,当期值,全国,中国,国家统计局,getEcoDataChina,1989-02-28,2026-06-30,1,137.0
801160,公用事业,2020101559,(全国)供电煤耗率:累计值,(National) Power Supply Coal Consumption Rate: YTD,月,克/千瓦时,累计值,全国,中国,中国电力企业联合会,getEcoDataIndEnergy,2009-07-31,2026-06-30,1,135.0
801160,公用事业,2020101575,(全国)供电煤耗率:累计同比增减,(National) Power Supply Coal Consumption Rate: YTD: YoY,月,%,累计同比,全国,中国,中国电力企业联合会,getEcoDataIndEnergy,2009-07-31,2026-06-30,1,135.0
801160,公用事业,2020101568,(全国)发电厂用电率:水电:累计值,(National) Power Consumption Rate: HydroPower: YTD,月,%,累计值,全国,中国,中国电力企业联合会,getEcoDataIndEnergy,2009-07-31,2026-06-30,1,135.0
801160,公用事业,2020104971,(全国)发电厂用电率:水电:累计同比增减,Auxiliary Power Consumption Rate of Power Plants: Hydropower: Cumulative Value Net Change YoY,月,%,累计同比增减,全国,中国,中国电力企业联合会,getEcoDataIndEnergy,2009-07-31,2026-06-30,1,135.0
801160,公用事业,2020101569,(全国)发电厂用电率:火电:累计值,(National) Power Consumption Rate:rmal Power: YTD,月,%,累计值,全国,中国,中国电力企业联合会,getEcoDataIndEnergy,2009-07-31,2026-06-30,1,135.0
801160,公用事业,2020104972,(全国)发电厂用电率:火电:累计同比增减,Auxiliary Power Consumption Rate of Power Plants: Thermal Power: Cumulative Value Net Change YoY,月,%,累计同比增减,全国,中国,中国电力企业联合会,getEcoDataIndEnergy,2009-07-31,2026-06-30,1,135.0
801160,公用事业,1040000054,CPI:居住:水电燃料(上年同月=100),CPI: Housing: Water、Electricityand Fuel (CYoY=100),月,上年同月=100,当期值,全国,中国,国家统计局,getEcoDataChina,2001-01-31,2026-06-30,1,135.0
801160,公用事业,2020745076,中国:核电站并网数量,China: Reactors Operable No.,月,个,当期值,全国,中国,世界核协会,getEcoDataIndEnergy,2007-01-31,2026-08-31,1,135.0
801160,公用事业,2020745077,中国:计划新建核电站数量,China: Reactors Planned No.,月,个,当期值,全国,中国,世界核协会,getEcoDataIndEnergy,2007-01-31,2026-08-31,1,135.0
801160,公用事业,1020000368,产成品存货周转天数:电力、热力、燃气及水生产和供应业,"Finished Goods Inventory Turnover Days: Electricity, Heat, Gas And Water Production And Supply",月,天,当期值,全国,中国,国家统计局,getEcoDataChina,2014-02-28,2026-06-30,1,135.0
801160,公用事业,2020104984,发电新增设备容量:水电:累计值,New Power Generation Equipment Capacity: Hydro Power: Cumulative Value,月,万千瓦,累计值,全国,中国,中国电力企业联合会,getEcoDataIndEnergy,2009-07-31,2026-06-30,1,135.0
801160,公用事业,2020104987,发电新增设备容量:水电:累计同比增减,New Power Generation Equipment Capacity: Hydro Power: Cumulative YoY Change,月,万千瓦,累计同比增减,全国,中国,中国电力企业联合会,getEcoDataIndEnergy,2014-10-31,2026-06-30,1,135.0
801160,公用事业,2020104985,发电新增设备容量:火电:累计值,New Power Generation Equipment Capacity: Thermal Power: Cumulative Value,月,万千瓦,累计值,全国,中国,中国电力企业联合会,getEcoDataIndEnergy,2009-07-31,2026-06-30,1,135.0
801160,公用事业,2020104988,发电新增设备容量:火电:累计同比增减,New Power Generation Equipment Capacity: Thermal Power: Cumulative Value Net Change YoY,月,万千瓦,累计同比增减,全国,中国,中国电力企业联合会,getEcoDataIndEnergy,2014-10-31,2026-06-30,1,135.0
801160,公用事业,2020657642,发电新增设备容量:风电:累计同比增减,New Power Generation Equipment Capacity: Wind Power: Cumulative Value Net Change YoY,月,万千瓦,累计同比增减,全国,中国,Datayes!,getEcoDataIndEnergy,2012-05-31,2026-06-30,1,135.0
801160,公用事业,1020001543,发电量:总发电量:当月值,Electricity Generating Capacity: Current Value (Month),月,亿千瓦时,当期值,全国,中国,国家统计局,getEcoDataChina,1989-02-28,2026-06-30,1,135.0
801160,公用事业,1020008654,发电量:核能:当月值,Electricity Generating Capacity: Nuclear Power: Current Value (Month),月,亿千瓦时,当期值,全国,中国,国家统计局,getEcoDataChina,1995-01-31,2026-06-30,1,135.0
801160,公用事业,1020019472,工业企业:亏损企业亏损总额:电力、热力、燃气及水生产和供应业:累计值,"Total Losses of Loss-Making Industrial Enterprises: Electricity, Heat and Water Production and Supply Industry: Cumulative Value",月,亿元,累计值,全国,中国,国家统计局,getEcoDataChina,2017-02-28,2026-06-30,1,135.0
801160,公用事业,1020019412,工业企业:亏损企业数:电力、热力、燃气及水生产和供应业:累计值,"Number of Loss-Making Industrial Enterprises: Electricity, Heat and Water Production and Supply Industry: Cumulative Value",月,个,累计值,全国,中国,国家统计局,getEcoDataChina,2017-02-28,2026-06-30,1,135.0
801160,公用事业,1020019583,工业企业:产成品存货:电力、热力、燃气及水生产和供应业:累计值,"Industrial Enterprises: Finished Goods Inventory: Electricity, Heat and Water Production and Supply Industry: Cumulative Value",月,亿元,累计值,全国,中国,国家统计局,getEcoDataChina,2017-02-28,2026-06-30,1,135.0
801160,公用事业,1020019409,工业企业:企业单位数:电力、热力、燃气及水生产和供应业:累计值,"Financial Performances of Industrial Enterprises: Electricity, Heat and Water Production and Supply Industry: Cumulative Value",月,个,累计值,全国,中国,国家统计局,getEcoDataChina,2018-02-28,2026-06-30,1,135.0
801160,公用事业,1020019424,工业企业:存货:电力、热力、燃气及水生产和供应业:累计值,"Finished Goods of Industrial Enterprises: Electricity, Heat and Water Production and Supply Industry: Cumulative Value",月,亿元,累计值,全国,中国,国家统计局,getEcoDataChina,2017-02-28,2026-06-30,1,135.0
801160,公用事业,1020019430,工业企业:应收账款:电力、热力、燃气及水生产和供应业:累计值,"Accounts Receivable of Industrial Enterprises: Electricity, Heat and Water Production and Supply Industry: Cumulative Value",月,亿元,累计值,全国,中国,国家统计局,getEcoDataChina,2017-02-28,2026-06-30,1,135.0
801160,公用事业,1020019418,工业企业:流动资产合计:电力、热力、燃气及水生产和供应业:累计值,"Total Current Assets of Industrial Enterprises: Electricity, Heat and Water Production and Supply Industry: Cumulative Value",月,亿元,累计值,全国,中国,国家统计局,getEcoDataChina,2017-02-28,2026-06-30,1,135.0
801160,公用事业,1020019460,工业企业:管理费用:电力、热力、燃气及水生产和供应业:累计值,"Administrative Expenses of Industrial Enterprises: Electricity, Heat and Water Production and Supply Industry: Cumulative Value",月,亿元,累计值,全国,中国,国家统计局,getEcoDataChina,2017-02-28,2026-06-30,1,135.0
801160,公用事业,1020018404,工业企业:营业成本:电力、热力、燃气及水生产和供应业:累计值,"Industrial Enterprises: Operating Cost: Electricity, Heat and Water Production and Supply Industry: Cumulative Value",月,亿元,累计值,全国,中国,国家统计局,getEcoDataChina,2017-02-28,2026-06-30,1,135.0
801160,公用事业,1020018397,工业企业:营业收入:电力、热力、燃气及水生产和供应业:累计值,"Industrial Enterprises: Operating Revenue: Electricity, Heat and Water Production and Supply Industry: Cumulative Value",月,亿元,累计值,全国,中国,国家统计局,getEcoDataChina,2017-02-28,2026-06-30,1,135.0
801160,公用事业,1020019442,工业企业:负债合计:电力、热力、燃气及水生产和供应业:累计值,"Total Liabilities of Industrial Enterprises: Electricity, Heat and Water Production and Supply Industry: Cumulative Value",月,亿元,累计值,全国,中国,国家统计局,getEcoDataChina,2017-02-28,2026-06-30,1,135.0
801160,公用事业,1020019466,工业企业:财务费用:电力、热力、燃气及水生产和供应业:累计值,"Financial Costs of Industrial Enterprises: Electricity, Heat and Water Production and Supply Industry: Cumulative Value",月,亿元,累计值,全国,中国,国家统计局,getEcoDataChina,2017-02-28,2026-06-30,1,135.0
801160,公用事业,2020607843,用电量占比:城乡居民生活用电量,Power Consumption Percentage: Household Electricity Consumption by Urban and Rural Residents ,月,%,当期占比,全国,中国,Datayes!,getEcoDataIndEnergy,2009-07-31,2026-06-30,1,135.0
801160,公用事业,2020607840,用电量占比:第一产业,Power Consumption Percentage: Primary Sector,月,%,当期占比,全国,中国,Datayes!,getEcoDataIndEnergy,2009-07-31,2026-06-30,1,135.0
801160,公用事业,2020607842,用电量占比:第三产业,Power Consumption Percentage: Tertiary Sector,月,%,当期占比,全国,中国,Datayes!,getEcoDataIndEnergy,2009-07-31,2026-06-30,1,135.0
801160,公用事业,2020607841,用电量占比:第二产业,Power Consumption Percentage: Secondary Sector,月,%,当期占比,全国,中国,Datayes!,getEcoDataIndEnergy,2009-07-31,2026-06-30,1,135.0
801160,公用事业,2020640869,风电并网:发电量:合计,Wind Power Integration to Power Grid: Electricity Generating Capacity: Total,季,亿千瓦,累计值,全国,中国,能源局,getEcoDataIndEnergy,2015-12-31,2026-06-30,1,133.0
801160,公用事业,2020674176,发电量:光伏,Power Generation: Photovoltaic,季,亿千瓦时,累计值,全国,中国,中国光伏行业协会,getEcoDataIndEnergy,2018-03-31,2026-06-30,1,131.0
801160,公用事业,2020766592,核电上网电量:累计值,,季,亿千瓦时,累计值,全国,中国,中国核能行业协会,getEcoDataIndEnergy,2009-12-31,2026-03-31,1,131.0
801160,公用事业,2020640965,风电并网:弃风率:合计,Wind Power Integration to Power Grid: Wind Power Abandonment Rate: Total,季,%,当期值,全国,中国,能源局,getEcoDataIndEnergy,2014-03-31,2026-06-30,1,131.0
801160,公用事业,2020640805,风电并网:新增并网容量:合计,Wind Power Integration to Power Grid: Newly Grid-Connecting Capacity: Total,季,万千瓦,累计值,全国,中国,能源局,getEcoDataIndEnergy,2014-03-31,2026-06-30,1,131.0
801160,公用事业,2020640837,风电并网:累计并网容量:合计,Wind Power Integration to Power Grid: Cumulative Installed Grid Capacity: Total,季,万千瓦,累计值,全国,中国,能源局,getEcoDataIndEnergy,2014-03-31,2026-06-30,1,131.0
801160,公用事业,2020766437,全社会用电量:各行业合计:当月值,,月,亿千瓦时,当期值,,中国,Datayes!,getEcoDataIndEnergy,2008-01-31,2026-06-30,1,127.0
801160,公用事业,2020766436,全社会用电量:各行业用电量:占比,,月,%,当期占比,,中国,Datayes!,getEcoDataIndEnergy,2008-01-31,2026-06-30,1,127.0
801160,公用事业,2020101516,发电量比重:核电:当月值,Electricity Share: Nuclear Power,月,%,当期值,,中国,Datayes!,getEcoDataIndEnergy,1995-01-31,2026-06-30,1,127.0
801160,公用事业,2020101514,发电量比重:水电:当月值,Electricity Share: HydroPower,月,%,当期值,,中国,Datayes!,getEcoDataIndEnergy,1989-01-31,2026-06-30,1,127.0
801160,公用事业,2020101512,发电量比重:火电:当月值,Electricity Share:rmal Power,月,%,当期值,,中国,Datayes!,getEcoDataIndEnergy,1989-01-31,2026-06-30,1,127.0
801160,公用事业,2020101518,发电量比重:风电:当月值,Electricity Share: Wind Power,月,%,当期值,,中国,Datayes!,getEcoDataIndEnergy,2009-09-30,2026-06-30,1,127.0
801160,公用事业,1020019577,发电量:太阳能:当月值,Output: Solar Power: Current Month Value,月,亿千瓦时,当期值,,中国,国家统计局,getEcoDataChina,2016-05-31,2026-06-30,1,125.0
801160,公用事业,2020766426,发电量比重:太阳能:当月值,,月,%,当期值,,中国,国家统计局,getEcoDataIndEnergy,2016-05-31,2026-06-30,1,125.0
801160,公用事业,2020766446,用电同比增速贡献率:城乡居民生活用电量:当月值,,月,%,当期值,,中国,Datayes!,getEcoDataIndEnergy,2009-01-31,2026-06-30,1,125.0
801160,公用事业,2020766455,用电量:各行业合计:当月环比,,月,%,当期环比,,中国,Datayes!,getEcoDataIndEnergy,2008-02-29,2026-06-30,1,125.0
801170,交通运输,2160606526,北方国际干散货运价指数(TBI),Tianjin Bulk Freight Index (TBI),日,点,当期值,全国,中国,天津国际贸易与航运服务中心,getEcoDataIndTraffictransport,2012-03-05,2026-08-07,1,152.0
801170,交通运输,2160606527,北方国际集装箱运价指数(TCI),Tianjin Container Freight Index (TCI),日,点,当期值,全国,中国,天津国际贸易与航运服务中心,getEcoDataIndTraffictransport,2012-03-05,2026-08-07,1,152.0
801170,交通运输,2160606461,北方国际集装箱运价指数(TCI):天津-中南美基本港,Tianjin Container Freight Index (TCI): Tianjin-Central and South America (Base Port),日,点,当期值,全国,中国,天津国际贸易与航运服务中心,getEcoDataIndTraffictransport,2012-11-08,2026-08-07,1,152.0
801170,交通运输,2160606460,北方国际集装箱运价指数(TCI):天津-南美东基本港,Tianjin Container Freight Index (TCI): Tianjin-East Coast of South America (Base Port),日,点,当期值,全国,中国,天津国际贸易与航运服务中心,getEcoDataIndTraffictransport,2012-11-08,2026-08-07,1,152.0
801170,交通运输,2160606459,北方国际集装箱运价指数(TCI):天津-南美西基本港,Tianjin Container Freight Index (TCI): Tianjin-West Coast of South America (Base Port),日,点,当期值,全国,中国,天津国际贸易与航运服务中心,getEcoDataIndTraffictransport,2012-11-08,2026-08-07,1,152.0
801170,交通运输,2160606455,北方国际集装箱运价指数(TCI):天津-地中海东部基本港,Tianjin Container Freight Index (TCI): Tianjin-Eastern of Mediterranean (Base Port),日,点,当期值,全国,中国,天津国际贸易与航运服务中心,getEcoDataIndTraffictransport,2012-11-08,2026-08-07,1,152.0
801170,交通运输,2160606456,北方国际集装箱运价指数(TCI):天津-地中海西部基本港,Tianjin Container Freight Index (TCI): Tianjin-Western of Mediterranean (Base Port),日,点,当期值,全国,中国,天津国际贸易与航运服务中心,getEcoDataIndTraffictransport,2012-11-08,2026-08-07,1,152.0
801170,交通运输,2160606454,北方国际集装箱运价指数(TCI):天津-欧洲基本港,Tianjin Container Freight Index (TCI): Tianjin-Europe (Base Port),日,点,当期值,全国,中国,天津国际贸易与航运服务中心,getEcoDataIndTraffictransport,2012-11-08,2026-08-07,1,152.0
801170,交通运输,2160606468,北方国际集装箱运价指数(TCI):天津-波斯湾基本港,Tianjin Container Freight Index (TCI): Tianjin-Persian Gulf (Base Port),日,点,当期值,全国,中国,天津国际贸易与航运服务中心,getEcoDataIndTraffictransport,2012-11-08,2026-08-07,1,152.0
801170,交通运输,2160606470,沿海集装箱出港运价指数(TDOI),Tianjin Domestic Container Outward Freight Index (TDOI),日,点,当期值,全国,中国,天津国际贸易与航运服务中心,getEcoDataIndTraffictransport,2012-11-08,2026-08-07,1,152.0
801170,交通运输,2160606528,沿海集装箱运价指数(TDI),Tianjin Domestic Container Freight Index (TDI),日,点,当期值,全国,中国,天津国际贸易与航运服务中心,getEcoDataIndTraffictransport,2012-10-26,2026-08-07,1,152.0
801170,交通运输,2160606474,沿海集装箱进港运价指数(TDII),Tianjin Domestic Container Inward Freight Index (TDII),日,点,当期值,全国,中国,天津国际贸易与航运服务中心,getEcoDataIndTraffictransport,2012-11-08,2026-08-07,1,152.0
801170,交通运输,2160004307,中国公路物流运价指数:东北:周环比,Logistics Area Index: Northeast China: WoW,周,%,当期环比,中国大陆,中国,中国公路物流运价指数,getEcoDataIndTraffictransport,2013-01-02,2026-08-05,1,151.0
801170,交通运输,2160004310,中国公路物流运价指数:东南沿海:周环比,Logistics Area Index: Southeast Coast: WoW,周,%,当期环比,中国大陆,中国,中国公路物流运价指数,getEcoDataIndTraffictransport,2013-01-02,2026-08-05,1,151.0
801170,交通运输,2160004313,中国公路物流运价指数:华中:周环比,Logistics Area Index: Central China: WoW,周,%,当期环比,中国大陆,中国,中国公路物流运价指数,getEcoDataIndTraffictransport,2013-01-02,2026-08-05,1,151.0
801170,交通运输,2160004306,中国公路物流运价指数:华北:周环比,Logistics Area Index: North China: WoW,周,%,当期环比,中国大陆,中国,中国公路物流运价指数,getEcoDataIndTraffictransport,2013-01-02,2026-08-05,1,151.0
801170,交通运输,2160004825,中国公路物流运价指数:呼和浩特-拉萨:周环比,Transportation Route Index: Hohhot-Lhasa: WoW,周,%,当期环比,中国大陆,中国,中国公路物流运价指数,getEcoDataIndTraffictransport,2013-01-02,2026-08-05,1,151.0
801170,交通运输,2160004812,中国公路物流运价指数:呼和浩特-石家庄:周环比,Transportation Route Index: Hohhot-Shijiazhuang: WoW,周,%,当期环比,中国大陆,中国,中国公路物流运价指数,getEcoDataIndTraffictransport,2013-01-02,2026-08-05,1,151.0
801170,交通运输,2160005438,中国公路物流运价指数:拉萨-呼和浩特:周环比,Transportation Route Index: Lhasa-Hohhot: WoW,周,%,当期环比,中国大陆,中国,中国公路物流运价指数,getEcoDataIndTraffictransport,2013-01-02,2026-08-05,1,151.0
801170,交通运输,2160005442,中国公路物流运价指数:拉萨-石家庄:周环比,Transportation Route Index: Lhasa-Shijiazhuang: WoW,周,%,当期环比,中国大陆,中国,中国公路物流运价指数,getEcoDataIndTraffictransport,2013-01-02,2026-08-05,1,151.0
801170,交通运输,2160004314,中国公路物流运价指数:珠三角:周环比,Logistics Area Index: Pearl River Delta: WoW,周,%,当期环比,中国大陆,中国,中国公路物流运价指数,getEcoDataIndTraffictransport,2013-01-02,2026-08-05,1,151.0
801170,交通运输,2160004957,中国公路物流运价指数:石家庄-呼和浩特:周环比,Transportation Route Index: Shijiazhuang-Hohhot: WoW,周,%,当期环比,中国大陆,中国,中国公路物流运价指数,getEcoDataIndTraffictransport,2013-01-02,2026-08-05,1,151.0
801170,交通运输,2160004973,中国公路物流运价指数:石家庄-拉萨:周环比,Transportation Route Index: Shijiazhuang-Lhasa: WoW,周,%,当期环比,中国大陆,中国,中国公路物流运价指数,getEcoDataIndTraffictransport,2013-01-02,2026-08-05,1,151.0
801170,交通运输,2160004311,中国公路物流运价指数:西北:周环比,Logistics Area Index: Northwest China: WoW,周,%,当期环比,中国大陆,中国,中国公路物流运价指数,getEcoDataIndTraffictransport,2013-01-02,2026-08-05,1,151.0
801170,交通运输,2160004312,中国公路物流运价指数:西南:周环比,Logistics Area Index: Southwest China: WoW,周,%,当期环比,中国大陆,中国,中国公路物流运价指数,getEcoDataIndTraffictransport,2013-01-02,2026-08-05,1,151.0
801170,交通运输,2160004309,中国公路物流运价指数:长三角:周环比,Logistics Area Index: Yangtze River Delta: WoW,周,%,当期环比,中国大陆,中国,中国公路物流运价指数,getEcoDataIndTraffictransport,2013-01-02,2026-08-05,1,151.0
801170,交通运输,2160606442,北方国际煤运价指数(TBCI),Tianjin Bulk Coal Freight Index (TBCI),日,点,当期值,全国,中国,天津国际贸易与航运服务中心,getEcoDataIndTraffictransport,2014-08-28,2026-08-07,1,150.0
801170,交通运输,2160606445,北方国际粮食运价指数(TBGI),Tianjin Bulk Grain Freight Index (TBGI),日,点,当期值,全国,中国,天津国际贸易与航运服务中心,getEcoDataIndTraffictransport,2014-08-28,2026-08-07,1,150.0
801170,交通运输,2160606447,北方国际粮食运价指数(TBGI):南美东岸(桑托斯)-天津(大豆),Tianjin Bulk Grain Freight Index (TBGI): Santos (East Coast of South America)-Tianjin (China) (Soybean),日,点,当期值,全国,中国,天津国际贸易与航运服务中心,getEcoDataIndTraffictransport,2016-02-05,2026-08-07,1,150.0
801170,交通运输,2160606446,北方国际粮食运价指数(TBGI):美湾-天津(大豆),Tianjin Bulk Grain Freight Index (TBGI): US Gulf-Tianjin (China) (Soybean),日,点,当期值,全国,中国,天津国际贸易与航运服务中心,getEcoDataIndTraffictransport,2014-08-28,2026-08-07,1,150.0
801170,交通运输,2160606448,北方国际粮食运价指数(TBGI):美西(塔科马)-天津(大豆),Tianjin Bulk Grain Freight Index (TBGI): Tacoma (West America)-Tianjin (China) (Soybean),日,点,当期值,全国,中国,天津国际贸易与航运服务中心,getEcoDataIndTraffictransport,2014-08-28,2026-08-07,1,150.0
801170,交通运输,2160606449,北方国际金属矿石运价指数(TBMI),Tianjin Bulk Mineral Freight Index (TBMI),日,点,当期值,全国,中国,天津国际贸易与航运服务中心,getEcoDataIndTraffictransport,2014-08-28,2026-08-07,1,150.0
801170,交通运输,2160606450,北方国际金属矿石运价指数(TBMI):澳西(丹皮尔)-天津/曹妃甸(铁矿石),Tianjin Bulk Mineral Freight Index (TBMI): Dampier (West Australia)-Tianjin/Caofeidian (China) (Iron Ore),日,点,当期值,全国,中国,天津国际贸易与航运服务中心,getEcoDataIndTraffictransport,2016-02-05,2026-08-07,1,150.0
801170,交通运输,2160606452,北方国际金属矿石运价指数(TBMI):菲律宾(苏里高)-天津(镍矿),Tianjin Bulk Mineral Freight Index (TBMI): Surigao (Philippines)-Tianjin (China) (Nickel Ore),日,点,当期值,全国,中国,天津国际贸易与航运服务中心,getEcoDataIndTraffictransport,2014-08-28,2026-08-07,1,150.0
801170,交通运输,2160712174,内贸集装箱运价指数PDCI:综合,Domestic Trade Container Freight Index Pdci: Synthesis,周,点,当期值,全国,中国,泛亚公司,getEcoDataIndTraffictransport,2015-06-05,2026-07-31,1,149.0
801170,交通运输,2160007222,中国公路物流运价指数:东北:月环比,Logistics Area Index: Northeast China: MoM,月,%,当期环比,中国大陆,中国,中国公路物流运价指数,getEcoDataIndTraffictransport,2013-01-31,2026-07-31,1,147.0
801170,交通运输,2160007225,中国公路物流运价指数:东南沿海:月环比,Logistics Area Index: Southeast Coast: MoM,月,%,当期环比,中国大陆,中国,中国公路物流运价指数,getEcoDataIndTraffictransport,2013-01-31,2026-07-31,1,147.0
801170,交通运输,2160000104,中国出口集装箱运价指数(CCFI):东南亚航线,CCFI: Southeast Asia Routes,周,1998年1月1日=1000,当期值,,中国,上海航运交易所,getEcoDataIndTraffictransport,2002-01-04,2026-08-07,1,147.0
801170,交通运输,2160000105,中国出口集装箱运价指数(CCFI):东西非航线,CCFI: East and West Africa Routes,周,1998年1月1日=1000,当期值,,中国,中华航运网,getEcoDataIndTraffictransport,2002-01-04,2026-08-07,1,147.0
801170,交通运输,2160000113,中国出口集装箱运价指数(CCFI):南美航线,CCFI: South America Routes,周,1998年1月1日=1000,当期值,,中国,中华航运网,getEcoDataIndTraffictransport,2011-12-09,2026-08-07,1,147.0
801170,交通运输,2160000112,中国出口集装箱运价指数(CCFI):南非航线,CCFI: South Africa Routes,周,1998年1月1日=1000,当期值,,中国,中华航运网,getEcoDataIndTraffictransport,2002-01-04,2026-08-07,1,147.0
801170,交通运输,1040005217,国际现货价格:航空煤油,International Spot Price: Aviation Kerosene,周,美元/桶,当期值,全国,中国,商务部,getEcoDataChina,2005-01-21,2026-07-31,1,147.0
801170,交通运输,2160712503,出口金额(美元):巡航船、游览船等客运或货运船舶(8901):当月值,"Export Value (USD): Cruise Ships, Sightseeing Ships And Other Passenger Or Freight Ships(8901): Current Month Value",月,美元,当期值,中国,中国,海关总署,getEcoDataIndTraffictransport,2015-01-31,2026-06-30,1,145.0
801170,交通运输,2160712505,进出口金额(美元):巡航船、游览船等客运或货运船舶(8901):当月值,"Import And Export Value (USD): Cruise Ships, Sightseeing Ships And Other Passenger Or Freight Ships(8901): Current Month Value",月,美元,当期值,中国,中国,海关总署,getEcoDataIndTraffictransport,2015-01-31,2026-06-30,1,145.0
801170,交通运输,2160712504,进口金额(美元):巡航船、游览船等客运或货运船舶(8901):当月值,"Import Value (USD): Cruise Ships, Sightseeing Ships And Other Passenger Or Freight Ships(8901): Current Month Value",月,美元,当期值,中国,中国,海关总署,getEcoDataIndTraffictransport,2015-01-31,2026-06-30,1,145.0
801170,交通运输,2160029075,中国快递发展指数,China Express Delivery Development Index,月,点,当期值,全国,中国,国家邮政局,getEcoDataIndTraffictransport,2015-03-31,2026-06-30,1,143.0
801170,交通运输,2160029083,中国快递发展指数:发展能力,China Express Delivery Development Index: Develpment Capability,月,点,当期值,全国,中国,国家邮政局,getEcoDataIndTraffictransport,2015-03-31,2026-06-30,1,143.0
801170,交通运输,2160029076,中国快递发展指数:发展规模,China Express Delivery Development Index: Scale of Development,月,点,当期值,全国,中国,国家邮政局,getEcoDataIndTraffictransport,2015-03-31,2026-06-30,1,143.0
801170,交通运输,2160029087,中国快递发展指数:发展趋势,China Express Delivery Development Index: Development Trend,月,点,当期值,全国,中国,国家邮政局,getEcoDataIndTraffictransport,2016-12-31,2026-06-30,1,143.0
801170,交通运输,2160029079,中国快递发展指数:服务质量,China Express Delivery Development Index: Service Quality,月,点,当期值,全国,中国,国家邮政局,getEcoDataIndTraffictransport,2015-03-31,2026-06-30,1,143.0
801170,交通运输,2160029081,中国快递发展指数:服务质量:时限准时率,China Express Delivery Development Index: Service Quality: Punctuality Rate within Time Limit,月,%,当期值,全国,中国,国家邮政局,getEcoDataIndTraffictransport,2015-03-31,2026-06-30,1,143.0
801170,交通运输,2160029080,中国快递发展指数:服务质量:满意度,China Express Delivery Development Index: Service Quality: Degree of Satisfaction,月,分,当期值,全国,中国,国家邮政局,getEcoDataIndTraffictransport,2015-03-31,2026-06-30,1,143.0
801170,交通运输,1030000052,中国物流业景气指数(LPI):业务总量:季调,China Logistics Prosperity Index(LPI):Total Business Volume: Seasonal Adjustment,月,%,季调,全国,中国,中国物流与采购联合会,getEcoDataIndTraffictransport,2011-12-31,2026-07-31,1,143.0
801170,交通运输,1030000051,中国物流业景气指数(LPI):季调,China Logistics Prosperity Index (LPI):Seasonal Adjustment,月,%,季调,全国,中国,中国物流与采购联合会,getEcoDataIndTraffictransport,2011-12-31,2026-07-31,1,143.0
801170,交通运输,1030000053,中国物流业景气指数(LPI):新订单:季调,China Logistics Prosperity Index(LPI):New Orders: Seasonal Adjustment,月,%,季调,全国,中国,中国物流与采购联合会,getEcoDataIndTraffictransport,2011-12-31,2026-07-31,1,143.0
801170,交通运输,1050000375,固定资产投资完成额:交通运输、仓储和邮政业:航空运输业:累计同比,"Fixed Assets Investment Completed: Transport, Storage And Postal Industry: Air Transport Industry: Cumulative YoY",月,%,累计同比,全国,中国,国家统计局,getEcoDataChina,2004-02-29,2026-06-30,1,143.0
801170,交通运输,1050000372,固定资产投资完成额:交通运输、仓储和邮政业:铁路运输业:累计同比,"Fixed Assets Investment Completed: Transport, Storage And Postal Industry: Railway Transport Industry: Cumulative YoY",月,%,累计同比,全国,中国,国家统计局,getEcoDataChina,2004-02-29,2026-06-30,1,143.0
801170,交通运输,2160606101,快递:业务收入:当月值,Express Delivery: Business Revenue: Current Value (Month),月,亿元,当期值,全国,中国,国家邮政局,getEcoDataIndTraffictransport,2008-01-31,2026-06-30,1,143.0
801170,交通运输,2160606109,快递:业务收入:累计值:同城业务,Express Delivery: Business Income: Same City Business: Cumulative Value,月,亿元,累计值,全国,中国,国家邮政局,getEcoDataIndTraffictransport,2008-02-29,2026-06-30,1,143.0
801170,交通运输,2160606111,快递:业务收入:累计值:国际/港澳台业务,"Express Delivery: Business Income: International/Hong Kong, Macau and Taiwan Business: Cumulative Value",月,亿元,累计值,全国,中国,国家邮政局,getEcoDataIndTraffictransport,2008-02-29,2026-06-30,1,143.0
801170,交通运输,2160606110,快递:业务收入:累计值:异地业务,Express Delivery: Business Income: Inter-City Business: Cumulative Value,月,亿元,累计值,全国,中国,国家邮政局,getEcoDataIndTraffictransport,2008-02-29,2026-06-30,1,143.0
801170,交通运输,2160606112,快递:业务收入:累计同比:同城业务,Express Delivery: Business Revenue: Intra-city Service: Cumulative YoY,月,%,累计同比,全国,中国,国家邮政局,getEcoDataIndTraffictransport,2008-12-31,2026-06-30,1,143.0
801170,交通运输,2160606114,快递:业务收入:累计同比:国际/港澳台业务,"Express Delivery: Business Income: International/Hong Kong, Macau and Taiwan Business: Cumulative YoY",月,%,累计同比,全国,中国,国家邮政局,getEcoDataIndTraffictransport,2008-12-31,2026-06-30,1,143.0
801170,交通运输,2160606113,快递:业务收入:累计同比:异地业务,Express Delivery: Business Income: Inter-City Business: Cumulative YoY,月,%,累计同比,全国,中国,国家邮政局,getEcoDataIndTraffictransport,2008-12-31,2026-06-30,1,143.0
801170,交通运输,2160606102,快递:业务量:当月值,Express delivery: business volume: current value (month),月,万件,当期值,全国,中国,国家邮政局,getEcoDataIndTraffictransport,2008-01-31,2026-06-30,1,143.0
801170,交通运输,2160606118,快递:业务量:累计占比:同城业务,Express Delivery: Business Volume: Cumulative Value Proportion: Same City Business,月,%,累计占比,全国,中国,国家邮政局,getEcoDataIndTraffictransport,2008-02-29,2026-06-30,1,143.0
801170,交通运输,1040002190,月均国际现货价格:航空煤油,Average Monthly International Spot Price: Aviation Kerosene,月,美元/桶,当期值,全国,中国,商务部,getEcoDataChina,2005-01-31,2026-07-31,1,143.0
801170,交通运输,2160002813,民航总周转量:国内航线:当月值,Civil Aviation Total Turnover Volume: Domestic Airline: Current,月,万吨公里,当期值,全国,中国,中国民用航空局,getEcoDataIndTraffictransport,2006-02-28,2026-06-30,1,143.0
801170,交通运输,2160002814,民航总周转量:国际航线:当月值,Civil Aviation Total Turnover Volume: International Airline: Current,月,万吨公里,当期值,全国,中国,中国民用航空局,getEcoDataIndTraffictransport,2006-02-28,2026-06-30,1,143.0
801170,交通运输,2160002812,民航总周转量:当月值,Civil Aviation Total Turnover Volume: Current,月,万吨公里,当期值,全国,中国,中国民用航空局,getEcoDataIndTraffictransport,2006-02-28,2026-06-30,1,143.0
801170,交通运输,2160002815,民航总周转量:港澳台航线:当月值,"Civil Aviation Total Turnover Volume: Domestic Airline: Hong Kong,Macao and Taiwan: Current",月,万吨公里,当期值,全国,中国,中国民用航空局,getEcoDataIndTraffictransport,2006-02-28,2026-06-30,1,143.0
801170,交通运输,2160002777,民航旅客周转量:国内航线:当月值,Civil Aviation Passenger Turnover: Domestic Airline,月,万人公里,当期值,全国,中国,中国民用航空局,getEcoDataIndTraffictransport,2010-01-31,2026-06-30,1,143.0
801170,交通运输,2160002778,民航旅客周转量:国际航线:当月值,Civil Aviation Passenger Turnover: International Airline,月,万人公里,当期值,全国,中国,中国民用航空局,getEcoDataIndTraffictransport,2010-01-31,2026-06-30,1,143.0
801170,交通运输,2160002776,民航旅客周转量:当月值,Civil Aviation Passenger Turnover Volume,月,亿人公里,当期值,全国,中国,国家统计局,getEcoDataIndTraffictransport,1993-01-31,2026-06-30,1,143.0
801170,交通运输,2160002779,民航旅客周转量:港澳台航线:当月值,Civil Aviation Passenger Turnover: HongKong、Macaoand Taiwan Airline,月,万人公里,当期值,全国,中国,中国民用航空局,getEcoDataIndTraffictransport,2010-01-31,2026-06-30,1,143.0
801170,交通运输,2160002809,民航货物周转量:国内航线:当月值,Civil Aviation Cargo Turnover Volume: Domestic Airline: Current,月,万吨公里,当期值,全国,中国,中国民用航空局,getEcoDataIndTraffictransport,2010-01-31,2026-06-30,1,143.0
801170,交通运输,2160002810,民航货物周转量:国际航线:当月值,Civil AviationCargo Turnover Volume: International Airline: Current,月,万吨公里,当期值,全国,中国,中国民用航空局,getEcoDataIndTraffictransport,2010-01-31,2026-06-30,1,143.0
801170,交通运输,2160002808,民航货物周转量:当月值,Civil Aviation Cargo Turnover Volume: Current,月,亿吨公里,当期值,全国,中国,国家统计局,getEcoDataIndTraffictransport,1989-01-31,2026-06-30,1,143.0
801170,交通运输,2160002811,民航货物周转量:港澳台航线:当月值,"Civil AviationCargo Turnover Volume: Hong Kong,Macao and Taiwan Airline: Current",月,万吨公里,当期值,全国,中国,中国民用航空局,getEcoDataIndTraffictransport,2010-01-31,2026-06-30,1,143.0
801170,交通运输,1050000448,民间固定资产投资完成额:铁路运输业:累计同比,Fixed Assets Investment in Private: Railway Transport: Cumulative Growth,月,%,累计同比,全国,中国,国家统计局,getEcoDataChina,2012-03-31,2026-06-30,1,143.0
801180,房地产,2170742175,商品房竣工面积:住宅:当月同比,Floor Area Completed of Commodity Housing: Household: Month YoY,月,%,当期同比,全国,中国,国家统计局,getEcoDataIndRealestate,1999-08-31,2026-06-30,1,155.0
801180,房地产,2170742191,商品房销售面积:住宅:当月同比,Sales Area of Commercial Housing: Residential: Current Value (Month): YoY,月,%,当期同比,全国,中国,国家统计局,getEcoDataIndRealestate,1999-08-31,2026-06-30,1,155.0
801180,房地产,2170925026,房地产开发投资:住宅:东部地区:当月同比,Real Estate Investment: Residential: East Area: Month YoY,月,%,当期同比,全国,中国,国家统计局,getEcoDataIndRealestate,2004-03-31,2026-06-30,1,155.0
801180,房地产,2170925022,房地产开发投资:住宅:中部地区:当月同比,Real Estate Investment: Residential: Central Area: Month YoY,月,%,当期同比,全国,中国,国家统计局,getEcoDataIndRealestate,2004-03-31,2026-06-30,1,155.0
801180,房地产,2170742151,房地产开发投资:住宅:当月同比,Real Estate Development Investment: Residential: Month YoY,月,%,当期同比,全国,中国,国家统计局,getEcoDataIndRealestate,1999-03-31,2026-06-30,1,155.0
801180,房地产,2170925024,房地产开发投资:住宅:西部地区:当月同比,Real Estate Investment: Residential: Western Area: Month YoY,月,%,当期同比,全国,中国,国家统计局,getEcoDataIndRealestate,2004-03-31,2026-06-30,1,155.0
801180,房地产,2170742161,商品房新开工面积:办公楼:当月同比,Newly-built Area of Commercial Housing: Office Building: Month YoY,月,%,当期同比,全国,中国,国家统计局,getEcoDataIndRealestate,2000-03-31,2026-06-30,1,153.0
801180,房地产,2170742163,商品房新开工面积:商业营业用房:当月同比,Newly-built Area of Commercial Housing: Housing for Business Operation: Month YoY,月,%,当期同比,全国,中国,国家统计局,getEcoDataIndRealestate,2000-03-31,2026-06-30,1,153.0
801180,房地产,2170742159,商品房新开工面积:当月同比,Newly-built Area of Commercial Housing: Month YoY,月,%,当期同比,全国,中国,国家统计局,getEcoDataIndRealestate,2000-03-31,2026-06-30,1,153.0
801180,房地产,2170742167,商品房施工面积:住宅:当月同比,Construction Area of Commodity Housing: Household: Month YoY,月,%,当期同比,全国,中国,国家统计局,getEcoDataIndRealestate,1999-08-31,2026-06-30,1,153.0
801180,房地产,2170742177,商品房竣工面积:办公楼:当月同比,Floor Area Completed of Commodity Housing: Office Building: Month YoY,月,%,当期同比,全国,中国,国家统计局,getEcoDataIndRealestate,2000-03-31,2026-06-30,1,153.0
801180,房地产,2170742179,商品房竣工面积:商业营业用房:当月同比,Floor Area Completed of Commodity Housing: Commercial Premises: Month YoY,月,%,当期同比,全国,中国,国家统计局,getEcoDataIndRealestate,2000-03-31,2026-06-30,1,153.0
801180,房地产,2170742173,商品房竣工面积:当月同比,Floor Area Completed of Commodity Housing: Month YoY,月,%,当期同比,全国,中国,国家统计局,getEcoDataIndRealestate,1999-08-31,2026-06-30,1,153.0
801180,房地产,2170744841,商品房销售面积:东北地区:累计同比,Sales Area of Commercial Housing: Northeast Area: Cumulative YoY,月,%,累计同比,全国,中国,国家统计局,getEcoDataIndRealestate,2017-03-31,2026-06-30,1,153.0
801180,房地产,2170742189,商品房销售面积:办公楼:当月同比,Sales Area of Commercial Housing: Office Building: Current Value (Month): YoY,月,%,当期同比,全国,中国,国家统计局,getEcoDataIndRealestate,2000-03-31,2026-06-30,1,153.0
801180,房地产,2170742187,商品房销售面积:商业营业用房:当月同比,Sales Area of Commercial Housing: Commercial Premises: Current Value (Month): YoY,月,%,当期同比,全国,中国,国家统计局,getEcoDataIndRealestate,2000-03-31,2026-06-30,1,153.0
801180,房地产,2170742203,商品房销售面积:当月同比,Sales Area of Commercial Housing: Current Value (Month): YoY,月,%,当期同比,全国,中国,国家统计局,getEcoDataIndRealestate,1999-08-31,2026-06-30,1,153.0
801180,房地产,2170002024,商品房销售额:住宅:累计同比,Sales of Commercial Housing: Residential: Cumulative YoY,月,%,累计同比,全国,中国,国家统计局,getEcoDataIndRealestate,1999-02-28,2026-06-30,1,153.0
801180,房地产,2170925032,房地产开发投资:东部地区:当月同比,Real Estate Investment: East Area: Month YoY,月,%,当期同比,全国,中国,国家统计局,getEcoDataIndRealestate,2004-03-31,2026-06-30,1,153.0
801180,房地产,2170925028,房地产开发投资:中部地区:当月同比,Real Estate Investment: Central Area: Month YoY,月,%,当期同比,全国,中国,国家统计局,getEcoDataIndRealestate,2004-03-31,2026-06-30,1,153.0
801180,房地产,2170742155,房地产开发投资:商业营业用房:当月同比,Real Estate Development Investment: Commercial Premises: Month YoY,月,%,当期同比,全国,中国,国家统计局,getEcoDataIndRealestate,1999-03-31,2026-06-30,1,153.0
801180,房地产,2170742149,房地产开发投资:当月同比,Real Estate Development Investment: Month YoY,月,%,当期同比,全国,中国,国家统计局,getEcoDataIndRealestate,1995-03-31,2026-06-30,1,153.0
801180,房地产,2170925030,房地产开发投资:西部地区:当月同比,Real Estate Investment: Western Area: Month YoY,月,%,当期同比,全国,中国,国家统计局,getEcoDataIndRealestate,2004-03-31,2026-06-30,1,153.0
801180,房地产,2170742153,房地产开发投资完成额:办公楼:当月同比,Real Estate Development Investment: Office Building: Month YoY,月,%,当期同比,全国,中国,国家统计局,getEcoDataIndRealestate,1999-03-31,2026-06-30,1,153.0
801180,房地产,1050000035,房地产开发投资完成额:当月同比,Real Estate Development Investment Completed Amount: YoY,月,%,当期同比,全国,中国,Datayes!,getEcoDataChina,1992-03-31,2026-06-30,1,153.0
801180,房地产,2170915530,二手住宅价格指数:一线城市:当月同比,,月,上年同期=100,当期同比,全国,中国,国家统计局,getEcoDataIndRealestate,2006-01-31,2026-06-30,1,151.0
801180,房地产,2170915531,二手住宅价格指数:三线城市:当月同比,,月,上年同期=100,当期同比,全国,中国,国家统计局,getEcoDataIndRealestate,2006-01-31,2026-06-30,1,151.0
801180,房地产,2170915532,二手住宅价格指数:二线城市:当月同比,,月,上年同期=100,当期同比,全国,中国,国家统计局,getEcoDataIndRealestate,2006-01-31,2026-06-30,1,151.0
801180,房地产,2170915526,二手住宅价格指数:环比,,月,上月=100,当期环比,全国,中国,国家统计局,getEcoDataIndRealestate,2006-01-31,2026-06-30,1,151.0
801180,房地产,2170000524,全国:二手住宅价格指数:同比,(Discontinued)National: Price Index of Second-hand Residence: YoY,月,上年同期=100,当期同比,全国,中国,国家统计局,getEcoDataIndRealestate,2006-01-31,2026-06-30,1,151.0
801180,房地产,2170000309,全国:新建商品住宅价格指数:同比,(Discontinued)National: New Commercial Housing Price Index: YoY,月,上年同期=100,当期同比,全国,中国,国家统计局,getEcoDataIndRealestate,2006-01-31,2026-06-30,1,151.0
801180,房地产,2170742169,商品房施工面积:办公楼:当月同比,Construction Area of Commodity Housing: Office Building: Month YoY,月,%,当期同比,全国,中国,国家统计局,getEcoDataIndRealestate,2000-03-31,2026-06-30,1,151.0
801180,房地产,2170742171,商品房施工面积:商业营业用房:当月同比,Construction Area of Commodity Housing: Commercial Premises: Month YoY,月,%,当期同比,全国,中国,国家统计局,getEcoDataIndRealestate,2000-03-31,2026-06-30,1,151.0
801180,房地产,2170742165,商品房施工面积:当月同比,Construction Area of Commodity Housing: Month YoY,月,%,当期同比,全国,中国,国家统计局,getEcoDataIndRealestate,1999-08-31,2026-06-30,1,151.0
801180,房地产,2170002026,商品房销售额:办公楼:累计同比,Sales Amount of Commercial Housing: Office Building: Cumulative YoY,月,%,累计同比,全国,中国,国家统计局,getEcoDataIndRealestate,2000-02-29,2026-06-30,1,151.0
801180,房地产,2170002028,商品房销售额:商业营业用房:累计同比,Sales Amount of Commercial Housing: Houses for Business Use: Cumulative YoY,月,%,累计同比,全国,中国,国家统计局,getEcoDataIndRealestate,2000-02-29,2026-06-30,1,151.0
801180,房地产,2170742201,商品房销售额:当月同比,Sales of Commercial Housing: Current Value (Month): YoY,月,%,当期同比,全国,中国,国家统计局,getEcoDataIndRealestate,1999-08-31,2026-06-30,1,151.0
801180,房地产,1050000382,固定资产投资完成额:房地产业:累计同比,Fixed Assets Investment Realized: Cumulative YoY: Real Estate Sector,月,%,累计同比,全国,中国,国家统计局,getEcoDataChina,2004-02-29,2026-06-30,1,151.0
801180,房地产,1050003107,固定资产投资新开工项目计划总投资额:累计同比,Fixed Assets Investment In New Projects Planned Total Investment: Cumulative YoY,月,%,累计同比,全国,中国,国家统计局,getEcoDataChina,1998-02-28,2026-06-30,1,151.0
801180,房地产,2170925010,房地产开发企业资金来源:个人按揭贷款:当月同比,Fund Sources of Real Estate Development Enterprise: Personal Mortgage Loan: Month YoY,月,%,当期同比,全国,中国,国家统计局,getEcoDataIndRealestate,2007-03-31,2026-06-30,1,151.0
801180,房地产,2170924998,房地产开发企业资金来源:利用外资:当月同比,Fund Source of Real Estate Development Enterprise: Utilize Foreign Investment: Month YoY,月,%,当期同比,全国,中国,国家统计局,getEcoDataIndRealestate,1999-08-31,2026-06-30,1,151.0
801180,房地产,2170924994,房地产开发企业资金来源:合计:当月同比,Fund Source of Real Estate Development Enterprise: Total: Month YoY,月,%,当期同比,全国,中国,国家统计局,getEcoDataIndRealestate,1999-08-31,2026-06-30,1,151.0
801180,房地产,2170924996,房地产开发企业资金来源:国内贷款:当月同比,Fund Source of Real Estate Development Enterprise: Domestic Loans: Month YoY,月,%,当期同比,全国,中国,国家统计局,getEcoDataIndRealestate,1999-08-31,2026-06-30,1,151.0
801180,房地产,2170925012,房地产开发企业资金来源:定金及预付款:当月同比,Fund Source of Real Estate Development Enterprise: Other Funds: Deposit and Advance Payment:Month YoY,月,%,当期同比,全国,中国,国家统计局,getEcoDataIndRealestate,1999-08-31,2026-06-30,1,151.0
801180,房地产,2170925000,房地产开发企业资金来源:自筹资金:当月同比,Fund Source of Real Estate Development Enterprise: Self-Raised Funds: Month YoY,月,%,当期同比,全国,中国,国家统计局,getEcoDataIndRealestate,1999-08-31,2026-06-30,1,151.0
801180,房地产,2170915519,新建商品住宅价格指数:一线城市:同比,,月,上年同期=100,当期同比,全国,中国,国家统计局,getEcoDataIndRealestate,2006-01-31,2026-06-30,1,151.0
801180,房地产,2170915521,新建商品住宅价格指数:三线城市:同比,,月,上年同期=100,当期同比,全国,中国,国家统计局,getEcoDataIndRealestate,2006-01-31,2026-06-30,1,151.0
801180,房地产,2170915520,新建商品住宅价格指数:二线城市:同比,,月,上年同期=100,当期同比,全国,中国,国家统计局,getEcoDataIndRealestate,2006-01-31,2026-06-30,1,151.0
801180,房地产,2170923948,房屋建筑新开工面积:累计同比,New Construction Area: Cumulative,季,%,累计同比,中国,中国,Datayes!,getEcoDataIndRealestate,2004-06-30,2026-06-30,1,147.0
801180,房地产,2170923946,房屋建筑竣工面积:累计同比,Floor Space of Completed Building: Cumulative,季,%,累计同比,中国,中国,Datayes!,getEcoDataIndRealestate,2005-03-31,2026-06-30,1,147.0
801180,房地产,2170002040,商品房待售面积:住宅:累计同比,Area for sale of Commercial Residential: Residential: YTD: YoY,月,%,累计同比,,中国,国家统计局,getEcoDataIndRealestate,2011-12-31,2026-06-30,1,145.0
801180,房地产,2170923735,商品房新开工面积:住宅:当月同比,Newly-built Area of Commercial Housing: Residential: Month YoY,月,%,当期同比,,中国,国家统计局,getEcoDataIndRealestate,1999-08-31,2026-06-30,1,145.0
801180,房地产,2170915522,二手住宅价格指数:定基,,月,2020年=100,当期值,全国,中国,国家统计局,getEcoDataIndRealestate,2016-01-31,2026-06-30,1,143.0
801180,房地产,1050021396,占固定资产投资完成额比重:房地产开发,Percentage in Fixed Assets Investment Completed: Real Estate Development,月,%,累计占比,全国,中国,Datayes!,getEcoDataChina,1991-12-31,2026-06-30,1,143.0
801180,房地产,2170002038,商品房待售面积:办公楼:累计同比,Area for sale of Commercial Residential: Office Building: YTD: YoY,月,%,累计同比,,中国,国家统计局,getEcoDataIndRealestate,2011-12-31,2026-06-30,1,143.0
801180,房地产,2170002042,商品房待售面积:商业营业用房:累计同比,Area for sale of Commercial Residential: Houses for Business use: YTD: YoY,月,%,累计同比,,中国,国家统计局,getEcoDataIndRealestate,2011-12-31,2026-06-30,1,143.0
801180,房地产,2170915566,商品房待售面积:当月同比,,月,%,当期同比,,中国,国家统计局,getEcoDataIndRealestate,2013-03-31,2026-06-30,1,143.0
801180,房地产,2170002020,商品房销售面积:东部地区:累计同比,Sales Area of commercial housing: East Area: YTD: YoY,月,%,累计同比,东部,中国,国家统计局,getEcoDataIndRealestate,2004-02-29,2026-06-30,1,143.0
801180,房地产,2170002016,商品房销售面积:中部地区:累计同比,Sales Area of commercial housing: Central Area: YTD: YoY,月,%,累计同比,中部,中国,国家统计局,getEcoDataIndRealestate,2004-02-29,2026-06-30,1,143.0
801180,房地产,2170002018,商品房销售面积:西部地区:累计同比,Sales Area of commercial housing: Western Area: YTD: YoY,月,%,累计同比,西部,中国,国家统计局,getEcoDataIndRealestate,2004-02-29,2026-06-30,1,143.0
801180,房地产,2170908641,新建商品住宅价格指数:定基,,月,2020年=100,当期值,全国,中国,国家统计局,getEcoDataIndRealestate,2016-01-31,2026-06-30,1,143.0
801180,房地产,2170926716,百度搜索指数:房价,Baidu Search Index: Housing Price,日,次,当期值,全国,中国,互联网,getEcoDataIndRealestate,2017-07-01,2026-08-07,1,142.0
801180,房地产,2170926698,百度搜索指数:房价:30日均值,Baidu Search Index: Housing Price: 30-Day Daily Mean Value,日,次,均值,全国,,互联网,getEcoDataIndRealestate,2017-07-01,2026-08-07,1,142.0
801180,房地产,2170926719,百度搜索指数:房价:30日均值:PC,Baidu Search Index: Housing Price: 30-Day Daily Mean Value: PC,日,次,均值,全国,中国,互联网,getEcoDataIndRealestate,2017-07-01,2026-08-07,1,142.0
801180,房地产,2170926700,百度搜索指数:房价:30日均值:移动,Baidu Search Index: Housing Price: 30-Day Daily Mean Value: Mobile,日,次,均值,全国,,互联网,getEcoDataIndRealestate,2017-07-01,2026-08-07,1,142.0
801180,房地产,2170926718,百度搜索指数:房价:PC,Baidu Search Index: Housing Price: PC,日,次,当期值,全国,中国,互联网,getEcoDataIndRealestate,2017-07-01,2026-08-07,1,142.0
801180,房地产,2170926717,百度搜索指数:房价:移动,Baidu Search Index: Housing Price: Mobile,日,次,当期值,全国,中国,互联网,getEcoDataIndRealestate,2017-07-01,2026-08-07,1,142.0
801180,房地产,2170926715,百度资讯指数:房价,Baidu Information Index: Housing Price,日,次,当期值,全国,中国,互联网,getEcoDataIndRealestate,2017-07-03,2026-08-07,1,142.0
801180,房地产,2170926702,百度资讯指数:房价:30日均值,Baidu Information Index: Housing Price: 30-Day Daily Mean Value,日,次,均值,全国,,互联网,getEcoDataIndRealestate,2017-07-03,2026-08-07,1,142.0
801180,房地产,2170000021,70个大中城市:二手住宅价格:同比上涨城市,70 Big and Medium-size Cities: Secondhand House Prices: Cities with rising value compared with same period,月,个,当期值,,中国,国家统计局,getEcoDataIndRealestate,2005-07-31,2026-04-30,1,141.0
801180,房地产,2170000019,70个大中城市:二手住宅价格:同比下降城市,70 Big and Medium-size Cities: Secondhand House Prices: Cities with lowing value compared with same period,月,个,当期值,,中国,国家统计局,getEcoDataIndRealestate,2005-07-31,2026-04-30,1,141.0
801180,房地产,2170000020,70个大中城市:二手住宅价格:同比持平城市,70 Big and Medium-size Cities: Secondhand House Prices: Value staying cities compared with same period,月,个,当期值,,中国,国家统计局,getEcoDataIndRealestate,2005-07-31,2026-06-30,1,141.0
801180,房地产,2170000023,70个大中城市:二手住宅价格:同比最低,70 Big and Medium-size Cities: Secondhand House Prices: Minimum value compared with same period,月,上年同期=100,同比最低,,中国,国家统计局,getEcoDataIndRealestate,2011-01-31,2026-06-30,1,141.0
801180,房地产,2170000022,70个大中城市:二手住宅价格:同比最高,70 Big and Medium-size Cities: Secondhand House Prices: Maximum value compared with same period,月,上年同期=100,同比最高,,中国,国家统计局,getEcoDataIndRealestate,2011-01-31,2026-06-30,1,141.0
801180,房地产,2170700023,住宅房屋竣工面积:累计值,Floor Space of Completed Residential Building: Cumulative,季,万平方米,累计值,全国,中国,国家统计局,getEcoDataIndRealestate,2004-03-31,2026-06-30,1,141.0
801180,房地产,2170744843,商品房销售额:东北地区:累计同比,Sales of Commercial Housing: Northeast Area: Cumulative YoY,月,%,累计同比,东北地区,中国,国家统计局,getEcoDataIndRealestate,2017-03-31,2026-06-30,1,141.0
801180,房地产,2170002034,商品房销售额:东部地区:累计同比,Sales amount of commercial housing: East Area: YTD: YoY,月,%,累计同比,东部,中国,国家统计局,getEcoDataIndRealestate,2011-12-31,2026-06-30,1,141.0
801180,房地产,2170002030,商品房销售额:中部地区:累计同比,Sales amount of commercial housing: Central Area: YTD: YoY,月,%,累计同比,中部,中国,国家统计局,getEcoDataIndRealestate,2011-12-31,2026-06-30,1,141.0
801180,房地产,2170002032,商品房销售额:西部地区:累计同比,Sales amount of commercial housing: Western Area: YTD: YoY,月,%,累计同比,西部,中国,国家统计局,getEcoDataIndRealestate,2011-12-31,2026-06-30,1,141.0
801180,房地产,1010008425,GDP:不变价:房地产业:当季同比,GDP: at Constant Price: Real Estate: Current Quarter YoY,季,%,当期同比,全国,中国,国家统计局,getEcoDataChina,1993-03-31,2026-06-30,1,139.0
801200,商贸零售,2200000457,全国百家重点大型零售企业商品零售额:化妆品:当月同比,Merchandise Sales of National Hundred Key Large-Scale Enterprise: Cosmetic: YoY,月,%,当期同比,,中国,中华全国商业信息中心,getEcoDataIndCommercialtrade,2011-03-31,2026-04-30,1,145.0
801200,商贸零售,2200000460,全国百家重点大型零售企业商品零售额:家用电器:当月同比,Merchandise Sales of National Hundred Key Large-Scale Enterprise: Household Appliances: YoY,月,%,当期同比,,中国,中华全国商业信息中心,getEcoDataIndCommercialtrade,2007-04-30,2026-03-31,1,145.0
801200,商贸零售,2200000454,全国百家重点大型零售企业商品零售额:当月同比,Merchandise Sales of National Hundred Key Large-Scale Enterprise: YoY,月,%,当期同比,,中国,中华全国商业信息中心,getEcoDataIndCommercialtrade,2007-04-30,2026-06-30,1,145.0
801200,商贸零售,2200000458,全国百家重点大型零售企业商品零售额:日用品:当月同比,Merchandise Sales of National Hundred Key Large-Scale Enterprise: Commodity: YoY,月,%,当期同比,,中国,中华全国商业信息中心,getEcoDataIndCommercialtrade,2011-03-31,2026-04-30,1,145.0
801200,商贸零售,2200000459,全国百家重点大型零售企业商品零售额:金银珠宝:当月同比,Merchandise Sales of National Hundred Key Large-Scale Enterprise: Gold and Silver Jewelry: YoY,月,%,当期同比,,中国,中华全国商业信息中心,getEcoDataIndCommercialtrade,2007-04-30,2026-05-31,1,145.0
801200,商贸零售,2200000455,全国百家重点大型零售企业商品零售额:食品:当月同比,Merchandise Sales of National Hundred Key Large-Scale Enterprise: Food: YoY,月,%,当期同比,,中国,中华全国商业信息中心,getEcoDataIndCommercialtrade,2007-04-30,2026-04-30,1,145.0
801200,商贸零售,1050000370,固定资产投资完成额:批发和零售业:累计同比,Fixed Assets Investment Realized: Cumulative YoY: Wholesale and Retail,月,%,累计同比,全国,中国,国家统计局,getEcoDataChina,2004-02-29,2026-06-30,1,143.0
801200,商贸零售,1010008421,GDP:不变价:批发和零售业:当季同比,GDP: at Constant Price: Wholesale and Retail Trades: Current Quarter YoY,季,%,当期同比,全国,中国,国家统计局,getEcoDataChina,1993-03-31,2026-06-30,1,139.0
801200,商贸零售,1010000025,GDP:不变价:批发和零售业:累计同比,GDP: at Constant Price: Wholesale and Retail Trades: Cumulative YoY,季,%,累计同比,全国,中国,国家统计局,getEcoDataChina,1953-12-31,2026-06-30,1,139.0
801200,商贸零售,1010017950,GDP:现价:初步核算数:批发和零售业:当季同比,GDP: at Current Price: Preliminary Accounting Results: Wholesale and Retail Trades: Current Quarter YoY,季,%,初值同比,全国,中国,Datayes!,getEcoDataChina,2016-09-30,2026-06-30,1,139.0
801200,商贸零售,1010017977,GDP:现价:初步核算数:批发和零售业:累计同比,GDP: at Current Price: Preliminary Accounting Results: Wholesale and Retail Trades: Cumulative YoY,季,%,累计同比(初值),全国,中国,Datayes!,getEcoDataChina,2013-09-30,2026-06-30,1,139.0
801200,商贸零售,1010015487,GDP:现价:批发和零售业:当季同比,GDP: at Current Price: Wholesale and Retail Trades: Current Quarter YoY,季,%,当期同比,全国,中国,Datayes!,getEcoDataChina,1993-03-31,2026-06-30,1,139.0
801200,商贸零售,1010015488,GDP:现价:批发和零售业:累计同比,GDP: at Current Price: Wholesale and Retail Trades: Cumulative YoY,季,%,累计同比,全国,中国,Datayes!,getEcoDataChina,1953-12-31,2026-06-30,1,139.0
801200,商贸零售,1010014354,GDP平减指数:批发和零售业:当季同比,GDP Deflators Index: Wholesale and Retail Trades: Current Quarter YoY,季,%,当期同比,全国,中国,Datayes!,getEcoDataChina,1993-03-31,2026-06-30,1,139.0
801200,商贸零售,1010014342,GDP平减指数:批发和零售业:累计同比,GDP Deflators Index: Wholesale and Retail Trades: Cumulative YoY,季,%,累计同比,全国,中国,Datayes!,getEcoDataChina,1993-03-31,2026-06-30,1,139.0
801200,商贸零售,1010000049,GDP累计同比贡献率:批发和零售业,Share of the Contributions to the Increase of the Accumulated GDP: Wholesale and Retail Trades,季,%,当期值,全国,中国,Datayes!,getEcoDataChina,1993-03-31,2026-06-30,1,139.0
801200,商贸零售,1010000061,对GDP累计同比的拉动:批发和零售业,Contribution to the Accumulated GDP Growth: Wholesale and Retail Trades,季,百分点,当期值,全国,中国,Datayes!,getEcoDataChina,1993-03-31,2026-06-30,1,139.0
801200,商贸零售,1010014281,GDP指数:批发和零售业:当季值,Indices of GDP: Wholesale and Retail Trades: Current Quarter Value,季,上年同期=100,当期同比,全国,中国,国家统计局,getEcoDataChina,1993-03-31,2026-06-30,1,131.0
801200,商贸零售,1010014297,GDP指数:批发和零售业:累计值,Indices of GDP: Wholesale and Retail Trades: Cumulative Value,季,上年同期=100,累计同比,全国,中国,国家统计局,getEcoDataChina,1993-03-31,2026-06-30,1,131.0
801200,商贸零售,1030000473,企业景气指数:即期指数:批发和零售业,Business Climate Index: Current: Wholesale And Retail Trade,季,%,当期值,全国,中国,国家统计局,getEcoDataChina,2012-03-31,2026-06-30,1,131.0
801200,商贸零售,1030000130,企业景气指数:批发和零售业,Corporate Boom Index: Wholesale and Retail Trade Industry,季,%,当期值,全国,中国,国家统计局,getEcoDataChina,1999-03-31,2026-06-30,1,131.0
801200,商贸零售,1030000533,企业景气指数:预期指数:批发和零售业,Business Climate Index: Expectation: Wholesale And Retail Trade,季,%,当期值,全国,中国,国家统计局,getEcoDataChina,2012-03-31,2026-06-30,1,131.0
801200,商贸零售,1030000169,大额商品消费意愿比例,Large Purchasing Intent Ratio,季,%,当期值,全国,中国,中国人民银行,getEcoDataChina,2010-12-31,2025-12-31,1,131.0
801200,商贸零售,1030000164,消费意愿比例,Consumption Intention Ratio,季,%,当期值,全国,中国,中国人民银行,getEcoDataChina,2009-03-31,2025-12-31,1,131.0
801200,商贸零售,1030002264,消费者信心指数,Consumer Confidence Index,季,%,当期值,全国,中国,Datayes!,getEcoDataChina,1998-09-30,2026-06-30,1,131.0
801200,商贸零售,3240008663,OECD消费者信心指数:幅度调节型:G7,OECD Standardised CCI: Amplitude Adjusted: G7,月,长期平均=100,季调,,G7国家,OECD,getEcoDataGlobeRest,1973-01-31,2026-06-30,1,105.0
801200,商贸零售,3240008670,OECD消费者信心指数:幅度调节型:中国,OECD Standardised CCI: Amplitude Adjusted: China (People's Republic of),月,长期平均=100,季调,,中国,OECD,getEcoDataGlobeRest,1990-01-31,2026-03-31,1,105.0
801200,商贸零售,3240008682,OECD消费者信心指数:幅度调节型:丹麦,OECD Standardised CCI: Amplitude Adjusted: Denmark,月,长期平均=100,季调,,丹麦,OECD,getEcoDataGlobeRest,1974-01-31,2026-06-30,1,105.0
801200,商贸零售,3240008664,OECD消费者信心指数:幅度调节型:五个主要亚洲国家,OECD Standardised CCI: Amplitude Adjusted: Major Five Asia,月,长期平均=100,季调,,,OECD,getEcoDataGlobeRest,1990-01-31,2026-04-30,1,105.0
801200,商贸零售,3240008705,OECD消费者信心指数:幅度调节型:以色列,OECD Standardised CCI: Amplitude Adjusted: Israel,月,长期平均=100,季调,,以色列,OECD,getEcoDataGlobeRest,2011-03-31,2026-04-30,1,105.0
801200,商贸零售,3240008685,OECD消费者信心指数:幅度调节型:匈牙利,OECD Standardised CCI: Amplitude Adjusted: Hungary,月,长期平均=100,季调,,匈牙利,OECD,getEcoDataGlobeRest,1993-02-28,2026-06-30,1,105.0
801200,商贸零售,3240008687,OECD消费者信心指数:幅度调节型:卢森堡,OECD Standardised CCI: Amplitude Adjusted: Luxemburg,月,长期平均=100,季调,,卢森堡,OECD,getEcoDataGlobeRest,2002-01-31,2026-06-30,1,105.0
801200,商贸零售,3240008698,OECD消费者信心指数:幅度调节型:土耳其,OECD Standardised CCI: Amplitude Adjusted: Turkey,月,长期平均=100,季调,,土耳其,OECD,getEcoDataGlobeRest,2004-01-31,2026-06-30,1,105.0
801200,商贸零售,3240008688,OECD消费者信心指数:幅度调节型:墨西哥,OECD Standardised CCI: Amplitude Adjusted: Mexico,月,长期平均=100,季调,,墨西哥,OECD,getEcoDataGlobeRest,2001-04-30,2026-06-30,1,105.0
801200,商贸零售,3240008679,OECD消费者信心指数:幅度调节型:奥地利,OECD Standardised CCI: Amplitude Adjusted: Austria,月,长期平均=100,季调,,奥地利,OECD,getEcoDataGlobeRest,1977-01-31,2026-06-30,1,105.0
801200,商贸零售,3240008684,OECD消费者信心指数:幅度调节型:希腊,OECD Standardised CCI: Amplitude Adjusted: Greece,月,长期平均=100,季调,,希腊,OECD,getEcoDataGlobeRest,1985-01-31,2026-06-30,1,105.0
801200,商贸零售,3240008681,OECD消费者信心指数:幅度调节型:捷克共和国,OECD Standardised CCI: Amplitude Adjusted: Czech Republic,月,长期平均=100,季调,,捷克,OECD,getEcoDataGlobeRest,1995-01-31,2026-06-30,1,105.0
801200,商贸零售,3240008694,OECD消费者信心指数:幅度调节型:斯洛伐克,OECD Standardised CCI: Amplitude Adjusted: Slovak Republic,月,长期平均=100,季调,,斯洛伐克,OECD,getEcoDataGlobeRest,1999-04-30,2026-06-30,1,105.0
801200,商贸零售,3240008704,OECD消费者信心指数:幅度调节型:斯洛文尼亚,OECD Standardised CCI: Amplitude Adjusted: Slovenia,月,长期平均=100,季调,,斯洛文尼亚,OECD,getEcoDataGlobeRest,1996-03-31,2026-06-30,1,105.0
801200,商贸零售,3240008690,OECD消费者信心指数:幅度调节型:新西兰,OECD Standardised CCI: Amplitude Adjusted: New Zealand,月,长期平均=100,季调,,新西兰,OECD,getEcoDataGlobeRest,1988-06-30,2026-06-30,1,105.0
801200,商贸零售,2120000715,常熟男装景气指数:电商,Climate Index of Men's Clothing in Changshu: Electricity Supplier,月,点,当期值,,中国,中国常熟男装指数,getEcoDataIndTextileclothing,2013-12-31,2026-06-30,1,105.0
801210,社会服务,2180708870,国内旅游人数:累计值,Number of Domestic Tourists: Cumulative Value,季,亿人次,累计值,全国,中国,中华人民共和国文化和旅游部,getEcoDataIndCateringtourism,2002-12-31,2026-03-31,1,141.0
801210,社会服务,2180708872,国内旅游人数:累计值:农村居民,Domestic Tourist Number: Cumulative Value: Rural Resident,季,亿人次,累计值,全国,中国,中华人民共和国文化和旅游部,getEcoDataIndCateringtourism,2002-12-31,2026-03-31,1,141.0
801210,社会服务,2180708871,国内旅游人数:累计值:城镇居民,Domestic Tourist Number: Cumulative Value: Urban Resident,季,亿人次,累计值,全国,中国,中华人民共和国文化和旅游部,getEcoDataIndCateringtourism,2002-12-31,2026-03-31,1,141.0
801210,社会服务,2180708873,国内旅游消费:累计值,Domestic Tourism Consumption: Cumulative Value,季,万亿元,累计值,全国,中国,中华人民共和国文化和旅游部,getEcoDataIndCateringtourism,2002-12-31,2026-03-31,1,141.0
801210,社会服务,2180708875,国内旅游消费:累计值:农村居民,Domestic Tourism Consumption: Cumulative Value: Rural Resident,季,万亿元,累计值,全国,中国,中华人民共和国文化和旅游部,getEcoDataIndCateringtourism,2002-12-31,2026-03-31,1,141.0
801210,社会服务,2180708874,国内旅游消费:累计值:城镇居民,Domestic Tourism Consumption: Cumulative Value: Urban Resident,季,万亿元,累计值,全国,中国,中华人民共和国文化和旅游部,getEcoDataIndCateringtourism,2002-12-31,2026-03-31,1,141.0
801210,社会服务,1040005237,CPI:教育文化和娱乐:教育服务(上年同月=100),CPI: Educational Culture and Entertainment: Educational Services (CYoY=100),月,上年同月=100,当期值,全国,中国,国家统计局,getEcoDataChina,2001-01-31,2026-06-30,1,135.0
801210,社会服务,1040000057,CPI:教育文化和娱乐:旅行社及其他旅游服务(上年同月=100),CPI: Educational Culture and Entertainment: Travel Services and Other Tourism-related Services (CYoY=100),月,上年同月=100,当期值,全国,中国,国家统计局,getEcoDataChina,2001-01-31,2026-06-30,1,135.0
801210,社会服务,1050000378,固定资产投资完成额:住宿和餐饮业:累计同比,Fixed Assets Investment Realized: Cumulative YoY: Accommodation and Catering,月,%,累计同比,全国,中国,国家统计局,getEcoDataChina,2004-02-29,2026-06-30,1,135.0
801210,社会服务,1010008423,GDP:不变价:住宿和餐饮业:当季同比,GDP: at Constant Price: Accommodation and Restaurants: Current Quarter YoY,季,%,当期同比,全国,中国,国家统计局,getEcoDataChina,1993-03-31,2026-06-30,1,131.0
801210,社会服务,1010000026,GDP:不变价:住宿和餐饮业:累计同比,GDP: at Constant Price: Accommodation and Restaurants: Cumulative YoY,季,%,累计同比,全国,中国,国家统计局,getEcoDataChina,1953-12-31,2026-06-30,1,131.0
801210,社会服务,1010008406,GDP:现价:住宿和餐饮业:当季值,GDP: at Current Price: Accommodation and Restaurants: Current Quarter Value,季,亿元,当期值,全国,中国,国家统计局,getEcoDataChina,1992-03-31,2026-06-30,1,131.0
801210,社会服务,1010000013,GDP:现价:住宿和餐饮业:累计值,GDP: at Current Price: Accommodation and Restaurants: Cumulative Value,季,亿元,累计值,全国,中国,国家统计局,getEcoDataChina,1952-12-31,2026-06-30,1,131.0
801210,社会服务,1010017937,GDP:现价:初步核算数:住宿和餐饮业:当季值,GDP: at Current Price: Preliminary Accounting Results: Accommodation and Restaurants: Current Quarter Value,季,亿元,初值,全国,中国,国家统计局,getEcoDataChina,2015-09-30,2026-06-30,1,131.0
801210,社会服务,1010017964,GDP:现价:初步核算数:住宿和餐饮业:累计值,GDP: at Current Price: Preliminary Accounting Results: Accommodation and Restaurants: Cumulative Value,季,亿元,累计值(初值),全国,中国,国家统计局,getEcoDataChina,2012-09-30,2026-06-30,1,131.0
801210,社会服务,1010014356,GDP平减指数:住宿和餐饮业:当季同比,GDP Deflators Index: Accommodation and Restaurants: Current Quarter YoY,季,%,当期同比,全国,中国,Datayes!,getEcoDataChina,1993-03-31,2026-06-30,1,131.0
801210,社会服务,1010014344,GDP平减指数:住宿和餐饮业:累计同比,GDP Deflators Index: Accommodation and Restaurants: Cumulative YoY,季,%,累计同比,全国,中国,Datayes!,getEcoDataChina,1993-03-31,2026-06-30,1,131.0
801210,社会服务,1010014283,GDP指数:住宿和餐饮业:当季值,Indices of GDP: Accommodation and Restaurants: Current Quarter Value,季,上年同期=100,当期同比,全国,中国,国家统计局,getEcoDataChina,1993-03-31,2026-06-30,1,131.0
801210,社会服务,1010014299,GDP指数:住宿和餐饮业:累计值,Indices of GDP: Accommodation and Restaurants: Cumulative Value,季,上年同期=100,累计同比,全国,中国,国家统计局,getEcoDataChina,1993-03-31,2026-06-30,1,131.0
801210,社会服务,1010000050,GDP累计同比贡献率:住宿和餐饮业,Share of the Contributions to the Increase of the Accumulated GDP: Accommodation and Restaurants,季,%,当期值,全国,中国,Datayes!,getEcoDataChina,1993-03-31,2026-06-30,1,131.0
801210,社会服务,1030000131,企业景气指数:住宿和餐饮业,Industry Prosperity Index: Accommodation and Catering Industry: Value in Current Quarter,季,%,当期值,全国,中国,国家统计局,getEcoDataChina,2002-03-31,2026-06-30,1,131.0
801210,社会服务,1030000475,企业景气指数:即期指数:住宿和餐饮业,Business Climate Index: Current: Accommodation And Catering Trade,季,%,当期值,全国,中国,国家统计局,getEcoDataChina,2012-03-31,2026-06-30,1,131.0
801210,社会服务,1030000535,企业景气指数:预期指数:住宿和餐饮业,Business Climate Index: Expectation: Accommodation And Catering Trade,季,%,当期值,全国,中国,国家统计局,getEcoDataChina,2012-03-31,2026-06-30,1,131.0
801210,社会服务,1010000062,对GDP累计同比的拉动:住宿和餐饮业,Contribution to the Accumulated GDP Growth: Accommodation and Restaurants,季,百分点,当期值,全国,中国,Datayes!,getEcoDataChina,1993-03-31,2026-06-30,1,131.0
801210,社会服务,3190000996,南非:每间客房收入:现价:酒店:同比:未季调,South Africa: Income Per Stay Unit Nights Sold: At Current Prices: Hotels: YoY: NSA,月,%,当期同比,南非,南非,南非统计局,getEcoDataGlobeRest,2008-01-31,2026-05-31,1,121.0
801210,社会服务,3190000956,南非:每间客房收入:现价:酒店:季调,South Africa: Income Per Stay Unit Nights Sold: At Current Prices: Hotels: SA,月,兰特,季调,南非,南非,南非统计局,getEcoDataGlobeRest,2007-01-31,2026-05-31,1,121.0
801210,社会服务,3190000921,南非:每间客房收入:现价:酒店:未季调,South Africa: Income Per Stay Unit Nights Sold: At Current Prices: Hotels: NSA,月,兰特,当期值,南非,南非,南非统计局,getEcoDataGlobeRest,2007-01-31,2026-05-31,1,121.0
801210,社会服务,3190001031,南非:每间客房收入:现价:酒店:环比:季调,South Africa: Income Per Stay Unit Nights Sold: At Current Prices: Hotels: MoM: SA,月,%,环比(季调),南非,南非,南非统计局,getEcoDataGlobeRest,2007-02-28,2026-05-31,1,121.0
801210,社会服务,3190001006,南非:住宿收入:现价:酒店:同比:未季调,South Africa: Income from Accommodation: At Current Prices: Hotels: YoY: NSA,月,%,当期同比,南非,南非,南非统计局,getEcoDataGlobeRest,2008-01-31,2026-05-31,1,113.0
801210,社会服务,3190000966,南非:住宿收入:现价:酒店:季调,South Africa: Income from Accommodation: At Current Prices: Hotels: SA,月,百万兰特,季调,南非,南非,南非统计局,getEcoDataGlobeRest,2007-01-31,2026-05-31,1,113.0
801210,社会服务,3190000931,南非:住宿收入:现价:酒店:未季调,South Africa: Income from Accommodation: At Current Prices: Hotels: NSA,月,百万兰特,当期值,南非,南非,南非统计局,getEcoDataGlobeRest,2007-01-31,2026-05-31,1,113.0
801210,社会服务,3190001041,南非:住宿收入:现价:酒店:环比:季调,South Africa: Income from Accommodation: At Current Prices: Hotels: MoM: SA,月,%,环比(季调),南非,南非,南非统计局,getEcoDataGlobeRest,2007-02-28,2026-05-31,1,113.0
801210,社会服务,3190000991,南非:入住率:酒店:同比:未季调,South Africa: Occupancy Rate: Hotels: YoY: NSA,月,%,当期同比,南非,南非,南非统计局,getEcoDataGlobeRest,2008-01-31,2026-05-31,1,113.0
801210,社会服务,3190000951,南非:入住率:酒店:季调,South Africa: Occupancy Rate: Hotels: SA,月,%,季调,南非,南非,南非统计局,getEcoDataGlobeRest,2007-01-31,2026-05-31,1,113.0
801210,社会服务,3190000916,南非:入住率:酒店:未季调,South Africa: Occupancy Rate: Hotels: NSA,月,%,当期值,南非,南非,南非统计局,getEcoDataGlobeRest,2007-01-31,2026-05-31,1,113.0
801210,社会服务,3190001026,南非:入住率:酒店:环比:季调,South Africa: Occupancy Rate: Hotels: MoM: SA,月,%,环比(季调),南非,南非,南非统计局,getEcoDataGlobeRest,2007-02-28,2026-05-31,1,113.0
801210,社会服务,3190001016,南非:其他收入:现价:酒店:同比:未季调,South Africa: Other Income: At Current Prices: Hotels: YoY: NSA,月,%,当期同比,南非,南非,南非统计局,getEcoDataGlobeRest,2008-01-31,2026-05-31,1,113.0
801210,社会服务,3190000976,南非:其他收入:现价:酒店:季调,South Africa: Other Income: At Current Prices: Hotels: SA,月,百万兰特,季调,南非,南非,南非统计局,getEcoDataGlobeRest,2007-01-31,2026-05-31,1,113.0
801210,社会服务,3190000941,南非:其他收入:现价:酒店:未季调,South Africa: Other Income: At Current Prices: Hotels: NSA,月,百万兰特,当期值,南非,南非,南非统计局,getEcoDataGlobeRest,2007-01-31,2026-05-31,1,113.0
801210,社会服务,3190001051,南非:其他收入:现价:酒店:环比:季调,South Africa: Other Income: At Current Prices: Hotels: MoM: SA,月,%,环比(季调),南非,南非,南非统计局,getEcoDataGlobeRest,2007-02-28,2026-05-31,1,113.0
801210,社会服务,3190001190,南非:旅游人数:中东,South Africa: Number of Tourists: Middle East: Middle East,月,人,当期值,南非,南非,南非统计局,getEcoDataGlobeRest,2015-01-31,2026-06-30,1,113.0
801210,社会服务,3190001192,南非:旅游人数:中东:以色列,South Africa: Number of Tourists: Middle East: Israel,月,人,当期值,南非,南非,南非统计局,getEcoDataGlobeRest,2015-01-31,2026-06-30,1,113.0
801210,社会服务,3190001194,南非:旅游人数:中东:其他,South Africa: Number of Tourists: Middle East: Other,月,人,当期值,南非,南非,南非统计局,getEcoDataGlobeRest,2015-01-31,2026-06-30,1,113.0
801210,社会服务,3190001193,南非:旅游人数:中东:沙特,South Africa: Number of Tourists: Middle East: Saudi Arabia,月,人,当期值,南非,南非,南非统计局,getEcoDataGlobeRest,2015-01-31,2026-06-30,1,113.0
801210,社会服务,3190001224,南非:旅游人数:中东非洲,South Africa: Number of Tourists: East and Central Africa,月,人,当期值,南非,南非,南非统计局,getEcoDataGlobeRest,2015-01-31,2026-06-30,1,113.0
801210,社会服务,3190001227,南非:旅游人数:中东非洲:中非,South Africa: Number of Tourists: East and Central Africa: Central African Republic,月,人,当期值,南非,南非,南非统计局,getEcoDataGlobeRest,2015-01-31,2026-06-30,1,113.0
801210,社会服务,3190001241,南非:旅游人数:中东非洲:乌干达,South Africa: Number of Tourists: East and Central Africa: Uganda,月,人,当期值,南非,南非,南非统计局,getEcoDataGlobeRest,2015-01-31,2026-06-30,1,113.0
801210,社会服务,3190001228,南非:旅游人数:中东非洲:乍得,South Africa: Number of Tourists: East and Central Africa: Chad,月,人,当期值,南非,南非,南非统计局,getEcoDataGlobeRest,2015-01-31,2026-06-30,1,113.0
801210,社会服务,3190001230,南非:旅游人数:中东非洲:刚果布,South Africa: Number of Tourists: East and Central Africa: Congo,月,人,当期值,南非,南非,南非统计局,getEcoDataGlobeRest,2015-01-31,2026-06-30,1,113.0
801210,社会服务,3190001235,南非:旅游人数:中东非洲:加蓬,South Africa: Number of Tourists: East and Central Africa: Gabon,月,人,当期值,南非,南非,南非统计局,getEcoDataGlobeRest,2015-01-31,2026-06-30,1,113.0
801210,社会服务,3190001238,南非:旅游人数:中东非洲:卢旺达,South Africa: Number of Tourists: East and Central Africa: Rwanda,月,人,当期值,南非,南非,南非统计局,getEcoDataGlobeRest,2015-01-31,2026-06-30,1,113.0
801210,社会服务,3190001233,南非:旅游人数:中东非洲:厄立特里亚,South Africa: Number of Tourists: East and Central Africa: Eritrea,月,人,当期值,南非,南非,南非统计局,getEcoDataGlobeRest,2015-01-31,2026-06-30,1,113.0
801210,社会服务,3190001231,南非:旅游人数:中东非洲:吉布提,South Africa: Number of Tourists: East and Central Africa: Djibouti,月,人,当期值,南非,南非,南非统计局,getEcoDataGlobeRest,2015-01-31,2026-06-30,1,113.0
801210,社会服务,3190001226,南非:旅游人数:中东非洲:喀麦隆,South Africa: Number of Tourists: East and Central Africa: Cameroon,月,人,当期值,南非,南非,南非统计局,getEcoDataGlobeRest,2015-01-31,2026-06-30,1,113.0
801210,社会服务,3190001234,南非:旅游人数:中东非洲:埃塞俄比亚,South Africa: Number of Tourists: East and Central Africa: Ethiopia,月,人,当期值,南非,南非,南非统计局,getEcoDataGlobeRest,2015-01-31,2026-06-30,1,113.0
801210,社会服务,3190001225,南非:旅游人数:中东非洲:布隆迪,South Africa: Number of Tourists: East and Central Africa: Burundi,月,人,当期值,南非,南非,南非统计局,getEcoDataGlobeRest,2015-01-31,2026-06-30,1,113.0
801710,建筑材料,2060819342,出口金额(美元):水泥、混凝土或人造石制品(6810):当月值,"Export Value (USD): Cement, Concrete or Artificial Stone Products (6810): Current Month Value",月,美元,当期值,中国,中国,海关总署,getEcoDataIndBuildingmaterials,2015-01-31,2026-06-30,1,145.0
801710,建筑材料,2060819202,出口金额(美元):石料、石膏、水泥、石棉、云母及类似材料的制品(68):当月值,"Export Value (USD): Articles of Stone, Gypsum, Cement, Asbestos, Mica and Similar Materials (68): Current Month Value",月,美元,当期值,中国,中国,海关总署,getEcoDataIndBuildingmaterials,2015-01-31,2026-06-30,1,145.0
801710,建筑材料,1040005448,"生产资料价格:建材:普通硅酸盐水泥:42.5强度,散装:当月值","Price of Means of Production: Building Materials: Ordinary Portland Cement: 42.5 Strength, in Bulk: Current",月,元/吨,当期值,全国,中国,发改委,getEcoDataChina,2015-05-31,2026-06-30,1,145.0
801710,建筑材料,1040005451,"生产资料价格:建材:普通硅酸盐水泥:52.5强度,散装:当月值","Price of Means of Production: Building Materials: Portland Cement: 52.5 Strength, in Bulk: Current",月,元/吨,当期值,全国,中国,发改委,getEcoDataChina,2015-05-31,2026-06-30,1,145.0
801710,建筑材料,1040005436,生产资料价格:建材:浮法平板玻璃:5mm:当月值,Price of Means of Production: Building Materials: Float Glass: 5mm: Current,月,元/平方米,当期值,全国,中国,发改委,getEcoDataChina,2015-05-31,2026-06-30,1,145.0
801710,建筑材料,1040005445,生产资料价格:建材:矿渣硅酸盐水泥:42.5强度:当月值,Price of Means of Production: Building Material: Portland Slag Cement: 42.5 Strength: Current,月,元/吨,当期值,全国,中国,发改委,getEcoDataChina,2015-05-31,2026-06-30,1,145.0
801710,建筑材料,1040005442,生产资料价格:建材:钢化平板玻璃:5mm:当月值,Price of Means of Production: Building Materials: Tempered Glass: 5mm: Current,月,元/平方米,当期值,全国,中国,发改委,getEcoDataChina,2015-05-31,2026-06-30,1,145.0
801710,建筑材料,2060819344,进出口金额(美元):水泥、混凝土或人造石制品(6810):当月值,"Import and Export Value (USD): Cement, Concrete or Artificial Stone Products (6810): Current Month Value",月,美元,当期值,中国,中国,海关总署,getEcoDataIndBuildingmaterials,2015-01-31,2026-06-30,1,145.0
801710,建筑材料,2060819204,进出口金额(美元):石料、石膏、水泥、石棉、云母及类似材料的制品(68):当月值,"Import and Export Value (USD): Articles of Stone, Gypsum, Cement, Asbestos, Mica and Similar Materials (68): Current Month Value",月,美元,当期值,中国,中国,海关总署,getEcoDataIndBuildingmaterials,2015-01-31,2026-06-30,1,145.0
801710,建筑材料,1020000195,出口交货值:非金属矿物制品业:当月同比,Export Delivery Value: Non-Metallic Mineral Products Industry: Current YoY (Month),月,%,当期同比,全国,中国,国家统计局,getEcoDataChina,2007-02-28,2026-06-30,1,143.0
801710,建筑材料,1020000154,出口交货值:非金属矿物制品业:当期值,Export Delivery Value: Non-Metallic Mineral Products Industry: Current Value,月,亿元,当期值,全国,中国,国家统计局,getEcoDataChina,2007-02-28,2026-06-30,1,143.0
801710,建筑材料,2060810247,出口数量:石灰石助熔剂;制造石灰或水泥的钙质石(2521):当月值,Export Quantity: Limestone Flux; Calcareous Stone (2521) For Manufacturing Lime Or Cement: Current Month Value,月,千克,当期值,中国,中国,海关总署,getEcoDataIndBuildingmaterials,2015-01-31,2026-06-30,1,143.0
801710,建筑材料,2060809995,出口金额(人民币):玻璃纤维及其制品(7019):当月值,Export Amount (Rmb) : Glass Fiber And Its Products (7019) : Value During The Month,月,元,当期值,中国,中国,海关总署,getEcoDataIndBuildingmaterials,2015-01-31,2026-06-30,1,143.0
801710,建筑材料,2060811226,出口金额(美元):其他玻璃制品(7020):当月值,Export Value (USD): Other Glass Products(7020): Current Month Value,月,美元,当期值,中国,中国,海关总署,getEcoDataIndBuildingmaterials,2015-01-31,2026-06-30,1,143.0
801710,建筑材料,2060809996,出口金额(美元):玻璃纤维及其制品(7019):当月值,Export Amount (Us $) : Glass Fiber And Its Products (7019) : Value During The Month,月,美元,当期值,中国,中国,海关总署,getEcoDataIndBuildingmaterials,2015-01-31,2026-06-30,1,143.0
801710,建筑材料,2060819356,出口金额(美元):石棉水泥、纤维素水泥或类似材料的制品(6811):当月值,"Export Value (USD): Products of Asbestos Cement, Cellulose Cement or Similar Materials (6811): Current Month Value",月,美元,当期值,中国,中国,海关总署,getEcoDataIndBuildingmaterials,2015-01-31,2026-06-30,1,143.0
801710,建筑材料,2060810240,出口金额(美元):石灰石助熔剂;制造石灰或水泥的钙质石(2521):当月值,Export Value (USD): Limestone Flux; Calcareous Stone For Manufacturing Lime Or Cement (2521): Current Month Value,月,美元,当期值,中国,中国,海关总署,getEcoDataIndBuildingmaterials,2015-01-31,2026-06-30,1,143.0
801710,建筑材料,2060819328,出口金额(美元):石膏制品及以石膏为基本成分的混合材料制品(6809):当月值,Export Value (USD): Gypsum Products and Mixed Material Products With Gypsum As The Basic Component (6809): Current Month Value,月,美元,当期值,中国,中国,海关总署,getEcoDataIndBuildingmaterials,2015-01-31,2026-06-30,1,143.0
801710,建筑材料,2060810274,出口金额(美元):硅酸盐水泥、矾土水泥等类似的水凝水泥(2523):当月值,"Export Value (USD): Portland Cement, Bauxite Cement And Similar Hydraulic Cement (2523): Current Month Value",月,美元,当期值,中国,中国,海关总署,getEcoDataIndBuildingmaterials,2015-01-31,2026-06-30,1,143.0
801710,建筑材料,2060819412,出口金额(美元):耐火砖瓦及类似耐火陶瓷建材制品(6902):当月值,"Export Value (USD): Refractory Bricks, Tiles and Similar Refractory Ceramic Building Materials (6902): Current Month Value",月,美元,当期值,中国,中国,海关总署,getEcoDataIndBuildingmaterials,2015-01-31,2026-06-30,1,143.0
801710,建筑材料,1020008262,工业企业:利润总额:非金属矿物制品业:累计值,Total Profit: Non-Metallic Mineral Manufacturing Industry: Cumulative Value,月,亿元,累计值,全国,中国,国家统计局,getEcoDataChina,2000-02-29,2026-06-30,1,143.0
801710,建筑材料,1020010193,工业企业:营业利润:非金属矿物制品业:累计值,Operating Profit: Non-Metallic Mineral Manufacturing Industry: Cumulative Value,月,亿元,累计值,全国,中国,国家统计局,getEcoDataChina,2017-02-28,2026-06-30,1,143.0
801710,建筑材料,1020001570,平板玻璃:产量:当月值,Output: Plate Glass,月,万重量箱,当期值,全国,中国,国家统计局,getEcoDataChina,1989-02-28,2026-06-30,1,143.0
801710,建筑材料,1020000941,成本费用利润率:非金属矿物制品业,Profit-To-Cost Ratio: Non-Metallic Mineral Products Industry,月,%,当期值,全国,中国,国家统计局,getEcoDataChina,2003-02-28,2026-06-30,1,143.0
801710,建筑材料,1020001569,水泥:产量:当月值,Output: Cement: Current Value (Month),月,万吨,当期值,全国,中国,国家统计局,getEcoDataChina,1989-02-28,2026-06-30,1,143.0
801710,建筑材料,1020000861,税前利润率:非金属矿物制品业,Pre-Tax Profit Margin: Non-Metallic Mineral Products Industry,月,%,当期值,全国,中国,国家统计局,getEcoDataChina,2000-02-29,2026-06-30,1,143.0
801710,建筑材料,2060810249,进出口数量:石灰石助熔剂;制造石灰或水泥的钙质石(2521):当月值,Import And Export Quantity: Limestone Flux; Calcareous Stone For Manufacturing Lime Or Cement (2521): Current Month Value,月,千克,当期值,中国,中国,海关总署,getEcoDataIndBuildingmaterials,2015-01-31,2026-06-30,1,143.0
801710,建筑材料,2060811228,进出口金额(美元):其他玻璃制品(7020):当月值,Import And Export Value (USD): Other Glass Products(7020): Current Month Value,月,美元,当期值,中国,中国,海关总署,getEcoDataIndBuildingmaterials,2015-01-31,2026-06-30,1,143.0
801710,建筑材料,2060811214,进出口金额(美元):玻璃纤维及其制品(7019):当月值,Import And Export Value (USD): Glass Fiber And Its Products(7019): Current Month Value,月,美元,当期值,中国,中国,海关总署,getEcoDataIndBuildingmaterials,2015-01-31,2026-06-30,1,143.0
801710,建筑材料,2060819358,进出口金额(美元):石棉水泥、纤维素水泥或类似材料的制品(6811):当月值,"Import and Export Value (USD): Products of Asbestos Cement, Cellulose Cement or Similar Materials (6811): Current Month Value",月,美元,当期值,中国,中国,海关总署,getEcoDataIndBuildingmaterials,2015-01-31,2026-06-30,1,143.0
801710,建筑材料,2060810242,进出口金额(美元):石灰石助熔剂;制造石灰或水泥的钙质石(2521):当月值,Import And Export Value (USD): Limestone Flux; Calcareous Stone For Manufacturing Lime Or Cement (2521): Current Month Value,月,美元,当期值,中国,中国,海关总署,getEcoDataIndBuildingmaterials,2015-01-31,2026-06-30,1,143.0
801710,建筑材料,2060819330,进出口金额(美元):石膏制品及以石膏为基本成分的混合材料制品(6809):当月值,Import and Export Value (USD): Gypsum Products and Mixed Material Products With Gypsum As The Basic Component (6809): Current Month Value,月,美元,当期值,中国,中国,海关总署,getEcoDataIndBuildingmaterials,2015-01-31,2026-06-30,1,143.0
801710,建筑材料,2060810276,进出口金额(美元):硅酸盐水泥、矾土水泥等类似的水凝水泥(2523):当月值,"Import And Export Value (USD): Portland Cement, Bauxite Cement And Similar Hydraulic Cement (2523): Current Month Value",月,美元,当期值,中国,中国,海关总署,getEcoDataIndBuildingmaterials,2015-01-31,2026-06-30,1,143.0
801710,建筑材料,2060819414,进出口金额(美元):耐火砖瓦及类似耐火陶瓷建材制品(6902):当月值,"Import and Export Value (USD): Refractory Bricks, Tiles and Similar Refractory Ceramic Building Materials (6902): Current Month Value",月,美元,当期值,中国,中国,海关总署,getEcoDataIndBuildingmaterials,2015-01-31,2026-06-30,1,143.0
801710,建筑材料,2060822268,建材综合指数,Building Material Composite Index,日,点,当期值,全国,中国,Datayes!,getEcoDataIndBuildingmaterials,2013-11-06,2026-08-07,1,142.0
801710,建筑材料,1020021183,利润总额:非金属矿物制品业:当季值,Total Profits: Non-Metallic Mineral Manufacturing Industry: Current Value (Quarter),季,亿元,当期值,全国,中国,Datayes!,getEcoDataChina,2000-03-31,2026-06-30,1,139.0
801710,建筑材料,1020008620,工业产能利用率:非金属矿物制品业:当季值,Industrial Capacity Utilization: Non-Metallic Mineral Manufacturing Industry: Current Value (Quarter),季,%,当期值,全国,中国,国家统计局,getEcoDataChina,2016-12-31,2026-06-30,1,139.0
801710,建筑材料,1020018328,工业产能利用率:非金属矿物制品业:累计值,Industrial Capacity Utilization: Non-Metallic Mineral Manufacturing Industry: Cumulative Value,季,%,累计值,全国,中国,国家统计局,getEcoDataChina,2016-12-31,2026-06-30,1,139.0
801710,建筑材料,1040001843,市场价:非金属建材:普通硅酸盐水泥(P.O 42.5散装),Key Production Goods of Circulation and Distribution: Nonmetal Building Materials: Ordinary Portland Cement Prices: P.O42.5 in Bulk: Current,旬,元/吨,当期值,全国,中国,国家统计局,getEcoDataChina,2013-12-30,2026-07-31,1,139.0
801710,建筑材料,1040001844,市场价:非金属建材:浮法平板玻璃(5/6mm):当期值,Market Price: Non-Metal Building Materials: Float Flat Glass (5/6mm): Current Value,旬,元/吨,当期值,全国,中国,国家统计局,getEcoDataChina,2013-12-30,2026-07-31,1,139.0
801710,建筑材料,1040015452,市场价:非金属建材:浮法平板玻璃(5/6mm):涨跌,Market Price: Non-Metal Building Materials: Float Flat Glass (5/6mm): Price Change,旬,元/吨,环比增减,全国,中国,国家统计局,getEcoDataChina,2014-01-10,2026-07-31,1,139.0
801710,建筑材料,1040018863,PPI:水泥、石灰和石膏制造业(上年同月=100),"PPI: Cement, Lime and Plaster (CYoY=100)",月,上年同月=100,当期值,全国,中国,国家统计局,getEcoDataChina,2014-01-31,2026-06-30,1,137.0
801710,建筑材料,2060819345,贸易差额(美元):水泥、混凝土或人造石制品(6810):当月值,"Trade Balance (USD): Cement, Concrete or Artificial Stone Products (6810): Current Month Value",月,美元,当期值,中国,中国,海关总署,getEcoDataIndBuildingmaterials,2015-01-31,2026-06-30,1,137.0
801710,建筑材料,2060819343,进口金额(美元):水泥、混凝土或人造石制品(6810):当月值,"Import Value (USD): Cement, Concrete or Artificial Stone Products (6810): Current Month Value",月,美元,当期值,中国,中国,海关总署,getEcoDataIndBuildingmaterials,2015-01-31,2026-06-30,1,137.0
801710,建筑材料,1040018772,PPI:土砂石开采业(上年同月=100),PPI: Sand and Stone Ores Quarrying (CYoY=100),月,上年同月=100,当期值,全国,中国,国家统计局,getEcoDataChina,2014-01-31,2026-06-30,1,135.0
801710,建筑材料,1040018867,PPI:玻璃制品制造业(上年同月=100),PPI: Glass Product Manufacturing (CYoY=100),月,上年同月=100,当期值,全国,中国,国家统计局,getEcoDataChina,2014-01-31,2026-06-30,1,135.0
801710,建筑材料,1040018868,PPI:玻璃纤维和玻璃纤维增强塑料制品制造业(上年同月=100),PPI: Glass Fibre and Glass-Fibre-Intensified Plastic Product Manufacturing (CYoY=100),月,上年同月=100,当期值,全国,中国,国家统计局,getEcoDataChina,2014-01-31,2026-06-30,1,135.0
801710,建筑材料,1040000862,PPI:非金属矿物制品业(上年同月=100),PPI: Manufacture of Non-Metallic Mineral Products (CYoY=100),月,上年同月=100,当期值,全国,中国,国家统计局,getEcoDataChina,2002-04-30,2026-06-30,1,135.0
801710,建筑材料,1020000661,三项期间费用率:非金属矿物制品业,Three Types Of Expenses Rate: Non-Metallic Mineral Products Industry,月,%,当期值,全国,中国,国家统计局,getEcoDataChina,2011-02-28,2026-06-30,1,135.0
801710,建筑材料,1020000501,产成品资金占用率:非金属矿物制品业,Capital Utilization Of Finished Product: Non-Metallic Mineral Products Industry,月,%,当期值,全国,中国,国家统计局,getEcoDataChina,2003-02-28,2026-06-30,1,135.0
801710,建筑材料,2060005281,全国建材家居景气指数:人气:同比增减,National Building Materials and Home Furnishing Prosperity Index: Popularity: Net Change YoY,月,点,同比增减,中国大陆,中国,中国建筑材料流通协会,getEcoDataIndBuildingmaterials,2014-04-30,2026-06-30,1,135.0
801710,建筑材料,2060005282,全国建材家居景气指数:人气:环比增减,National Building Materials and Home Furnishing Prosperity Index: Popularity: Net Change from Preceding Period,月,点,环比增减,中国大陆,中国,中国建筑材料流通协会,getEcoDataIndBuildingmaterials,2013-07-31,2026-06-30,1,135.0
801710,建筑材料,2060005280,全国建材家居景气指数:人气指数:当月值,National Building Materials and Home Furnishing Prosperity Index: Popularity,月,点,当期值,中国大陆,中国,中国建筑材料流通协会,getEcoDataIndBuildingmaterials,2013-06-30,2026-06-30,1,135.0
801710,建筑材料,2060005296,全国建材家居景气指数:出租率:同比增减,National Building Materials and Home Furnishing Prosperity Index: Occupancy Rate: Net Change YoY,月,点,同比增减,中国大陆,中国,中国建筑材料流通协会,getEcoDataIndBuildingmaterials,2014-04-30,2026-06-30,1,135.0
801710,建筑材料,2060005297,全国建材家居景气指数:出租率:环比增减,National Building Materials and Home Furnishing Prosperity Index: Occupancy Rate: Net Change from Preceding Period,月,点,环比增减,中国大陆,中国,中国建筑材料流通协会,getEcoDataIndBuildingmaterials,2013-07-31,2026-06-30,1,135.0
801710,建筑材料,2060005295,全国建材家居景气指数:出租率指数:当月值,National Building Materials and Home Furnishing Prosperity Index: Occupancy Rate,月,点,当期值,中国大陆,中国,中国建筑材料流通协会,getEcoDataIndBuildingmaterials,2013-06-30,2026-06-30,1,135.0
801710,建筑材料,2060005278,全国建材家居景气指数:同比增减,National Building Materials and Home Furnishing Prosperity Index: Net Change YoY,月,点,同比增减,中国大陆,中国,中国建筑材料流通协会,getEcoDataIndBuildingmaterials,2011-03-31,2026-06-30,1,135.0
801710,建筑材料,2060005293,全国建材家居景气指数:就业率:同比增减,National Building Materials and Home Furnishing Prosperity Index: Employment rate: Net Change YoY,月,点,同比增减,中国大陆,中国,中国建筑材料流通协会,getEcoDataIndBuildingmaterials,2014-04-30,2026-06-30,1,135.0
801710,建筑材料,2060005294,全国建材家居景气指数:就业率:环比增减,National Building Materials and Home Furnishing Prosperity Index: Employment rate: Net Change from Preceding Period,月,点,环比增减,中国大陆,中国,中国建筑材料流通协会,getEcoDataIndBuildingmaterials,2013-07-31,2026-06-30,1,135.0
801710,建筑材料,2060005292,全国建材家居景气指数:就业率指数:当月值,National Building Materials and Home Furnishing Prosperity Index: Employment Rate,月,点,当期值,中国大陆,中国,中国建筑材料流通协会,getEcoDataIndBuildingmaterials,2013-06-30,2026-06-30,1,135.0
801710,建筑材料,2060005277,全国建材家居景气指数:总指数:当月值,National Building Materials and Home Furnishing Prosperity Index,月,点,当期值,中国大陆,中国,中国建筑材料流通协会,getEcoDataIndBuildingmaterials,2010-03-31,2026-06-30,1,135.0
801710,建筑材料,2060005279,全国建材家居景气指数:环比增减,National Building Materials and Home Furnishing Prosperity Index: Net Change from Preceding Period,月,点,环比增减,中国大陆,中国,中国建筑材料流通协会,getEcoDataIndBuildingmaterials,2010-04-30,2026-06-30,1,135.0
801710,建筑材料,2060005284,全国建材家居景气指数:经理人信心:同比增减,National Building Materials and Home Furnishing Prosperity Index: Manager Confidence: Net Change YoY,月,点,同比增减,中国大陆,中国,中国建筑材料流通协会,getEcoDataIndBuildingmaterials,2014-04-30,2026-06-30,1,135.0
801710,建筑材料,1050000352,固定资产投资完成额:制造业:非金属矿物制品业:累计同比,Fixed Assets Investment Completed: Manufacturing: Non-Metallic Mineral Products Industry: Cumulative YoY,月,%,累计同比,全国,中国,国家统计局,getEcoDataChina,2004-02-29,2026-06-30,1,135.0
801710,建筑材料,1020008388,工业企业:亏损企业亏损额:非金属矿物制品业:累计值,Loss of Money-Losing Enterprises: Non-Metallic Mineral Manufacturing Industry: Cumulative Value,月,亿元,累计值,全国,中国,国家统计局,getEcoDataChina,2000-02-29,2026-06-30,1,135.0
801710,建筑材料,1020006246,工业企业:亏损企业单位数:非金属矿物制品业:累计值,Number of Loss-Making Enterprises: Non-Metallic Mineral Manufacturing Industry: Cumulative Value,月,个,累计值,全国,中国,国家统计局,getEcoDataChina,2000-02-29,2026-06-30,1,135.0
801710,建筑材料,1020006750,工业企业:产成品存货:非金属矿物制品业:累计值,Finished Goods Inventory: Non-Metallic Mineral Manufacturing Industry: Cumulative Value,月,亿元,累计值,全国,中国,国家统计局,getEcoDataChina,2000-02-29,2026-06-30,1,135.0
801710,建筑材料,2060200055,水泥熟料:出口数量:累计值,Cement Clinker: Exports Quantity: YTD,月,万吨,累计值,,中国,Datayes!,getEcoDataIndBuildingmaterials,2014-04-30,2026-06-30,1,135.0
801710,建筑材料,2060811229,贸易差额(美元):其他玻璃制品(7020):当月值,Trade Balance (USD): Other Glass Products(7020): Current Month Value,月,美元,当期值,中国,中国,海关总署,getEcoDataIndBuildingmaterials,2015-01-31,2026-06-30,1,135.0
801710,建筑材料,2060811215,贸易差额(美元):玻璃纤维及其制品(7019):当月值,Trade Balance (USD): Glass Fiber And Its Products(7019): Current Month Value,月,美元,当期值,中国,中国,海关总署,getEcoDataIndBuildingmaterials,2015-01-31,2026-06-30,1,135.0
801710,建筑材料,2060819331,贸易差额(美元):石膏制品及以石膏为基本成分的混合材料制品(6809):当月值,Trade Balance (USD): Gypsum Products and Mixed Material Products With Gypsum As The Basic Component (6809): Current Month Value,月,美元,当期值,中国,中国,海关总署,getEcoDataIndBuildingmaterials,2015-01-31,2026-06-30,1,135.0
801710,建筑材料,2060811227,进口金额(美元):其他玻璃制品(7020):当月值,Import Value (USD): Other Glass Products(7020): Current Month Value,月,美元,当期值,中国,中国,海关总署,getEcoDataIndBuildingmaterials,2015-01-31,2026-06-30,1,135.0
801710,建筑材料,2060811213,进口金额(美元):玻璃纤维及其制品(7019):当月值,Import Value (USD): Glass Fiber And Its Products(7019): Current Month Value,月,美元,当期值,中国,中国,海关总署,getEcoDataIndBuildingmaterials,2015-01-31,2026-06-30,1,135.0
801710,建筑材料,2060819329,进口金额(美元):石膏制品及以石膏为基本成分的混合材料制品(6809):当月值,Import Value (USD): Gypsum Products and Mixed Material Products With Gypsum As The Basic Component (6809): Current Month Value,月,美元,当期值,中国,中国,海关总署,getEcoDataIndBuildingmaterials,2015-01-31,2026-06-30,1,135.0
801710,建筑材料,2060001307,佛山陶瓷价格指数:建筑陶瓷系列:同比,Foshan Ceramic Price Index: Building Ceramics Series: YoY,月,%,当期同比,,中国,佛山中国陶瓷城集团,getEcoDataIndBuildingmaterials,2011-07-31,2026-06-30,1,133.0
801710,建筑材料,2060001305,佛山陶瓷价格指数:建筑陶瓷系列:定基,Foshan Ceramic Price Index: Building Ceramics Series: Fixed Base,月,点,当期值,,中国,佛山中国陶瓷城集团,getEcoDataIndBuildingmaterials,2010-07-31,2026-06-30,1,133.0
801710,建筑材料,2060001877,建设工程材料价格:普通混凝土(商品):C30最大粒径31.5mm,Price of Construction Engineering Materials: Ordinary Concrete(Commodity): C30 Maximum Particle Size of 20mm,月,元/立方米,当期值,,中国,深圳市建设工程造价网,getEcoDataIndBuildingmaterials,2008-05-31,2026-07-31,1,133.0
801710,建筑材料,2060001878,建设工程材料价格:普通混凝土(商品):C35最大粒径31.5mm,Price of Construction Engineering Materials: Ordinary Concrete(Commodity): C35 Maximum Particle Size of 20mm,月,元/立方米,当期值,,中国,深圳市建设工程造价网,getEcoDataIndBuildingmaterials,2008-05-31,2026-07-31,1,133.0
801710,建筑材料,2060001879,建设工程材料价格:泵送混凝土(商品):C30最大粒径31.5mm,Price of Construction Engineering Materials: Pumping Concrete(Commodity): C30 Maximum Particle Size of 20mm,月,元/立方米,当期值,,中国,深圳市建设工程造价网,getEcoDataIndBuildingmaterials,2008-05-31,2026-07-31,1,133.0
801710,建筑材料,2060001880,建设工程材料价格:泵送混凝土(商品):C35最大粒径31.5mm,Price of Construction Engineering Materials: Pumping Concrete(Commodity): C35 Maximum Particle Size of 20mm,月,元/立方米,当期值,,中国,深圳市建设工程造价网,getEcoDataIndBuildingmaterials,2008-05-31,2026-07-31,1,133.0
801720,建筑装饰,2170923949,建筑业企业本年新签合同额:累计同比,Value of Newly Signed Constructional Enterprises Contract This Year: Cumulative,季,%,累计同比,中国,中国,Datayes!,getEcoDataIndRealestate,2005-03-31,2026-06-30,1,157.0
801720,建筑装饰,1050021433,固定资产投资完成额:基础设施建设投资:累计同比,Fixed Assets Investment Completed: Infrastructure Construction Investment: Cumulative YoY,月,%,累计同比,全国,中国,Datayes!,getEcoDataChina,2004-02-29,2026-06-30,1,151.0
801720,建筑装饰,1050000369,固定资产投资完成额:建筑业:累计同比,Fixed Assets Investment Realized: Cumulative YoY: Construction Industry ,月,%,累计同比,全国,中国,国家统计局,getEcoDataChina,2004-02-29,2026-06-30,1,151.0
801720,建筑装饰,1050000056,固定资产投资完成额:建筑安装工程:累计同比,Fixed Assets Investment Completed: Construction And Installation Work: Cumulative YoY,月,%,累计同比,全国,中国,国家统计局,getEcoDataChina,2004-02-29,2026-06-30,1,151.0
801720,建筑装饰,1050007874,基础设施建设投资:当月同比,Infrastructure Development Investment: Month YoY,月,%,当期同比,全国,中国,Datayes!,getEcoDataChina,2004-03-31,2026-06-30,1,151.0
801720,建筑装饰,1050000446,民间固定资产投资完成额:建筑业:累计同比,Private Investment In Fixed Assets Completed: Construction Industry: Cumulative YoY,月,%,累计同比,全国,中国,国家统计局,getEcoDataChina,2012-03-31,2026-06-30,1,151.0
801720,建筑装饰,2170923944,建筑业安装工程产值:累计同比,Output of Installation Engineering: Cumulative,季,%,累计同比,中国,中国,Datayes!,getEcoDataIndRealestate,2004-06-30,2026-06-30,1,147.0
801720,建筑装饰,2170923945,建筑业建筑工程产值:累计同比,Output of Constructional Engineering: Cumulative,季,%,累计同比,中国,中国,Datayes!,getEcoDataIndRealestate,2004-06-30,2026-06-30,1,147.0
801720,建筑装饰,2170923943,建筑业总产值:累计同比,Output of Construction Industry: YOY Quarterly,季,%,累计同比,中国,中国,Datayes!,getEcoDataIndRealestate,2004-06-30,2026-06-30,1,147.0
801720,建筑装饰,2170700008,建筑业竣工产值:累计值,Output of Construction Completion: Cumulative,季,亿元,累计值,全国,中国,国家统计局,getEcoDataIndRealestate,2003-06-30,2026-06-30,1,147.0
801720,建筑装饰,2170923947,房屋建筑施工面积:累计同比,Housing Construction Area: Cumulative,季,%,累计同比,中国,中国,Datayes!,getEcoDataIndRealestate,2004-06-30,2026-06-30,1,147.0
801720,建筑装饰,2170923946,房屋建筑竣工面积:累计同比,Floor Space of Completed Building: Cumulative,季,%,累计同比,中国,中国,Datayes!,getEcoDataIndRealestate,2005-03-31,2026-06-30,1,147.0
801720,建筑装饰,1030000727,非制造业PMI:建筑业:新订单,Non-manufacturing PMI: Construction Industry: New Orders,月,%,当期值,全国,中国,国家统计局,getEcoDataChina,2008-02-29,2026-07-31,1,145.0
801720,建筑装饰,2170700010,建筑业企业上年结转合同额:累计值,Value of Constructional Enterprises Contact Settlement and Transfer During Last Year: Cumulative,季,亿元,累计值,全国,中国,国家统计局,getEcoDataIndRealestate,2004-03-31,2026-06-30,1,141.0
801720,建筑装饰,2170700009,建筑业企业签订合同金额:累计值,Value of Constructional Enterprises Contracts: Cumulative,季,亿元,累计值,全国,中国,国家统计局,getEcoDataIndRealestate,2004-03-31,2026-06-30,1,141.0
801720,建筑装饰,1010008420,GDP:不变价:建筑业:当季同比,GDP: at Constant Price: Construction: Current Quarter YoY,季,%,当期同比,全国,中国,国家统计局,getEcoDataChina,1993-03-31,2026-06-30,1,139.0
801720,建筑装饰,1010000022,GDP:不变价:建筑业:累计同比,GDP: at Constant Price: Construction: Cumulative YoY,季,%,累计同比,全国,中国,国家统计局,getEcoDataChina,1953-12-31,2026-06-30,1,139.0
801720,建筑装饰,1010017949,GDP:现价:初步核算数:建筑业:当季同比,GDP: at Current Price: Preliminary Accounting Results: Construction: Current Quarter YoY,季,%,初值同比,全国,中国,Datayes!,getEcoDataChina,2016-09-30,2026-06-30,1,139.0
801720,建筑装饰,1010017976,GDP:现价:初步核算数:建筑业:累计同比,GDP: at Current Price: Preliminary Accounting Results: Construction: Cumulative YoY,季,%,累计同比(初值),全国,中国,Datayes!,getEcoDataChina,2013-09-30,2026-06-30,1,139.0
801720,建筑装饰,1010015483,GDP:现价:建筑业:当季同比,GDP: at Current Price: Construction: Current Quarter YoY,季,%,当期同比,全国,中国,Datayes!,getEcoDataChina,1993-03-31,2026-06-30,1,139.0
801720,建筑装饰,1010015484,GDP:现价:建筑业:累计同比,GDP: at Current Price: Construction: Cumulative YoY,季,%,累计同比,全国,中国,Datayes!,getEcoDataChina,1953-12-31,2026-06-30,1,139.0
801720,建筑装饰,1010014353,GDP平减指数:建筑业:当季同比,GDP Deflators Index: Construction: Current Quarter YoY,季,%,当期同比,全国,中国,Datayes!,getEcoDataChina,1993-03-31,2026-06-30,1,139.0
801720,建筑装饰,1010014341,GDP平减指数:建筑业:累计同比,GDP Deflators Index: Construction: Cumulative YoY,季,%,累计同比,全国,中国,Datayes!,getEcoDataChina,1993-03-31,2026-06-30,1,139.0
801720,建筑装饰,1010000047,GDP累计同比贡献率:建筑业,Share of the Contributions to the Increase of the Accumulated GDP: Construction,季,%,当期值,全国,中国,Datayes!,getEcoDataChina,1993-03-31,2026-06-30,1,139.0
801720,建筑装饰,2170700063,其他未列明的房屋建筑物竣工价值:累计值,Value of Completed Other Unlisted Buildings: Cumulative,季,亿元,累计值,全国,中国,国家统计局,getEcoDataIndRealestate,2004-12-31,2026-06-30,1,139.0
801720,建筑装饰,2170700042,其他未列明的房屋建筑物竣工面积:累计值,Floor Space of Completed Other Unlisted Buildings: Cumulative,季,万平方米,累计值,全国,中国,国家统计局,getEcoDataIndRealestate,2004-03-31,2026-06-30,1,139.0
801720,建筑装饰,1010000059,对GDP累计同比的拉动:建筑业,Contribution to the Accumulated GDP Growth: Construction,季,百分点,当期值,全国,中国,Datayes!,getEcoDataChina,1993-03-31,2026-06-30,1,139.0
801720,建筑装饰,2170923948,房屋建筑新开工面积:累计同比,New Construction Area: Cumulative,季,%,累计同比,中国,中国,Datayes!,getEcoDataIndRealestate,2004-06-30,2026-06-30,1,139.0
801720,建筑装饰,1030002380,非制造业PMI:建筑业:土木工程,Non-Manufacturing PMI: Construction Industry: Civil Engineering,月,%,当期值,全国,中国,国家统计局,getEcoDataChina,2016-08-31,2026-02-28,1,139.0
801720,建筑装饰,1030000729,非制造业PMI:建筑业:业务活动预期,Non-Manufacturing PMI: Construction Industry: Business Activity Expect,月,%,当期值,全国,中国,国家统计局,getEcoDataChina,2008-02-29,2026-07-31,1,137.0
801720,建筑装饰,1030000732,非制造业PMI:建筑业:从业人员,Non-Manufacturing PMI: Construction Industry: Practioners,月,%,当期值,全国,中国,国家统计局,getEcoDataChina,2011-05-31,2026-07-31,1,137.0
801720,建筑装饰,1030000730,非制造业PMI:建筑业:投入品价格,Non-Manufacturing PMI: Construction Industry: Input Price,月,%,当期值,全国,中国,国家统计局,getEcoDataChina,2008-02-29,2026-07-31,1,137.0
801720,建筑装饰,1030000731,非制造业PMI:建筑业:销售价格,Non-Manufacturing PMI: Construction Industry: Sales Price,月,%,当期值,全国,中国,国家统计局,getEcoDataChina,2008-02-29,2026-07-31,1,137.0
801720,建筑装饰,2170700016,建筑业企业单位数:累计值,Number of Construction Enterprises: Cumulative,季,个,累计值,全国,中国,国家统计局,getEcoDataIndRealestate,2003-06-30,2026-03-31,1,133.0
801720,建筑装饰,2060821460,出口数量:其他水泥等制建筑和土木工程用预制结构件(68109190):当月同比,"Export Quantity: Other Prefabricated Structural Members For Building and Civil Engineering Made of Cement, Etc (68109190): MoY",月,%,当期同比,中国,中国,海关总署,getEcoDataIndBuildingmaterials,2016-01-31,2026-06-30,1,103.0
801720,建筑装饰,2060821454,出口金额(美元):其他水泥等制建筑和土木工程用预制结构件(68109190):当月同比,"Export Value (USD): Other Prefabricated Structural Members For Building and Civil Engineering Made of Cement, Etc (68109190): MoY",月,%,当期同比,中国,中国,海关总署,getEcoDataIndBuildingmaterials,2016-01-31,2026-06-30,1,103.0
801720,建筑装饰,2060819818,出口金额(美元):建筑和土木工程用的预制结构件(681091):当月同比,Export Value (USD): Prefabricated Structural Members For Building and Civil Engineering (681091): MoY,月,%,当期同比,中国,中国,海关总署,getEcoDataIndBuildingmaterials,2016-01-31,2026-06-30,1,103.0
801720,建筑装饰,2060821462,进出口数量:其他水泥等制建筑和土木工程用预制结构件(68109190):当月同比,"Import and Export Quantity: Other Prefabricated Structural Members For Building and Civil Engineering Made of Cement, Etc (68109190): MoY",月,%,当期同比,中国,中国,海关总署,getEcoDataIndBuildingmaterials,2016-01-31,2026-06-30,1,103.0
801720,建筑装饰,2060821456,进出口金额(美元):其他水泥等制建筑和土木工程用预制结构件(68109190):当月同比,"Import and Export Value (USD): Other Prefabricated Structural Members For Building and Civil Engineering Made of Cement, Etc (68109190): MoY",月,%,当期同比,中国,中国,海关总署,getEcoDataIndBuildingmaterials,2016-01-31,2026-06-30,1,103.0
801720,建筑装饰,2060819820,进出口金额(美元):建筑和土木工程用的预制结构件(681091):当月同比,Import and Export Value (USD): Prefabricated Structural Members For Building and Civil Engineering (681091): MoY,月,%,当期同比,中国,中国,海关总署,getEcoDataIndBuildingmaterials,2016-01-31,2026-06-30,1,103.0
801720,建筑装饰,2060821461,进口数量:其他水泥等制建筑和土木工程用预制结构件(68109190):当月同比,"Import Quantity: Other Prefabricated Structural Members For Building and Civil Engineering Made of Cement, Etc (68109190): MoY",月,%,当期同比,中国,中国,海关总署,getEcoDataIndBuildingmaterials,2016-01-31,2026-06-30,1,103.0
801720,建筑装饰,2060821455,进口金额(美元):其他水泥等制建筑和土木工程用预制结构件(68109190):当月同比,"Import Value (USD): Other Prefabricated Structural Members For Building and Civil Engineering Made of Cement, Etc (68109190): MoY",月,%,当期同比,中国,中国,海关总署,getEcoDataIndBuildingmaterials,2016-01-31,2026-06-30,1,103.0
801720,建筑装饰,2060819819,进口金额(美元):建筑和土木工程用的预制结构件(681091):当月同比,Import Value (USD): Prefabricated Structural Members For Building and Civil Engineering (681091): MoY,月,%,当期同比,中国,中国,海关总署,getEcoDataIndBuildingmaterials,2016-01-31,2026-06-30,1,103.0
801720,建筑装饰,2060821453,贸易差额(美元):其他水泥等制建筑和土木工程用预制结构件(68109190):当月值,"Trade Balance (USD): Other Prefabricated Structural Members For Building and Civil Engineering Made of Cement, Etc (68109190): Current Month Value",月,美元,当期值,中国,中国,海关总署,getEcoDataIndBuildingmaterials,2015-01-31,2026-06-30,1,95.0
801720,建筑装饰,2060819817,贸易差额(美元):建筑和土木工程用的预制结构件(681091):当月值,Trade Balance (USD): Prefabricated Structural Members For Building and Civil Engineering (681091): Current Month Value,月,美元,当期值,中国,中国,海关总署,getEcoDataIndBuildingmaterials,2015-01-31,2026-06-30,1,95.0
801730,电力设备,2020656318,光伏产品价格指数(SPI):综合,PV Product Price Index(SPI):Composite,周,,当期值,全国,中国,Datayes!,getEcoDataIndEnergy,2014-04-04,2026-08-03,1,147.0
801730,电力设备,2080110940,产量:发电机组(发电设备):当月值,Output: Generators (Power Generation Equipment): Current Value (Month),月,万千瓦,当期值,全国,中国,国家统计局,getEcoDataIndMachineryequipment,1989-02-28,2026-06-30,1,145.0
801730,电力设备,1020008700,产量:太阳能电池:当月值,Output: Solar Battery: Current Value (Month),月,万千瓦,当期值,全国,中国,国家统计局,getEcoDataChina,2010-01-31,2026-06-30,1,143.0
801730,电力设备,2087007021,出口金额(美元):发电机组及旋转式变流机(8502):当月值,Export Value (USD): Generator Set and Rotary Converter(8502): Current Month Value,月,美元,当期值,中国,中国,海关总署,getEcoDataIndMachineryequipment,2015-01-31,2026-06-30,1,143.0
801730,电力设备,2087007049,出口金额(美元):变压器、静止式变流器(例如整流器)及电感器(8504):当月值,"Export Value (USD): Transformers, Static Converters (E.G. Rectifiers) and Inductors(8504): Current Month Value",月,美元,当期值,中国,中国,海关总署,getEcoDataIndMachineryequipment,2015-01-31,2026-06-30,1,143.0
801730,电力设备,2080200815,出口金额:变压器:累计同比,Transformer: Exportss Value: YTD: YoY,月,%,累计同比,全国,中国,海关总署,getEcoDataIndMachineryequipment,1999-01-31,2026-06-30,1,143.0
801730,电力设备,2020105037,发电设备装机容量:太阳能发电:累计值,Installed Capacity of Power Generation Equipment: Solar Power: Cumulative,月,万千瓦,累计值,全国,中国,中国电力企业联合会,getEcoDataIndEnergy,2009-12-31,2026-06-30,1,143.0
801730,电力设备,2020105036,发电设备装机容量:核电:累计值,Installed Capacity of Power Generation Equipment: Nuclear Power: Cumulative,月,万千瓦,累计值,全国,中国,中国电力企业联合会,getEcoDataIndEnergy,2008-12-31,2026-06-30,1,143.0
801730,电力设备,2020657644,发电设备装机容量:水电:累计值,Installed Capacity of Power Generation Equipment: Hydro Power: Cumulative,月,万千瓦,累计值,全国,中国,中国电力企业联合会,getEcoDataIndEnergy,2008-12-31,2026-06-30,1,143.0
801730,电力设备,2020105035,发电设备装机容量:火电:累计值,Installed Capacity of Power Generation Equipment: Thermal Power: Cumulative,月,万千瓦,累计值,全国,中国,中国电力企业联合会,getEcoDataIndEnergy,2008-12-31,2026-06-30,1,143.0
801730,电力设备,2020657645,发电设备装机容量:风电:累计值,Installed Capacity of Power Generation Equipment: Wind Power: Cumulative,月,万千瓦,累计值,全国,中国,中国电力企业联合会,getEcoDataIndEnergy,2008-12-31,2026-06-30,1,143.0
801730,电力设备,2020104973,电源工程投资完成:累计值,Completed Investments in Power Generation Projects: Cumulative Value,月,亿元,累计值,全国,中国,中国电力企业联合会,getEcoDataIndEnergy,2009-07-31,2026-06-30,1,143.0
801730,电力设备,2087007023,进出口金额(美元):发电机组及旋转式变流机(8502):当月值,Import and Export Value (USD): Generator Set and Rotary Converter(8502): Current Month Value,月,美元,当期值,中国,中国,海关总署,getEcoDataIndMachineryequipment,2015-01-31,2026-06-30,1,143.0
801730,电力设备,2087007051,进出口金额(美元):变压器、静止式变流器(例如整流器)及电感器(8504):当月值,"Import and Export Value (USD): Transformers, Static Converters (E.G. Rectifiers) and Inductors(8504): Current Month Value",月,美元,当期值,中国,中国,海关总署,getEcoDataIndMachineryequipment,2015-01-31,2026-06-30,1,143.0
801730,电力设备,2020101562,(全国)发电设备平均利用小时:累计值,Power Generation Equipment Average Utilization Hours: Cumulative,月,小时,累计值,全国,中国,中国电力企业联合会,getEcoDataIndEnergy,2009-07-31,2026-06-30,1,135.0
801730,电力设备,2020101578,(全国)发电设备平均利用小时:累计同比增减,(National) Power Generation Equipment Average Utilization Hours: Cumulative Per Cent Change,月,小时,累计同比增减,全国,中国,中国电力企业联合会,getEcoDataIndEnergy,2009-07-31,2026-06-30,1,135.0
801730,电力设备,2087007024,贸易差额(美元):发电机组及旋转式变流机(8502):当月值,Trade Balance (USD): Generator Set and Rotary Converter(8502): Current Month Value,月,美元,当期值,中国,中国,海关总署,getEcoDataIndMachineryequipment,2015-01-31,2026-06-30,1,135.0
801730,电力设备,2087007052,贸易差额(美元):变压器、静止式变流器(例如整流器)及电感器(8504):当月值,"Trade Balance (USD): Transformers, Static Converters (E.G. Rectifiers) and Inductors(8504): Current Month Value",月,美元,当期值,中国,中国,海关总署,getEcoDataIndMachineryequipment,2015-01-31,2026-06-30,1,135.0
801730,电力设备,2087007022,进口金额(美元):发电机组及旋转式变流机(8502):当月值,Import Value (USD): Generator Set and Rotary Converter(8502): Current Month Value,月,美元,当期值,中国,中国,海关总署,getEcoDataIndMachineryequipment,2015-01-31,2026-06-30,1,135.0
801730,电力设备,2087007050,进口金额(美元):变压器、静止式变流器(例如整流器)及电感器(8504):当月值,"Import Value (USD): Transformers, Static Converters (E.G. Rectifiers) and Inductors(8504): Current Month Value",月,美元,当期值,中国,中国,海关总署,getEcoDataIndMachineryequipment,2015-01-31,2026-06-30,1,135.0
801730,电力设备,2080200369,出口数量:变压器:当月同比,Transformer: Exports Quantity: YoY,月,%,当期同比,,中国,海关总署,getEcoDataIndMachineryequipment,2000-01-31,2026-06-30,1,133.0
801730,电力设备,2080200377,出口数量:太阳能电池:当月同比,Solar Battery: Exports Quantity: YoY,月,%,当期同比,,中国,海关总署,getEcoDataIndMachineryequipment,2013-01-31,2026-06-30,1,133.0
801730,电力设备,2080200822,出口金额:太阳能电池:当月同比,Solar Battery: Exportss Value: YoY,月,%,当期同比,,中国,海关总署,getEcoDataIndMachineryequipment,2013-01-31,2026-06-30,1,133.0
801730,电力设备,2080100199,销量:内燃机:发电机组:累计值,Consumption: Internal Combustion Engine: Generator: YTD,月,万台,累计值,,中国,中国内燃机工业协会,getEcoDataIndMachineryequipment,2014-01-31,2026-06-30,1,133.0
801730,电力设备,2020101565,(全国)发电设备平均利用小时:核电:累计值,(National) Power Generation Equipment Average Utilization Hours: Nuclear Power: YTD,季,小时,累计值,全国,中国,中国电力企业联合会,getEcoDataIndEnergy,2009-12-31,2026-06-30,1,131.0
801730,电力设备,2020101581,(全国)发电设备平均利用小时:核电:累计同比增减,(National) Power Generation Equipment Average Utilization Hours: Nuclear Power: Cumulative Per Cent Change,季,小时,累计同比增减,全国,中国,中国电力企业联合会,getEcoDataIndEnergy,2009-12-31,2026-06-30,1,131.0
801730,电力设备,2020101563,(全国)发电设备平均利用小时:水电:累计值,Power Generation Equipment Average Utilization Hours: HydroPower: Cumulative,季,小时,累计值,全国,中国,中国电力企业联合会,getEcoDataIndEnergy,2009-07-31,2026-06-30,1,131.0
801730,电力设备,2020101579,(全国)发电设备平均利用小时:水电:累计同比增减,(National) Power Generation Equipment Average Utilization Hours: HydroPower: Cumulative Per Cent Change,季,小时,累计同比增减,全国,中国,中国电力企业联合会,getEcoDataIndEnergy,2009-07-31,2026-06-30,1,131.0
801730,电力设备,2020101564,(全国)发电设备平均利用小时:火电:累计值,Power Generation Equipment Average Utilization Hours: Rmal Power: Cumulative,季,小时,累计值,全国,中国,中国电力企业联合会,getEcoDataIndEnergy,2009-07-31,2026-06-30,1,131.0
801730,电力设备,2020101580,(全国)发电设备平均利用小时:火电:累计同比增减,(National) Power Generation Equipment Average Utilization Hours:rmal Power: Cumulative Per Cent Change,季,小时,累计同比增减,全国,中国,中国电力企业联合会,getEcoDataIndEnergy,2009-07-31,2026-06-30,1,131.0
801730,电力设备,2020101566,(全国)发电设备平均利用小时:风电:累计值,(National) Power Generation Equipment Average Utilization Hours: Wind Power: YTD,季,小时,累计值,全国,中国,中国电力企业联合会,getEcoDataIndEnergy,2009-12-31,2026-06-30,1,131.0
801730,电力设备,2020101582,(全国)发电设备平均利用小时:风电:累计同比增减,(National) Power Generation Equipment Average Utilization Hours: Wind Power: Cumulative Per Cent Change,季,小时,累计同比增减,全国,中国,中国电力企业联合会,getEcoDataIndEnergy,2009-12-31,2026-06-30,1,131.0
801730,电力设备,2020640771,光伏发电:新增并网容量:其中光伏电站:总计,Photovoltaic Power Generation: New Grid-connected Capacity: Other Photovoltaic Power Plants: Total,季,万千瓦,累计值,全国,中国,能源局,getEcoDataIndEnergy,2015-03-31,2026-06-30,1,131.0
801730,电力设备,2020640738,光伏发电:新增并网容量:总计,Photovoltaic Power Generation: New Grid-connected Capacity: Total,季,万千瓦,累计值,全国,中国,能源局,getEcoDataIndEnergy,2014-12-31,2026-06-30,1,131.0
801730,电力设备,2020640705,光伏发电:累计并网容量:其中光伏电站:总计,Photovoltaic Power Generation: Cumulative Grid-connected Capacity: Other Photovoltaic Power Plants: Total,季,万千瓦,累计值,全国,中国,能源局,getEcoDataIndEnergy,2015-03-31,2026-03-31,1,131.0
801730,电力设备,2020640672,光伏发电:累计并网容量:总计,Photovoltaic Power Generation: Cumulative Grid-connected Capacity: Total,季,万千瓦,累计值,全国,中国,能源局,getEcoDataIndEnergy,2014-12-31,2026-03-31,1,131.0
801730,电力设备,2020674176,发电量:光伏,Power Generation: Photovoltaic,季,亿千瓦时,累计值,全国,中国,中国光伏行业协会,getEcoDataIndEnergy,2018-03-31,2026-06-30,1,131.0
801730,电力设备,2020766483,并网容量:光伏发电:累计同比,,季,%,累计同比,全国,中国,国家能源局,getEcoDataIndEnergy,2014-12-31,2026-03-31,1,131.0
801730,电力设备,2020766482,新增并网容量:光伏发电:累计同比,,季,%,累计同比,全国,中国,国家能源局,getEcoDataIndEnergy,2015-12-31,2026-03-31,1,131.0
801730,电力设备,2020766481,新增并网容量:光伏电站:累计同比,,季,%,累计同比,全国,中国,国家能源局,getEcoDataIndEnergy,2015-12-31,2026-03-31,1,131.0
801730,电力设备,2020766480,新增并网容量:分布式光伏:累计同比,,季,%,累计同比,全国,中国,国家能源局,getEcoDataIndEnergy,2016-12-31,2026-03-31,1,131.0
801730,电力设备,2087019405,出口数量:风力发电机组(850231):当月值,Export Quantity: Wind Turbine(850231): Current Month Value,月,台,当期值,中国,中国,海关总署,getEcoDataIndMachineryequipment,2015-01-31,2026-06-30,1,125.0
801730,电力设备,2087019398,出口金额(美元):风力发电机组(850231):当月值,Export Value (USD): Wind Turbine(850231): Current Month Value,月,美元,当期值,中国,中国,海关总署,getEcoDataIndMachineryequipment,2015-01-31,2026-06-30,1,125.0
801730,电力设备,2087019407,进出口数量:风力发电机组(850231):当月值,Import And Export Quantity: Wind Turbine(850231): Current Month Value,月,台,当期值,中国,中国,海关总署,getEcoDataIndMachineryequipment,2015-01-31,2026-06-30,1,125.0
801730,电力设备,2087019400,进出口金额(美元):风力发电机组(850231):当月值,Import And Export Value (USD): Wind Turbine(850231): Current Month Value,月,美元,当期值,中国,中国,海关总署,getEcoDataIndMachineryequipment,2015-01-31,2026-06-30,1,125.0
801730,电力设备,2087038887,出口数量:1kVA<额定容量≤16kVA的未列名变压器(85043290):当月值,Export Quantity: Unlisted Transformer With 1Kva < Rated Capacity ≤ 16Kva(85043290): Current Month Value,月,美元,当期值,中国,中国,海关总署,getEcoDataIndMachineryequipment,2015-01-31,2026-06-30,1,123.0
801730,电力设备,2087039167,出口数量:其他变压器的零件(85049019):当月值,Export Quantity: Parts Of Other Transformers(85049019): Current Month Value,月,千克,当期值,中国,中国,海关总署,getEcoDataIndMachineryequipment,2015-01-31,2026-06-30,1,123.0
801730,电力设备,2087019365,"出口数量:压燃式内燃机发电机组,75kVA<输出功率≤375kVA(850212):当月值","Export Quantity: Compression Ignition Internal Combustion Engine Generator Set, 75Kva < Output Power ≤ 375Kva(850212): Current Month Value",月,台,当期值,中国,中国,海关总署,getEcoDataIndMachineryequipment,2015-01-31,2026-06-30,1,123.0
801730,电力设备,2087038599,"出口数量:压燃式内燃机发电机组,输出功率>2MVA(85021320):当月值","Export Quantity: Compression Ignition Internal Combustion Engine Generator Set, Output Power > 2Mva(85021320): Current Month Value",月,台,当期值,中国,中国,海关总署,getEcoDataIndMachineryequipment,2015-01-31,2026-06-30,1,123.0
801730,电力设备,2087019345,"出口数量:压燃式内燃机发电机组,输出功率≤75kVA(850211):当月值","Export Quantity: Compression Ignition Internal Combustion Engine Generator Set, Output Power ≤ 75Kva(850211): Current Month Value",月,台,当期值,中国,中国,海关总署,getEcoDataIndMachineryequipment,2015-01-31,2026-06-30,1,123.0
801730,电力设备,2087039207,出口数量:变压器、静止式变流器等其他货品的零件(85049090):当月值,"Export Quantity: Parts Of Transformers, Static Converters And Other Goods(85049090): Current Month Value",月,千克,当期值,中国,中国,海关总署,getEcoDataIndMachineryequipment,2015-01-31,2026-06-30,1,123.0
801730,电力设备,2087038647,出口数量:子目号850231所列发电机组零件(85030030):当月值,Export Quantity: Parts Of Generator Sets Listed In Subitem 850231(85030030): Current Month Value,月,千克,当期值,中国,中国,海关总署,getEcoDataIndMachineryequipment,2015-01-31,2026-06-30,1,123.0
801730,电力设备,2087019425,出口数量:未列名发电机组(850239):当月值,Export Quantity: Generator Set Not Listed(850239): Current Month Value,月,台,当期值,中国,中国,海关总署,getEcoDataIndMachineryequipment,2015-01-31,2026-06-30,1,123.0
801730,电力设备,2087038847,出口数量:未列名额定容量≤1kVA的变压器(85043190):当月值,Export Quantity: Transformers With Rated Capacity ≤ 1Kva Are Not Listed(85043190): Current Month Value,月,美元,当期值,中国,中国,海关总署,getEcoDataIndMachineryequipment,2015-01-31,2026-06-30,1,123.0
801730,电力设备,2087038967,出口数量:未列名额定容量超过500千伏安的其他变压器(85043490):当月值,Export Quantity: Other Transformers With Rated Capacity Exceeding 500 Kva Are Not Listed(85043490): Current Month Value,月,美元,当期值,中国,中国,海关总署,getEcoDataIndMachineryequipment,2015-01-31,2026-06-30,1,123.0
801730,电力设备,2087038727,"出口数量:液体介质变压器,10MVA<额定容量<220MVA(85042311):当月值","Export Quantity: Liquid Dielectric Transformer, 10Mva < Rated Capacity < 220Mva(85042311): Current Month Value",月,美元,当期值,中国,中国,海关总署,getEcoDataIndMachineryequipment,2015-01-31,2026-06-30,1,123.0
801730,电力设备,2087038747,"出口数量:液体介质变压器,220MVA≤额定容量<330MVA(85042312):当月值","Export Quantity: Liquid Medium Transformer, 220Mva ≤ Rated Capacity < 330Mva(85042312): Current Month Value",月,美元,当期值,中国,中国,海关总署,getEcoDataIndMachineryequipment,2015-01-31,2026-06-30,1,123.0
801730,电力设备,2087038767,"出口数量:液体介质变压器,330MVA≤额定容量<400MVA(85042313):当月值","Export Quantity: Liquid Medium Transformer, 330Mva ≤ Rated Capacity < 400Mva(85042313): Current Month Value",月,美元,当期值,中国,中国,海关总署,getEcoDataIndMachineryequipment,2015-04-30,2026-06-30,1,123.0
801730,电力设备,2087038787,"出口数量:液体介质变压器,400MVA≤额定容量<500MVA(85042321):当月值","Export Quantity: Liquid Medium Transformer, 400Mva ≤ Rated Capacity < 500Mva(85042321): Current Month Value",月,美元,当期值,中国,中国,海关总署,getEcoDataIndMachineryequipment,2015-06-30,2026-06-30,1,123.0
801730,电力设备,2087019485,"出口数量:液体介质变压器,650kVA<额定容量≤10MVA(850422):当月值","Export Quantity: Liquid Medium Transformer, 650Kva < Rated Capacity ≤ 10Mva(850422): Current Month Value",月,美元,当期值,中国,中国,海关总署,getEcoDataIndMachineryequipment,2015-01-31,2026-06-30,1,123.0
801730,电力设备,2087019385,出口数量:装有点燃式活塞内燃发动机的发电机组(850220):当月值,Export Quantity: Generator Set Equipped With Positive Ignition Piston Internal Combustion Engine(850220): Current Month Value,月,台,当期值,中国,中国,海关总署,getEcoDataIndMachineryequipment,2015-01-31,2026-06-30,1,123.0
801730,电力设备,2087038592,"出口金额(美元):压燃式内燃机发电机组,输出功率>2MVA(85021320):当月值","Export Value (USD): Compression Ignition Internal Combustion Engine Generator Set, Output Power > 2Mva(85021320): Current Month Value",月,美元,当期值,中国,中国,海关总署,getEcoDataIndMachineryequipment,2015-01-31,2026-06-30,1,123.0
801730,电力设备,2087011517,"出口金额(美元):压燃式内燃机发电机组,输出功率>375kVA(850213):当月值","Export Value (USD): Compression Ignition Internal Combustion Engine Generator Set, Output Power > 375Kva(850213): Current Month Value",月,美元,当期值,中国,中国,海关总署,getEcoDataIndMachineryequipment,2015-01-31,2026-06-30,1,123.0
801730,电力设备,2087019338,"出口金额(美元):压燃式内燃机发电机组,输出功率≤75kVA(850211):当月值","Export Value (USD): Compression Ignition Internal Combustion Engine Generator Set, Output Power ≤ 75Kva(850211): Current Month Value",月,美元,当期值,中国,中国,海关总署,getEcoDataIndMachineryequipment,2015-01-31,2026-06-30,1,123.0
801730,电力设备,2087038640,出口金额(美元):子目号850231所列发电机组零件(85030030):当月值,Export Value (USD): Parts Of Generator Sets Listed In Subitem 850231(85030030): Current Month Value,月,美元,当期值,中国,中国,海关总署,getEcoDataIndMachineryequipment,2015-01-31,2026-06-30,1,123.0
801730,电力设备,2087019418,出口金额(美元):未列名发电机组(850239):当月值,Export Value (USD): Generator Set Not Listed(850239): Current Month Value,月,美元,当期值,中国,中国,海关总署,getEcoDataIndMachineryequipment,2015-01-31,2026-06-30,1,123.0
801730,电力设备,2087019401,贸易差额(美元):风力发电机组(850231):当月值,Trade Balance (USD): Wind Turbine(850231): Current Month Value,月,美元,当期值,中国,中国,海关总署,getEcoDataIndMachineryequipment,2015-01-31,2026-06-30,1,117.0
801730,电力设备,2087019406,进口数量:风力发电机组(850231):当月值,Import Quantity: Wind Turbine(850231): Current Month Value,月,台,当期值,中国,中国,海关总署,getEcoDataIndMachineryequipment,2015-01-31,2026-06-30,1,117.0
801730,电力设备,2087019399,进口金额(美元):风力发电机组(850231):当月值,Import Value (USD): Wind Turbine(850231): Current Month Value,月,美元,当期值,中国,中国,海关总署,getEcoDataIndMachineryequipment,2015-01-31,2026-06-30,1,117.0
801730,电力设备,2070135031,公共类充电桩数量:全国,Number of Public Charging Piles: Nationwide,月,台,当期值,全国,中国,中国电动汽车充电基础设施促进联盟,getEcoDataIndAutomobile,2016-02-29,2026-06-30,1,115.0
801730,电力设备,2090726818,出口数量:机电产品:电子元件:二极管及类似半导体器件:太阳能电池:当月环比,,月,%,当期环比,,中国,Datayes!,getEcoDataIndElectronic,2014-07-31,2026-06-30,1,113.0
801730,电力设备,2070923597,动力电池装机量:CATL:当月值,Installed Capacity of Power Battery: CATL: Current Value (Month),月,MWh,当期值,,,Datayes!,getEcoDataIndAutomobile,2015-01-31,2026-06-30,1,113.0
801730,电力设备,2070923601,动力电池装机量:CATL:当期同比,,月,%,当期同比,,,Datayes!,getEcoDataIndAutomobile,2016-01-31,2026-06-30,1,113.0
801730,电力设备,2070923647,动力电池装机量:亿纬锂能:当月值,Power battery installed capacity: EVE Energy: Current Value(Month),月,MWh,当期值,,,Datayes!,getEcoDataIndAutomobile,2016-03-31,2026-06-30,1,113.0
801730,电力设备,2070923651,动力电池装机量:亿纬锂能:当期同比,,月,%,当期同比,,,Datayes!,getEcoDataIndAutomobile,2017-03-31,2026-06-30,1,113.0
801730,电力设备,2070923627,动力电池装机量:国轩高科:当月值,Power Battery Installed Capacity: Guoxuan Hi-Tech: Current Value (Month),月,MWh,当期值,,,Datayes!,getEcoDataIndAutomobile,2015-01-31,2026-06-30,1,113.0
801730,电力设备,2070923631,动力电池装机量:国轩高科:当期同比,,月,%,当期同比,,,Datayes!,getEcoDataIndAutomobile,2016-01-31,2026-06-30,1,113.0
801730,电力设备,2070923652,动力电池装机量:总计:当月值,Power Battery Installed Capacity: Total: Current Value (Month),月,MWh,当期值,,,Datayes!,getEcoDataIndAutomobile,2015-01-31,2026-06-30,1,113.0
801730,电力设备,2070923656,动力电池装机量:总计:当期同比,,月,%,当期同比,,,Datayes!,getEcoDataIndAutomobile,2016-01-31,2026-06-30,1,113.0
801730,电力设备,2070923612,动力电池装机量:比亚迪:当月值,Power Battery Installed Capacity: BYD: Current Value (Month),月,MWh,当期值,,,Datayes!,getEcoDataIndAutomobile,2015-01-31,2026-06-30,1,113.0
801740,国防军工,2160029360,全国造船手持订单量:出口占比,National Volume of Ship Building Handheld Orders: Proportion of Export,月,%,累计占比,,中国,中国船舶工业行业协会,getEcoDataIndTraffictransport,2013-12-31,2026-03-31,1,149.0
801740,国防军工,1020000202,出口交货值:铁路、船舶、航空航天和其他运输设备制造业:当月同比,"Export Delivery Value: Railway, Marine, Aerospace And Other Transportation Equipment Manufacturing: Current YoY (Month)",月,%,当期同比,全国,中国,国家统计局,getEcoDataChina,2012-02-29,2026-06-30,1,145.0
801740,国防军工,1020000161,出口交货值:铁路、船舶、航空航天和其他运输设备制造业:当期值,"Export Delivery Value: Railway, Marine, Aerospace And Other Transportation Equipment Manufacturing: Current Value",月,亿元,当期值,全国,中国,国家统计局,getEcoDataChina,2012-02-29,2026-06-30,1,145.0
801740,国防军工,1050000359,固定资产投资完成额:制造业:铁路、船舶、航空航天和其他运输设备制造业:累计同比,"Fixed Assets Investment Completed: Manufacturing: Railway, Marine, Aerospace And Other Transportation Equipment Manufacturing: Cumulative YoY",月,%,累计同比,全国,中国,国家统计局,getEcoDataChina,2012-02-29,2026-06-30,1,145.0
801740,国防军工,1020010283,工业企业:投资收益:铁路、船舶、航空航天和其他运输设备制造业:累计值,"Investment Return: Railway, Ship, Aerospace and Other Transportation Equipment Manufacturing Industry: Cumulative Value",月,亿元,累计值,全国,中国,国家统计局,getEcoDataChina,2017-02-28,2026-06-30,1,145.0
801740,国防军工,1050000441,民间固定资产投资完成额:铁路、船舶、航空航天和其他运输设备制造业:累计同比,"Private Investment In Fixed Assets Completed: Railway, Marine, Aerospace And Other Transportation Equipment Manufacturing: Cumulative YoY",月,%,累计同比,全国,中国,国家统计局,getEcoDataChina,2012-03-31,2026-06-30,1,145.0
801740,国防军工,1020001585,产量:民用钢质船舶:当月值,Output: Civil Steel Ships: Current,月,万载重吨,当期值,全国,中国,国家统计局,getEcoDataChina,1989-02-28,2026-06-30,1,143.0
801740,国防军工,2087007385,"出口金额(美元):其他航空器;航天器及运载工具,亚轨道运载工具(8802):当月值","Export Value (USD): Other Aircraft;Spacecraft and Vehicles, Suborbital Vehicles(8802): Current Month Value",月,美元,当期值,中国,中国,海关总署,getEcoDataIndMachineryequipment,2015-01-31,2026-06-30,1,143.0
801740,国防军工,2087007371,出口金额(美元):气球及飞艇;滑翔机、悬挂滑翔机等无动力航空器(8801):当月值,Export Value (USD): Balloons and Airships;Unpowered Aircraft such as Glider and Hang Glider(8801): Current Month Value,月,美元,当期值,中国,中国,海关总署,getEcoDataIndMachineryequipment,2015-01-31,2026-06-30,1,143.0
801740,国防军工,2087005765,出口金额(美元):航空器、航天器及其零件(88):当月同比,"Export Value (USD): Aircraft, Spacecraft And Their Parts(88): Mom",月,%,当期同比,中国,中国,海关总署,getEcoDataIndMachineryequipment,2016-01-31,2026-06-30,1,143.0
801740,国防军工,2087007413,出口金额(美元):航空器的发射装置、甲板停机装置等及其零件(8805):当月值,"Export Value (USD): Aunching Device, Deck Stop Device, Etc. of 8805 Aircraft and Their Parts(8805): Current Month Value",月,美元,当期值,中国,中国,海关总署,getEcoDataIndMachineryequipment,2015-01-31,2026-06-30,1,143.0
801740,国防军工,2160712475,出口金额(美元):船舶及浮动结构体(89):当月值,Export Value (USD): Ships And Floating Structures (Transportation)(89): Current Month Value,月,美元,当期值,中国,中国,海关总署,getEcoDataIndTraffictransport,2015-01-31,2026-06-30,1,143.0
801740,国防军工,2087007387,"进出口金额(美元):其他航空器;航天器及运载工具,亚轨道运载工具(8802):当月值","Import and Export Value (USD): Other Aircraft;Spacecraft and Vehicles, Suborbital Vehicles(8802): Current Month Value",月,美元,当期值,中国,中国,海关总署,getEcoDataIndMachineryequipment,2015-01-31,2026-06-30,1,143.0
801740,国防军工,2087007373,进出口金额(美元):气球及飞艇;滑翔机、悬挂滑翔机等无动力航空器(8801):当月值,Import and Export Value (USD): Balloons and Airships;Unpowered Aircraft such as Glider and Hang Glider(8801): Current Month Value,月,美元,当期值,中国,中国,海关总署,getEcoDataIndMachineryequipment,2015-01-31,2026-06-30,1,143.0
801740,国防军工,2087005763,进出口金额(美元):航空器、航天器及其零件(88):当月值,"Import And Export Value (USD): Aircraft, Spacecraft And Their Parts(88): Current Month Value",月,美元,当期值,中国,中国,海关总署,getEcoDataIndMachineryequipment,2015-01-31,2026-06-30,1,143.0
801740,国防军工,2087007415,进出口金额(美元):航空器的发射装置、甲板停机装置等及其零件(8805):当月值,"Import and Export Value (USD): Aunching Device, Deck Stop Device, Etc. of 8805 Aircraft and Their Parts(8805): Current Month Value",月,美元,当期值,中国,中国,海关总署,getEcoDataIndMachineryequipment,2015-01-31,2026-06-30,1,143.0
801740,国防军工,2160712477,进出口金额(美元):船舶及浮动结构体(89):当月值,Import And Export Value (USD): Ships And Floating Structures (Transportation)(89): Current Month Value,月,美元,当期值,中国,中国,海关总署,getEcoDataIndTraffictransport,2015-01-31,2026-06-30,1,143.0
801740,国防军工,2160029358,全国造船完工量:出口占比,National Completion Quantity of Ship Building: Proportion of Export,月,%,累计占比,,中国,中国船舶工业行业协会,getEcoDataIndTraffictransport,2013-12-31,2026-03-31,1,141.0
801740,国防军工,2160029351,全国造船手持订单量:累计同比,National Volume of Ship Building Handheld Orders: Cumulative YoY,月,%,累计同比,,中国,中国船舶工业行业协会,getEcoDataIndTraffictransport,2013-12-31,2026-03-31,1,141.0
801740,国防军工,1040015524,PPI:铁路、船舶、航空航天和其他运输设备制造业(上年同月=100),"PPI: Railway, Ship, Aerospace and Other Transportation Equipment Manufacturing Industry (CYoY=100)",月,上年同月=100,当期值,全国,中国,国家统计局,getEcoDataChina,2013-08-31,2026-06-30,1,137.0
801740,国防军工,1020000667,三项期间费用率:铁路、船舶、航空航天和其他运输设备制造业,Three Types Of Expenses Rate: Transportation Equipment Manufacturing,月,%,当期值,全国,中国,国家统计局,getEcoDataChina,2011-02-28,2026-06-30,1,137.0
801740,国防军工,1020008409,工业企业:亏损企业亏损额:铁路、船舶、航空航天和其他运输设备制造业:累计值,"Loss of Money-Losing Enterprises: Railway, Ship, Aerospace and Other Transportation Equipment Manufacturing Industry: Cumulative Value",月,亿元,累计值,全国,中国,国家统计局,getEcoDataChina,2000-02-29,2026-06-30,1,137.0
801740,国防军工,1020006267,工业企业:亏损企业单位数:铁路、船舶、航空航天和其他运输设备制造业:累计值,"Number of Loss-Making Enterprises: Railway, Ship, Aerospace and Other Transportation Equipment Manufacturing Industry: Cumulative Value",月,个,累计值,全国,中国,国家统计局,getEcoDataChina,2000-02-29,2026-06-30,1,137.0
801740,国防军工,1020006771,工业企业:产成品存货:铁路、船舶、航空航天和其他运输设备制造业:累计值,"Finished Goods Inventory: Railway, Ship, Aerospace and Other Transportation Equipment Manufacturing Industry: Cumulative Value",月,亿元,累计值,全国,中国,国家统计局,getEcoDataChina,2000-02-29,2026-06-30,1,137.0
801740,国防军工,1020008283,工业企业:利润总额:铁路、船舶、航空航天和其他运输设备制造业:累计值,"Total Profit: Railway, Ship, Aerospace and Other Transportation Equipment Manufacturing Industry: Cumulative Value",月,亿元,累计值,全国,中国,国家统计局,getEcoDataChina,2000-02-29,2026-06-30,1,137.0
801740,国防军工,1020006161,工业企业:单位数:铁路、船舶、航空航天和其他运输设备制造业:累计值,"Number of Enterprises: Railway, Ship, Aerospace and Other Transportation Equipment Manufacturing Industry: Cumulative Value",月,个,累计值,全国,中国,国家统计局,getEcoDataChina,2001-02-28,2026-06-30,1,137.0
801740,国防军工,1020006645,工业企业:存货:铁路、船舶、航空航天和其他运输设备制造业:累计值,"Inventory: Railway, Ship, Aerospace and Other Transportation Equipment Manufacturing Industry: Cumulative Value",月,亿元,累计值,全国,中国,国家统计局,getEcoDataChina,2011-02-28,2026-06-30,1,137.0
801740,国防军工,1020006519,工业企业:应收账款:铁路、船舶、航空航天和其他运输设备制造业:累计值,"Accounts Receivable: Railway, Ship, Aerospace and Other Transportation Equipment Manufacturing Industry: Cumulative Value",月,亿元,累计值,全国,中国,国家统计局,getEcoDataChina,2000-02-29,2026-06-30,1,137.0
801740,国防军工,1020006393,工业企业:流动资产合计:铁路、船舶、航空航天和其他运输设备制造业:累计值,"Total Current Assets: Railway, Ship, Aerospace and Other Transportation Equipment Manufacturing Industry: Cumulative Value",月,亿元,累计值,全国,中国,国家统计局,getEcoDataChina,2011-02-28,2026-06-30,1,137.0
801740,国防军工,1020007905,工业企业:管理费用:铁路、船舶、航空航天和其他运输设备制造业:累计值,"Management Expenses: Railway, Ship, Aerospace and Other Transportation Equipment Manufacturing Industry: Cumulative Value",月,亿元,累计值,全国,中国,国家统计局,getEcoDataChina,2000-02-29,2026-06-30,1,137.0
801740,国防军工,2080200099,进口数量:飞机及其他航空器:当月值,Airplane and Other Aircraft: Imports Quantity,月,架,当期值,全国,中国,海关总署,getEcoDataIndMachineryequipment,1998-01-31,2026-06-30,1,137.0
801740,国防军工,2080200463,进口金额:飞机及其他航空器:累计同比,Airplane and Other Aircraft: Imports Value: YTD: YoY,月,%,累计同比,全国,中国,海关总署,getEcoDataIndMachineryequipment,1998-01-31,2026-06-30,1,137.0
801740,国防军工,1040018964,PPI:铁路、船舶、航空航天等运输设备修理业(上年同月=100),"PPI: Railway, Ships, Aerospace and Other Transport Equipment Repair (CYoY=100)",月,上年同月=100,当期值,全国,中国,国家统计局,getEcoDataChina,2016-01-31,2026-06-30,1,135.0
801740,国防军工,2087007388,"贸易差额(美元):其他航空器;航天器及运载工具,亚轨道运载工具(8802):当月值","Trade Balance (USD): Other Aircraft;Spacecraft and Vehicles, Suborbital Vehicles(8802): Current Month Value",月,美元,当期值,中国,中国,海关总署,getEcoDataIndMachineryequipment,2015-01-31,2026-06-30,1,135.0
801740,国防军工,2087007374,贸易差额(美元):气球及飞艇;滑翔机、悬挂滑翔机等无动力航空器(8801):当月值,Trade Balance (USD): Balloons and Airships;Unpowered Aircraft such as Glider and Hang Glider(8801): Current Month Value,月,美元,当期值,中国,中国,海关总署,getEcoDataIndMachineryequipment,2015-01-31,2026-06-30,1,135.0
801740,国防军工,2087005764,贸易差额(美元):航空器、航天器及其零件(88):当月值,"Trade Balance (USD): Aircraft, Spacecraft And Their Parts(88): Current Month Value",月,美元,当期值,中国,中国,海关总署,getEcoDataIndMachineryequipment,2015-01-31,2026-06-30,1,135.0
801740,国防军工,2087007416,贸易差额(美元):航空器的发射装置、甲板停机装置等及其零件(8805):当月值,"Trade Balance (USD): Aunching Device, Deck Stop Device, Etc. of 8805 Aircraft and Their Parts(8805): Current Month Value",月,美元,当期值,中国,中国,海关总署,getEcoDataIndMachineryequipment,2015-01-31,2026-06-30,1,135.0
801740,国防军工,2160712478,贸易差额(美元):船舶及浮动结构体(89):当月值,Trade Balance (USD): Ships And Floating Structures (Transportation)(89): Current Month Value,月,美元,当期值,中国,中国,海关总署,getEcoDataIndTraffictransport,2017-01-31,2026-06-30,1,135.0
801740,国防军工,2087007386,"进口金额(美元):其他航空器;航天器及运载工具,亚轨道运载工具(8802):当月值","Import Value (USD): Other Aircraft;Spacecraft and Vehicles, Suborbital Vehicles(8802): Current Month Value",月,美元,当期值,中国,中国,海关总署,getEcoDataIndMachineryequipment,2015-01-31,2026-06-30,1,135.0
801740,国防军工,2087007372,进口金额(美元):气球及飞艇;滑翔机、悬挂滑翔机等无动力航空器(8801):当月值,Import Value (USD): Balloons and Airships;Unpowered Aircraft such as Glider and Hang Glider(8801): Current Month Value,月,美元,当期值,中国,中国,海关总署,getEcoDataIndMachineryequipment,2015-01-31,2026-06-30,1,135.0
801740,国防军工,2160712476,进口金额(美元):船舶及浮动结构体(89):当月值,Import Value (USD): Ships And Floating Structures (Transportation)(89): Current Month Value,月,美元,当期值,中国,中国,海关总署,getEcoDataIndTraffictransport,2015-01-31,2026-06-30,1,135.0
801740,国防军工,2160029361,全国造船完工量:累计值,National Completion Quantity of Ship Building: Cumulative Value,月,万载重吨,累计值,,中国,中国船舶工业行业协会,getEcoDataIndTraffictransport,2013-12-31,2026-03-31,1,133.0
801740,国防军工,2080200462,进口金额:飞机:当月同比,Aircraft: Imports Value: YoY,月,%,当期同比,,中国,海关总署,getEcoDataIndMachineryequipment,1999-01-31,2026-06-30,1,125.0
801740,国防军工,2160001554,飞机日利用率:合计:当月值,Aircraft Utilization Rates: Total,月,小时/日,当期值,,中国,中国民用航空局,getEcoDataIndTraffictransport,2010-01-31,2026-06-30,1,125.0
801740,国防军工,2160712224,飞机起降架次:东北地区:当月值,Number of Aircraft Takeoffs and Landings: Northeast Region: Value of The Month,月,万架次,当期值,,中国,中国民用航空局,getEcoDataIndTraffictransport,2017-03-31,2026-06-30,1,125.0
801740,国防军工,2160712221,飞机起降架次:东部地区:当月值,Number of Aircraft Takeoffs and Landings: Eastern Region: Current Month Value,月,万架次,当期值,,中国,中国民用航空局,getEcoDataIndTraffictransport,2017-03-31,2026-06-30,1,125.0
801740,国防军工,2160712222,飞机起降架次:中部地区:当月值,Number of Aircraft Takeoffs and Landings: Central Region: Current Month Value,月,万架次,当期值,,中国,中国民用航空局,getEcoDataIndTraffictransport,2017-03-31,2026-06-30,1,125.0
801740,国防军工,2160712220,飞机起降架次:当月值,Aircraft Takeoffs and Landings: Value of The Month,月,万架次,当期值,,中国,中国民用航空局,getEcoDataIndTraffictransport,2017-03-31,2026-06-30,1,125.0
801740,国防军工,2160712223,飞机起降架次:西部地区:当月值,Number of Aircraft Takeoffs and Landings: Western Region: Current Month Value,月,万架次,当期值,,中国,中国民用航空局,getEcoDataIndTraffictransport,2017-03-31,2026-06-30,1,125.0
801740,国防军工,2080730010,出口数量:飞机用坐具(940110):当月值,Export Quantity: Aircraft Seat(940110): Current Month Value,月,个,当期值,全国,中国,海关总署,getEcoDataIndMachineryequipment,2015-01-31,2026-06-30,1,123.0
801740,国防军工,2080730001,出口金额(人民币):飞机加油车、调温车、除冰车(87059060):当期值,"Export Amount (RMB): Aircraft Refueling Vehicle, Temperature Regulating Vehicle And Deicing Vehicle (87059060): Current Value",月,元,当期值,全国,中国,海关总署,getEcoDataIndMachineryequipment,2015-01-31,2026-06-30,1,123.0
801740,国防军工,2080730011,出口金额(人民币):飞机用坐具(94011000):当期值,Export Amount (RMB): Aircraft Seat (94011000): Current Value,月,元,当期值,全国,中国,海关总署,getEcoDataIndMachineryequipment,2015-01-31,2026-06-30,1,123.0
801740,国防军工,2087023463,出口金额(美元):飞机用坐具(940110):当月值,Export Value (USD): Aircraft Seat(940110): Current Month Value,月,美元,当期值,中国,中国,海关总署,getEcoDataIndMachineryequipment,2015-01-31,2026-06-30,1,123.0
801740,国防军工,2087023471,进出口数量:飞机用坐具(940110):当月值,Import And Export Quantity: Aircraft Seat(940110): Current Month Value,月,个,当期值,中国,中国,海关总署,getEcoDataIndMachineryequipment,2015-01-31,2026-06-30,1,123.0
801740,国防军工,2087023465,进出口金额(美元):飞机用坐具(940110):当月值,Import And Export Value (USD): Aircraft Seat(940110): Current Month Value,月,美元,当期值,中国,中国,海关总署,getEcoDataIndMachineryequipment,2015-01-31,2026-06-30,1,123.0
801740,国防军工,2087023466,贸易差额(美元):飞机用坐具(940110):当月值,Trade Balance (USD): Aircraft Seat(940110): Current Month Value,月,美元,当期值,中国,中国,海关总署,getEcoDataIndMachineryequipment,2015-01-31,2026-06-30,1,115.0
801740,国防军工,2087023470,进口数量:飞机用坐具(940110):当月值,Import Quantity: Aircraft Seat(940110): Current Month Value,月,个,当期值,中国,中国,海关总署,getEcoDataIndMachineryequipment,2015-01-31,2026-06-30,1,115.0
801740,国防军工,2087023464,进口金额(美元):飞机用坐具(940110):当月值,Import Value (USD): Aircraft Seat(940110): Current Month Value,月,美元,当期值,中国,中国,海关总署,getEcoDataIndMachineryequipment,2015-01-31,2026-06-30,1,115.0
801750,计算机,1050000379,固定资产投资完成额:信息传输、软件和信息技术服务业:累计同比,"Fixed Assets Investment Realized: Cumulative YoY: Information Transmission, Software and Information Technology Services",月,%,累计同比,全国,中国,国家统计局,getEcoDataChina,2004-02-29,2026-06-30,1,145.0
801750,计算机,1040018939,PPI:计算机制造业(上年同月=100),PPI: Computers Manufacturing (CYoY=100),月,上年同月=100,当期值,全国,中国,国家统计局,getEcoDataChina,2014-01-31,2026-06-30,1,135.0
801750,计算机,1010012052,GDP:不变价:信息传输、软件和信息技术服务业:当季同比,"GDP: at Constant Price: Information Transmission, Software and Information Technology Services: Current Quarter YoY",季,%,当期同比,全国,中国,国家统计局,getEcoDataChina,2015-03-31,2026-06-30,1,133.0
801750,计算机,1010012056,GDP:不变价:信息传输、软件和信息技术服务业:累计同比,"GDP: at Constant Price: Information Transmission, Software and Information Technology Services: Cumulative YoY",季,%,累计同比,全国,中国,国家统计局,getEcoDataChina,2015-03-31,2026-06-30,1,133.0
801750,计算机,1010012050,GDP:现价:信息传输、软件和信息技术服务业:当季值,"GDP: at Current Price: Information Transmission, Software and Information Technology Services: Current Quarter Value",季,亿元,当期值,全国,中国,国家统计局,getEcoDataChina,2015-03-31,2026-06-30,1,133.0
801750,计算机,1010012054,GDP:现价:信息传输、软件和信息技术服务业:累计值,"GDP: at Current Price: Information Transmission, Software and Information Technology Services: Cumulative Value",季,亿元,累计值,全国,中国,国家统计局,getEcoDataChina,2015-03-31,2026-06-30,1,133.0
801750,计算机,1010017940,GDP:现价:初步核算数:信息传输、软件和信息技术服务业:当季值,"GDP: at Current Price: Preliminary Accounting Results: Information Transmission, Software and Information Technology Services: Current Quarter Value",季,亿元,初值,全国,中国,国家统计局,getEcoDataChina,2017-03-31,2026-06-30,1,133.0
801750,计算机,1010017967,GDP:现价:初步核算数:信息传输、软件和信息技术服务业:累计值,"GDP: at Current Price: Preliminary Accounting Results: Information Transmission, Software and Information Technology Services: Cumulative Value",季,亿元,累计值(初值),全国,中国,国家统计局,getEcoDataChina,2017-03-31,2026-06-30,1,133.0
801750,计算机,1010014359,GDP平减指数:信息传输、软件和信息技术服务业:当季同比,"GDP Deflators Index: Information Transmission, Software and Information Technology Services: Current Quarter YoY",季,%,当期同比,全国,中国,Datayes!,getEcoDataChina,2016-03-31,2026-06-30,1,133.0
801750,计算机,1010014347,GDP平减指数:信息传输、软件和信息技术服务业:累计同比,"GDP Deflators Index: Information Transmission, Software and Information Technology Services: Cumulative YoY",季,%,累计同比,全国,中国,Datayes!,getEcoDataChina,2016-03-31,2026-06-30,1,133.0
801750,计算机,1010014286,GDP指数:信息传输、软件和信息技术服务业:当季值,"Indices of GDP: Information Transmission, Software and Information Technology Services: Current Quarter Value",季,上年同期=100,当期同比,全国,中国,国家统计局,getEcoDataChina,2015-03-31,2026-06-30,1,133.0
801750,计算机,1010014302,GDP指数:信息传输、软件和信息技术服务业:累计值,"Indices of GDP: Information Transmission, Software and Information Technology Services: Cumulative Value",季,上年同期=100,累计同比,全国,中国,国家统计局,getEcoDataChina,2015-03-31,2026-06-30,1,133.0
801750,计算机,1010012058,GDP累计同比贡献率:信息传输、软件和信息技术服务业,"Share of the Contributions to the Increase of the Accumulated GDP: Information Transmission, Software and Information Technology Services",季,%,当期值,全国,中国,Datayes!,getEcoDataChina,2016-03-31,2026-06-30,1,133.0
801750,计算机,1030000129,企业景气指数:信息传输、软件和信息技术服务业,Corporate Boom Index: InformationTransmission、Softwareand Information Technology Services Industry,季,%,当期值,全国,中国,国家统计局,getEcoDataChina,2002-03-31,2026-06-30,1,133.0
801750,计算机,1030000476,企业景气指数:即期指数:信息传输、软件和信息技术服务业,"Business Climate Index: Current: Information Transmission, Computer Service And Software Service",季,%,当期值,全国,中国,国家统计局,getEcoDataChina,2012-03-31,2026-06-30,1,133.0
801750,计算机,1030000536,企业景气指数:预期指数:信息传输、软件和信息技术服务业,"Business Climate Index: Expectation: Information Transmission, Computer Service And Software Service",季,%,当期值,全国,中国,国家统计局,getEcoDataChina,2012-03-31,2026-06-30,1,133.0
801750,计算机,1010012060,对GDP累计同比的拉动:信息传输、软件和信息技术服务业,"Contribution to the Accumulated GDP Growth: Information Transmission, Software and Information Technology Services",季,百分点,当期值,全国,中国,Datayes!,getEcoDataChina,2016-03-31,2026-06-30,1,133.0
801750,计算机,1010011709,经常账户(SDR):货物和服务:服务:电信、计算机和信息服务:借方,Current Account (SDR): Goods and Services: Services: Telecommunication and Computerand Information Services: Debit,季,亿SDR,期末值,全国,中国,国家外汇管理局,getEcoDataChina,2016-03-31,2026-03-31,1,133.0
801750,计算机,1010011707,经常账户(SDR):货物和服务:服务:电信、计算机和信息服务:差额,Current Account (SDR): Goods and Services: Services: Telecommunication and Computerand Information Services: Balance,季,亿SDR,期末值,全国,中国,国家外汇管理局,getEcoDataChina,2016-03-31,2026-03-31,1,133.0
801750,计算机,1010011708,经常账户(SDR):货物和服务:服务:电信、计算机和信息服务:贷方,Current Account (SDR): Goods and Services: Services: Telecommunication and Computerand Information Services: Credit,季,亿SDR,期末值,全国,中国,国家外汇管理局,getEcoDataChina,2016-03-31,2026-03-31,1,133.0
801750,计算机,1010007994,经常账户(人民币):货物和服务:服务:电信、计算机和信息服务:借方:当季值,"Current Account (in RMB): Goods and Services: Services: Telecommunications, Computer and information Services: Debit",季,亿元,期末值,全国,中国,国家外汇管理局,getEcoDataChina,2010-03-31,2026-03-31,1,133.0
801750,计算机,1010013816,经常账户(人民币):货物和服务:服务:电信、计算机和信息服务:借方:累计值,"Current Account (RMB): Goods and Services: Services: Telecommunication, Computer and Information Services: Debit: Cumulative Value",季,亿元,累计值,全国,中国,国家外汇管理局,getEcoDataChina,2010-03-31,2026-03-31,1,133.0
801750,计算机,1010013814,经常账户(人民币):货物和服务:服务:电信、计算机和信息服务:差额:累计值,"Current Account (RMB): Goods and Services: Services: Telecommunication, Computer and Information Services: Balance: Cumulative Value",季,亿元,累计值,全国,中国,国家外汇管理局,getEcoDataChina,2010-03-31,2026-03-31,1,133.0
801750,计算机,1010007992,经常账户(人民币):货物和服务:服务:电信、计算机和信息服务:当季值,"Current Account (in RMB): Services And Goods: Services: Telecommunication, Computer And Information Services: Balance",季,亿元,期末值,全国,中国,国家外汇管理局,getEcoDataChina,2010-03-31,2026-03-31,1,133.0
801750,计算机,1010007993,经常账户(人民币):货物和服务:服务:电信、计算机和信息服务:贷方:当季值,"Current Account (in RMB): Goods and Services: Services: Telecommunications, Computer and information Services: Credit",季,亿元,期末值,全国,中国,国家外汇管理局,getEcoDataChina,2010-03-31,2026-03-31,1,133.0
801750,计算机,1010013815,经常账户(人民币):货物和服务:服务:电信、计算机和信息服务:贷方:累计值,"Current Account (RMB): Goods and Services: Services: Telecommunication, Computer and Information Services: Credit: Cumulative Value",季,亿元,累计值,全国,中国,国家外汇管理局,getEcoDataChina,2010-03-31,2026-03-31,1,133.0
801750,计算机,1010007673,经常账户(美元):货物和服务:服务:电信、计算机和信息服务:借方:当季值,Current Account(USD):Goods and Services: Services:Telecommunication、Computerand Information Services: Debit,季,亿美元,期末值,全国,中国,国家外汇管理局,getEcoDataChina,1998-03-31,2026-03-31,1,133.0
801750,计算机,1010013685,经常账户(美元):货物和服务:服务:电信、计算机和信息服务:借方:累计值,"Current Account (USD): Goods and Services: Services: Telecommunication, Computer and Information Services: Debit: Cumulative Value",季,亿美元,累计值,全国,中国,国家外汇管理局,getEcoDataChina,1998-03-31,2026-03-31,1,133.0
801750,计算机,1010013683,经常账户(美元):货物和服务:服务:电信、计算机和信息服务:差额:累计值,"Current Account (USD): Goods and Services: Services: Telecommunication, Computer and Information Services: Balance: Cumulative Value",季,亿美元,累计值,全国,中国,国家外汇管理局,getEcoDataChina,1998-03-31,2026-03-31,1,133.0
801750,计算机,1010007671,经常账户(美元):货物和服务:服务:电信、计算机和信息服务:当季值,Current Account(USD):Goods and Services: Services:Telecommunication、Computerand Information Services: Balance,季,亿美元,期末值,全国,中国,国家外汇管理局,getEcoDataChina,1998-03-31,2026-03-31,1,133.0
801750,计算机,1010007672,经常账户(美元):货物和服务:服务:电信、计算机和信息服务:贷方:当季值,Current Account(USD):Goods and Services: Services:Telecommunication、Computerand Information Services: Credit,季,亿美元,期末值,全国,中国,国家外汇管理局,getEcoDataChina,1998-03-31,2026-03-31,1,133.0
801750,计算机,1010013684,经常账户(美元):货物和服务:服务:电信、计算机和信息服务:贷方:累计值,"Current Account (USD): Goods and Services: Services: Telecommunication, Computer and Information Services: Credit: Cumulative Value",季,亿美元,累计值,全国,中国,国家外汇管理局,getEcoDataChina,1998-03-31,2026-03-31,1,133.0
801750,计算机,2190826544,规模以上新闻信息服务营业收入:累计值,Operating Income of News Information Services above Designated Size: Cumulative Value,季,亿元,累计值,全国,中国,国家统计局,getEcoDataIndCulture,2018-03-31,2026-06-30,1,119.0
801760,传媒,2100001806,全国电影票房收入:当日值,National Film Box Office Income: Current Value (Day),日,万元,当期值,全国,中国,艺恩数据,getEcoDataIndCulture,2008-01-01,2026-08-07,1,152.0
801760,传媒,2100726810,全国电影票房:当日人次,National Film Box Office: Daily Attendance,日,人,当期值,全国,中国,中国电影数据信息网,getEcoDataIndCulture,2015-09-30,2026-08-07,1,144.0
801760,传媒,2100726809,全国电影票房:当日场次,National Film Box Office: Daily Screening Sessions,日,场,当期值,全国,中国,中国电影数据信息网,getEcoDataIndCulture,2015-09-30,2026-08-07,1,144.0
801760,传媒,2100726811,全国电影票房:当日票房,National Film Box Office: Daily Box Office Revenue,日,万元,当期值,全国,中国,中国电影数据信息网,getEcoDataIndCulture,2015-09-30,2026-08-07,1,144.0
801760,传媒,2100001808,全国电影票房人次:当日值,National Film Visitors: Current Value (Day),日,万人,当期值,全国,中国,艺恩数据,getEcoDataIndCulture,2015-06-12,2026-08-07,1,144.0
801760,传媒,2100001807,全国电影票房场次:当日值,National Film Screening: Current Value (Day),日,场,当期值,全国,中国,艺恩数据,getEcoDataIndCulture,2015-06-12,2026-08-07,1,144.0
801760,传媒,1050000380,固定资产投资完成额:电信、广播电视和卫星传输服务业:累计同比,"Fixed Assets Investment Completed: Information Transmission, Software And Information Technology Services: Telecommunications, Radio And Television And Satellite Transmission Services: Cumulative YoY",月,%,累计同比,全国,中国,国家统计局,getEcoDataChina,2012-02-29,2026-06-30,1,143.0
801760,传媒,2100001826,全国电影票房收入:国产影片:累计值,National Film Sales Statistics: Domestic Films: YTD,季,万元,累计值,全国,中国,国家广播电影电视总局,getEcoDataIndCulture,2010-03-31,2025-12-31,1,141.0
801760,传媒,2100603474,全国电影票房收入:当季值,National Film Box Office Income: Current Value (Quarter),季,万元,当期值,全国,中国,艺恩数据,getEcoDataIndCulture,2008-03-31,2026-06-30,1,141.0
801760,传媒,2190817044,全国电影剧本(梗概)备案数:中外合拍影片同意立项数,Number of National Screenplays (Synopsis) Filed: Number of Projects Approved for Chinese and Foreign Co-Production,旬,部,当期值,全国,中国,国家电影局,getEcoDataIndCulture,2011-03-31,2026-06-30,1,137.0
801760,传媒,2190817040,全国电影剧本(梗概)备案数:动画影片,Number of National Screenplays (Synopsis) Filed: Animation Film,旬,部,当期值,全国,中国,国家电影局,getEcoDataIndCulture,2011-01-31,2026-05-31,1,137.0
801760,传媒,2190817035,全国电影剧本(梗概)备案数:故事影片,Number of National Screenplays (Synopsis) Filed: Story Film,旬,部,当期值,全国,中国,国家电影局,getEcoDataIndCulture,2011-01-31,2026-06-30,1,137.0
801760,传媒,2190817043,全国电影剧本(梗概)备案数:特种影片,Number of National Screenplays (Synopsis) Filed: Special Film,旬,部,当期值,全国,中国,国家电影局,getEcoDataIndCulture,2011-05-31,2026-05-31,1,137.0
801760,传媒,2190817042,全国电影剧本(梗概)备案数:科教影片,Number of National Screenplays (Synopsis) Filed: Science Educational Film,旬,部,当期值,全国,中国,国家电影局,getEcoDataIndCulture,2011-04-10,2026-05-31,1,137.0
801760,传媒,2190817041,全国电影剧本(梗概)备案数:纪录影片,Number of National Screenplays (Synopsis) Filed: Documentary Film,旬,部,当期值,全国,中国,国家电影局,getEcoDataIndCulture,2011-01-31,2026-05-31,1,137.0
801760,传媒,1040018941,PPI:广播电视设备制造业(上年同月=100),PPI: Broadcasting and Tv Equipment (CYoY=100),月,上年同月=100,当期值,全国,中国,国家统计局,getEcoDataChina,2014-01-31,2026-06-30,1,135.0
801760,传媒,2190813326,出口数量:游戏机及零附件:当月同比,Export Volume: Game Consoles and Accessories: Month YoY,月,%,当期同比,全国,中国,海关总署,getEcoDataIndCulture,2015-01-31,2026-06-30,1,135.0
801760,传媒,2190822462,出口金额(美元):一般的体育活动、体操等游戏用品及设备(9506):当月值,"Export Value (USD): General Sports Activities, Gymnastics And Other Game Supplies And Equipment(9506): Current Month Value",月,美元,当期值,中国,中国,海关总署,getEcoDataIndCulture,2015-01-31,2026-06-30,1,135.0
801760,传媒,2190822322,出口金额(美元):玩具、游戏品、运动用品及其零件、附件(95):当月值,"Export Value (USD): Toys, Games, Sporting Goods And Their Parts And Accessories (Mechanical Equipment)(95): Current Month Value",月,美元,当期值,中国,中国,海关总署,getEcoDataIndCulture,2015-01-31,2026-06-30,1,135.0
801760,传媒,2190822434,出口金额(美元):视频游戏控制器及设备、游艺场所等游戏用品(9504):当月值,"Export Value (USD): Video Game Controller And Equipment, Entertainment Places And Other Game Supplies(9504): Current Month Value",月,美元,当期值,中国,中国,海关总署,getEcoDataIndCulture,2015-01-31,2026-06-30,1,135.0
801760,传媒,2190813478,出口金额:游戏机及零附件:当月值,Export Amount: Game Consoles and Accessories: Current Value (Month),月,万美元,当期值,全国,中国,海关总署,getEcoDataIndCulture,2015-01-31,2026-06-30,1,135.0
801760,传媒,2190703706,广告刊例花费:全媒体:同比,Advertising Examples Spend: All Media: YoY,月,%,当期同比,全国,中国,CTR媒介智讯,getEcoDataIndCulture,2014-07-31,2026-06-30,1,135.0
801760,传媒,1060000115,文化体育与传媒支出:当月值,"Culture, Sports And Media Expenditure: Current",月,亿元,当期值,全国,中国,财政部,getEcoDataChina,2007-01-31,2026-06-30,1,135.0
801760,传媒,2190822465,贸易差额(美元):一般的体育活动、体操等游戏用品及设备(9506):当月值,"Trade Balance (USD): General Sports Activities, Gymnastics And Other Game Supplies And Equipment(9506): Current Month Value",月,美元,当期值,中国,中国,海关总署,getEcoDataIndCulture,2015-01-31,2026-06-30,1,135.0
801760,传媒,2190822325,贸易差额(美元):玩具、游戏品、运动用品及其零件、附件(95):当月值,"Trade Balance (USD): Toys, Games, Sporting Goods And Their Parts And Accessories (Mechanical Equipment)(95): Current Month Value",月,美元,当期值,中国,中国,海关总署,getEcoDataIndCulture,2015-01-31,2026-06-30,1,135.0
801760,传媒,2190822437,贸易差额(美元):视频游戏控制器及设备、游艺场所等游戏用品(9504):当月值,"Trade Balance (USD): Video Game Controller And Equipment, Entertainment Places And Other Game Supplies(9504): Current Month Value",月,美元,当期值,中国,中国,海关总署,getEcoDataIndCulture,2015-01-31,2026-06-30,1,135.0
801760,传媒,2190822464,进出口金额(美元):一般的体育活动、体操等游戏用品及设备(9506):当月值,"Import And Export Value (USD): General Sports Activities, Gymnastics And Other Game Supplies And Equipment(9506): Current Month Value",月,美元,当期值,中国,中国,海关总署,getEcoDataIndCulture,2015-01-31,2026-06-30,1,135.0
801760,传媒,2190822324,进出口金额(美元):玩具、游戏品、运动用品及其零件、附件(95):当月值,"Import And Export Value (USD): Toys, Games, Sporting Goods And Their Parts And Accessories (Mechanical Equipment)(95): Current Month Value",月,美元,当期值,中国,中国,海关总署,getEcoDataIndCulture,2015-01-31,2026-06-30,1,135.0
801760,传媒,2190822436,进出口金额(美元):视频游戏控制器及设备、游艺场所等游戏用品(9504):当月值,"Import And Export Value (USD): Video Game Controller And Equipment, Entertainment Places And Other Game Supplies(9504): Current Month Value",月,美元,当期值,中国,中国,海关总署,getEcoDataIndCulture,2015-01-31,2026-06-30,1,135.0
801760,传媒,2190822463,进口金额(美元):一般的体育活动、体操等游戏用品及设备(9506):当月值,"Import Value (USD): General Sports Activities, Gymnastics And Other Game Supplies And Equipment(9506): Current Month Value",月,美元,当期值,中国,中国,海关总署,getEcoDataIndCulture,2015-01-31,2026-06-30,1,135.0
801760,传媒,2190822323,进口金额(美元):玩具、游戏品、运动用品及其零件、附件(95):当月值,"Import Value (USD): Toys, Games, Sporting Goods And Their Parts And Accessories (Mechanical Equipment)(95): Current Month Value",月,美元,当期值,中国,中国,海关总署,getEcoDataIndCulture,2015-01-31,2026-06-30,1,135.0
801760,传媒,2190822435,进口金额(美元):视频游戏控制器及设备、游艺场所等游戏用品(9504):当月值,"Import Value (USD): Video Game Controller And Equipment, Entertainment Places And Other Game Supplies(9504): Current Month Value",月,美元,当期值,中国,中国,海关总署,getEcoDataIndCulture,2015-01-31,2026-06-30,1,135.0
801760,传媒,2190811437,全国电影观影人次:万达院线,China Film Watching Person Time: Wanda Cinema Chain,月,万人,当期值,,中国,中国电影发行放映协会,getEcoDataIndCulture,2018-06-30,2026-05-31,1,133.0
801760,传媒,2190809140,全国电影观影人次:中影南方新干线,National Movie Viewership: China Film Southern Shinkansen,月,万人,当期值,,中国,中国电影发行放映协会,getEcoDataIndCulture,2018-06-30,2026-06-30,1,133.0
801760,传媒,2190824085,出口数量:其他用硬币、钞票等支付方式使其工作的游戏用品(95043090):当月值,"Export Quantity: Other Game Supplies That Use Coins, Banknotes And Other Payment Methods To Make Them Work(95043090): Current Month Value",月,台,当期值,中国,中国,海关总署,getEcoDataIndCulture,2015-01-31,2026-06-30,1,115.0
801760,传媒,2190824185,出口数量:其他电子游戏机(95049010):当月值,Export Quantity: Other Video Game Consoles(95049010): Current Month Value,月,台,当期值,中国,中国,海关总署,getEcoDataIndCulture,2015-01-31,2026-06-30,1,115.0
801760,传媒,2087007189,出口金额(美元):专用于或主要用于广播等装置或设备的零件(8529):当月值,Export Value (USD): Parts Specially or Mainly Used for Broadcasting and Other Devices or Equipment(8529): Current Month Value,月,美元,当期值,中国,中国,海关总署,getEcoDataIndMachineryequipment,2015-01-31,2026-06-30,1,115.0
801760,传媒,2130712073,"出口金额(美元):报纸、杂志及期刊,不论有无插图或广告材料(4902):当月值","Export Value (USD): Newspapers, Magazines and Periodicals (4902): Current Month Value",月,美元,当期值,中国,中国,海关总署,getEcoDataIndLightmanufactue,2015-01-31,2026-06-30,1,115.0
801760,传媒,2090717037,出口金额(美元):无线电广播、电视发送设备(8525):当月值,Export Value (USD): Radio And Television Transmission Equipment(8525): Current Month Value,月,美元,当期值,中国,中国,海关总署,getEcoDataIndElectronic,2015-01-31,2026-06-30,1,115.0
801760,传媒,2087007161,出口金额(美元):无线电广播接收设备(8527):当月值,Export Value (USD): Radio Broadcasting Receiving Equipment(8527): Current Month Value,月,美元,当期值,中国,中国,海关总署,getEcoDataIndMachineryequipment,2015-01-31,2026-06-30,1,115.0
801760,传媒,2030784463,出口金额(美元):艺术家、学生和广告美工用的颜料、调色料等(3213):当月值,"Export Value (USD): Pigments And Toners Used By Artists, Students And Advertising Artists(3213): Current Month Value",月,美元,当期值,中国,中国,海关总署,getEcoDataIndChemical,2015-01-31,2026-06-30,1,115.0
801760,传媒,2087007192,贸易差额(美元):专用于或主要用于广播等装置或设备的零件(8529):当月值,Trade Balance (USD): Parts Specially or Mainly Used for Broadcasting and Other Devices or Equipment(8529): Current Month Value,月,美元,当期值,中国,中国,海关总署,getEcoDataIndMachineryequipment,2015-01-31,2026-06-30,1,115.0
801760,传媒,2130712076,"贸易差额(美元):报纸、杂志及期刊,不论有无插图或广告材料(4902):当月值","Trade Balance (USD): Newspapers, Magazines and Periodicals (4902): Current Month Value",月,美元,当期值,中国,中国,海关总署,getEcoDataIndLightmanufactue,2015-01-31,2026-06-30,1,115.0
801760,传媒,2090717040,贸易差额(美元):无线电广播、电视发送设备(8525):当月值,Trade Balance (USD): Radio And Television Transmission Equipment(8525): Current Month Value,月,美元,当期值,中国,中国,海关总署,getEcoDataIndElectronic,2017-01-31,2026-06-30,1,115.0
801760,传媒,2087007164,贸易差额(美元):无线电广播接收设备(8527):当月值,Trade Balance (USD): Radio Broadcasting Receiving Equipment(8527): Current Month Value,月,美元,当期值,中国,中国,海关总署,getEcoDataIndMachineryequipment,2015-01-31,2026-06-30,1,115.0
801760,传媒,2030784466,贸易差额(美元):艺术家、学生和广告美工用的颜料、调色料等(3213):当月值,"Trade Balance (USD): Pigments And Toners Used By Artists, Students And Advertising Artists(3213): Current Month Value",月,美元,当期值,中国,中国,海关总署,getEcoDataIndChemical,2017-01-31,2026-06-30,1,115.0
801760,传媒,2087007191,进出口金额(美元):专用于或主要用于广播等装置或设备的零件(8529):当月值,Import and Export Value (USD): Parts Specially or Mainly Used for Broadcasting and Other Devices or Equipment(8529): Current Month Value,月,美元,当期值,中国,中国,海关总署,getEcoDataIndMachineryequipment,2015-01-31,2026-06-30,1,115.0
801760,传媒,2130712075,"进出口金额(美元):报纸、杂志及期刊,不论有无插图或广告材料(4902):当月值","Import and Export Value (USD): Newspapers, Magazines and Periodicals (4902): Current Month Value",月,美元,当期值,中国,中国,海关总署,getEcoDataIndLightmanufactue,2015-01-31,2026-06-30,1,115.0
801760,传媒,2090717039,进出口金额(美元):无线电广播、电视发送设备(8525):当月值,Import And Export Value (USD): Radio And Television Transmission Equipment(8525): Current Month Value,月,美元,当期值,中国,中国,海关总署,getEcoDataIndElectronic,2015-01-31,2026-06-30,1,115.0
801760,传媒,2087007163,进出口金额(美元):无线电广播接收设备(8527):当月值,Import and Export Value (USD): Radio Broadcasting Receiving Equipment(8527): Current Month Value,月,美元,当期值,中国,中国,海关总署,getEcoDataIndMachineryequipment,2015-01-31,2026-06-30,1,115.0
801760,传媒,2030784465,进出口金额(美元):艺术家、学生和广告美工用的颜料、调色料等(3213):当月值,"Import And Export Value (USD): Pigments And Toners Used By Artists, Students And Advertising Artists(3213): Current Month Value",月,美元,当期值,中国,中国,海关总署,getEcoDataIndChemical,2015-01-31,2026-06-30,1,115.0
801760,传媒,2087007190,进口金额(美元):专用于或主要用于广播等装置或设备的零件(8529):当月值,Import Value (USD): Parts Specially or Mainly Used for Broadcasting and Other Devices or Equipment(8529): Current Month Value,月,美元,当期值,中国,中国,海关总署,getEcoDataIndMachineryequipment,2015-01-31,2026-06-30,1,115.0
801760,传媒,2130712074,"进口金额(美元):报纸、杂志及期刊,不论有无插图或广告材料(4902):当月值","Import Value (USD): Newspapers, Magazines and Periodicals (4902): Current Month Value",月,美元,当期值,中国,中国,海关总署,getEcoDataIndLightmanufactue,2015-01-31,2026-06-30,1,115.0
801760,传媒,2090717038,进口金额(美元):无线电广播、电视发送设备(8525):当月值,Import Value (USD): Radio And Television Transmission Equipment(8525): Current Month Value,月,美元,当期值,中国,中国,海关总署,getEcoDataIndElectronic,2015-01-31,2026-06-30,1,115.0
801760,传媒,2087007162,进口金额(美元):无线电广播接收设备(8527):当月值,Import Value (USD): Radio Broadcasting Receiving Equipment(8527): Current Month Value,月,美元,当期值,中国,中国,海关总署,getEcoDataIndMachineryequipment,2015-01-31,2026-06-30,1,115.0
801760,传媒,2030784464,进口金额(美元):艺术家、学生和广告美工用的颜料、调色料等(3213):当月值,"Import Value (USD): Pigments And Toners Used By Artists, Students And Advertising Artists(3213): Current Month Value",月,美元,当期值,中国,中国,海关总署,getEcoDataIndChemical,2015-01-31,2026-06-30,1,115.0
801760,传媒,3190001676,南非:制造业生产指数:出版,South Africa: Indices of Physical Volume Manufacturing Production: Publishing,月,2019年=100,当期值,南非,南非,南非统计局,getEcoDataGlobeRest,1998-01-31,2026-05-31,1,105.0
801760,传媒,3190001786,南非:制造业生产指数:出版:季调,South Africa: Indices of Physical Volume Manufacturing Production: Publishing : SA,月,2019年=100,季调,南非,南非,南非统计局,getEcoDataGlobeRest,1998-01-31,2026-05-31,1,105.0
801760,传媒,3190001841,南非:制造业生产指数:出版:环比:季调,South Africa: Indices of Physical Volume Manufacturing Production: Publishing : SA: MoM,月,%,环比(季调),南非,南非,南非统计局,getEcoDataGlobeRest,1998-02-28,2026-05-31,1,105.0
801760,传媒,3190001678,南非:制造业生产指数:木材和木制品、纸张、出版和印刷,"South Africa: Indices of Physical Volume Manufacturing Production: Wood and Wood Products, Paper, Publishing and Printing",月,2019年=100,当期值,南非,南非,南非统计局,getEcoDataGlobeRest,1998-01-31,2026-05-31,1,105.0
801760,传媒,3190001788,南非:制造业生产指数:木材和木制品、纸张、出版和印刷:季调,"South Africa: Indices of Physical Volume Manufacturing Production: Wood and Wood Products, Paper, Publishing and Printing: SA",月,2019年=100,季调,南非,南非,南非统计局,getEcoDataGlobeRest,1998-01-31,2026-05-31,1,105.0
801760,传媒,3190001843,南非:制造业生产指数:木材和木制品、纸张、出版和印刷:环比:季调,"South Africa: Indices of Physical Volume Manufacturing Production: Wood and Wood Products, Paper, Publishing and Printing: SA: MoM",月,%,环比(季调),南非,南非,南非统计局,getEcoDataGlobeRest,1998-02-28,2026-05-31,1,105.0
801760,传媒,3190001896,南非:工业品销售额:出版,South Africa: Value of Sales: Publishing,月,千兰特,当期值,南非,南非,南非统计局,getEcoDataGlobeRest,1998-01-31,2026-05-31,1,105.0
801760,传媒,3190002006,南非:工业品销售额:出版:季调,South Africa: Value of Sales: Publishing : SA,月,千兰特,季调,南非,南非,南非统计局,getEcoDataGlobeRest,1998-01-31,2026-05-31,1,105.0
801760,传媒,3190002061,南非:工业品销售额:出版:环比:季调,South Africa: Value of Sales: Publishing : SA: MoM,月,%,环比(季调),南非,南非,南非统计局,getEcoDataGlobeRest,1998-02-28,2026-05-31,1,105.0
801760,传媒,3190001898,南非:工业品销售额:木材和木制品、纸张、出版和印刷,"South Africa: Industrial Sales: Wood and Woodwork, Paper, Publishing and Printing",月,千兰特,当期值,南非,南非,南非统计局,getEcoDataGlobeRest,1998-01-31,2026-05-31,1,105.0
801760,传媒,3190002008,南非:工业品销售额:木材和木制品、纸张、出版和印刷:季调,"South Africa: Industrial Sales: Wood and Woodwork, Paper, Publishing and Printing: SA",月,千兰特,季调,南非,南非,南非统计局,getEcoDataGlobeRest,1998-01-31,2026-05-31,1,105.0
801760,传媒,3190002063,南非:工业品销售额:木材和木制品、纸张、出版和印刷:环比:季调,"South Africa: Value of Sales: Wood and Wood Products, Paper, Publishing and Printing: SA: MoM",月,%,环比(季调),南非,南非,南非统计局,getEcoDataGlobeRest,1998-02-28,2026-05-31,1,105.0
801760,传媒,3190000382,南非:产能利用率:印刷和出版,South Africa: Utilisation: Printing and Publishing,季,%,当期值,南非,南非,南非统计局,getEcoDataGlobeRest,2000-02-29,2026-02-28,1,101.0
801760,传媒,3190000399,南非:产能利用率:广播、电视和通信设备,"South Africa: Utilisation: Radio, Television and Communication Apparatus",季,%,当期值,南非,南非,南非统计局,getEcoDataGlobeRest,2000-02-29,2026-02-28,1,101.0
801760,传媒,3190000383,南非:产能利用率:木材和木制品、纸;出版和印刷部门,"South Africa: Utilisation: Wood and Wood Products, Paper; Publishing and Printing Division",季,%,当期值,南非,南非,南非统计局,getEcoDataGlobeRest,2001-02-28,2026-02-28,1,101.0
801760,传媒,3190000419,南非:未充分利用率:印刷和出版,South Africa: under-Utilisation Total: Printing and Publishing,季,%,当期值,南非,南非,南非统计局,getEcoDataGlobeRest,2000-02-29,2026-02-28,1,101.0
801760,传媒,3190000436,南非:未充分利用率:广播、电视和通信设备,"South Africa: under-Utilisation Total: Radio, Television and Communication Apparatus",季,%,当期值,南非,南非,南非统计局,getEcoDataGlobeRest,2000-02-29,2026-02-28,1,101.0
801760,传媒,3190000420,南非:未充分利用率:木材和木制品、纸;出版和印刷部门,"South Africa: under-Utilisation Total: Wood and Wood Products, Paper; Publishing and Printing Division",季,%,当期值,南非,南非,南非统计局,getEcoDataGlobeRest,2001-02-28,2026-02-28,1,101.0
801760,传媒,2130715438,出口数量(千克):其他商业广告品、商品目录及类似印刷品(49111090):当月值,"Export Quantity: Other Commercial Advertisements, Catalogues and Similar Printed Materials (49111090): Current Month Value",月,千克,当期值,中国,中国,海关总署,getEcoDataIndLightmanufactue,2015-01-31,2026-06-30,1,95.0
801760,传媒,2130715418,出口数量(千克):无商业价值的商业广告品、商品目录等印刷品(49111010):当月值,"Export Quantity: Commercial Advertisements, Catalogues and Other Printed Materials Without Commercial Value (49111010): Current Month Value",月,千克,当期值,中国,中国,海关总署,getEcoDataIndLightmanufactue,2015-01-31,2026-06-30,1,95.0
801760,传媒,2130715431,出口金额(美元):其他商业广告品、商品目录及类似印刷品(49111090):当月值,"Export Value (USD): Other Commercial Advertisements, Catalogues and Similar Printed Materials (49111090): Current Month Value",月,美元,当期值,中国,中国,海关总署,getEcoDataIndLightmanufactue,2015-01-31,2026-06-30,1,95.0
801760,传媒,2130712483,出口金额(美元):商业广告品、商品目录及类似印刷品(491110):当月值,"Export Value (USD): Commercial Advertisements, Catalogues and Similar Printed Materials (491110): Current Month Value",月,美元,当期值,中国,中国,海关总署,getEcoDataIndLightmanufactue,2015-01-31,2026-06-30,1,95.0
801760,传媒,2130715411,出口金额(美元):无商业价值的商业广告品、商品目录等印刷品(49111010):当月值,"Export Value (USD): Commercial Advertisements, Catalogues and Other Printed Materials Without Commercial Value (49111010): Current Month Value",月,美元,当期值,中国,中国,海关总署,getEcoDataIndLightmanufactue,2015-01-31,2026-06-30,1,95.0
801760,传媒,2130715434,贸易差额(美元):其他商业广告品、商品目录及类似印刷品(49111090):当月值,"Trade Balance (USD): Other Commercial Advertisements, Catalogues and Similar Printed Materials (49111090): Current Month Value",月,美元,当期值,中国,中国,海关总署,getEcoDataIndLightmanufactue,2015-01-31,2026-06-30,1,95.0
801770,通信,2080617139,产量:光缆:当月值,Output: Optical Cables: Current Value (Month),月,万芯千米,当期值,全国,中国,国家统计局,getEcoDataIndMachineryequipment,2004-01-31,2026-06-30,1,143.0
801770,通信,2090100780,产量:移动通信基站设备:当月值,Output: Mobile Communication Base Station Equipment,月,万信道,当期值,全国,中国,国家统计局,getEcoDataIndElectronic,1990-02-28,2026-06-30,1,143.0
801770,通信,2090717303,出口金额(美元):光导纤维及光导纤维束;光缆(9001):当月值,Export Value (USD): Optical Fiber And Optical Fiber Bundle;Optical Cable(9001): Current Month Value,月,美元,当期值,中国,中国,海关总署,getEcoDataIndElectronic,2015-01-31,2026-06-30,1,143.0
801770,通信,2090717305,进出口金额(美元):光导纤维及光导纤维束;光缆(9001):当月值,Import And Export Value (USD): Optical Fiber And Optical Fiber Bundle;Optical Cable(9001): Current Month Value,月,美元,当期值,中国,中国,海关总署,getEcoDataIndElectronic,2015-01-31,2026-06-30,1,143.0
801770,通信,1040018933,PPI:电线、电缆、光缆及电工器材制造业(上年同月=100),"PPI: Wires, Cables, Optical Cables and Electrician Tools and Materials (CYoY=100)",月,上年同月=100,当期值,全国,中国,国家统计局,getEcoDataChina,2014-01-31,2026-06-30,1,135.0
801770,通信,1040018940,PPI:通信设备制造业(上年同月=100),PPI: Communications Equipment (CYoY=100),月,上年同月=100,当期值,全国,中国,国家统计局,getEcoDataChina,2014-01-31,2026-06-30,1,135.0
801770,通信,2090717306,贸易差额(美元):光导纤维及光导纤维束;光缆(9001):当月值,Trade Balance (USD): Optical Fiber And Optical Fiber Bundle;Optical Cable(9001): Current Month Value,月,美元,当期值,中国,中国,海关总署,getEcoDataIndElectronic,2017-01-31,2026-06-30,1,135.0
801770,通信,2090717304,进口金额(美元):光导纤维及光导纤维束;光缆(9001):当月值,Import Value (USD): Optical Fiber And Optical Fiber Bundle;Optical Cable(9001): Current Month Value,月,美元,当期值,中国,中国,海关总署,getEcoDataIndElectronic,2015-01-31,2026-06-30,1,135.0
801770,通信,2090719746,出口数量:光导纤维、光导纤维束或光缆用连接器(853670):当月值,"Export Quantity: Connector for Optical Fiber, Optical Fiber Bundle or Optical Cable(853670): Current Month Value",月,千克,当期值,中国,中国,海关总署,getEcoDataIndElectronic,2015-01-31,2026-06-30,1,123.0
801770,通信,2090720446,"出口数量:光纤、光纤束及光缆,但8544的货品除外(900110):当月值","Export Quantity: Optical Fiber, Optical Fiber Bundle And Optical Cable, Except Goods of 8544(900110): Current Month Value",月,千克,当期值,中国,中国,海关总署,getEcoDataIndElectronic,2015-01-31,2026-06-30,1,123.0
801770,通信,2090720226,"出口数量:由每根被覆光纤组成的光缆,(854470):当月值","Export Quantity: An Optical Cable Consisting of Each Coated Optical Fiber,(854470): Current Month Value",月,千克,当期值,中国,中国,海关总署,getEcoDataIndElectronic,2015-01-31,2026-06-30,1,123.0
801770,通信,2090721486,出口数量:移动通信基站(85176110):当月值,Export Quantity: Mobile Communication Base Station(85176110): Current Month Value,月,台,当期值,中国,中国,海关总署,getEcoDataIndElectronic,2015-01-31,2026-06-30,1,123.0
801770,通信,2090719739,出口金额(美元):光导纤维、光导纤维束或光缆用连接器(853670):当月值,"Export Value (USD): Connector for Optical Fiber, Optical Fiber Bundle or Optical Cable(853670): Current Month Value",月,美元,当期值,中国,中国,海关总署,getEcoDataIndElectronic,2015-01-31,2026-06-30,1,123.0
801770,通信,2090720439,"出口金额(美元):光纤、光纤束及光缆,但8544的货品除外(900110):当月值","Export Value (USD): Optical Fiber, Optical Fiber Bundle And Optical Cable, Except Goods of 8544(900110): Current Month Value",月,美元,当期值,中国,中国,海关总署,getEcoDataIndElectronic,2015-01-31,2026-06-30,1,123.0
801770,通信,2090720219,"出口金额(美元):由每根被覆光纤组成的光缆,(854470):当月值","Export Value (USD): An Optical Cable Consisting of Each Coated Optical Fiber,(854470): Current Month Value",月,美元,当期值,中国,中国,海关总署,getEcoDataIndElectronic,2015-01-31,2026-06-30,1,123.0
801770,通信,2090721479,出口金额(美元):移动通信基站(85176110):当月值,Export Value (USD): Mobile Communication Base Station(85176110): Current Month Value,月,美元,当期值,中国,中国,海关总署,getEcoDataIndElectronic,2015-01-31,2026-06-30,1,123.0
801770,通信,2090719748,进出口数量:光导纤维、光导纤维束或光缆用连接器(853670):当月值,"Import And Export Quantity: Connector for Optical Fiber, Optical Fiber Bundle or Optical Cable(853670): Current Month Value",月,千克,当期值,中国,中国,海关总署,getEcoDataIndElectronic,2015-01-31,2026-06-30,1,123.0
801770,通信,2090720448,"进出口数量:光纤、光纤束及光缆,但8544的货品除外(900110):当月值","Import And Export Quantity: Optical Fiber, Optical Fiber Bundle And Optical Cable, Except Goods of 8544(900110): Current Month Value",月,千克,当期值,中国,中国,海关总署,getEcoDataIndElectronic,2015-01-31,2026-06-30,1,123.0
801770,通信,2090720228,"进出口数量:由每根被覆光纤组成的光缆,(854470):当月值","Import And Export Quantity: An Optical Cable Consisting of Each Coated Optical Fiber,(854470): Current Month Value",月,千克,当期值,中国,中国,海关总署,getEcoDataIndElectronic,2015-01-31,2026-06-30,1,123.0
801770,通信,2090721488,进出口数量:移动通信基站(85176110):当月值,Import And Export Quantity: Mobile Communication Base Station(85176110): Current Month Value,月,台,当期值,中国,中国,海关总署,getEcoDataIndElectronic,2015-01-31,2026-06-30,1,123.0
801770,通信,2090719741,进出口金额(美元):光导纤维、光导纤维束或光缆用连接器(853670):当月值,"Import And Export Value (USD): Connector for Optical Fiber, Optical Fiber Bundle or Optical Cable(853670): Current Month Value",月,美元,当期值,中国,中国,海关总署,getEcoDataIndElectronic,2015-01-31,2026-06-30,1,123.0
801770,通信,2090721481,进出口金额(美元):移动通信基站(85176110):当月值,Import And Export Value (USD): Mobile Communication Base Station(85176110): Current Month Value,月,美元,当期值,中国,中国,海关总署,getEcoDataIndElectronic,2015-01-31,2026-06-30,1,123.0
801770,通信,2090721482,贸易差额(美元):移动通信基站(85176110):当月值,Trade Balance (USD): Mobile Communication Base Station(85176110): Current Month Value,月,美元,当期值,中国,中国,海关总署,getEcoDataIndElectronic,2017-01-31,2026-06-30,1,115.0
801770,通信,2090721487,进口数量:移动通信基站(85176110):当月值,Import Quantity: Mobile Communication Base Station(85176110): Current Month Value,月,台,当期值,中国,中国,海关总署,getEcoDataIndElectronic,2015-01-31,2026-06-30,1,115.0
801770,通信,2090721480,进口金额(美元):移动通信基站(85176110):当月值,Import Value (USD): Mobile Communication Base Station(85176110): Current Month Value,月,美元,当期值,中国,中国,海关总署,getEcoDataIndElectronic,2015-01-31,2026-06-30,1,115.0
801780,银行,1010016038,宏观经济指标预测:货币和准货币(M2):预测值:同比,Prediction of Macroeconomic Indicators: Monetary and Quasi Monetary (M2): Predicted Value: YoY,月,%,当期同比,全国,中国,中国经济信息网,getEcoDataChina,2011-07-31,2026-08-31,1,143.0
801780,银行,1030000187,中型企业贷款需求指数,Medium-Sized Enterprises Loan Demand Index,季,%,当期值,全国,中国,中国人民银行,getEcoDataChina,2012-03-31,2025-12-31,1,139.0
801780,银行,1030000184,制造业贷款需求指数,Manufacturing Loan Demand Index,季,%,当期值,全国,中国,中国人民银行,getEcoDataChina,2009-03-31,2025-12-31,1,139.0
801780,银行,1030002280,基础设施贷款需求指数,Infrastructure Loan Demand Index,季,%,当期值,全国,中国,中国人民银行,getEcoDataChina,2015-09-30,2025-12-31,1,139.0
801780,银行,1030000186,大型企业贷款需求指数,Large Enterprises Loan Demand Index,季,%,当期值,全国,中国,中国人民银行,getEcoDataChina,2012-03-31,2025-12-31,1,139.0
801780,银行,1030000188,小微型企业贷款需求指数,Small and Micro-Sized Enterprise Loan Demand Index,季,%,当期值,全国,中国,中国人民银行,getEcoDataChina,2012-03-31,2025-12-31,1,139.0
801780,银行,1030000183,贷款需求指数,Loan Demand Index,季,%,当期值,全国,中国,中国人民银行,getEcoDataChina,2004-03-31,2025-12-31,1,139.0
801780,银行,1030001005,货币政策感受指数,Monetary Policy Sensory Index,季,%,当期值,全国,中国,中国人民银行,getEcoDataChina,2012-09-30,2025-12-31,1,131.0
801780,银行,1030000182,货币政策感受指数:偏松,Monetary Policy Sentiment Index:Loose,季,%,当期值,全国,中国,中国人民银行,getEcoDataChina,2014-12-31,2025-12-31,1,131.0
801780,银行,1030000181,货币政策感受指数:适度,Monetary Policy Sentiment Index:Moderate,季,%,当期值,全国,中国,中国人民银行,getEcoDataChina,2004-03-31,2025-12-31,1,131.0
801780,银行,2170744856,个人住房贷款余额:同比,Loan Balance of Individual Housing: YoY,季,%,当期同比,全国,中国,中国人民银行,getEcoDataIndRealestate,2005-06-30,2026-03-31,1,127.0
801780,银行,2170002073,商业性房地产贷款余额,Loan Balance Of Commercial Real Estate,季,亿元,当期值,全国,中国,中国人民银行,getEcoDataIndRealestate,2004-12-31,2026-03-31,1,119.0
801780,银行,2170002074,商业性房地产贷款余额:当季同比,Loan Balance Of Commercial Real Estate: YoY,季,%,当期同比,,中国,中国人民银行,getEcoDataIndRealestate,2004-12-31,2026-03-31,1,117.0
801780,银行,3190000039,南非:M1:同比,South Africa: M1:YoY,月,%,当期同比,南非,南非,南非储备银行,getEcoDataGlobeRest,1966-03-31,2026-06-30,1,113.0
801780,银行,3190000040,南非:M2:同比,South Africa: M2:YoY,月,%,当期同比,南非,南非,南非储备银行,getEcoDataGlobeRest,1966-03-31,2026-06-30,1,113.0
801780,银行,3230000058,泰国:M2:同比,Thailand: M2: YoY,月,%,当期同比,泰国,泰国,泰国央行,getEcoDataGlobeRest,1998-01-31,2026-06-30,1,113.0
801780,银行,3220000036,土耳其:M1,Turkey: M1,周,千土耳其里拉,当期值,土耳其,土耳其,土耳其央行,getEcoDataGlobeRest,2005-12-30,2026-07-24,1,109.0
801780,银行,3220000037,土耳其:M2,Turkey: M2,周,千土耳其里拉,当期值,土耳其,土耳其,土耳其央行,getEcoDataGlobeRest,2005-12-30,2026-07-24,1,109.0
801780,银行,3020203914,土耳其:营建许可:多户型住房:有效建筑面积:同比:原始数据,"building permits(quartely data):two-and more dweling buildings:building permits-m2 of useful fllor area:Unadjusted data (i.e. neither seasonally adjusted nor calendar adjusted data):index,2010=100:Turkey",季,%,当期同比,土耳其,土耳其,欧盟统计局,getEcoDataGlobeEu,1993-03-31,2025-12-31,1,109.0
801780,银行,3230000056,泰国:M2:狭义货币(M1),Thailand: M2: Narrow Money (M1),月,百万泰铢,当期值,泰国,泰国,泰国央行,getEcoDataGlobeRest,1997-01-31,2026-06-30,1,107.0
801780,银行,3230000057,泰国:M2:准货币,Thailand: M2: Quasi-money,月,百万泰铢,当期值,泰国,泰国,泰国央行,getEcoDataGlobeRest,1997-01-31,2026-06-30,1,105.0
801780,银行,3230000055,泰国:广义货币(M2),Thailand: Broad Money (M2),月,百万泰铢,当期值,泰国,泰国,泰国央行,getEcoDataGlobeRest,1997-01-31,2026-06-30,1,105.0
801780,银行,3130000014,瑞士:M1,Switzerland: M1,月,十亿瑞士法郎,当期值,瑞士,瑞士,瑞士国际银行,getEcoDataGlobeRest,2008-01-31,2026-05-31,1,105.0
801780,银行,3130000015,瑞士:M2,Switzerland: M2,月,十亿瑞士法郎,当期值,瑞士,瑞士,瑞士国际银行,getEcoDataGlobeRest,2015-11-30,2026-05-31,1,105.0
801780,银行,3200000026,马来西亚:M1,Malaysia: M1,月,百万马来西亚林吉特,当期值,马来西亚,马来西亚,马来西亚央行,getEcoDataGlobeRest,1998-01-31,2026-06-30,1,105.0
801780,银行,3200000027,马来西亚:M2,Malaysia: M2,月,百万马来西亚林吉特,当期值,马来西亚,马来西亚,马来西亚央行,getEcoDataGlobeRest,1998-01-31,2026-06-30,1,105.0
801780,银行,2120734568,"出口数量:其他化纤长丝无纺织物,70g<平方米重≤150g(56031390):当月同比","Export Quantity: Other Chemical Fiber Filament Non-Woven Fabrics, 70G < M2, Weight ≤ 150G (56031390): MoY",月,%,当期同比,中国,中国,海关总署,getEcoDataIndTextileclothing,2016-01-31,2026-06-30,1,103.0
801780,银行,2130713221,"出口数量:其他未涂布的牛皮纸,150g<平米重<250g(480449):当月同比","Export Quantity: Other Uncoated Kraft Paper, 150G < M2, Weight < 250G (480449): MoY",月,%,当期同比,中国,中国,海关总署,getEcoDataIndLightmanufactue,2016-01-31,2026-06-30,1,103.0
801780,银行,2130713181,"出口数量:其他未涂未漂白牛皮纸,150g<平米重<250g(480441):当月同比","Export Quantity: Other Uncoated Unbleached Kraft Paper, 150G < M2, Weight < 250G (480441): MoY",月,%,当期同比,中国,中国,海关总署,getEcoDataIndLightmanufactue,2016-01-31,2026-06-30,1,103.0
801780,银行,2120734728,"出口数量:未浸涂其他材料制无纺布,70g<平米重≤150g(56039390):当月同比","Export Quantity: Non Woven Fabric Made of Other Materials Without Dip Coating, 70G < M2, Weight ≤ 150G (56039390): MoY",月,%,当期同比,中国,中国,海关总署,getEcoDataIndTextileclothing,2016-01-31,2026-06-30,1,103.0
801780,银行,2120734688,"出口数量:未浸涂其他材料无纺织物,25g<平米重≤70g(56039290):当月同比","Export Quantity: Non Woven Fabric Without Dip Coating of Other Materials, 25G < M2, Weight ≤ 70G (56039290): MoY",月,%,当期同比,中国,中国,海关总署,getEcoDataIndTextileclothing,2016-01-31,2026-06-30,1,103.0
801780,银行,2130713201,"出口数量:未涂布本体漂白牛皮纸,150g<平米重<250g(480442):当月同比","Export Quantity: Uncoated Body Bleached Kraft Paper, 150G < M2, Weight < 250G (480442): MoY",月,%,当期同比,中国,中国,海关总署,getEcoDataIndLightmanufactue,2016-01-31,2026-06-30,1,103.0
801780,银行,2120734708,"出口数量:浸涂的其他材料制无纺布,70g<平米重≤150g(56039310):当月同比","Export Quantity: Non Woven Fabric Made of Dip Coated Other Materials, 70G < M2, Weight ≤ 150G (56039310): MoY",月,%,当期同比,中国,中国,海关总署,getEcoDataIndTextileclothing,2016-01-31,2026-06-30,1,103.0
801790,非银金融,2210900116,原保险保费收入:人身意外伤害险:累计同比,Original Insurance Premium Income: The Person Accident Injury Insurance: YoY,月,%,累计同比,全国,中国,中国保险业监督管理委员会,getEcoDataIndFinancialservices,2000-01-31,2026-06-30,1,153.0
801790,非银金融,2210900113,原保险保费收入:人身险:累计同比,Original Insurance Premium Income: Personal Insurance: YoY,月,%,累计同比,全国,中国,中国保险业监督管理委员会,getEcoDataIndFinancialservices,2000-01-31,2026-06-30,1,153.0
801790,非银金融,2210900115,原保险保费收入:健康险:累计同比,Original Insurance Premium Income: Health Insurance: YoY,月,%,累计同比,全国,中国,中国保险业监督管理委员会,getEcoDataIndFinancialservices,2000-01-31,2026-06-30,1,153.0
801790,非银金融,2210900129,原保险保费收入:农业保险:累计同比,Original Insurance Premium Income: Agriculture Insurance: YoY,月,%,累计同比,全国,中国,中国保险业监督管理委员会,getEcoDataIndFinancialservices,2013-04-30,2026-06-30,1,153.0
801790,非银金融,2211002704,原保险保费收入:原保险:当月同比,Original Insurance Premium Income: Original Insurance: YoY,月,%,当期同比,全国,中国,中国保险业监督管理委员会,getEcoDataIndFinancialservices,2000-01-31,2026-06-30,1,153.0
801790,非银金融,2210900114,原保险保费收入:寿险:累计同比,Original Insurance Premium Income: Life Insurance: YoY,月,%,累计同比,全国,中国,中国保险业监督管理委员会,getEcoDataIndFinancialservices,2000-01-31,2026-06-30,1,153.0
801790,非银金融,2210900112,原保险保费收入:财产险:累计同比,Original Insurance Premium Income: Property Insurance: YoY,月,%,累计同比,全国,中国,中国保险业监督管理委员会,getEcoDataIndFinancialservices,2000-01-31,2026-06-30,1,153.0
801790,非银金融,2210900119,原保险赔付支出:人身险:累计同比,Claims Paid: Personal Insurance: YoY,月,%,累计同比,全国,中国,中国保险业监督管理委员会,getEcoDataIndFinancialservices,2000-01-31,2026-06-30,1,145.0
801790,非银金融,2210900117,原保险赔付支出:原保险:累计同比,Claims Paid: Original Insurance: YoY,月,%,累计同比,全国,中国,中国保险业监督管理委员会,getEcoDataIndFinancialservices,2000-01-31,2026-06-30,1,145.0
801790,非银金融,2210900118,原保险赔付支出:财产险:累计同比,Claims Paid: Property Insurance: YoY,月,%,累计同比,全国,中国,中国保险业监督管理委员会,getEcoDataIndFinancialservices,2000-01-31,2026-06-30,1,145.0
801790,非银金融,1070006934,人身保险公司保户投资款新增交费:累计值,Personal Insurance Company Investment Accounts New Payment: Cumulative Value,月,万元,累计值,全国,中国,中国保险业监督管理委员会,getEcoDataIndFinancialservices,2013-04-30,2026-06-30,1,143.0
801790,非银金融,1070006935,人身保险公司投连险独立账户新增交费:累计值,Personal Insurance Companies Lianliankao Independent Account New Fee: Cumulative Value,月,万元,累计值,全国,中国,中国保险业监督管理委员会,getEcoDataIndFinancialservices,2013-04-30,2026-06-30,1,143.0
801790,非银金融,1070005231,保费收入:人身意外伤害险:累计值,Original Insurance Premium Income: Life Accidental Injury Insurance: Cumulative Value,月,万元,累计值,全国,中国,中国保险业监督管理委员会,getEcoDataIndFinancialservices,1999-01-31,2026-06-30,1,143.0
801790,非银金融,1070005228,保费收入:人身险:累计值,Original Insurance Premium Income: Life Insurance: Cumulative Value,月,万元,累计值,全国,中国,中国保险业监督管理委员会,getEcoDataIndFinancialservices,1999-01-31,2026-06-30,1,143.0
801790,非银金融,1070005230,保费收入:健康险:累计值,Original Insurance Premium Income: Health Insurance: Cumulative Value,月,万元,累计值,全国,中国,中国保险业监督管理委员会,getEcoDataIndFinancialservices,1999-01-31,2026-06-30,1,143.0
801790,非银金融,1070005229,保费收入:寿险:累计值,Original Insurance Premium Income: Life Insurance: Cumulative Value,月,万元,累计值,全国,中国,中国保险业监督管理委员会,getEcoDataIndFinancialservices,1999-01-31,2026-06-30,1,143.0
801790,非银金融,1070005227,保费收入:财产险:累计值,Original Insurance Premium Income: Property: Cumulative Value,月,万元,累计值,全国,中国,中国保险业监督管理委员会,getEcoDataIndFinancialservices,1999-01-31,2026-06-30,1,143.0
801790,非银金融,2210900132,保险公司:风险保障金额(保额):人身险:累计同比,Insurance Company: Risk Protection Amount (Insured): Personal Insurance: YoY,月,%,累计同比,全国,中国,中国保险业监督管理委员会,getEcoDataIndFinancialservices,2018-06-30,2026-06-30,1,143.0
801790,非银金融,2210900135,保险公司:风险保障金额(保额):农险:累计同比,Insurance Company: Risk Protection Amount (Insured): Insured Amount of Agricultural Insurance: YoY,月,%,累计同比,全国,中国,中国保险业监督管理委员会,getEcoDataIndFinancialservices,2018-06-30,2026-06-30,1,143.0
801790,非银金融,2210900130,保险公司:风险保障金额(保额):累计同比,Insurance Company: Risk Protection Amount (Insured): YoY,月,%,累计同比,全国,中国,中国保险业监督管理委员会,getEcoDataIndFinancialservices,2018-06-30,2026-06-30,1,143.0
801790,非银金融,2210900131,保险公司:风险保障金额(保额):财产险:累计同比,Insurance Company: Risk Protection Amount (Insured): Property Insurance: YoY,月,%,累计同比,全国,中国,中国保险业监督管理委员会,getEcoDataIndFinancialservices,2018-06-30,2026-06-30,1,143.0
801790,非银金融,2210900134,保险公司:风险保障金额(保额):责任险:累计同比,Insurance Company: Risk Protection Amount (Insured): Liability Insurance: YoY,月,%,累计同比,全国,中国,中国保险业监督管理委员会,getEcoDataIndFinancialservices,2018-06-30,2026-06-30,1,143.0
801790,非银金融,2210900133,保险公司:风险保障金额(保额):车险:累计同比,Insurance Company: Risk Protection Amount (Insured): Motor Insurance: YoY,月,%,累计同比,全国,中国,中国保险业监督管理委员会,getEcoDataIndFinancialservices,2018-06-30,2026-06-30,1,143.0
801790,非银金融,2210500105,银行理财产品发行数量:当月值,Number of Bank Financial Products Issued: Current Value (Month),月,款,当期值,全国,中国,Datayes!,getEcoDataIndFinancialservices,2000-03-31,2026-07-31,1,143.0
801790,非银金融,2210100846,中国人寿:国寿个人税收优惠型健康保险A款(2016版)年化收益,China Life Insurance: China Life Individual Tax-Type Health Insurance A Paragraph (2016 Version) Annualized Earnings,月,%,当期值,全国,中国,中国人寿,getEcoDataIndFinancialservices,2016-05-31,2026-07-31,1,135.0
801790,非银金融,2210500106,银行理财产品平均预期年化收益率:当月值,The Average Annualized Expected Rate of Return of Bank Financial Product: Current Value (Month),月,%,当期值,全国,中国,Datayes!,getEcoDataIndFinancialservices,2000-03-31,2026-06-30,1,135.0
801790,非银金融,2060709413,期货成交额(活跃):玻璃,Futures Turnover (Active): Glass,日,元,当期值,全国,中国,郑州商品交易所,getEcoDataIndBuildingmaterials,2012-12-03,2026-08-07,1,130.0
801790,非银金融,2060709421,期货成交额(连三):玻璃,Futures Turnover (Continuous Three): Glass,日,元,当期值,全国,中国,郑州商品交易所,getEcoDataIndBuildingmaterials,2012-12-03,2026-08-07,1,130.0
801790,非银金融,2060709416,期货成交额(连续):玻璃,Futures Turnover (Continuous): Glass,日,元,当期值,全国,中国,郑州商品交易所,getEcoDataIndBuildingmaterials,2012-12-03,2026-08-06,1,130.0
801790,非银金融,2060709411,期货成交量(活跃):玻璃,Futures Trading Volume (Active): Glass,日,手,当期值,全国,中国,郑州商品交易所,getEcoDataIndBuildingmaterials,2012-12-03,2026-08-07,1,122.0
801790,非银金融,2060709419,期货成交量(连三):玻璃,Futures Trading Volume (Continuous Three): Glass,日,手,当期值,全国,中国,郑州商品交易所,getEcoDataIndBuildingmaterials,2012-12-03,2026-08-07,1,122.0
801790,非银金融,2060709414,期货成交量(连续):玻璃,Futures Trading Volume (Continuous): Glass,日,手,当期值,全国,中国,郑州商品交易所,getEcoDataIndBuildingmaterials,2012-12-03,2026-08-06,1,122.0
801790,非银金融,3020511389,欧元区:不包括证券市场计划的公开市场操作,EA: Open Market Operations Excl. MonPol Portfolios,日,百万欧元,当期值,欧元区,欧元区,欧洲央行,getEcoDataGlobeEu,1999-01-01,2026-08-05,1,112.0
801790,非银金融,3020511392,欧元区:自主因素和证券市场计划对现金净流量的影响,EA: Net Liquidity Effect From Autonomous Factors and Monpol Portfolios,日,百万欧元,当期值,欧元区,欧元区,欧洲央行,getEcoDataGlobeEu,1999-01-01,2026-08-05,1,112.0
801790,非银金融,3020511396,欧元区:证券市场计划,EA: Securities Markets Programme,周,百万欧元,当期值,欧元区,欧元区,欧洲央行,getEcoDataGlobeEu,2014-01-03,2026-07-31,1,109.0
801790,非银金融,3020511452,欧洲央行:欧元体系:资产:股权和非货币投资基金份额,ECB: Eurosystem: Assets: Equity and non-MMF Investment Fund Shares,月,百万欧元,期末值,欧元区,欧元区,欧洲央行,getEcoDataGlobeEu,1997-09-30,2026-06-30,1,105.0
801790,非银金融,3020511451,欧洲央行:欧元体系:资产:货币市场基金份额,ECB: Eurosystem: Assets: Money market fund shares,月,百万欧元,期末值,欧元区,欧元区,欧洲央行,getEcoDataGlobeEu,1997-09-30,2026-06-30,1,105.0
801790,非银金融,3020509268,欧洲央行:欧元区:负债:货币市场基金份额,ECB:Euro area:Liabilities:Money market fund shares,月,百万欧元,期末值,欧元区,欧元区,欧洲央行,getEcoDataGlobeEu,1997-09-30,2026-06-30,1,105.0
801790,非银金融,3020509257,欧洲央行:欧元区:资产:持有的股权和非货币投资基金份额,ECB:Euro area:Assets:Holdings of equity and non-MMF investment fund shares,月,百万欧元,期末值,欧元区,欧元区,欧洲央行,getEcoDataGlobeEu,1997-09-30,2026-06-30,1,105.0
801790,非银金融,3020509255,欧洲央行:欧元区:资产:持有的股权和非货币投资基金份额:非货币投资基金份额,ECB:Euro area:Assets:Holdings of equity and non-MMF investment fund shares:non-MMF investment fund shares,月,百万欧元,期末值,欧元区,欧元区,欧洲央行,getEcoDataGlobeEu,2014-06-30,2026-06-30,1,105.0
801790,非银金融,3020509256,欧洲央行:欧元区:资产:货币市场基金份额,ECB:Euro area:Assets:Money market fund shares,月,百万欧元,期末值,欧元区,欧元区,欧洲央行,getEcoDataGlobeEu,1997-09-30,2026-06-30,1,105.0
801790,非银金融,3020509237,欧洲央行:货币供应量:M3:市场工具(M3-M2):货币市场基金份额,ECB:Money supply:M3:Marketable instruments(M3-M2):Money market fund shares,月,百万欧元,期末值,欧元区,欧元区,欧洲央行,getEcoDataGlobeEu,1997-09-30,2026-06-30,1,105.0
801880,汽车,2070928295,当周日均销量:乘用车:厂家零售,,周,辆,当期值,全国,中国,全国乘用车市场信息联席会,getEcoDataIndAutomobile,2015-03-06,2026-07-31,1,155.0
801880,汽车,2070133158,汽车经销商库存预警指数:销量指数,Automobile Inventory Warning Index: Sales Volume Index,月,%,当期值,全国,中国,中国汽车流通协会,getEcoDataIndAutomobile,2014-01-31,2026-07-31,1,151.0
801880,汽车,2070133164,汽车经销商库存预警指数:销量指数:环比增减,Automobile Inventory Warning Index: Sales Volume Index: Net Change from Preceding Period,月,%,环比增减,全国,中国,中国汽车流通协会,getEcoDataIndAutomobile,2014-01-31,2026-07-31,1,151.0
801880,汽车,2070936194,销量:新能源乘用车:零售:累计同比,Sales: New Energy Passenger Vehicles: Retail: Cumulative YoY,月,%,累计同比,全国,中国,全国乘用车市场信息联席会,getEcoDataIndAutomobile,2018-05-31,2026-06-30,1,151.0
801880,汽车,1020008694,产量:汽车:运动型多用途乘用车(SUV):当月值,Output: Automobile: Sports Utility Automobile s (SUV): Current Value (Month),月,万辆,当期值,全国,中国,国家统计局,getEcoDataChina,2009-01-31,2026-06-30,1,147.0
801880,汽车,2070928296,当周日均销量:乘用车:厂家批发,,周,辆,当期值,全国,中国,全国乘用车市场信息联席会,getEcoDataIndAutomobile,2015-03-06,2026-07-31,1,147.0
801880,汽车,1020021235,产量:新能源汽车:当月值,Output: New Energy Vehicles: Current Value,月,万辆,当期值,全国,中国,国家统计局,getEcoDataChina,2016-03-31,2026-06-30,1,145.0
801880,汽车,2070200023,专用汽车:进口数量:当月值,Special purpose Automobile: Imports Quantity,月,辆,当期值,全国,中国,海关总署,getEcoDataIndAutomobile,1998-01-31,2026-05-31,1,143.0
801880,汽车,2070200096,专用汽车:进口金额:累计同比,Special purpose Automobile: Imports Value: YTD: YoY,月,%,累计同比,全国,中国,海关总署,getEcoDataIndAutomobile,1998-01-31,2026-06-30,1,143.0
801880,汽车,2070100971,乘用车销量:广义乘用车:当月同比,Passenger Car Sales Volume: Generalized Passenger: YoY,月,%,当期同比,全国,中国,全国乘用车市场信息联席会,getEcoDataIndAutomobile,2009-03-31,2026-06-30,1,143.0
801880,汽车,1020001586,产量:汽车:当月值,Output: Automobile: Current Value (Month),月,万辆,当期值,全国,中国,国家统计局,getEcoDataChina,1989-02-28,2026-06-30,1,143.0
801880,汽车,1020008695,产量:汽车:载货汽车:当月值,Output: Automobile: Truck: Current Value (Month),月,万辆,当期值,全国,中国,国家统计局,getEcoDataChina,1989-01-31,2026-06-30,1,143.0
801880,汽车,1020001606,产量:轿车:当月值,Output: Basic passenger car(car),月,万辆,当期值,全国,中国,国家统计局,getEcoDataChina,1989-02-28,2026-06-30,1,143.0
801880,汽车,1020000201,出口交货值:汽车制造业:当月同比,Export Delivery Value: Automotive Manufacturing: Current YoY (Month),月,%,当期同比,全国,中国,国家统计局,getEcoDataChina,2012-02-29,2026-06-30,1,143.0
801880,汽车,1020000160,出口交货值:汽车制造业:当期值,Export Delivery Value: Automotive Manufacturing: Current Value,月,亿元,当期值,全国,中国,国家统计局,getEcoDataChina,2012-02-29,2026-06-30,1,143.0
801880,汽车,2070936196,出口数量:汽车整车:当月同比,Export Quantity: Automobile Vehicles: YoY,月,%,当期同比,全国,中国,工信部,getEcoDataIndAutomobile,2009-03-31,2026-06-30,1,143.0
801880,汽车,2070133167,汽车经销商库存系数:同比,Automobile Dealers Inventory Ration: YoY,月,%,当期同比,全国,中国,中国汽车流通协会,getEcoDataIndAutomobile,2014-01-31,2026-06-30,1,143.0
801880,汽车,2070133155,汽车经销商库存预警指数,Automobile Inventory Warning Index,月,%,当期值,全国,中国,中国汽车流通协会,getEcoDataIndAutomobile,2014-01-31,2026-07-31,1,143.0
801880,汽车,2070133159,汽车经销商库存预警指数:从业人员指数,Automobile Inventory Warning Index: Employment Index,月,%,当期值,全国,中国,中国汽车流通协会,getEcoDataIndAutomobile,2014-01-31,2026-07-31,1,143.0
801880,汽车,2070133165,汽车经销商库存预警指数:从业人员指数:环比增减,Automobile Inventory Warning Index: Employee Index: Net Change from Preceding Period,月,%,环比增减,全国,中国,中国汽车流通协会,getEcoDataIndAutomobile,2014-01-31,2026-07-31,1,143.0
801880,汽车,2070133156,汽车经销商库存预警指数:市场总需求指数,Automobile Inventory Warning Index: Total Market Demand Index,月,%,当期值,全国,中国,中国汽车流通协会,getEcoDataIndAutomobile,2014-01-31,2026-07-31,1,143.0
801880,汽车,2070133162,汽车经销商库存预警指数:市场总需求指数:环比增减,Automobile Inventory Warning Index: Total Market Demand Index: Net Change from Preceding Period,月,%,环比增减,全国,中国,中国汽车流通协会,getEcoDataIndAutomobile,2014-01-31,2026-07-31,1,143.0
801880,汽车,2070133157,汽车经销商库存预警指数:库存指数,Vehicle Inventory Alert Index: Inventory Index,月,%,当期值,全国,中国,中国汽车流通协会,getEcoDataIndAutomobile,2014-01-31,2026-07-31,1,143.0
801880,汽车,2070900005,轮胎经销商价格指数:卡客车,TBR-Distributor Price Index,月,2011年5月=100,当期值,全国,中国,我的轮胎网,getEcoDataIndAutomobile,2011-05-31,2026-06-30,1,143.0
801880,汽车,2070900004,轮胎经销商价格指数:轿车,PCR-Distributor Price Index,月,2011年5月=100,当期值,全国,中国,我的轮胎网,getEcoDataIndAutomobile,2011-05-31,2026-06-30,1,143.0
801880,汽车,2070200020,进口数量:卡车(包括整套散件):累计值,Trucks(incl. Complete Set of Parts): Imports Quantity: YTD,月,辆,累计值,全国,中国,海关总署,getEcoDataIndAutomobile,1998-01-31,2026-06-30,1,143.0
801880,汽车,2070100936,乘用车周销量:同比上年同周,Passenger Car Sales Volume of Week: Year Same Week Last Year:YoY,周,%,当期同比,,中国,全国乘用车市场信息联席会,getEcoDataIndAutomobile,2010-11-05,2026-07-31,1,137.0
801880,汽车,2070100935,乘用车周销量:环比上月同周,Passenger Car Sales Volume of Week: Same Week Last Month:WoW,周,%,当期环比,,中国,全国乘用车市场信息联席会,getEcoDataIndAutomobile,2010-11-05,2026-07-31,1,137.0
801880,汽车,2070100958,乘用车产量:MPV:当月值,Passenger Car Output: MPV: Current Value (Month),月,辆,当期值,,,全国乘用车市场信息联席会,getEcoDataIndAutomobile,2008-03-31,2026-06-30,1,135.0
801880,汽车,2070100953,乘用车产量:SUV:当月值,Passenger Car Output: SUV: Current Value (Month),月,辆,当期值,,,全国乘用车市场信息联席会,getEcoDataIndAutomobile,2008-03-31,2026-06-30,1,135.0
801880,汽车,2070100948,乘用车产量:轿车:当月值,Passenger Car Output: Car: Current Value (Month),月,辆,当期值,,,全国乘用车市场信息联席会,getEcoDataIndAutomobile,2008-03-31,2026-06-30,1,135.0
801880,汽车,2070100989,乘用车销量:MPV:当月值,Passenger Car Sales Volume: MPV,月,辆,当期值,,,全国乘用车市场信息联席会,getEcoDataIndAutomobile,2008-03-31,2026-06-30,1,135.0
801880,汽车,2070100984,乘用车销量:SUV:当月值,Passenger Car Sales Volume: SUV,月,辆,当期值,,,全国乘用车市场信息联席会,getEcoDataIndAutomobile,2008-03-31,2026-06-30,1,135.0
801880,汽车,2070100979,乘用车销量:轿车:当月值,Passenger Car Sales Volume: Car: Current Value (Month),月,辆,当期值,,,全国乘用车市场信息联席会,getEcoDataIndAutomobile,2008-03-31,2026-06-30,1,135.0
801880,汽车,2070812185,二手车交易量:交叉型乘用车:累计值,Second-Hand Car Trade Volume: Cross Passenger Car: Cumulative Value,月,万辆,累计值,全国,中国,全国乘用车市场信息联席会,getEcoDataIndAutomobile,2018-02-28,2026-06-30,1,135.0
801880,汽车,2070812181,二手车交易量:多功能型MPV:累计值,Second-Hand Car Trade Volume: Multi Function MPV: Cumulative Value,月,万辆,累计值,全国,中国,全国乘用车市场信息联席会,getEcoDataIndAutomobile,2016-06-30,2026-06-30,1,135.0
801880,汽车,2070812183,二手车交易量:运动型多用途SUV:累计值,Second-Hand Car Trade Volume: Sport Utility Vehicle: Cumulative Value,月,万辆,累计值,全国,中国,全国乘用车市场信息联席会,getEcoDataIndAutomobile,2016-06-30,2026-06-30,1,135.0
801880,汽车,2070936211,新能源汽车:销量:当月值,,月,辆,当期值,,中国,Datayes!,getEcoDataIndAutomobile,2011-11-30,2026-06-30,1,135.0
801880,汽车,2070936210,新能源汽车销量:欧洲:合计,,月,辆,当期值,,欧洲,CleanTechnica,getEcoDataIndAutomobile,2015-01-31,2026-06-30,1,135.0
801880,汽车,2070900003,轮胎经销商加权均价:卡客车,Tire Dealer Weighted Average Price: Truck and Bus,月,元/条,均值,全国,中国,我的轮胎网,getEcoDataIndAutomobile,2011-05-31,2026-06-30,1,135.0
801880,汽车,2070900002,轮胎经销商加权均价:轿车,Tire Dealer Weighted Average Price: Passenger Car,月,元/条,均值,全国,中国,我的轮胎网,getEcoDataIndAutomobile,2011-05-31,2026-06-30,1,135.0
801880,汽车,2070000041,GAIN指数:MPV价格变化指数,MPV Price Change Index,月,,当期值,,中国,全国乘用车市场信息联席会,getEcoDataIndAutomobile,2011-01-31,2026-06-30,1,133.0
801880,汽车,2070000046,GAIN指数:SUV价格变化指数,SUV Price Change Index,月,,当期值,,中国,全国乘用车市场信息联席会,getEcoDataIndAutomobile,2011-01-31,2026-06-30,1,133.0
801880,汽车,2070100938,乘用车产量:广义乘用车:当月值,Passenger Car Output: Generalized Passenger Car : Current Value (Month),月,辆,当期值,,,全国乘用车市场信息联席会,getEcoDataIndAutomobile,2008-03-31,2026-06-30,1,133.0
801880,汽车,2070100963,乘用车产量:微客:当月值,Passenger Car Production: Micro-Off,月,辆,当期值,,,全国乘用车市场信息联席会,getEcoDataIndAutomobile,2008-03-31,2026-06-30,1,133.0
801880,汽车,2070200062,货车(包括整套散件):出口数量:当月同比,Exports Quantity: Trucks(Incl. Complete Set of Parts): YoY,月,%,当期同比,,中国,海关总署,getEcoDataIndAutomobile,2008-03-31,2026-06-30,1,133.0
801880,汽车,2070200132,货车(包括整套散件):出口金额:当月同比,Exports Value: Trucks(Incl. Complete Set of Parts): Cumulative YoY,月,%,当期同比,,中国,海关总署,getEcoDataIndAutomobile,2008-01-31,2026-06-30,1,133.0
801880,汽车,2070200019,货车(包括整套散件):进口数量:当月值,Imports Quantity: Trucks(Incl. Complete Set of Parts),月,辆,当期值,,中国,海关总署,getEcoDataIndAutomobile,1998-01-31,2026-06-30,1,133.0
801880,汽车,2070200085,货车(包括整套散件):进口金额:当月值,Imports Value: Trucks(incl. Complete Set of Parts),月,万美元,当期值,,中国,海关总署,getEcoDataIndAutomobile,1998-01-31,2026-06-30,1,133.0
801880,汽车,2070200088,进口金额(美元):卡车(包括整套散件):累计同比,Trucks(incl. Complete Set of Parts): Imports Value: YTD: YoY,月,%,累计同比,,中国,海关总署,getEcoDataIndAutomobile,1998-01-31,2026-06-30,1,133.0
801880,汽车,2070000042,GAIN指数:MPV优惠额度,MPV Preferential Line,月,元,当期值,,中国,全国乘用车市场信息联席会,getEcoDataIndAutomobile,2011-01-31,2026-06-30,1,125.0
801880,汽车,2070000043,GAIN指数:MPV优惠额度变化数,MPV Preferential Line Changes,月,元,当期值,,中国,全国乘用车市场信息联席会,getEcoDataIndAutomobile,2011-01-31,2026-06-30,1,125.0
801880,汽车,2070000040,GAIN指数:MPV均价,Average Price of MPV,月,万元,均值,,中国,全国乘用车市场信息联席会,getEcoDataIndAutomobile,2011-01-31,2026-06-30,1,125.0
801880,汽车,2070000044,GAIN指数:MPV终端优惠指数,MPV Terminal Preferential Index,月,,当期值,,中国,全国乘用车市场信息联席会,getEcoDataIndAutomobile,2011-01-31,2026-06-30,1,125.0
801880,汽车,2070000047,GAIN指数:SUV优惠额度,SUV Preferential Line,月,元,当期值,,中国,全国乘用车市场信息联席会,getEcoDataIndAutomobile,2011-01-31,2026-06-30,1,125.0
801880,汽车,2070000048,GAIN指数:SUV优惠额度变化数,SUV Preferential Line Changes,月,元,当期值,,中国,全国乘用车市场信息联席会,getEcoDataIndAutomobile,2011-01-31,2026-06-30,1,125.0
801880,汽车,2070000045,GAIN指数:SUV均价,Average Price of SUV,月,万元,均值,,中国,全国乘用车市场信息联席会,getEcoDataIndAutomobile,2011-01-31,2026-06-30,1,125.0
801880,汽车,2070000049,GAIN指数:SUV终端优惠指数,SUV Terminal Preferential Index,月,,当期值,,中国,全国乘用车市场信息联席会,getEcoDataIndAutomobile,2011-01-31,2026-06-30,1,125.0
801880,汽车,2070103615,二手车:客车:交易量:当月值,Second-hand Vehicle: Public: Trading Volume,月,万辆,当期值,,中国,全国乘用车市场信息联席会,getEcoDataIndAutomobile,2011-03-31,2026-06-30,1,125.0
801880,汽车,2070103621,二手车:载货车:交易量:当月值,Second-hand Vehicle: Truck: Trading Volume,月,万辆,当期值,,中国,全国乘用车市场信息联席会,getEcoDataIndAutomobile,2011-03-31,2026-06-30,1,125.0
801880,汽车,2087007245,出口金额(美元):铁道及电车道机动客车、货车、敞车(8603):当月值,"Export Value (USD): Railway and Tramway Motor Coach, Freight Car and Gondola(8603): Current Month Value",月,美元,当期值,中国,中国,海关总署,getEcoDataIndMachineryequipment,2015-01-31,2026-06-30,1,125.0
801880,汽车,2087007247,进出口金额(美元):铁道及电车道机动客车、货车、敞车(8603):当月值,"Import and Export Value (USD): Railway and Tramway Motor Coach, Freight Car and Gondola(8603): Current Month Value",月,美元,当期值,中国,中国,海关总署,getEcoDataIndMachineryequipment,2015-01-31,2026-06-30,1,125.0
801880,汽车,2070817194,出口数量(千克):10座≤座位<29座的客车车身(包括驾驶室)(87079010):当月值,Export Volume (kg): Bodywork (Including the Driving Cab) of Buses (10 to 28 Seats) (87079010): Current Value (Month),月,千克,当期值,全国,中国,海关总署,getEcoDataIndAutomobile,2015-01-31,2026-06-30,1,123.0
801880,汽车,2070817089,出口数量(千克):仅装有压燃式活塞内燃发动机的机坪客车(87021020):当月值,Export Volume (kg): Apron Buses Powered Only by Compression-Ignited Internal Combustion Piston Engine (87021020): Current Value (Month),月,千克,当期值,全国,中国,海关总署,getEcoDataIndAutomobile,2015-01-31,2026-06-30,1,123.0
801880,汽车,2070817095,"出口数量(千克):仅装有驱动电动机的大型客车,30座及以上(87024010):当月值",Export Volume (kg): Large Buses (30 seats or more) Powered Only by Driving Motor (87024010): Current Value (Month),月,千克,当期值,全国,中国,海关总署,getEcoDataIndAutomobile,2017-02-28,2026-06-30,1,123.0
801880,汽车,2070817097,"出口数量(千克):仅装有驱动电动机的机动客车,10≤座≤19(87024030):当月值",Export Volume (kg): Motor Buses (10 to 19 seats) Powered Only by Driving Motor (87024030): Current Value (Month),月,千克,当期值,全国,中国,海关总署,getEcoDataIndAutomobile,2017-02-28,2026-06-30,1,123.0
801880,汽车,2070817096,"出口数量(千克):仅装有驱动电动机的机动客车,20≤座≤29(87024020):当月值",Export Volume (kg): Motor Buses (20 to 29 seats) Powered Only by Driving Motor (87024020): Current Value (Month),月,千克,当期值,全国,中国,海关总署,getEcoDataIndAutomobile,2017-01-31,2026-06-30,1,123.0
801880,汽车,2070817098,"出口数量(千克):其他大型客车,≥30座(87029010):当月值",Export Volume (kg): Other Large Buses (30 seats or more) (87029010): Current Value (Month),月,千克,当期值,全国,中国,海关总署,getEcoDataIndAutomobile,2015-01-31,2026-06-30,1,123.0
801880,汽车,2070817100,"出口数量(千克):其他机动客车,10≤座≤19(87029030):当月值",Export Volume (kg): Other Motor Buses (10 to 19 seats) (87029030): Current Value (Month),月,千克,当期值,全国,中国,海关总署,getEcoDataIndAutomobile,2015-01-31,2026-06-30,1,123.0
801880,汽车,2070817099,"出口数量(千克):其他机动客车,20≤座≤29(87029020):当月值",Export Volume (kg): Other Motor Buses (20 to 29 seats) (87029020): Current Value (Month),月,千克,当期值,全国,中国,海关总署,getEcoDataIndAutomobile,2015-01-31,2026-06-30,1,123.0
801880,汽车,2070817162,"出口数量(千克):其他柴油货车,14吨<车总重≤20吨(87042240):当月值",Export Volume (kg): Other Diesel Trucks (14t < Weight ≤ 20t) (87042240): Current Value (Month),月,千克,当期值,全国,中国,海关总署,getEcoDataIndAutomobile,2015-01-31,2026-06-30,1,123.0
801880,汽车,2070817161,"出口数量(千克):其他柴油货车,5吨<车总重≤14吨(87042230):当月值",Export Volume (kg): Other Diesel Trucks (5t < Weight ≤ 14t) (87042230): Current Value (Month),月,千克,当期值,全国,中国,海关总署,getEcoDataIndAutomobile,2015-01-31,2026-06-30,1,123.0
801880,汽车,2070817163,"出口数量(千克):其他柴油货车,车总重>20吨(87042300):当月值",Export Volume (kg): Other Diesel Trucks (Weight > 20t) (87042300): Current Value (Month),月,千克,当期值,全国,中国,海关总署,getEcoDataIndAutomobile,2015-01-31,2026-06-30,1,123.0
801880,汽车,2070817160,"出口数量(千克):其他柴油货车,车总重≤5吨(87042100):当月值",Export Volume (kg): Other Diesel Trucks (Weight ≤ 5t) (87042100): Current Value (Month),月,千克,当期值,全国,中国,海关总署,getEcoDataIndAutomobile,2015-01-31,2026-06-30,1,123.0
801880,汽车,2070817165,"出口数量(千克):其他汽油货车,5吨<车总重≤8吨(87043230):当月值",Export Volume (kg): Other Gasoline Trucks (5t < Weight ≤ 8t) (87043230): Current Value (Month),月,千克,当期值,全国,中国,海关总署,getEcoDataIndAutomobile,2015-02-28,2026-06-30,1,123.0
801880,汽车,2070817166,"出口数量(千克):其他汽油货车,车总重>8吨(87043240):当月值",Export Volume (kg): Other Gasoline Trucks (Weight > 8t) (87043240): Current Value (Month),月,千克,当期值,全国,中国,海关总署,getEcoDataIndAutomobile,2015-01-31,2026-06-30,1,123.0
801880,汽车,2070817164,"出口数量(千克):其他汽油货车,车总重≤5吨(87043100):当月值",Export Volume (kg): Other Gasoline Trucks (Weight ≤ 5t) (87043100): Current Value (Month),月,千克,当期值,全国,中国,海关总署,getEcoDataIndAutomobile,2015-01-31,2026-06-30,1,123.0
801880,汽车,2070817197,出口数量(千克):其他电动的短距离运货车辆(87091190):当月值,Export Volume (kg): Other Electric Short-Range Cargo Vehicles (87091190): Current Value (Month),月,千克,当期值,全国,中国,海关总署,getEcoDataIndAutomobile,2015-01-31,2026-06-30,1,123.0
801880,汽车,2070817193,出口数量(千克):机动小客车的车身(包括驾驶室)(87071000):当月值,Export Volume (kg): Bodywork (Including the Driving Cab) of Motorized Small Passenger Coaches (87071000): Current Value (Month),月,千克,当期值,全国,中国,海关总署,getEcoDataIndAutomobile,2015-01-31,2026-06-30,1,123.0
801880,汽车,2070817190,出口数量(千克):装有发动机的座位≥30座的机动客车底盘(87060030):当月值,Export Volume (kg): Engine-Mounted Chassis of Motor Buses (30 Seats or More) (87060030): Current Value (Month),月,千克,当期值,全国,中国,海关总署,getEcoDataIndAutomobile,2015-01-31,2026-06-30,1,123.0
801890,机械设备,2080100030,产量:中型拖拉机:当月值,Output: Medium Tractor,月,台,当期值,全国,中国,国家统计局,getEcoDataIndMachineryequipment,2009-02-28,2026-06-30,1,143.0
801890,机械设备,2080100028,产量:大型拖拉机:当月值,Output: Large Tractor,月,台,当期值,全国,中国,国家统计局,getEcoDataIndMachineryequipment,2009-02-28,2026-06-30,1,143.0
801890,机械设备,2080100032,产量:小型拖拉机:当月值,Output: Small Tractor,月,万台,当期值,全国,中国,国家统计局,getEcoDataIndMachineryequipment,1989-02-28,2026-06-30,1,143.0
801890,机械设备,1020008693,产量:工业机器人:当月值,Output: Industrial Robots: Current Value (Month),月,套,当期值,全国,中国,国家统计局,getEcoDataChina,2016-03-31,2026-06-30,1,143.0
801890,机械设备,2080100060,产量:挖掘机:当月值,Output: Excavator,月,台,当期值,全国,中国,国家统计局,getEcoDataIndMachineryequipment,2007-01-31,2026-06-30,1,143.0
801890,机械设备,2080617129,产量:电梯、自动扶梯及升降机:当月值,"Output: Elevators, Escalators and Lifts: Current Value (Month)",月,万台,当期值,全国,中国,国家统计局,getEcoDataIndMachineryequipment,2015-02-28,2026-06-30,1,143.0
801890,机械设备,2080100004,产量:金属切削机床:当月值,Output: Metal Cutting Machine Tool,月,万台,当期值,全国,中国,国家统计局,getEcoDataIndMachineryequipment,1989-02-28,2026-06-30,1,143.0
801890,机械设备,2080106991,产量:金属成形机床:当月值,Output: Metal Forming Machines: Current Value (Month),月,万台,当期值,全国,中国,国家统计局,getEcoDataIndMachineryequipment,2000-07-31,2026-06-30,1,143.0
801890,机械设备,2087006727,出口金额(美元):专用于或主要用于加工机床等机器的零件、附件(8466):当月值,Export Value (USD): Parts and Accessories Specially or Mainly Used for Processing Machines such as Machine Tools(8466): Current Month Value,月,美元,当期值,中国,中国,海关总署,getEcoDataIndMachineryequipment,2015-01-31,2026-06-30,1,143.0
801890,机械设备,2087006951,出口金额(美元):传动轴及曲柄;轴承座及滑动轴承(8483):当月值,Export Value (USD): Transmission Shaft and Crank;Bearing Pedestal and Sliding Bearing(8483): Current Month Value,月,美元,当期值,中国,中国,海关总署,getEcoDataIndMachineryequipment,2015-01-31,2026-06-30,1,143.0
801890,机械设备,2087006657,出口金额(美元):切削金属或金属陶瓷的精加工机床(8461):当月值,Export Value (USD): Finishing Machine Tool for Cutting Metal or Cermet(8461): Current Month Value,月,美元,当期值,中国,中国,海关总署,getEcoDataIndMachineryequipment,2015-01-31,2026-06-30,1,143.0
801890,机械设备,2087006629,出口金额(美元):切削金属的钻床、镗床、铣床、攻丝机床(8459):当月值,"Export Value (USD): Drilling Machine, Boring Machine, Milling Machine and Tapping Machine for Cutting Metal(8459): Current Month Value",月,美元,当期值,中国,中国,海关总署,getEcoDataIndMachineryequipment,2015-01-31,2026-06-30,1,143.0
801890,机械设备,2087006601,出口金额(美元):加工金属的加工中心、单工位组合机床等(8457):当月值,"Export Value (USD): Metal Processing Center, Single Station Modular Machine Tool, Etc(8457): Current Month Value",月,美元,当期值,中国,中国,海关总署,getEcoDataIndMachineryequipment,2015-01-31,2026-06-30,1,143.0
801890,机械设备,2087006671,出口金额(美元):加工金属的锻造或冲压机床(8462):当月值,Export Value (USD): forging or Stamping Machine Tool for Processing Metal(8462): Current Month Value,月,美元,当期值,中国,中国,海关总署,getEcoDataIndMachineryequipment,2015-01-31,2026-06-30,1,143.0
801890,机械设备,2087006643,出口金额(美元):去毛刺、刃磨等精加工的机床(8460):当月值,"Export Value (USD): Deburring, Grinding and Other Finishing Machine Tools(8460): Current Month Value",月,美元,当期值,中国,中国,海关总署,getEcoDataIndMachineryequipment,2015-01-31,2026-06-30,1,143.0
801890,机械设备,2087006181,出口金额(美元):叉车;其他装有升降或搬运装置的工作车(8427):当月值,Export Value (USD): forklift;Other Work Vehicles Equipped with Lifting or Handling Devices(8427): Current Month Value,月,美元,当期值,中国,中国,海关总署,getEcoDataIndMachineryequipment,2015-01-31,2026-06-30,1,143.0
801890,机械设备,2087006713,出口金额(美元):木材、软木等或类似硬质材料的加工机床(8465):当月值,"Export Value (USD): Machine Tool for Processing Wood, Cork, Etc. or Similar Hard Materials(8465): Current Month Value",月,美元,当期值,中国,中国,海关总署,getEcoDataIndMachineryequipment,2015-01-31,2026-06-30,1,143.0
801890,机械设备,2087005985,"出口金额(美元):液体泵,不论是否装有计量装置;液体提升机(8413):当月值","Export Value (USD): Liquid Pumps, Whether or Not Equipped with Metering Devices;Liquid Elevator(8413): Current Month Value",月,美元,当期值,中国,中国,海关总署,getEcoDataIndMachineryequipment,2015-01-31,2026-06-30,1,143.0
801890,机械设备,2087006937,出口金额(美元):滚动轴承(8482):当月值,Export Value (USD): Rolling Bearing(8482): Current Month Value,月,美元,当期值,中国,中国,海关总署,getEcoDataIndMachineryequipment,2015-01-31,2026-06-30,1,143.0
801890,机械设备,2087006587,出口金额(美元):用激光、其他光等或等离子弧处理材料的加工机床(8456):当月值,"Export Value (USD): Machine Tool for Processing Materials with Laser, Other Light, Etc. or Plasma Arc(8456): Current Month Value",月,美元,当期值,中国,中国,海关总署,getEcoDataIndMachineryequipment,2015-01-31,2026-06-30,1,143.0
801890,机械设备,2087006699,出口金额(美元):石料、陶瓷等或类似矿物材料的加工机床(8464):当月值,"Export Value (USD): Machine Tools for Processing Stone, Ceramics, Etc. or Similar Mineral Materials(8464): Current Month Value",月,美元,当期值,中国,中国,海关总署,getEcoDataIndMachineryequipment,2015-01-31,2026-06-30,1,143.0
801890,机械设备,2087005999,出口金额(美元):空气泵或真空泵、空气及其他气体压缩机、风机等(8414):当月值,"Export Value (USD): Air Pump or Vacuum Pump, Air and Other Gas Compressor, Fan, Etc(8414): Current Month Value",月,美元,当期值,中国,中国,海关总署,getEcoDataIndMachineryequipment,2015-01-31,2026-06-30,1,143.0
801890,机械设备,2087006167,出口金额(美元):船用桅杆式起重机;起重机(8426):当月值,Export Value (USD): Marine Mast Crane;Crane(8426): Current Month Value,月,美元,当期值,中国,中国,海关总署,getEcoDataIndMachineryequipment,2015-01-31,2026-06-30,1,143.0
801890,机械设备,2087006685,出口金额(美元):金属或金属陶瓷的其他非切削加工机床(8463):当月值,Export Value (USD): Other Non Cutting Machine Tools for Metal or Cermet(8463): Current Month Value,月,美元,当期值,中国,中国,海关总署,getEcoDataIndMachineryequipment,2015-01-31,2026-06-30,1,143.0
801890,机械设备,2087006729,进出口金额(美元):专用于或主要用于加工机床等机器的零件、附件(8466):当月值,Import and Export Value (USD): Parts and Accessories Specially or Mainly Used for Processing Machines such as Machine Tools(8466): Current Month Value,月,美元,当期值,中国,中国,海关总署,getEcoDataIndMachineryequipment,2015-01-31,2026-06-30,1,143.0
801890,机械设备,2087006953,进出口金额(美元):传动轴及曲柄;轴承座及滑动轴承(8483):当月值,Import and Export Value (USD): Transmission Shaft and Crank;Bearing Pedestal and Sliding Bearing(8483): Current Month Value,月,美元,当期值,中国,中国,海关总署,getEcoDataIndMachineryequipment,2015-01-31,2026-06-30,1,143.0
801890,机械设备,2087006659,进出口金额(美元):切削金属或金属陶瓷的精加工机床(8461):当月值,Import and Export Value (USD): Finishing Machine Tool for Cutting Metal or Cermet(8461): Current Month Value,月,美元,当期值,中国,中国,海关总署,getEcoDataIndMachineryequipment,2015-01-31,2026-06-30,1,143.0
801890,机械设备,2087006631,进出口金额(美元):切削金属的钻床、镗床、铣床、攻丝机床(8459):当月值,"Import and Export Value (USD): Drilling Machine, Boring Machine, Milling Machine and Tapping Machine for Cutting Metal(8459): Current Month Value",月,美元,当期值,中国,中国,海关总署,getEcoDataIndMachineryequipment,2015-01-31,2026-06-30,1,143.0
801890,机械设备,2087006603,进出口金额(美元):加工金属的加工中心、单工位组合机床等(8457):当月值,"Import and Export Value (USD): Metal Processing Center, Single Station Modular Machine Tool, Etc(8457): Current Month Value",月,美元,当期值,中国,中国,海关总署,getEcoDataIndMachineryequipment,2015-01-31,2026-06-30,1,143.0
801890,机械设备,2087006183,进出口金额(美元):叉车;其他装有升降或搬运装置的工作车(8427):当月值,Import and Export Value (USD): forklift;Other Work Vehicles Equipped with Lifting or Handling Devices(8427): Current Month Value,月,美元,当期值,中国,中国,海关总署,getEcoDataIndMachineryequipment,2015-01-31,2026-06-30,1,143.0
801890,机械设备,2087005987,"进出口金额(美元):液体泵,不论是否装有计量装置;液体提升机(8413):当月值","Import and Export Value (USD): Liquid Pumps, Whether or Not Equipped with Metering Devices;Liquid Elevator(8413): Current Month Value",月,美元,当期值,中国,中国,海关总署,getEcoDataIndMachineryequipment,2015-01-31,2026-06-30,1,143.0
801890,机械设备,2087006939,进出口金额(美元):滚动轴承(8482):当月值,Import and Export Value (USD): Rolling Bearing(8482): Current Month Value,月,美元,当期值,中国,中国,海关总署,getEcoDataIndMachineryequipment,2015-01-31,2026-06-30,1,143.0
801890,机械设备,2087006001,进出口金额(美元):空气泵或真空泵、空气及其他气体压缩机、风机等(8414):当月值,"Import and Export Value (USD): Air Pump or Vacuum Pump, Air and Other Gas Compressor, Fan, Etc(8414): Current Month Value",月,美元,当期值,中国,中国,海关总署,getEcoDataIndMachineryequipment,2015-01-31,2026-06-30,1,143.0
801890,机械设备,2087006169,进出口金额(美元):船用桅杆式起重机;起重机(8426):当月值,Import and Export Value (USD): Marine Mast Crane;Crane(8426): Current Month Value,月,美元,当期值,中国,中国,海关总署,getEcoDataIndMachineryequipment,2015-01-31,2026-06-30,1,143.0
801890,机械设备,2087006952,进口金额(美元):传动轴及曲柄;轴承座及滑动轴承(8483):当月值,Import Value (USD): Transmission Shaft and Crank;Bearing Pedestal and Sliding Bearing(8483): Current Month Value,月,美元,当期值,中国,中国,海关总署,getEcoDataIndMachineryequipment,2015-01-31,2026-06-30,1,143.0
801890,机械设备,2087006182,进口金额(美元):叉车;其他装有升降或搬运装置的工作车(8427):当月值,Import Value (USD): forklift;Other Work Vehicles Equipped with Lifting or Handling Devices(8427): Current Month Value,月,美元,当期值,中国,中国,海关总署,getEcoDataIndMachineryequipment,2015-01-31,2026-06-30,1,143.0
801890,机械设备,2087005986,"进口金额(美元):液体泵,不论是否装有计量装置;液体提升机(8413):当月值","Import Value (USD): Liquid Pumps, Whether or Not Equipped with Metering Devices;Liquid Elevator(8413): Current Month Value",月,美元,当期值,中国,中国,海关总署,getEcoDataIndMachineryequipment,2015-01-31,2026-06-30,1,143.0
801890,机械设备,2087006938,进口金额(美元):滚动轴承(8482):当月值,Import Value (USD): Rolling Bearing(8482): Current Month Value,月,美元,当期值,中国,中国,海关总署,getEcoDataIndMachineryequipment,2015-01-31,2026-06-30,1,143.0
801890,机械设备,2087006000,进口金额(美元):空气泵或真空泵、空气及其他气体压缩机、风机等(8414):当月值,"Import Value (USD): Air Pump or Vacuum Pump, Air and Other Gas Compressor, Fan, Etc(8414): Current Month Value",月,美元,当期值,中国,中国,海关总署,getEcoDataIndMachineryequipment,2015-01-31,2026-06-30,1,143.0
801890,机械设备,2087006168,进口金额(美元):船用桅杆式起重机;起重机(8426):当月值,Import Value (USD): Marine Mast Crane;Crane(8426): Current Month Value,月,美元,当期值,中国,中国,海关总署,getEcoDataIndMachineryequipment,2015-01-31,2026-06-30,1,143.0
801890,机械设备,2080111244,销量:压路机:国内:当月值,Sales Volume: Rollers: Domestic: Current Value (Month),月,台,当期值,全国,中国,中国工程机械工业协会,getEcoDataIndMachineryequipment,2012-01-31,2026-06-30,1,143.0
801890,机械设备,2080111245,销量:压路机:国外:当月值,Sales Volume: Rollers: Overseas: Current Value (Month),月,台,当期值,全国,中国,中国工程机械工业协会,getEcoDataIndMachineryequipment,2007-06-30,2026-06-30,1,143.0
801890,机械设备,2080111243,销量:压路机:当月值,Sales Volume: Rollers: Current Value (Month),月,台,当期值,全国,中国,中国工程机械工业协会,getEcoDataIndMachineryequipment,2007-02-28,2026-06-30,1,143.0
801890,机械设备,2080111234,销量:叉车:国内:当月值,Sales Volume: Forklifts: Domestic: Current Value (Month),月,台,当期值,全国,中国,中国工程机械工业协会,getEcoDataIndMachineryequipment,2011-07-31,2026-06-30,1,143.0
801890,机械设备,2080111235,销量:叉车:国外:当月值,Sales Volume: Forklifts: Overseas: Current Value (Month),月,台,当期值,全国,中国,中国工程机械工业协会,getEcoDataIndMachineryequipment,2011-07-31,2026-06-30,1,143.0
801890,机械设备,2080111233,销量:叉车:当月值,Sales Volume: Forklifts: Current Value (Month),月,台,当期值,全国,中国,中国工程机械工业协会,getEcoDataIndMachineryequipment,2007-01-31,2026-06-30,1,143.0
801890,机械设备,2080111271,销量:履带起重机:当月值,Sales Volume: Crawler Cranes: Current Value (Month),月,台,当期值,全国,中国,中国工程机械工业协会,getEcoDataIndMachineryequipment,2012-01-31,2026-06-30,1,143.0
801890,机械设备,2080111194,销量:挖掘机:国内:当月值,Sales Volume: Excavators: Domestic: Current Value (Month),月,台,当期值,全国,中国,中国工程机械工业协会,getEcoDataIndMachineryequipment,2012-01-31,2026-06-30,1,143.0
801890,机械设备,2080111195,销量:挖掘机:国外:当月值,Sales Volume: Excavators: Overseas: Current Value (Month),月,台,当期值,全国,中国,中国工程机械工业协会,getEcoDataIndMachineryequipment,2007-01-31,2026-06-30,1,143.0
801890,机械设备,2080111193,销量:挖掘机:当月值,Sales Volume: Excavator: Current Value (Month),月,台,当期值,全国,中国,中国工程机械工业协会,getEcoDataIndMachineryequipment,2007-01-31,2026-06-30,1,143.0
801890,机械设备,2080111267,销量:汽车起重机:当月值,Sales Volume: Auto Cranes: Current Value (Month),月,台,当期值,全国,中国,中国工程机械工业协会,getEcoDataIndMachineryequipment,2011-07-31,2026-06-30,1,143.0
801890,机械设备,2080111204,销量:装载机:国内:当月值,Sales Volume: Loaders: Domestic: Current Value (Month),月,台,当期值,全国,中国,中国工程机械工业协会,getEcoDataIndMachineryequipment,2012-01-31,2026-06-30,1,143.0
801890,机械设备,2080111205,销量:装载机:国外:当月值,Sales Volume: Loaders: Overseas: Current Value (Month),月,台,当期值,全国,中国,中国工程机械工业协会,getEcoDataIndMachineryequipment,2007-01-31,2026-06-30,1,143.0
801890,机械设备,2080111203,销量:装载机:当月值,Sales Volume: Loaders: Current Value (Month),月,台,当期值,全国,中国,中国工程机械工业协会,getEcoDataIndMachineryequipment,2007-01-31,2026-06-30,1,143.0
801890,机械设备,2080111275,销量:随车起重机:当月值,Sales Volume: Truck Mounted Cranes: Current Value (Month),月,台,当期值,全国,中国,中国工程机械工业协会,getEcoDataIndMachineryequipment,2012-01-31,2026-06-30,1,143.0
801890,机械设备,2080700018,AMI:三级指数:中型拖拉机指数,AMI: Tertiary Index: Medium Tractor Index,月,%,当期值,全国,中国,中国农机流通网,getEcoDataIndMachineryequipment,2018-01-31,2026-07-31,1,135.0
801890,机械设备,2080700017,AMI:三级指数:大型拖拉机指数,AMI: Tertiary Index: Large Tractor Index,月,%,当期值,全国,中国,中国农机流通网,getEcoDataIndMachineryequipment,2018-01-31,2026-07-31,1,135.0
801890,机械设备,2080700011,AMI:二级指数:拖拉机指数,AMI: Secondary Index: Tractor Index,月,%,当期值,全国,中国,中国农机流通网,getEcoDataIndMachineryequipment,2018-01-31,2026-07-31,1,135.0
801890,机械设备,1040018896,PPI:泵、阀门、压缩机及类似机械制造业(上年同月=100),"PPI: Pump, Valve, Compressor and Similar Machines Manufacturing (CYoY=100)",月,上年同月=100,当期值,全国,中国,国家统计局,getEcoDataChina,2014-01-31,2026-06-30,1,135.0
801890,机械设备,1040018897,PPI:轴承、齿轮和传动部件制造业(上年同月=100),"PPI: Bearings, Gears and Transmission Components Manufacturing (CYoY=100)",月,上年同月=100,当期值,全国,中国,国家统计局,getEcoDataChina,2014-01-31,2026-06-30,1,135.0
801890,机械设备,2087006954,贸易差额(美元):传动轴及曲柄;轴承座及滑动轴承(8483):当月值,Trade Balance (USD): Transmission Shaft and Crank;Bearing Pedestal and Sliding Bearing(8483): Current Month Value,月,美元,当期值,中国,中国,海关总署,getEcoDataIndMachineryequipment,2015-01-31,2026-06-30,1,135.0
801890,机械设备,2087006184,贸易差额(美元):叉车;其他装有升降或搬运装置的工作车(8427):当月值,Trade Balance (USD): forklift;Other Work Vehicles Equipped with Lifting or Handling Devices(8427): Current Month Value,月,美元,当期值,中国,中国,海关总署,getEcoDataIndMachineryequipment,2015-01-31,2026-06-30,1,135.0
801890,机械设备,2087005988,"贸易差额(美元):液体泵,不论是否装有计量装置;液体提升机(8413):当月值","Trade Balance (USD): Liquid Pumps, Whether or Not Equipped with Metering Devices;Liquid Elevator(8413): Current Month Value",月,美元,当期值,中国,中国,海关总署,getEcoDataIndMachineryequipment,2015-01-31,2026-06-30,1,135.0
801890,机械设备,2087006940,贸易差额(美元):滚动轴承(8482):当月值,Trade Balance (USD): Rolling Bearing(8482): Current Month Value,月,美元,当期值,中国,中国,海关总署,getEcoDataIndMachineryequipment,2015-01-31,2026-06-30,1,135.0
801890,机械设备,2087006002,贸易差额(美元):空气泵或真空泵、空气及其他气体压缩机、风机等(8414):当月值,"Trade Balance (USD): Air Pump or Vacuum Pump, Air and Other Gas Compressor, Fan, Etc(8414): Current Month Value",月,美元,当期值,中国,中国,海关总署,getEcoDataIndMachineryequipment,2015-01-31,2026-06-30,1,135.0
801890,机械设备,2087006170,贸易差额(美元):船用桅杆式起重机;起重机(8426):当月值,Trade Balance (USD): Marine Mast Crane;Crane(8426): Current Month Value,月,美元,当期值,中国,中国,海关总署,getEcoDataIndMachineryequipment,2015-01-31,2026-06-30,1,135.0
801890,机械设备,2080100203,销量:内燃机:工程机械:累计值,Consumption: Internal Combustion Engine: Casting Machinery: YTD,月,万台,累计值,,中国,中国内燃机工业协会,getEcoDataIndMachineryequipment,2013-04-30,2026-06-30,1,135.0
801890,机械设备,2087048543,出口数量:挖掘机:累计值,,月,台,累计值,,中国,Datayes!,getEcoDataIndMachineryequipment,2017-01-31,2026-06-30,1,133.0
801890,机械设备,2080200719,出口金额:轴承:当月同比,Bearing: Exportss Value: YoY,月,%,当期同比,,中国,海关总署,getEcoDataIndMachineryequipment,1999-01-31,2026-06-30,1,133.0
801890,机械设备,2080100182,销量:内燃机(功率):当月值,Consumption: Internal Combustion Engine(efficiency): Current,月,万千瓦,当期值,,中国,中国内燃机工业协会,getEcoDataIndMachineryequipment,2014-01-31,2026-06-30,1,133.0
801890,机械设备,2080100196,销量:内燃机:乘用车:累计值,Consumption: Internal Combustion Engine: Passenger: YTD,月,万台,累计值,,中国,中国内燃机工业协会,getEcoDataIndMachineryequipment,2014-01-31,2026-06-30,1,133.0
801890,机械设备,2080100200,销量:内燃机:农用机械:累计值,Consumption: Internal Combustion Engine: Agricultural Machine: YTD,月,万台,累计值,,中国,中国内燃机工业协会,getEcoDataIndMachineryequipment,2014-01-31,2026-06-30,1,133.0
801890,机械设备,2080100199,销量:内燃机:发电机组:累计值,Consumption: Internal Combustion Engine: Generator: YTD,月,万台,累计值,,中国,中国内燃机工业协会,getEcoDataIndMachineryequipment,2014-01-31,2026-06-30,1,133.0
801890,机械设备,2080100201,销量:内燃机:商用车:累计值,Consumption: Internal Combustion Engine: Commercial: YTD,月,万台,累计值,,中国,中国内燃机工业协会,getEcoDataIndMachineryequipment,2014-01-31,2026-06-30,1,133.0
801890,机械设备,2080100197,销量:内燃机:园林机械:累计值,Consumption: Internal Combustion Engine: Forestry Equipment: YTD,月,万台,累计值,,中国,中国内燃机工业协会,getEcoDataIndMachineryequipment,2014-01-31,2026-06-30,1,133.0
801890,机械设备,2080100205,销量:内燃机:多缸汽油机企业:累计值,Consumption: Internal Combustion Engine: Enterprise Multi-Cylinder Gasoline Engine: YTD,月,万台,累计值,,中国,中国内燃机工业协会,getEcoDataIndMachineryequipment,2013-04-30,2026-06-30,1,133.0
801890,机械设备,2080100204,销量:内燃机:小汽油机企业:累计值,Consumption: Internal Combustion Engine: Small Gasoline Engine Business: YTD,月,万台,累计值,,中国,中国内燃机工业协会,getEcoDataIndMachineryequipment,2014-01-31,2026-06-30,1,133.0
801890,机械设备,2080100179,销量:内燃机:当月值,Consumption: Internal Combustion Engine:Current,月,万台,当期值,,中国,中国内燃机工业协会,getEcoDataIndMachineryequipment,2014-01-31,2026-06-30,1,133.0
801890,机械设备,2080100198,销量:内燃机:摩托车:累计值,Consumption: Internal Combustion Engine: Motorcycle: YTD,月,万台,累计值,,中国,中国内燃机工业协会,getEcoDataIndMachineryequipment,2014-01-31,2026-06-30,1,133.0
801890,机械设备,2080100194,销量:内燃机:柴油机:单缸:累计值,Consumption: Internal Combustion Engine: Diesel Engine: Single-Cylinder: YTD,月,万台,累计值,,中国,中国内燃机工业协会,getEcoDataIndMachineryequipment,2014-01-31,2026-06-30,1,133.0
801950,煤炭,1040015371,生产资料价格:煤炭:炼焦煤:周环比,Spot Price: Coal: Coking Coal: WoW,周,%,当期环比,全国,中国,商务部,getEcoDataChina,2017-03-19,2026-08-02,1,151.0
801950,煤炭,2020761919,库存量:炼焦煤:国内独立焦化厂(230家):合计,Inventory: Coking Coal: Independent Coking Plants in China (230 Households): Total,周,万吨,当期值,全国,中国,Datayes!,getEcoDataIndEnergy,2016-06-24,2026-08-07,1,149.0
801950,煤炭,1040015372,生产资料价格:煤炭:动力煤:周环比,Spot Price: Coal: Thermal Coal: WoW,周,%,当期环比,全国,中国,商务部,getEcoDataChina,2017-03-19,2026-08-02,1,149.0
801950,煤炭,1040015373,生产资料价格:煤炭:无烟煤:周环比,Spot Price: Coal: Anthracite: WoW,周,%,当期环比,全国,中国,商务部,getEcoDataChina,2017-03-19,2026-08-02,1,147.0
801950,煤炭,2020100004,产量:原煤(国有重点煤矿):当月值,Coal(State-Owned Key Coal Mines): Output,月,万吨,当期值,全国,中国,Datayes!,getEcoDataIndEnergy,2009-06-30,2026-06-30,1,145.0
801950,煤炭,2020100020,产量:原煤:当月值,Raw Coal: Output,月,万吨,当期值,全国,中国,国家统计局,getEcoDataIndEnergy,1989-01-31,2026-06-30,1,143.0
801950,煤炭,1020000171,出口交货值:煤炭开采和洗选业:当月同比,Export Delivery Value: Coal Mining And Washing Industry: Current YoY (Month),月,%,当期同比,全国,中国,国家统计局,getEcoDataChina,2007-02-28,2026-06-30,1,143.0
801950,煤炭,1020000130,出口交货值:煤炭开采和洗选业:当期值,Export Delivery Value: Coal Mining And Washing Industry: Current Value,月,亿元,当期值,全国,中国,国家统计局,getEcoDataChina,2007-02-28,2026-06-30,1,143.0
801950,煤炭,1020008190,工业企业:利润总额:煤炭开采和洗选业:累计值,Total Profit: Coal Mining and Dressing: Cumulative Value,月,亿元,累计值,全国,中国,国家统计局,getEcoDataChina,2000-02-29,2026-06-30,1,143.0
801950,煤炭,1020010169,工业企业:营业利润:煤炭开采和洗选业:累计值,Operating Profit: Coal Mining and Dressing: Cumulative Value,月,亿元,累计值,全国,中国,国家统计局,getEcoDataChina,2017-02-28,2026-06-30,1,143.0
801950,煤炭,1020000917,成本费用利润率:煤炭开采和洗选业,Profit-To-Cost Ratio: Coal Mining And Washing Industry,月,%,当期值,全国,中国,国家统计局,getEcoDataChina,2003-02-28,2026-06-30,1,143.0
801950,煤炭,1020000837,税前利润率:煤炭开采和洗选业,Pre-Tax Profit Margin: Coal Mining And Washing Industry,月,%,当期值,全国,中国,国家统计局,getEcoDataChina,2000-02-29,2026-06-30,1,143.0
801950,煤炭,2020200018,进口数量:煤及褐煤(煤炭):当月同比,Coal and Lignite: Imports Quantity: YoY,月,%,当期同比,全国,中国,海关总署,getEcoDataIndEnergy,2010-04-30,2026-06-30,1,143.0
801950,煤炭,2020200014,进口金额:煤及褐煤(煤炭):当月同比,Coal and Lignite: Imports Value: YoY,月,%,当期同比,全国,中国,海关总署,getEcoDataIndEnergy,2013-01-31,2026-06-30,1,143.0
801950,煤炭,2020004587,蒙西煤炭价格指数:焦煤,West Inner Mongolia Coal Price Index: Coking Coal,周,元/吨,当期值,蒙西,中国,内蒙古煤炭交易中心,getEcoDataIndEnergy,2015-07-17,2026-08-07,1,141.0
801950,煤炭,2020749327,CCI:动力煤价格指数:5000K,CCI: Thermal Coal Price Index: 5000K,日,元/吨,当期值,,中国,动力煤价格,getEcoDataIndEnergy,2015-08-11,2026-08-07,1,140.0
801950,煤炭,1020021161,利润总额:煤炭开采和洗选业:当季值,Total Profits: Coal Mining and Dressing: Current Value (Quarter),季,亿元,当期值,全国,中国,Datayes!,getEcoDataChina,2000-03-31,2026-06-30,1,139.0
801950,煤炭,1020021179,利润总额:石油、煤炭和其他燃料加工业:当季值,"Total Profits: Petroleum, Coal and Other Fuel Processing Industries: Current Value (Quarter)",季,亿元,当期值,全国,中国,Datayes!,getEcoDataChina,2000-03-31,2026-06-30,1,139.0
801950,煤炭,2020746426,炼焦煤库存:三港口合计,Coking coal inventory: total of three ports,周,万吨,当期值,,中国,Datayes!,getEcoDataIndEnergy,2011-07-08,2026-08-07,1,139.0
801950,煤炭,2020746424,炼焦煤库存:京唐港,Coking Coal Inventory: Jingtang Port,周,万吨,当期值,京唐港,中国,Datayes!,getEcoDataIndEnergy,2011-07-08,2026-08-07,1,139.0
801950,煤炭,2020746425,炼焦煤库存:六港口合计,Coking coal inventory: total of six ports,周,万吨,当期值,,中国,Datayes!,getEcoDataIndEnergy,2013-11-22,2026-08-07,1,139.0
801950,煤炭,2020746422,炼焦煤库存:日照港,Coking Coal Inventory: Rizhao Port,周,万吨,当期值,日照港,中国,Datayes!,getEcoDataIndEnergy,2011-07-08,2026-08-07,1,139.0
801950,煤炭,2020746421,炼焦煤库存:连云港,Coking Coal Inventory: Lianyungang,周,万吨,当期值,连云港,中国,Datayes!,getEcoDataIndEnergy,2011-07-08,2026-08-07,1,139.0
801950,煤炭,2020657632,现货交易平仓价:CCTD秦皇岛动力煤(Q4500),Exit Price(Spot): CCTD Steam Coal in Qinhuangdao (Q4500),周,元/吨,当期值,全国,中国,Datayes!,getEcoDataIndEnergy,2018-03-26,2026-08-07,1,139.0
801950,煤炭,2020657631,现货交易平仓价:CCTD秦皇岛动力煤(Q5000),Exit Price(Spot): CCTD Steam Coal in Qinhuangdao (Q5000),周,元/吨,当期值,全国,中国,Datayes!,getEcoDataIndEnergy,2018-03-26,2026-08-07,1,139.0
801950,煤炭,2020657627,综合交易价:CCTD秦皇岛动力煤(Q4500),Comprehensive Transaction Price: CCTD Steam Coal in Qinhuangdao (Q4500),周,元/吨,当期值,全国,中国,Datayes!,getEcoDataIndEnergy,2006-01-09,2026-08-07,1,139.0
801950,煤炭,2020657628,综合交易价:CCTD秦皇岛动力煤(Q5000),Comprehensive Transaction Price: CCTD Steam Coal in Qinhuangdao (Q5000),周,元/吨,当期值,全国,中国,Datayes!,getEcoDataIndEnergy,2006-01-09,2026-08-07,1,139.0
801950,煤炭,2020657629,综合交易价:CCTD秦皇岛动力煤(Q5500),Comprehensive Transaction Price: CCTD Steam Coal in Qinhuangdao (Q5500),周,元/吨,当期值,全国,中国,Datayes!,getEcoDataIndEnergy,1994-07-04,2026-08-07,1,139.0
801950,煤炭,2020004552,蒙东煤炭价格指数:褐煤,East Inner Mongolia Coal Price Index: Brown Coal,周,元/吨,当期值,蒙东,中国,内蒙古煤炭交易中心,getEcoDataIndEnergy,2015-07-17,2026-08-07,1,139.0
801950,煤炭,2020004566,蒙东煤炭价格指数:褐煤(Q3200):车板价:同比:呼伦贝尔,East Inner Mongolia Coal Price Index: Brown Coal (Q3200): Free on Truck Price: YoY: Hulunbeir,周,%,当期同比,呼伦贝尔市,中国,内蒙古煤炭交易中心,getEcoDataIndEnergy,2016-07-15,2026-08-07,1,139.0
801950,煤炭,2020004570,蒙东煤炭价格指数:褐煤(Q3200):车板价:同比:赤峰,East Inner Mongolia Coal Price Index: Brown Coal (Q3200): Free on Truck Price: YoY: Chifeng,周,%,当期同比,赤峰市,中国,内蒙古煤炭交易中心,getEcoDataIndEnergy,2016-07-15,2026-08-07,1,139.0
801950,煤炭,2020004562,蒙东煤炭价格指数:褐煤(Q3200):车板价:同比:通辽,East Inner Mongolia Coal Price Index: Brown Coal (Q3200): Free on Truck Price: YoY: Tongliao,周,%,当期同比,通辽市,中国,内蒙古煤炭交易中心,getEcoDataIndEnergy,2016-07-15,2026-08-07,1,139.0
801950,煤炭,2020004558,蒙东煤炭价格指数:褐煤(Q3200):车板价:同比:锡林郭勒,East Inner Mongolia Coal Price Index: Brown Coal (Q3200): Free on Truck Price: YoY: Xilingol,周,%,当期同比,锡林郭勒盟,中国,内蒙古煤炭交易中心,getEcoDataIndEnergy,2016-07-15,2026-08-07,1,139.0
801950,煤炭,2020004563,蒙东煤炭价格指数:褐煤(Q3200):车板价:呼伦贝尔,East Inner Mongolia Coal Price Index: Brown Coal (Q3200): Free on Truck Price: Hulunbeir,周,元/吨,当期值,呼伦贝尔市,中国,内蒙古煤炭交易中心,getEcoDataIndEnergy,2015-07-17,2026-08-07,1,139.0
801950,煤炭,2020004564,蒙东煤炭价格指数:褐煤(Q3200):车板价:环比:呼伦贝尔,East Inner Mongolia Coal Price Index: Brown Coal (Q3200): Free on Truck Price: MoM: Hulunbeir,周,%,当期环比,呼伦贝尔市,中国,内蒙古煤炭交易中心,getEcoDataIndEnergy,2015-07-24,2026-08-07,1,139.0
801950,煤炭,2020004568,蒙东煤炭价格指数:褐煤(Q3200):车板价:环比:赤峰,East Inner Mongolia Coal Price Index: Brown Coal (Q3200): Free on Truck Price: MoM: Chifeng,周,%,当期环比,赤峰市,中国,内蒙古煤炭交易中心,getEcoDataIndEnergy,2015-07-24,2026-08-07,1,139.0
801950,煤炭,2020004560,蒙东煤炭价格指数:褐煤(Q3200):车板价:环比:通辽,East Inner Mongolia Coal Price Index: Brown Coal (Q3200): Free on Truck Price: MoM: Tongliao,周,%,当期环比,通辽市,中国,内蒙古煤炭交易中心,getEcoDataIndEnergy,2015-07-24,2026-08-07,1,139.0
801950,煤炭,2020004556,蒙东煤炭价格指数:褐煤(Q3200):车板价:环比:锡林郭勒,East Inner Mongolia Coal Price Index: Brown Coal (Q3200): Free on Truck Price: MoM: Xilingol,周,%,当期环比,锡林郭勒盟,中国,内蒙古煤炭交易中心,getEcoDataIndEnergy,2015-07-24,2026-08-07,1,139.0
801950,煤炭,2020004565,蒙东煤炭价格指数:褐煤(Q3200):车板价:环比增减:呼伦贝尔,East Inner Mongolia Coal Price Index: Brown Coal (Q3200): Free on Truck Price: Net Change from Preceding Period: Hulunbeir,周,元/吨,环比增减,呼伦贝尔市,中国,内蒙古煤炭交易中心,getEcoDataIndEnergy,2015-07-24,2026-08-07,1,139.0
801950,煤炭,2020004569,蒙东煤炭价格指数:褐煤(Q3200):车板价:环比增减:赤峰,East Inner Mongolia Coal Price Index: Brown Coal (Q3200): Free on Truck Price: Net Change from Preceding Period: Chifeng,周,元/吨,环比增减,赤峰市,中国,内蒙古煤炭交易中心,getEcoDataIndEnergy,2015-07-24,2026-08-07,1,139.0
801950,煤炭,2020004561,蒙东煤炭价格指数:褐煤(Q3200):车板价:环比增减:通辽,East Inner Mongolia Coal Price Index: Brown Coal (Q3200): Free on Truck Price: Net Change from Preceding Period: Tongliao,周,元/吨,环比增减,通辽市,中国,内蒙古煤炭交易中心,getEcoDataIndEnergy,2015-07-24,2026-08-07,1,139.0
801950,煤炭,2020004557,蒙东煤炭价格指数:褐煤(Q3200):车板价:环比增减:锡林郭勒,East Inner Mongolia Coal Price Index: Brown Coal (Q3200): Free on Truck Price: Net Change from Preceding Period: Xilingol,周,元/吨,环比增减,锡林郭勒盟,中国,内蒙古煤炭交易中心,getEcoDataIndEnergy,2015-07-24,2026-08-07,1,139.0
801950,煤炭,2020004567,蒙东煤炭价格指数:褐煤(Q3200):车板价:赤峰,East Inner Mongolia Coal Price Index: Brown Coal (Q3200): Free on Truck Price: Chifeng,周,元/吨,当期值,赤峰市,中国,内蒙古煤炭交易中心,getEcoDataIndEnergy,2015-07-17,2026-08-07,1,139.0
801950,煤炭,1040024028,市场价:煤炭:焦炭(准一级冶金焦):当期值,,旬,元/吨,当期值,全国,中国,国家统计局,getEcoDataChina,2013-12-31,2026-07-31,1,137.0
801950,煤炭,1040024035,市场价:煤炭:焦炭(准一级冶金焦):涨跌幅,,旬,%,当期值,全国,中国,国家统计局,getEcoDataChina,2014-01-10,2026-07-31,1,137.0
801950,煤炭,2020000598,环渤海动力煤:综合平均价格(5500K),Bohai Coal: Average Price(5500K),周,元/吨,当期值,,中国,Datayes!,getEcoDataIndEnergy,2010-06-29,2026-08-05,1,137.0
801950,煤炭,2020000622,环渤海动力煤价格:京唐港(4500K),Price of Bohai Coal Prices: Jingtang Port(4500K),周,元/吨,当期值,,中国,Datayes!,getEcoDataIndEnergy,2011-02-16,2026-08-05,1,137.0
801950,煤炭,2020000616,环渤海动力煤价格:京唐港(5000K),Price of Bohai Coal Prices: Jingtang Port(5000K),周,元/吨,当期值,,中国,Datayes!,getEcoDataIndEnergy,2011-02-16,2026-08-05,1,137.0
801950,煤炭,2020000610,环渤海动力煤价格:京唐港(5500K),Price of Bohai Coal Prices: Jingtang Port(5500K),周,元/吨,当期值,,中国,Datayes!,getEcoDataIndEnergy,2011-02-16,2026-08-05,1,137.0
801950,煤炭,2020000604,环渤海动力煤价格:京唐港(5800K),Price of Bohai Coal Prices: Jingtang Port(5800K),周,元/吨,当期值,,中国,Datayes!,getEcoDataIndEnergy,2011-02-16,2026-08-05,1,137.0
801950,煤炭,2020000621,环渤海动力煤价格:国投京唐港(4500K),Price of Bohai Coal Prices: SDIC Jingtang Port(4500K),周,元/吨,当期值,,中国,Datayes!,getEcoDataIndEnergy,2011-08-10,2026-08-05,1,137.0
801950,煤炭,2020000615,环渤海动力煤价格:国投京唐港(5000K),Price of Bohai Coal Prices: SDIC Jingtang Port(5000K),周,元/吨,当期值,,中国,Datayes!,getEcoDataIndEnergy,2011-08-10,2026-08-05,1,137.0
801950,煤炭,2020000609,环渤海动力煤价格:国投京唐港(5500K),Price of Bohai Coal Prices: SDIC Jingtang Port(5500K),周,元/吨,当期值,,中国,Datayes!,getEcoDataIndEnergy,2011-08-10,2026-08-05,1,137.0
801950,煤炭,2020000603,环渤海动力煤价格:国投京唐港(5800K),Price of Bohai Coal Prices: SDIC Jingtang Port(5800K),周,元/吨,当期值,,中国,Datayes!,getEcoDataIndEnergy,2011-08-10,2026-08-05,1,137.0
801950,煤炭,2020101558,(全国)供热耗用原煤:累计值,(National) Heating Coal Consumption: YTD,月,万吨,累计值,全国,中国,中国电力企业联合会,getEcoDataIndEnergy,2009-07-31,2026-06-30,1,135.0
801950,煤炭,1040018839,PPI:煤炭加工业(上年同月=100),PPI: Processing of Coal (CYoY=100),月,上年同月=100,当期值,全国,中国,国家统计局,getEcoDataChina,2018-01-31,2026-06-30,1,135.0
801950,煤炭,1040000797,PPI:煤炭及炼焦工业(上年同月=100),PPI: Coal Industry (CYoY=100),月,上年同月=100,当期值,全国,中国,国家统计局,getEcoDataChina,1988-12-31,2026-06-30,1,135.0
801950,煤炭,1040000843,PPI:煤炭开采和洗选业(上年同月=100),PPI: Mining and Washing of Coal (CYoY=100),月,上年同月=100,当期值,全国,中国,国家统计局,getEcoDataChina,1996-10-31,2026-06-30,1,135.0
801950,煤炭,2020004594,焦煤:期货结算价(连续),Coking Coal: Futures Settlement Price (Continuous),日,元/吨,当期值,,中国,大连商品交易所,getEcoDataIndEnergy,2013-03-22,2026-08-07,1,132.0
801950,煤炭,2020746730,进出口数量:炼焦煤(27011210):当月值,Import And Export Quantity: Coking Coal (27011210): Current Month Value,月,千克,当期值,中国,中国,海关总署,getEcoDataIndEnergy,2015-01-31,2026-06-30,1,125.0
801950,煤炭,2020746727,进出口金额(美元):炼焦煤(27011210):当月值,Import And Export Value (USD): Coking Coal (27011210): Value Of The Month,月,美元,当期值,中国,中国,海关总署,getEcoDataIndEnergy,2015-01-31,2026-06-30,1,125.0
801950,煤炭,2020746728,贸易差额(美元):炼焦煤(27011210):当月值,Trade Balance (USD): Coking Coal (27011210): Current Month Value,月,美元,当期值,中国,中国,海关总署,getEcoDataIndEnergy,2015-01-31,2026-06-30,1,117.0
801950,煤炭,2020743983,出口均价(元/吨):炼焦煤(27011210):累计值,Average Export Price (CNY/Ton): Coking Coal (27011210): Cumulative Value,月,元/吨,累计值,,中国,海关总署,getEcoDataIndEnergy,2015-01-31,2026-06-30,1,115.0
801950,煤炭,2020743862,出口均价:炼焦煤(27011210):当月值,Average Export Price: Coking Coal (27011210): Current Month Value,月,元/吨,当期值,,中国,海关总署,getEcoDataIndEnergy,2015-01-31,2026-06-30,1,115.0
801950,煤炭,2020743990,出口数量(吨):炼焦煤(27011210):累计值,Export Amount (Ton): Coking Coal (27011210): Cumulative Value,月,吨,累计值,,中国,海关总署,getEcoDataIndEnergy,2015-01-31,2026-06-30,1,115.0
801950,煤炭,2020743869,出口数量:炼焦煤(27011210):当月值,Export Quantity: Coking Coal (27011210): Current Month Value,月,千克,当期值,,中国,海关总署,getEcoDataIndEnergy,2015-01-31,2026-06-30,1,115.0
801950,煤炭,2020743867,出口金额(人民币):炼焦煤(27011210):当月值,Export Value (CNY): Coking Coal (27011210): Current Month Value,月,元,当期值,,中国,海关总署,getEcoDataIndEnergy,2015-01-31,2026-06-30,1,115.0
801950,煤炭,2020743865,出口金额(美元):炼焦煤(27011210):当月值,Export Value (USD): Coking Coal (27011210): Current Month Value,月,美元,当期值,,中国,海关总署,getEcoDataIndEnergy,2015-01-31,2026-06-30,1,115.0
801960,石油石化,2030019741,中国塑料城价格指数:丙烯腈-丁二烯-苯乙烯共聚物(ABS),China Plastics City Price Index: Acrylonitrile-Butadiene-Styrene Copolymer (ABS),日,点,当期值,全国,中国,中塑在线,getEcoDataIndChemical,2010-01-04,2026-08-07,1,150.0
801960,石油石化,2030019742,中国塑料城价格指数:聚乙烯(PE),China Plastics City Price Index: Polyethylene (PE),日,点,当期值,全国,中国,中塑在线,getEcoDataIndChemical,2010-01-04,2026-08-07,1,150.0
801960,石油石化,1040024023,生产资料价格:成品油:0号柴油:周环比,,周,%,当期环比,全国,中国,商务部,getEcoDataChina,2016-01-01,2026-07-31,1,149.0
801960,石油石化,1040024022,生产资料价格:成品油:92号汽油:周环比,,周,%,当期环比,全国,中国,商务部,getEcoDataChina,2016-01-01,2026-07-31,1,149.0
801960,石油石化,1040024021,生产资料价格:成品油:95号汽油:周环比,,周,%,当期环比,全国,中国,商务部,getEcoDataChina,2016-01-01,2026-07-31,1,149.0
801960,石油石化,1040002009,国内期货价格:燃料油,Domestic Futures Prices: Fuel Oil,周,元/吨,当期值,全国,中国,商务部,getEcoDataChina,2005-01-07,2026-07-31,1,147.0
801960,石油石化,1040001962,国内现货价格:批发价:柴油(0#),Domestic Spot Price: Wholesale Price: Diesel 0 #,周,元/吨,当期值,全国,中国,商务部,getEcoDataChina,2008-06-15,2026-07-31,1,147.0
801960,石油石化,1040001968,国内现货价格:批发价:汽油(93#),Domestic Spot Price: Wholesale Price: Gasoline 93 #,周,元/吨,当期值,全国,中国,商务部,getEcoDataChina,2008-06-15,2026-07-31,1,147.0
801960,石油石化,1040001966,国内现货价格:批发价:汽油(97#),Domestic Spot Price: Wholesale Price: Gasoline 97 #,周,元/吨,当期值,全国,中国,商务部,getEcoDataChina,2008-06-15,2026-07-31,1,147.0
801960,石油石化,1040001963,国内现货价格:零售价:柴油(0#),Domestic Spot Price: Retail Price: Diesel 0 #,周,元/吨,当期值,全国,中国,商务部,getEcoDataChina,2003-06-15,2026-07-31,1,147.0
801960,石油石化,1040001969,国内现货价格:零售价:汽油(93#),Domestic Spot Price: Retail Price: Gasoline 93 #,周,元/吨,当期值,全国,中国,商务部,getEcoDataChina,2004-01-01,2026-07-31,1,147.0
801960,石油石化,1040001967,国内现货价格:零售价:汽油(97#),Domestic Spot Price: Retail Price: Gasoline 97 #,周,元/吨,当期值,全国,中国,商务部,getEcoDataChina,2004-01-01,2026-07-31,1,147.0
801960,石油石化,1040002016,国际期货价格:原油,International Futures Prices: Crude Oil,周,美元/桶,当期值,全国,中国,商务部,getEcoDataChina,2005-01-21,2026-07-31,1,147.0
801960,石油石化,1040002020,国际期货价格:天然气,International Futures Prices: Natural Gas,周,美元/百万英热,当期值,全国,中国,商务部,getEcoDataChina,2005-01-21,2026-07-31,1,147.0
801960,石油石化,1040002017,国际期货价格:燃料油,International Futures Prices: Fuel Oil,周,美分/加仑,当期值,全国,中国,商务部,getEcoDataChina,2005-01-21,2026-07-31,1,147.0
801960,石油石化,1040002018,国际期货价格:轻柴油,International Futures Prices: Light Diesel Oil,周,美元/吨,当期值,全国,中国,商务部,getEcoDataChina,2005-01-21,2026-07-31,1,147.0
801960,石油石化,1040002014,国际现货价格:原油(布),International Spot Price: Crude Oil (Cloth),周,美元/桶,当期值,全国,中国,商务部,getEcoDataChina,2005-01-21,2026-07-31,1,147.0
801960,石油石化,1040005215,国际现货价格:柴油,International Spot Price: Diesel,周,美元/桶,当期值,全国,中国,商务部,getEcoDataChina,2005-01-21,2026-07-31,1,147.0
801960,石油石化,1040005216,国际现货价格:汽油,International Spot Price: Gasoline,周,美元/桶,当期值,全国,中国,商务部,getEcoDataChina,2005-01-21,2026-07-31,1,147.0
801960,石油石化,2020102327,产量:液化石油气:当月值,Liquefied Petroleum Gas: Output,月,万吨,当期值,全国,中国,国家统计局,getEcoDataIndEnergy,2000-07-31,2026-06-30,1,145.0
801960,石油石化,1020000172,出口交货值:石油和天然气开采业:当月同比,Export Delivery Value: Oil And Gas Exploration Industry: Current YoY (Month),月,%,当期同比,全国,中国,国家统计局,getEcoDataChina,2007-02-28,2026-06-30,1,145.0
801960,石油石化,1020000131,出口交货值:石油和天然气开采业:当期值,Export Delivery Value: Oil And Gas Exploration Industry: Current Value,月,亿元,当期值,全国,中国,国家统计局,getEcoDataChina,2007-02-28,2026-06-30,1,145.0
801960,石油石化,2030763079,出口数量:石油原油及从沥青矿物提取的原油(2709):当月值,Export Quantity: Petroleum Crude Oil And Crude Oil Extracted From Bituminous Minerals (2709): Current Month Value,月,千克,当期值,中国,中国,海关总署,getEcoDataIndChemical,2015-01-31,2026-06-30,1,145.0
801960,石油石化,2030763072,出口金额(美元):石油原油及从沥青矿物提取的原油(2709):当月值,Export Value (USD): Petroleum Crude Oil And Crude Oil Extracted From Bituminous Minerals (2709): Current Month Value,月,美元,当期值,中国,中国,海关总署,getEcoDataIndChemical,2015-01-31,2026-06-30,1,145.0
801960,石油石化,2030763106,出口金额(美元):石油气及其他烃类气(2711):当月值,Export Value (USD): Petroleum Gas And Other Hydrocarbon Gas (2711): Current Month Value,月,美元,当期值,中国,中国,海关总署,getEcoDataIndChemical,2015-01-31,2026-06-30,1,145.0
801960,石油石化,1020008193,工业企业:利润总额:石油和天然气开采业:累计值,Total Profit: Oil and Gas Extraction Industry: Cumulative Value,月,亿元,累计值,全国,中国,国家统计局,getEcoDataChina,2000-02-29,2026-06-30,1,145.0
801960,石油石化,1020010170,工业企业:营业利润:石油和天然气开采业:累计值,Operating Profit: Oil and Gas Extraction Industry: Cumulative Value,月,亿元,累计值,全国,中国,国家统计局,getEcoDataChina,2017-02-28,2026-06-30,1,145.0
801960,石油石化,1020000918,成本费用利润率:石油和天然气开采业,Profit-To-Cost Ratio: Oil And Gas Exploration Industry,月,%,当期值,全国,中国,国家统计局,getEcoDataChina,2003-02-28,2026-06-30,1,145.0
801960,石油石化,2020102329,液化石油气:产量:当月同比,Liquefied Petroleum Gas: Production: YoY,月,%,当期同比,全国,中国,国家统计局,getEcoDataIndEnergy,2000-07-31,2026-06-30,1,145.0
801960,石油石化,1020000838,税前利润率:石油和天然气开采业,Pre-Tax Profit Margin: Oil And Gas Exploration Industry,月,%,当期值,全国,中国,国家统计局,getEcoDataChina,2000-02-29,2026-06-30,1,145.0
801960,石油石化,2020701274,美国:东海岸:精炼厂净产量:剩余燃料油,U.S. East Coast:Refiner and Blender:Net Production:Residual Fuel Oil,周,千桶/日,当期值,,美国,EIA,getEcoDataIndEnergy,1990-01-05,2026-07-31,1,145.0
801960,石油石化,2020701262,美国:东海岸:精炼厂净产量:常规汽油,U.S. East Coast:Refiner and Blender:Net Production:Conventional Motor Gasoline,周,千桶/日,当期值,,美国,EIA,getEcoDataIndEnergy,1994-01-07,2026-07-31,1,145.0
801960,石油石化,2020701266,美国:东海岸:精炼厂净产量:常规汽油:其他,U.S. East Coast:Refiner and Blender:Net Production:Other Finished Conventional Motor Gasoline,周,千桶/日,当期值,,美国,EIA,getEcoDataIndEnergy,2010-06-04,2026-07-31,1,145.0
801960,石油石化,2020701263,美国:东海岸:精炼厂净产量:常规汽油:燃料乙醇,U.S. East Coast:Refiner and Blender:Net Production:Finished Conventional Motor Gasoline with Ethanol,周,千桶/日,当期值,,美国,EIA,getEcoDataIndEnergy,2010-06-04,2026-07-31,1,145.0
801960,石油石化,2020701265,"美国:东海岸:精炼厂净产量:常规汽油:燃料乙醇,>55%","U.S. East Coast:Refiner and Blender:Net Production:Finished Conventional Motor Gasoline,>55%",周,千桶/日,当期值,,美国,EIA,getEcoDataIndEnergy,2010-06-04,2026-07-31,1,145.0
801960,石油石化,2020701264,"美国:东海岸:精炼厂净产量:常规汽油:燃料乙醇,≤55%","U.S. East Coast:Refiner and Blender:Net Production:Finished Conventional Motor Gasoline,≤55%",周,千桶/日,当期值,,美国,EIA,getEcoDataIndEnergy,2010-06-04,2026-07-31,1,145.0
801960,石油石化,2020701258,美国:东海岸:精炼厂净产量:成品汽油,U.S. East Coast:Refiner and Blender:Net Production:Finished Motor Gasoline,周,千桶/日,当期值,,美国,EIA,getEcoDataIndEnergy,1993-07-16,2026-07-31,1,145.0
801960,石油石化,2020701259,美国:东海岸:精炼厂净产量:新配方汽油,U.S. East Coast:Refiner and Blender:Net Production:Reformulated Motor Gasoline,周,千桶/日,当期值,,美国,EIA,getEcoDataIndEnergy,1993-07-16,2026-07-31,1,145.0
801960,石油石化,2020701261,美国:东海岸:精炼厂净产量:新配方汽油:其他,U.S. East Coast:Refiner and Blender:Net Production:Other Finished Reformulated Motor Gasoline,周,千桶/日,当期值,,美国,EIA,getEcoDataIndEnergy,2010-06-04,2026-07-31,1,145.0
801960,石油石化,2020701260,美国:东海岸:精炼厂净产量:新配方汽油:燃料乙醇,U.S. East Coast:Refiner and Blender:Net Production:Finished Reformulated Motor Gasoline with Ethanol,周,千桶/日,当期值,,美国,EIA,getEcoDataIndEnergy,2010-06-04,2026-07-31,1,145.0
801960,石油石化,2020701270,美国:东海岸:精炼厂净产量:馏分燃料油,U.S. East Coast:Refiner and Blender:Net Production:Distillate Fuel Oil,周,千桶/日,当期值,,美国,EIA,getEcoDataIndEnergy,1990-01-05,2026-07-31,1,145.0
801960,石油石化,2020701272,美国:东海岸:精炼厂净产量:馏分燃料油:含硫量15-500Ppm,"U.S. East Coast:Refiner and Blender:Net Production: Distillate Fuel Oil,Greater than 15 to 500 Ppm Sulfur",周,千桶/日,当期值,,美国,EIA,getEcoDataIndEnergy,1993-07-16,2026-07-31,1,145.0
801960,石油石化,2020701273,美国:东海岸:精炼厂净产量:馏分燃料油:含硫量>500Ppm,U.S. East Coast:Refiner and Blender:Net Production:Distillate Fuel Oil Greater than 500 Ppm Sulfur,周,千桶/日,当期值,,美国,EIA,getEcoDataIndEnergy,1993-07-16,2026-07-31,1,145.0
801960,石油石化,2020701271,美国:东海岸:精炼厂净产量:馏分燃料油:含硫量≤15Ppm,"U.S. East Coast:Refiner and Blender:Net Production:Distillate Fuel Oil,0 to 15 Ppm Sulfur",周,千桶/日,当期值,,美国,EIA,getEcoDataIndEnergy,2004-04-09,2026-07-31,1,145.0
801960,石油石化,2020701377,美国:中西部:精炼厂净产量:剩余燃料油,U.S. Midwest:Refiner and Blender:Net Production:Residual Fuel Oil,周,千桶/日,当期值,,美国,EIA,getEcoDataIndEnergy,1990-01-05,2026-07-31,1,145.0
801960,石油石化,2020701365,美国:中西部:精炼厂净产量:常规汽油,U.S. Midwest:Refiner and Blender:Net Production:Conventional Motor Gasoline,周,千桶/日,当期值,,美国,EIA,getEcoDataIndEnergy,1994-01-07,2026-07-31,1,145.0
801960,石油石化,2020701369,美国:中西部:精炼厂净产量:常规汽油:其他,U.S. Midwest:Refiner and Blender:Net Production:Other Finished Conventional Motor Gasoline,周,千桶/日,当期值,,美国,EIA,getEcoDataIndEnergy,2010-06-04,2026-07-31,1,145.0
801960,石油石化,2020701373,美国:中西部:精炼厂净产量:馏分燃料油,U.S. Midwest:Refiner and Blender:Net Production:Distillate Fuel Oil,周,千桶/日,当期值,,美国,EIA,getEcoDataIndEnergy,1990-01-05,2026-07-31,1,145.0
801960,石油石化,2020701375,美国:中西部:精炼厂净产量:馏分燃料油:含硫量15-500Ppm,"U.S. MidwestRefiner and Blender:Net Production:Distillate Fuel Oil,Greater than 15 to 500 Ppm Sulfur",周,千桶/日,当期值,,美国,EIA,getEcoDataIndEnergy,1993-07-16,2026-07-31,1,145.0
801960,石油石化,2020701376,美国:中西部:精炼厂净产量:馏分燃料油:含硫量>500Ppm,U.S. Midwest:Refiner and Blender:Net Production:Distillate Fuel Oil Greater than 500 Ppm Sulfur,周,千桶/日,当期值,,美国,EIA,getEcoDataIndEnergy,1993-07-16,2026-07-31,1,145.0
801960,石油石化,2020701374,美国:中西部:精炼厂净产量:馏分燃料油:含硫量≤15Ppm,"U.S. Midwest:Refiner and Blender:Net Production:Distillate Fuel Oil,0 to 15 Ppm Sulfur",周,千桶/日,当期值,,美国,EIA,getEcoDataIndEnergy,2004-04-09,2026-07-31,1,145.0
801960,石油石化,2020701459,美国:墨西哥湾沿岸:精炼厂净产量:剩余燃料油,U.S. Gulf Coast:Refiner and Blender:Net Production:Residual Fuel Oil,周,千桶/日,当期值,,美国,EIA,getEcoDataIndEnergy,1990-01-05,2026-07-31,1,145.0
801960,石油石化,2020701455,美国:墨西哥湾沿岸:精炼厂净产量:馏分燃料油,U.S. Gulf Coast:Refiner and Blender:Net Production:Distillate Fuel Oil,周,千桶/日,当期值,,美国,EIA,getEcoDataIndEnergy,1990-01-05,2026-07-31,1,145.0
801960,石油石化,2020701457,美国:墨西哥湾沿岸:精炼厂净产量:馏分燃料油:含硫量15-500Ppm,"U.S. Gulf Coast:Refiner and Blender:Net Production:Distillate Fuel Oil,Greater than 15 to 500 Ppm Sulfur",周,千桶/日,当期值,,美国,EIA,getEcoDataIndEnergy,1993-07-16,2026-07-31,1,145.0
801960,石油石化,2020701458,美国:墨西哥湾沿岸:精炼厂净产量:馏分燃料油:含硫量>500Ppm,U.S. Gulf Coast:Refiner and Blender:Net Production:Distillate Fuel Oil Greater than 500 Ppm Sulfur,周,千桶/日,当期值,,美国,EIA,getEcoDataIndEnergy,1993-07-16,2026-07-31,1,145.0
801960,石油石化,2030763081,进出口数量:石油原油及从沥青矿物提取的原油(2709):当月值,Import And Export Quantity: Petroleum Crude Oil And Crude Oil Extracted From Bituminous Minerals (2709): Current Month Value,月,千克,当期值,中国,中国,海关总署,getEcoDataIndChemical,2015-01-31,2026-06-30,1,145.0
801960,石油石化,2030763074,进出口金额(美元):石油原油及从沥青矿物提取的原油(2709):当月值,Import And Export Value (USD): Petroleum Crude Oil And Crude Oil Extracted From Bituminous Minerals (2709): Current Month Value,月,美元,当期值,中国,中国,海关总署,getEcoDataIndChemical,2015-01-31,2026-06-30,1,145.0
801960,石油石化,2030763108,进出口金额(美元):石油气及其他烃类气(2711):当月值,Import And Export Value (USD): Petroleum Gas And Other Hydrocarbon Gas (2711): Current Month Value,月,美元,当期值,中国,中国,海关总署,getEcoDataIndChemical,2015-01-31,2026-06-30,1,145.0
801960,石油石化,2030763080,进口数量:石油原油及从沥青矿物提取的原油(2709):当月值,Imported Quantity: Petroleum Crude Oil And Crude Oil Extracted From Bituminous Minerals (2709): Current Month Value,月,千克,当期值,中国,中国,海关总署,getEcoDataIndChemical,2015-01-31,2026-06-30,1,145.0
801960,石油石化,2030763073,进口金额(美元):石油原油及从沥青矿物提取的原油(2709):当月值,Import Value (USD): Petroleum Crude Oil And Crude Oil Extracted From Bituminous Minerals (2709): Current Month Value,月,美元,当期值,中国,中国,海关总署,getEcoDataIndChemical,2015-01-31,2026-06-30,1,145.0
801960,石油石化,2030763107,进口金额(美元):石油气及其他烃类气(2711):当月值,Import Value (USD): Lpg And Other Hydrocarbon Gas (2711): Current Month Value,月,美元,当期值,中国,中国,海关总署,getEcoDataIndChemical,2015-01-31,2026-06-30,1,145.0
801960,石油石化,2030100004,乙烯:产量:当月值,Ethylene: Output,月,万吨,当期值,全国,中国,国家统计局,getEcoDataIndChemical,1989-02-28,2026-06-30,1,143.0
801960,石油石化,1020001612,产量:原油:当月同比,Crude Oil: Output: YoY,月,%,当期同比,全国,中国,国家统计局,getEcoDataChina,1997-02-28,2026-06-30,1,143.0
801960,石油石化,1020001605,产量:原油加工量:当月值,Output: Crude Oil Processing Capacity,月,万吨,当期值,全国,中国,国家统计局,getEcoDataChina,1989-01-31,2026-06-30,1,143.0
801960,石油石化,1020001546,产量:天然原油:当月值,Output: Natural Oil,月,万吨,当期值,全国,中国,国家统计局,getEcoDataChina,1986-02-28,2026-06-30,1,143.0
801960,石油石化,1020001547,产量:天然气:当月值,Output: Natural Gas,月,亿立方米,当期值,全国,中国,国家统计局,getEcoDataChina,1986-02-28,2026-06-30,1,143.0
801960,石油石化,1020008647,产量:天然气:煤层气:当月值,Output: Natural Gas: Coalbed Methane (CBM): Current Value (Month),月,亿立方米,当期值,全国,中国,国家统计局,getEcoDataChina,2012-01-31,2026-06-30,1,143.0
801960,石油石化,2020100534,产量:柴油:当月值,Output: Diesel,月,万吨,当期值,全国,中国,国家统计局,getEcoDataIndEnergy,1989-02-28,2026-06-30,1,143.0
801960,石油石化,1020008648,产量:液化天然气:当月值,Output: LNG: Current Value (Month),月,万吨,当期值,全国,中国,国家统计局,getEcoDataChina,2012-01-31,2026-06-30,1,143.0
801960,石油石化,2020100566,产量:石油沥青:当月值,Petroleum Pitch: Output,月,万吨,当期值,全国,中国,国家统计局,getEcoDataIndEnergy,2000-07-31,2026-06-30,1,143.0
801960,石油石化,2020100562,产量:石油焦:当月值,Petroleum Coke: Output,月,万吨,当期值,全国,中国,国家统计局,getEcoDataIndEnergy,2008-01-31,2026-06-30,1,143.0
801960,石油石化,1020000190,出口交货值:石油加工、炼焦及核燃料加工业:当月同比,"Export Delivery Value: Petroleum Processing, Coking And Nuclear Fuel Processing: Current YoY (Month)",月,%,当期同比,全国,中国,国家统计局,getEcoDataChina,2007-02-28,2026-06-30,1,143.0
801960,石油石化,1020000149,出口交货值:石油加工、炼焦及核燃料加工业:当期值,"Export Delivery Value: Petroleum Processing, Coking And Nuclear Fuel Processing: Current Value",月,亿元,当期值,全国,中国,国家统计局,getEcoDataChina,2007-02-28,2026-06-30,1,143.0
801960,石油石化,2030785844,出口数量:生物柴油及其混合物(3826):当月值,Export Quantity: Biodiesel And Its Mixtures(3826): Current Month Value,月,千克,当期值,中国,中国,海关总署,getEcoDataIndChemical,2015-01-31,2026-06-30,1,143.0
801960,石油石化,2030785121,出口金额(美元):初级形状的乙烯聚合物(3901):当月值,Export Value (USD): Ethylene Polymer In Primary Shape(3901): Current Month Value,月,美元,当期值,中国,中国,海关总署,getEcoDataIndChemical,2015-01-31,2026-06-30,1,143.0
801960,石油石化,2030785177,出口金额(美元):初级形状的乙酸乙烯酯或其他乙烯酯聚合物(3905):当月值,Export Value (USD): Vinyl Acetate Or Other Vinyl Ester Polymers In Primary Form(3905): Current Month Value,月,美元,当期值,中国,中国,海关总署,getEcoDataIndChemical,2015-01-31,2026-06-30,1,143.0
801960,石油石化,2030785163,出口金额(美元):初级形状的氯乙烯或其他卤化烯烃聚合物(3904):当月值,Export Value (USD): Vinyl Chloride Or Other Halogenated Olefin Polymers In Primary Form(3904): Current Month Value,月,美元,当期值,中国,中国,海关总署,getEcoDataIndChemical,2015-01-31,2026-06-30,1,143.0
801960,石油石化,2030785247,出口金额(美元):初级形状的石油树脂、苯并呋喃-茚树脂等(3911):当月值,"Export Value (USD): Petroleum Resin In Primary Shape, Benzofuran Indene Resin, Etc(3911): Current Month Value",月,美元,当期值,中国,中国,海关总署,getEcoDataIndChemical,2015-01-31,2026-06-30,1,143.0
801960,石油石化,2030785149,出口金额(美元):初级形状的苯乙烯聚合物(3903):当月值,Export Value (USD): Styrene Polymer In Primary Shape(3903): Current Month Value,月,美元,当期值,中国,中国,海关总署,getEcoDataIndChemical,2015-01-31,2026-06-30,1,143.0
801960,石油石化,2030785837,出口金额(美元):生物柴油及其混合物(3826):当月值,Export Value (USD): Biodiesel And Its Mixtures(3826): Current Month Value,月,美元,当期值,中国,中国,海关总署,getEcoDataIndChemical,2015-01-31,2026-06-30,1,143.0
