industry_code,industry_name,uqer_indic_id,uqer_name,name_en,frequency,unit,stat_type,region,country,source,api,begin_date,end_date,is_update,memo_cn,user_approval,user_notes
801010,农林牧渔,2010001041,食用农产品价格指数:周环比,Price Index of Edible Farm Products(WoW),周,%,当期环比,,中国,商务部,getEcoDataIndAgricultural,2016-10-07,2026-07-31,1,选择八大类食用农产品:粮食、食用油、肉类、禽类、蛋类、蔬菜、水产品、水果。价格数据以商务部生活必需品市场监测系统所监测数据为准、系统现有商务部监测样本企业360家、包括农副产品批发市场和大型超市、覆盖全国36个大中城市。,,
801010,农林牧渔,1040001666,农产品生产价格指数:农业产品:粮食:谷物:玉米(上年同期=100),Indices of Producers' Prices for Farm Products: Planting Products: Food: Cereals: Corn (CPPY=100),季,上年同期=100,当期值,全国,中国,国家统计局,getEcoDataChina,2003-03-31,2026-06-30,1,,,
801010,农林牧渔,1040001668,农产品生产价格指数:农业产品:粮食:豆类:大豆(上年同期=100),Indices of Producers' Prices for Farm Products: Planting Products: Food: Beans: Soy (CPPY=100),季,上年同期=100,当期值,全国,中国,国家统计局,getEcoDataChina,2003-03-31,2026-06-30,1,,,
801010,农林牧渔,2010101472,全国:生猪存栏:环比,National: Live Pigs: MoM,月,%,当期环比,,中国,中国农业农村部,getEcoDataIndAgricultural,2009-01-31,2026-06-30,1,监测范围:4000个监测点的生猪存栏信息、按照《缓解生猪市场价格周期性波动预案》要求、农业部从2012年4月起按月发布动态监测点生猪存栏量、能繁母猪存栏量变化率数据。,,
801010,农林牧渔,2010001043,食用农产品价格指数:粮食类:小包装面粉:周环比,Edible Farm Product Price Index(WoW): Cereal: Flour(Small Package),周,%,当期环比,,中国,商务部,getEcoDataIndAgricultural,2013-12-20,2026-07-31,1,,,
801010,农林牧渔,2010001044,食用农产品价格指数:粮食类:小包装大米:周环比,Edible Farm Product Price Index(WoW): Cereal: Rice(Small Package),周,%,当期环比,,中国,商务部,getEcoDataIndAgricultural,2013-12-20,2026-07-31,1,,,
801010,农林牧渔,2010001050,食用农产品价格指数:肉类:猪肉:周环比,Edible Farm Product Price Index(WoW): Meat: Pork,周,%,当期环比,,中国,商务部,getEcoDataIndAgricultural,2004-01-09,2026-07-31,1,,,
801010,农林牧渔,2010001054,食用农产品价格指数:蛋类:鸡蛋:周环比,Edible Farm Product Price Index(WoW): Eggs,周,%,当期环比,,中国,商务部,getEcoDataIndAgricultural,2007-08-03,2026-07-31,1,,,
801010,农林牧渔,2010730823,北京市农产品批发环比价格指数:涨跌幅:鸡蛋,Beijing Agricultural Products Wholesale MoM Price Index: Change: Eggs,周,%,当期环比,北京市,中国,发改委,getEcoDataIndAgricultural,2016-06-03,2026-07-31,1,,,
801010,农林牧渔,2010730825,北京市农产品批发环比价格指数:涨跌幅:猪肉,Beijing Agricultural Products Wholesale MoM Price Index: Change: Pork,周,%,当期环比,北京市,中国,发改委,getEcoDataIndAgricultural,2016-06-17,2026-07-31,1,,,
801010,农林牧渔,2010730827,北京市农产品批发环比价格指数:涨跌幅:水产品,Beijing Agricultural Products Wholesale MoM Price Index: Change: Aquatic Products,周,%,当期环比,北京市,中国,发改委,getEcoDataIndAgricultural,2016-06-03,2026-07-31,1,,,
801010,农林牧渔,2010730828,北京市农产品批发环比价格指数:涨跌幅:粮食,Beijing Agricultural Products Wholesale MoM Price Index: Change: Grain,周,%,当期环比,北京市,中国,发改委,getEcoDataIndAgricultural,2016-06-03,2026-07-31,1,,,
801010,农林牧渔,2010730832,北京市农产品批发同比价格指数:涨跌幅:鸡蛋,Beijing Agricultural Products Wholesale YoY Price Index: Change: Eggs,周,%,当期同比,北京市,中国,发改委,getEcoDataIndAgricultural,2016-06-03,2026-07-31,1,,,
801010,农林牧渔,2010730836,北京市农产品批发同比价格指数:涨跌幅:水产品,Beijing Agricultural Products Wholesale YoY Price Index: Change: Aquatic Products,周,%,当期同比,北京市,中国,发改委,getEcoDataIndAgricultural,2016-06-03,2026-07-31,1,,,
801010,农林牧渔,2010730837,北京市农产品批发同比价格指数:涨跌幅:粮食,Beijing Agricultural Products Wholesale YoY Price Index: Change: Grain,周,%,当期同比,北京市,中国,发改委,getEcoDataIndAgricultural,2016-06-03,2026-07-31,1,,,
801010,农林牧渔,2010731001,北京市农产品批发同比价格指数:涨跌幅:猪肉,Beijing Agricultural Products Wholesale YoY Price Index: Change: Pork,周,%,当期同比,北京市,中国,发改委,getEcoDataIndAgricultural,2016-06-03,2026-07-31,1,,,
801010,农林牧渔,2010001225,农产品集贸市场价格指数:玉米:当月同比,Price Index of Farm Products Market: Corn,月,上年同月=100,当期同比,,中国,商务部,getEcoDataIndAgricultural,2002-09-30,2026-06-30,1,更新规律:每月25日左右更新上月数据,,
801010,农林牧渔,2010001226,农产品集贸市场价格指数:大豆:当月同比,Price Index of Farm Products Market: Soybean,月,上年同月=100,当期同比,,中国,商务部,getEcoDataIndAgricultural,2002-09-30,2026-06-30,1,更新规律:每月25日左右更新上月数据,,
801010,农林牧渔,2010001230,农产品集贸市场价格指数:棉花(籽棉):当月同比,Price Index of Farm Products Market: Cotton(Seed),月,上年同月=100,当期同比,,中国,商务部,getEcoDataIndAgricultural,2003-01-31,2026-06-30,1,更新规律:每月25日左右更新上月数据,,
801010,农林牧渔,2010001237,农产品集贸市场价格指数:仔猪:当月同比,Price Index of Farm Products Market: Piglets,月,上年同月=100,当期同比,,中国,商务部,getEcoDataIndAgricultural,2002-09-30,2026-06-30,1,更新规律:每月25日左右更新上月数据,,
801010,农林牧渔,2010001238,农产品集贸市场价格指数:猪肉:当月同比,Price Index of Farm Products Market: Pork,月,上年同月=100,当期同比,,中国,商务部,getEcoDataIndAgricultural,2002-09-30,2026-06-30,1,更新规律:每月25日左右更新上月数据,,
801010,农林牧渔,2010001241,农产品集贸市场价格指数:鸡蛋:当月同比,Price Index of Farm Products Market: Egg,月,上年同月=100,当期同比,,中国,商务部,getEcoDataIndAgricultural,2002-09-30,2026-06-30,1,更新规律:每月25日左右更新上月数据,,
801010,农林牧渔,2010001245,农产品集贸市场价格指数:玉米:累计值,Price Index of Farm Products Market: Corn: YTD,月,上年同期=100,累计值,,中国,商务部,getEcoDataIndAgricultural,2002-09-30,2026-06-30,1,更新规律:每月25日左右更新上月数据,,
801010,农林牧渔,2010001246,农产品集贸市场价格指数:大豆:累计值,Price Index of Farm Products Market: Soybean: YTD,月,上年同期=100,累计值,,中国,商务部,getEcoDataIndAgricultural,2002-09-30,2026-06-30,1,更新规律:每月25日左右更新上月数据,,
801010,农林牧渔,2010001250,农产品集贸市场价格指数:棉花(籽棉):累计值,Price Index of Farm Products Market: Cotton(Seed): YTD,月,上年同期=100,累计值,,中国,商务部,getEcoDataIndAgricultural,2003-02-28,2026-06-30,1,更新规律:每月25日左右更新上月数据,,
801010,农林牧渔,2010001257,农产品集贸市场价格指数:仔猪:累计值,Price Index of Farm Products Market: Piglets: YTD,月,上年同期=100,累计值,,中国,商务部,getEcoDataIndAgricultural,2002-09-30,2026-06-30,1,更新规律:每月25日左右更新上月数据,,
801010,农林牧渔,2010001258,农产品集贸市场价格指数:猪肉:累计值,Price Index of Farm Products Market: Pork: YTD,月,上年同期=100,累计值,,中国,商务部,getEcoDataIndAgricultural,2002-09-30,2026-06-30,1,更新规律:每月25日左右更新上月数据,,
801010,农林牧渔,2010001261,农产品集贸市场价格指数:鸡蛋:累计值,Price Index of Farm Products Market: Eggs: YTD,月,上年同期=100,累计值,,中国,商务部,getEcoDataIndAgricultural,2002-09-30,2026-06-30,1,更新规律:每月25日左右更新上月数据,,
801010,农林牧渔,2010001265,农产品集贸市场价格指数:玉米:当月值,Price Index of Farm Products Market: Corn,月,上月=100,当期值,,中国,商务部,getEcoDataIndAgricultural,2002-09-30,2026-06-30,1,更新规律:每月25日左右更新上月数据,,
801010,农林牧渔,2010001266,农产品集贸市场价格指数:大豆:当月值,Price Index of Farm Products Market: Soybean,月,上月=100,当期值,,中国,商务部,getEcoDataIndAgricultural,2002-09-30,2026-06-30,1,更新规律:每月25日左右更新上月数据,,
801030,基础化工,3090000795,印度:WPI:工业制品:化工产品:初级合成塑料及橡胶:聚丙烯(PP),India: WPI: Chemicals and Chemical Products: Plastic and Synthetic Rubber In Primary Form: Poly Propylene (Pp),月,2011年4月-2012年3月=100,当期值,印度,印度,印度商工部,getEcoDataGlobeRest,2012-04-30,2026-04-30,1,,,
801030,基础化工,3090000796,印度:WPI:工业制品:化工产品:初级合成塑料及橡胶:聚氯乙烯(PVC),India: WPI: Chemicals and Chemical Products: Plastic and Synthetic Rubber In Primary Form: Poly Vinyl Chloride (Pvc),月,2011年4月-2012年3月=100,当期值,印度,印度,印度商工部,getEcoDataGlobeRest,2012-04-30,2026-04-30,1,,,
801030,基础化工,3090000797,印度:WPI:工业制品:化工产品:初级合成塑料及橡胶:聚乙烯,India: WPI: Chemicals and Chemical Products: Plastic and Synthetic Rubber In Primary Form: Polyethylene,月,2011年4月-2012年3月=100,当期值,印度,印度,印度商工部,getEcoDataGlobeRest,2012-04-30,2026-04-30,1,,,
801030,基础化工,3090000800,印度:WPI:工业制品:化工产品:初级合成塑料及橡胶:交联聚乙烯,India: WPI: Chemicals and Chemical Products: Plastic and Synthetic Rubber In Primary Form: Xlpe Compound,月,2011年4月-2012年3月=100,当期值,印度,印度,印度商工部,getEcoDataGlobeRest,2012-04-30,2026-04-30,1,,,
801030,基础化工,1040015380,生产资料价格:化肥:尿素:周环比,Spot Price: Chemical Fertilizer: Urea: WoW,周,%,当期环比,全国,中国,商务部,getEcoDataChina,2017-03-19,2026-08-02,1,,,
801030,基础化工,1040005400,生产资料价格:化工产品:高压聚乙烯:薄膜级:当月值,Price of Means of Production: Chemical Products: High-pressure Polyethylene: Film Grade: Current,月,元/吨,当期值,全国,中国,发改委,getEcoDataChina,2015-05-31,2026-06-30,1,,,
801030,基础化工,1040005401,生产资料价格:化工产品:高压聚乙烯:薄膜级:环比,Price of Means of Production: Chemical Products: High-pressure Polyethylene: Film Grade: MoM,月,%,当期环比,全国,中国,发改委,getEcoDataChina,2015-05-31,2026-06-30,1,,,
801030,基础化工,1040005402,生产资料价格:化工产品:高压聚乙烯:薄膜级:当月同比,Price of Means of Production: Chemical Products: High-Pressure Polyethylene: Film Grade: Month YoY,月,%,当期同比,全国,中国,发改委,getEcoDataChina,2015-05-31,2026-06-30,1,,,
801030,基础化工,1040005403,生产资料价格:化工产品:合成橡胶:顺丁胶:当月值,Price of Means of Production: Chemical Products: Synthetic Rubbers: BR: Current,月,元/吨,当期值,全国,中国,发改委,getEcoDataChina,2015-05-31,2026-06-30,1,,,
801030,基础化工,1040005404,生产资料价格:化工产品:合成橡胶:顺丁胶:环比,Price of Means of Production: Chemical Products: Synthetic Rubbers: BR: MoM,月,%,当期环比,全国,中国,发改委,getEcoDataChina,2015-05-31,2026-06-30,1,,,
801030,基础化工,1040005405,生产资料价格:化工产品:合成橡胶:顺丁胶:当月同比,Price of Means of Production: Chemical Products: Synthetic Rubbers: Br: Month YoY,月,%,当期同比,全国,中国,发改委,getEcoDataChina,2015-05-31,2026-06-30,1,,,
801030,基础化工,1040005409,生产资料价格:化工产品:聚丙烯:拉丝:当月值,Price of Means of Production: Chemical Products: Polypropylene: Drawing: Current,月,元/吨,当期值,全国,中国,发改委,getEcoDataChina,2015-05-31,2026-06-30,1,,,
801030,基础化工,1040005410,生产资料价格:化工产品:聚丙烯:拉丝:环比,Price of Means of Production: Chemical Products: Polypropylene: Drawing: MoM,月,%,当期环比,全国,中国,发改委,getEcoDataChina,2015-05-31,2026-06-30,1,,,
801030,基础化工,1040005411,生产资料价格:化工产品:聚丙烯:拉丝:当月同比,Price of Means of Production: Chemical Products: Polypropylene: Drawing: Month YoY,月,%,当期同比,全国,中国,发改委,getEcoDataChina,2015-05-31,2026-06-30,1,,,
801030,基础化工,1040005412,生产资料价格:化工产品:聚氯乙烯:电石法生产:当月值,Price of Means of Production: Chemical Products: PVC: Calcium Carbide Production: Current,月,元/吨,当期值,全国,中国,发改委,getEcoDataChina,2015-05-31,2026-06-30,1,,,
801030,基础化工,1040005413,生产资料价格:化工产品:聚氯乙烯:电石法生产:环比,Price of Means of Production: Chemical Products: PVC: Calcium Carbide Production: MoM,月,%,当期环比,全国,中国,发改委,getEcoDataChina,2015-05-31,2026-06-30,1,,,
801030,基础化工,1040005414,生产资料价格:化工产品:聚氯乙烯:电石法生产:当月同比,Price of Means of Production: Chemical Products: Pvc: Calcium Carbide Production: Month YoY,月,%,当期同比,全国,中国,发改委,getEcoDataChina,2015-05-31,2026-06-30,1,,,
801030,基础化工,1040005421,生产资料价格:化工产品:烧碱:液碱(离子膜法)含量≥30%:当月值,Price of Means of Production: Chemical Products: Caustic Soda: Caustic Soda Liquid (Ion-exchange Membrane Process) Content of ≥30%: Current,月,元/吨,当期值,全国,中国,发改委,getEcoDataChina,2015-05-31,2026-06-30,1,,,
801030,基础化工,1040005422,生产资料价格:化工产品:烧碱:液碱(离子膜法)含量≥30%:环比,Price of Means of Production: Chemical Products: Caustic Soda: Caustic Soda Liquid (Ion-exchange Membrane Process) Content of ≥30%: MoM,月,%,当期环比,全国,中国,发改委,getEcoDataChina,2015-05-31,2026-06-30,1,,,
801030,基础化工,1040005423,生产资料价格:化工产品:烧碱:液碱(离子膜法)含量≥30%:当月同比,Price of Means of Production: Chemical Products: Caustic Soda: Caustic Soda Liquid (Ion-Exchange Membrane Process) Content of ≥30%: Month YoY,月,%,当期同比,全国,中国,发改委,getEcoDataChina,2015-05-31,2026-06-30,1,,,
801030,基础化工,1040005424,"生产资料价格:化工产品:天然橡胶:国产1#标胶,全乳胶:当月值","Price of Means of Production: Chemical Products: Natural Rubber: Domestic 1# Standard Rubber, Latex: Current",月,元/吨,当期值,全国,中国,发改委,getEcoDataChina,2015-05-31,2026-06-30,1,,,
801030,基础化工,1040005425,"生产资料价格:化工产品:天然橡胶:国产1#标胶,全乳胶:环比","Price of Means of Production: Chemical Products: Natural Rubber: Domestic 1# Standard Rubber, Latex: MoM",月,%,当期环比,全国,中国,发改委,getEcoDataChina,2015-05-31,2026-06-30,1,,,
801030,基础化工,1040005426,"生产资料价格:化工产品:天然橡胶:国产1#标胶,全乳胶:当月同比","Price of Means of Production: Chemical Products: Natural Rubber: Domestic 1# Standard Rubber, Latex: Month YoY",月,%,当期同比,全国,中国,发改委,getEcoDataChina,2015-05-31,2026-06-30,1,,,
801030,基础化工,1040005427,生产资料价格:化工产品:线性低压聚乙烯:注塑级:当月值,Price of Means of Production: Chemical Products: Linear Low-pressure Polyethylene: Injection Molding Grade: Current,月,元/吨,当期值,全国,中国,发改委,getEcoDataChina,2015-05-31,2026-06-30,1,,,
801030,基础化工,1040005428,生产资料价格:化工产品:线性低压聚乙烯:注塑级:环比,Price of Means of Production: Chemical Products: Linear Low-pressure Polyethylene: Injection Molding Grade: MoM,月,%,当期环比,全国,中国,发改委,getEcoDataChina,2015-05-31,2026-06-30,1,,,
801030,基础化工,1040005429,生产资料价格:化工产品:线性低压聚乙烯:注塑级:当月同比,Price of Means of Production: Chemical Products: Linear Low-Pressure Polyethylene: Injection Molding Grade: Month YoY,月,%,当期同比,全国,中国,发改委,getEcoDataChina,2015-05-31,2026-06-30,1,,,
801030,基础化工,2030101693,合成纤维:产量:当月值,Synthetic Fiber: Output,月,万吨,当期值,,中国,国家统计局,getEcoDataIndChemical,1989-01-31,2026-06-30,1,合成纤维包括:纤维单体和合成纤维聚合物。合成纤维单体:精对苯二甲酸、对苯二甲酸二甲酯、丙烯腈、乙二醇、己内酰胺、尼龙66盐等;合成纤维聚合物:聚酯、聚乙烯醇、聚酰胺、其他合成纤维聚合物。统计局统计的是所有这类产品的产量、并不是某一个具体产品。,,
801030,基础化工,2030200126,MEG(乙二醇):进口金额:当月同比,MEG(Ethylene Glycol): Imports Value: YoY,月,%,当期同比,,中国,海关总署,getEcoDataIndChemical,1999-01-31,2026-06-30,1,,,
801030,基础化工,2030200130,MEG(乙二醇):进口数量:当月同比,MEG(Ethylene Glycol): Imports Quantity: YoY,月,%,当期同比,,中国,海关总署,getEcoDataIndChemical,1999-01-31,2026-06-30,1,,,
801030,基础化工,2030728773,三友化工:产量:PVC:当季值,,季,吨,当期值,,中国,上市公司公告,getEcoDataIndChemical,2017-03-31,2026-03-31,1,,,
801040,钢铁,1040005361,"生产资料价格:钢材:不锈钢板:2.0,304/2B冷轧:当月值","Price of Means of Production: Steel: Stainless Steel Plate: 2.0,304/2B Cold Rolled:Current",月,元/吨,当期值,全国,中国,发改委,getEcoDataChina,2015-05-31,2026-06-30,1,,,
801040,钢铁,1040005362,"生产资料价格:钢材:不锈钢板:2.0,304/2B冷轧:环比","Price of Means of Production: Steel: Stainless Steel Plate: 2.0,304/2B Cold Rolled: MoM",月,%,当期环比,全国,中国,发改委,getEcoDataChina,2015-05-31,2026-06-30,1,,,
801040,钢铁,1040005363,"生产资料价格:钢材:不锈钢板:2.0,304/2B冷轧:当月同比","Price of Means of Production: Steel: Stainless Steel Plate: 2.0,304/2B Cold Rolled: Month YoY",月,%,当期同比,全国,中国,发改委,getEcoDataChina,2015-05-31,2026-06-30,1,,,
801040,钢铁,1040005382,"生产资料价格:钢材:热轧中厚板:20,Q235:当月值","Price of Means of Production: Steel: Hot Rolled Plate: 20, Q235: Current",月,元/吨,当期值,全国,中国,发改委,getEcoDataChina,2015-05-31,2026-06-30,1,,,
801040,钢铁,1040005383,"生产资料价格:钢材:热轧中厚板:20,Q235:环比","Price of Means of Production: Steel: Hot Rolled Plate: 20, Q235: MoM",月,%,当期环比,全国,中国,发改委,getEcoDataChina,2015-05-31,2026-06-30,1,,,
801040,钢铁,1040005384,"生产资料价格:钢材:热轧中厚板:20,Q235:当月同比","Price of Means of Production: Steel: Hot Rolled Plate: 20, Q235: Month YoY",月,%,当期同比,全国,中国,发改委,getEcoDataChina,2015-05-31,2026-06-30,1,,,
801040,钢铁,1040015368,生产资料价格:钢材:螺纹钢:周环比,Spot Price: Steel: Rebar: WoW,周,%,当期环比,全国,中国,商务部,getEcoDataChina,2017-03-19,2026-08-02,1,,,
801040,钢铁,1040015369,生产资料价格:钢材:高速线材:周环比,Spot Price: Steel: High-Speed Wire Rod: WoW,周,%,当期环比,全国,中国,商务部,getEcoDataChina,2017-03-19,2026-07-19,1,,,
801040,钢铁,1040024020,生产资料价格:钢材:热轧带钢:周环比,,周,%,当期环比,全国,中国,商务部,getEcoDataChina,2014-07-18,2026-07-31,1,,,
801040,钢铁,2040000199,国内钢铁现货价格(商务部):普通高速线材φ6.5mm,Price of Rolled Steel: Ordinary High-speed Wire φ6.5mm,周,元/吨,当期值,,中国,商务部,getEcoDataIndSteel,2003-07-01,2026-07-31,1,,,
801040,钢铁,2040000201,国内钢铁现货价格(商务部):螺纹钢φ25mm,Price of Rolled Steel: Rebar φ25mm,周,元/吨,当期值,,中国,商务部,getEcoDataIndSteel,2003-07-01,2026-07-31,1,,,
801040,钢铁,2040000209,国内钢铁现货价格(商务部):热轧钢带180*2.5,Price of Rolled Steel: Hot rolled strip 180 * 2.5,周,元/吨,当期值,,中国,商务部,getEcoDataIndSteel,2006-07-01,2026-07-31,1,,,
801040,钢铁,2040000218,钢材综合价格指数(CSPI):螺纹钢:Φ12-25,Composite Price Index of Rolled Steel: Rebar: Φ12-25,周,1994年4月=100,当期值,,中国,中国钢铁工业协会,getEcoDataIndSteel,2003-11-28,2026-08-07,1,,,
801040,钢铁,2040000222,钢材综合价格指数(CSPI):中厚板:20,Composite Price Index of Rolled Steel: Plate: 20,周,1994年4月=100,当期值,,中国,中国钢铁工业协会,getEcoDataIndSteel,2010-09-30,2026-08-07,1,,,
801040,钢铁,2040000223,钢材综合价格指数(CSPI):冷轧薄板:1,Composite Price Index of Rolled Steel: Cold-Rolled Sheet: 1,周,1994年4月=100,当期值,,中国,中国钢铁工业协会,getEcoDataIndSteel,2010-09-30,2026-08-07,1,,,
801040,钢铁,2040000225,钢材综合价格指数(CSPI):热轧卷板:3,Composite Price Index of Rolled Steel: Hot-rolled Rolling Plate: 3,周,1994年4月=100,当期值,,中国,中国钢铁工业协会,getEcoDataIndSteel,2003-11-28,2026-08-07,1,自2011-8-19起、热轧卷板公布规格调整为3毫米。,,
801040,钢铁,1040005370,生产资料价格:钢材:冷轧卷板:1mm:当月值,Price of Means of Production: Steel: Cold Rolled Coil: 1mm: Current,月,元/吨,当期值,全国,中国,发改委,getEcoDataChina,2015-05-31,2026-06-30,1,,,
801040,钢铁,1040005371,生产资料价格:钢材:冷轧卷板:1mm:环比,Price of Means of Production: Steel: Cold Rolled Coil: 1mm: MoM,月,%,当期环比,全国,中国,发改委,getEcoDataChina,2015-05-31,2026-06-30,1,,,
801040,钢铁,1040005372,生产资料价格:钢材:冷轧卷板:1mm:当月同比,Price of Means of Production: Steel: Cold Rolled Coil: 1mm: Month YoY,月,%,当期同比,全国,中国,发改委,getEcoDataChina,2015-05-31,2026-06-30,1,,,
801040,钢铁,1040005373,生产资料价格:钢材:螺纹钢:Φ12mmHRB400E:当月值,Price of Means of Production: Steel: Rebar: Φ12mmHRB400E: Current,月,元/吨,当期值,全国,中国,发改委,getEcoDataChina,2015-05-31,2026-06-30,1,,,
801040,钢铁,1040005374,生产资料价格:钢材:螺纹钢:Φ12mmHRB400E:环比,Price of Means of Production: Steel: Rebar: Φ12mmHRB400E: MoM,月,%,当期环比,全国,中国,发改委,getEcoDataChina,2015-05-31,2026-06-30,1,,,
801040,钢铁,1040005375,生产资料价格:钢材:螺纹钢:Φ12mmHRB400E:当月同比,Price of Means of Production: Steel: Rebar: Φ12mmHRB400E: Month YoY,月,%,当期同比,全国,中国,发改委,getEcoDataChina,2015-05-31,2026-06-30,1,,,
801040,钢铁,1040005376,生产资料价格:钢材:螺纹钢:Φ20mmHRB400E:当月值,Price of Means of Production: Steel: Rebar: Φ20mmHRB400E: Current,月,元/吨,当期值,全国,中国,发改委,getEcoDataChina,2015-05-31,2026-06-30,1,,,
801040,钢铁,1040005378,生产资料价格:钢材:螺纹钢:Φ20mmHRB400E:当月同比,Price of Means of Production: Steel: Rebar: Φ20mmHRB400E: Month YoY,月,%,当期同比,全国,中国,发改委,getEcoDataChina,2015-05-31,2026-06-30,1,,,
801040,钢铁,1040005379,"生产资料价格:钢材:热轧卷板:4.75,Q235B:当月值","Price of Means of Production: Steel: Hot Rolled Coil: 4.75, Q235B: Current",月,元/吨,当期值,全国,中国,发改委,getEcoDataChina,2015-05-31,2026-06-30,1,,,
801040,钢铁,1040005380,"生产资料价格:钢材:热轧卷板:4.75,Q235B:环比","Price of Means of Production: Steel: Hot Rolled Coil: 4.75, Q235B: MoM",月,%,当期环比,全国,中国,发改委,getEcoDataChina,2015-05-31,2026-06-30,1,,,
801040,钢铁,1040005381,"生产资料价格:钢材:热轧卷板:4.75,Q235B:当月同比","Price of Means of Production: Steel: Hot Rolled Coil: 4.75, Q235B: Month YoY",月,%,当期同比,全国,中国,发改委,getEcoDataChina,2015-05-31,2026-06-30,1,,,
801040,钢铁,1040005385,"生产资料价格:钢材:线材:高线6.5,HPB300:当月值","Price of Means of Production: Steel: Wire and Rod: High Wire 6.5, HPB300: Current",月,元/吨,当期值,全国,中国,发改委,getEcoDataChina,2015-05-31,2026-06-30,1,,,
801040,钢铁,1040005386,"生产资料价格:钢材:线材:高线6.5,HPB300:环比","Price of Means of Production: Steel: Wire and Rod: High Wire 6.5, HPB300: MoM",月,%,当期环比,全国,中国,发改委,getEcoDataChina,2015-05-31,2026-06-30,1,,,
801040,钢铁,1040005387,"生产资料价格:钢材:线材:高线6.5,HPB300:当月同比","Price of Means of Production: Steel: Wire and Rod: High Wire 6.5, HPB300: Month YoY",月,%,当期同比,全国,中国,发改委,getEcoDataChina,2015-05-31,2026-06-30,1,,,
801050,有色金属,2030777849,出口金额(美元):锂镍钴铝氧化物(28429060):当月值,Export Value (USD): Lithium Nickel Cobalt Aluminum Oxide(28429060): Current Month Value,月,美元,当期值,中国,中国,海关总署,getEcoDataIndChemical,2018-02-28,2026-06-30,1,,,
801050,有色金属,2030777850,进口金额(美元):锂镍钴铝氧化物(28429060):当月值,Import Value (USD): Lithium Nickel Cobalt Aluminum Oxide(28429060): Current Month Value,月,美元,当期值,中国,中国,海关总署,getEcoDataIndChemical,2018-01-31,2026-06-30,1,,,
801050,有色金属,2030777851,进出口金额(美元):锂镍钴铝氧化物(28429060):当月值,Import And Export Value (USD): Lithium Nickel Cobalt Aluminum Oxide(28429060): Current Month Value,月,美元,当期值,中国,中国,海关总署,getEcoDataIndChemical,2018-01-31,2026-06-30,1,,,
801050,有色金属,2030777856,出口数量:锂镍钴铝氧化物(28429060):当月值,Export Quantity: Lithium Nickel Cobalt Aluminum Oxide(28429060): Current Month Value,月,千克,当期值,中国,中国,海关总署,getEcoDataIndChemical,2018-02-28,2026-06-30,1,,,
801050,有色金属,2030777857,进口数量:锂镍钴铝氧化物(28429060):当月值,Import Quantity: Lithium Nickel Cobalt Aluminum Oxide(28429060): Current Month Value,月,千克,当期值,中国,中国,海关总署,getEcoDataIndChemical,2018-01-31,2026-06-30,1,,,
801050,有色金属,2030777858,进出口数量:锂镍钴铝氧化物(28429060):当月值,Import And Export Quantity: Lithium Nickel Cobalt Aluminum Oxide(28429060): Current Month Value,月,千克,当期值,中国,中国,海关总署,getEcoDataIndChemical,2018-01-31,2026-06-30,1,,,
801050,有色金属,2030777862,出口金额(美元):锂镍钴铝氧化物(28429060):累计值,Export Value (USD): Lithium Nickel Cobalt Aluminum Oxide(28429060): Cumulative Value,月,美元,累计值,中国,中国,海关总署,getEcoDataIndChemical,2018-02-28,2026-06-30,1,,,
801050,有色金属,2030777863,进口金额(美元):锂镍钴铝氧化物(28429060):累计值,Import Value (USD): Lithium Nickel Cobalt Aluminum Oxide(28429060): Cumulative Value,月,美元,累计值,中国,中国,海关总署,getEcoDataIndChemical,2018-01-31,2026-06-30,1,,,
801050,有色金属,2030777864,进出口金额(美元):锂镍钴铝氧化物(28429060):累计值,Import And Export Value (USD): Lithium Nickel Cobalt Aluminum Oxide(28429060): Cumulative Value,月,美元,累计值,中国,中国,海关总署,getEcoDataIndChemical,2018-01-31,2026-06-30,1,,,
801050,有色金属,2030777852,贸易差额(美元):锂镍钴铝氧化物(28429060):当月值,Trade Balance (USD): Lithium Nickel Cobalt Aluminum Oxide(28429060): Current Month Value,月,美元,当期值,中国,中国,海关总署,getEcoDataIndChemical,2018-01-31,2026-06-30,1,,,
801050,有色金属,2030777865,贸易差额(美元):锂镍钴铝氧化物(28429060):累计值,Trade Balance (USD): Lithium Nickel Cobalt Aluminum Oxide(28429060): Cumulative Value,月,美元,累计值,中国,中国,海关总署,getEcoDataIndChemical,2018-01-31,2026-06-30,1,,,
801050,有色金属,3010701571,美国:工业生产指数:采掘业:其他采掘(除石油和天然气):铜、镍、铅和锌开采:季调,"US: IPI: Mining: Mining (except oil and gas): Copper, nickel, lead, and zinc mining: SA",月,2017年=100,季调,美国,美国,美联储,getEcoDataGlobeUsa,1972-01-31,2026-06-30,1,,,
801050,有色金属,3010701572,美国:工业生产指数:采掘业:其他采掘(除石油和天然气):铜、镍、铅和锌开采,"US: IPI: Mining: Mining (except oil and gas): Copper, nickel, lead, and zinc mining",月,2017年=100,当期值,美国,美国,美联储,getEcoDataGlobeUsa,1972-01-31,2026-06-30,1,,,
801050,有色金属,3010702044,美国:工业生产指数:权重:采掘业:其他采掘(除石油和天然气):铜、镍、铅和锌开采:季调,"US: RIW: Mining: Mining (except oil and gas): Copper, nickel, lead, and zinc mining: SA",月,%,季调,美国,美国,美联储,getEcoDataGlobeUsa,1972-01-31,2026-06-30,1,,,
801050,有色金属,2030777801,出口金额(美元):锂镍钴锰氧化物(28429030):当月值,Export Value (USD): Lithium Nickel Cobalt Manganese Oxide(28429030): Current Month Value,月,美元,当期值,中国,中国,海关总署,getEcoDataIndChemical,2015-01-31,2026-06-30,1,,,
801050,有色金属,2030777802,进口金额(美元):锂镍钴锰氧化物(28429030):当月值,Import Value (USD): Lithium Nickel Cobalt Manganese Oxide(28429030): Current Month Value,月,美元,当期值,中国,中国,海关总署,getEcoDataIndChemical,2015-01-31,2026-06-30,1,,,
801050,有色金属,2030777803,进出口金额(美元):锂镍钴锰氧化物(28429030):当月值,Import And Export Value (USD): Lithium Nickel Cobalt Manganese Oxide(28429030): Current Month Value,月,美元,当期值,中国,中国,海关总署,getEcoDataIndChemical,2015-01-31,2026-06-30,1,,,
801050,有色金属,2030777805,出口金额(美元):锂镍钴锰氧化物(28429030):当月同比,Export Value (USD): Lithium Nickel Cobalt Manganese Oxide(28429030): Mom,月,%,当期同比,中国,中国,海关总署,getEcoDataIndChemical,2018-01-31,2026-06-30,1,,,
801050,有色金属,2030777806,进口金额(美元):锂镍钴锰氧化物(28429030):当月同比,Import Value (USD): Lithium Nickel Cobalt Manganese Oxide(28429030): Mom,月,%,当期同比,中国,中国,海关总署,getEcoDataIndChemical,2018-01-31,2026-06-30,1,,,
801050,有色金属,2030777807,进出口金额(美元):锂镍钴锰氧化物(28429030):当月同比,Import And Export Value (USD): Lithium Nickel Cobalt Manganese Oxide(28429030): Mom,月,%,当期同比,中国,中国,海关总署,getEcoDataIndChemical,2018-01-31,2026-06-30,1,,,
801050,有色金属,2030777808,出口数量:锂镍钴锰氧化物(28429030):当月值,Export Quantity: Lithium Nickel Cobalt Manganese Oxide(28429030): Current Month Value,月,千克,当期值,中国,中国,海关总署,getEcoDataIndChemical,2015-01-31,2026-06-30,1,,,
801050,有色金属,2030777809,进口数量:锂镍钴锰氧化物(28429030):当月值,Import Quantity: Lithium Nickel Cobalt Manganese Oxide(28429030): Current Month Value,月,千克,当期值,中国,中国,海关总署,getEcoDataIndChemical,2015-01-31,2026-06-30,1,,,
801050,有色金属,2030777810,进出口数量:锂镍钴锰氧化物(28429030):当月值,Import And Export Quantity: Lithium Nickel Cobalt Manganese Oxide(28429030): Current Month Value,月,千克,当期值,中国,中国,海关总署,getEcoDataIndChemical,2015-01-31,2026-06-30,1,,,
801050,有色金属,2030777811,出口数量:锂镍钴锰氧化物(28429030):当月同比,Export Quantity: Lithium Nickel Cobalt Manganese Oxide(28429030): Mom,月,%,当期同比,中国,中国,海关总署,getEcoDataIndChemical,2018-01-31,2026-06-30,1,,,
801050,有色金属,2030777812,进口数量:锂镍钴锰氧化物(28429030):当月同比,Import Quantity: Lithium Nickel Cobalt Manganese Oxide(28429030): Mom,月,%,当期同比,中国,中国,海关总署,getEcoDataIndChemical,2018-01-31,2026-06-30,1,,,
801050,有色金属,2030777813,进出口数量:锂镍钴锰氧化物(28429030):当月同比,Import And Export Quantity: Lithium Nickel Cobalt Manganese Oxide(28429030): Mom,月,%,当期同比,中国,中国,海关总署,getEcoDataIndChemical,2018-01-31,2026-06-30,1,,,
801050,有色金属,2030777814,出口金额(美元):锂镍钴锰氧化物(28429030):累计值,Export Value (USD): Lithium Nickel Cobalt Manganese Oxide(28429030): Cumulative Value,月,美元,累计值,中国,中国,海关总署,getEcoDataIndChemical,2017-01-31,2026-06-30,1,,,
801050,有色金属,2030777815,进口金额(美元):锂镍钴锰氧化物(28429030):累计值,Import Value (USD): Lithium Nickel Cobalt Manganese Oxide(28429030): Cumulative Value,月,美元,累计值,中国,中国,海关总署,getEcoDataIndChemical,2017-01-31,2026-06-30,1,,,
801050,有色金属,2030777816,进出口金额(美元):锂镍钴锰氧化物(28429030):累计值,Import And Export Value (USD): Lithium Nickel Cobalt Manganese Oxide(28429030): Cumulative Value,月,美元,累计值,中国,中国,海关总署,getEcoDataIndChemical,2017-01-31,2026-06-30,1,,,
801050,有色金属,2030777818,出口金额(美元):锂镍钴锰氧化物(28429030):累计同比,Export Value (USD): Lithium Nickel Cobalt Manganese Oxide(28429030): Cumulative Yoy,月,%,累计同比,中国,中国,海关总署,getEcoDataIndChemical,2018-01-31,2026-06-30,1,,,
801080,电子,3090001028,印度:WPI:工业制品:计算机、电子和光学产品:电子元件:电子印刷电路板(PCB)或微电路,"India: WPI: Manufactured Products: Computer, Electronic and Optical Products: Electronic Components: Electronic Printed Circuit Board (Pcb)/Micro Circuit",月,2011年4月-2012年3月=100,当期值,印度,印度,印度商工部,getEcoDataGlobeRest,2012-04-30,2026-04-30,1,,,
801080,电子,2087006979,出口金额(美元):用于制造半导体单晶柱或晶圆等的机器及装置(8486):当月值,Export Value (USD): Machines and Devices for Manufacturing Semiconductor Single Crystal Columns or Wafers(8486): Current Month Value,月,美元,当期值,中国,中国,海关总署,getEcoDataIndMachineryequipment,2015-01-31,2026-06-30,1,"HS编码""8486""中文全称为""专用于或主要用于制造半导体单晶柱或晶圆、半导体器件、集成电路或平板显示器的机器及装置;本章注释9(3)规定的机器及装置;零件及附件""",,
801080,电子,2087006980,进口金额(美元):用于制造半导体单晶柱或晶圆等的机器及装置(8486):当月值,Import Value (USD): Machines and Devices for Manufacturing Semiconductor Single Crystal Columns or Wafers(8486): Current Month Value,月,美元,当期值,中国,中国,海关总署,getEcoDataIndMachineryequipment,2015-01-31,2026-06-30,1,"HS编码""8486""中文全称为""专用于或主要用于制造半导体单晶柱或晶圆、半导体器件、集成电路或平板显示器的机器及装置;本章注释9(3)规定的机器及装置;零件及附件""",,
801080,电子,2087006981,进出口金额(美元):用于制造半导体单晶柱或晶圆等的机器及装置(8486):当月值,Import and Export Value (USD): Machines and Devices for Manufacturing Semiconductor Single Crystal Columns or Wafers(8486): Current Month Value,月,美元,当期值,中国,中国,海关总署,getEcoDataIndMachineryequipment,2015-01-31,2026-06-30,1,"HS编码""8486""中文全称为""专用于或主要用于制造半导体单晶柱或晶圆、半导体器件、集成电路或平板显示器的机器及装置;本章注释9(3)规定的机器及装置;零件及附件""",,
801080,电子,2087006983,出口金额(美元):用于制造半导体单晶柱或晶圆等的机器及装置(8486):当月同比,Export Value (USD): Machines and Devices for Manufacturing Semiconductor Single Crystal Columns or Wafers(8486): Mom,月,%,当期同比,中国,中国,海关总署,getEcoDataIndMachineryequipment,2016-01-31,2026-06-30,1,"HS编码""8486""中文全称为""专用于或主要用于制造半导体单晶柱或晶圆、半导体器件、集成电路或平板显示器的机器及装置;本章注释9(3)规定的机器及装置;零件及附件""",,
801080,电子,2087006984,进口金额(美元):用于制造半导体单晶柱或晶圆等的机器及装置(8486):当月同比,Import Value (USD): Machines and Devices for Manufacturing Semiconductor Single Crystal Columns or Wafers(8486): Mom,月,%,当期同比,中国,中国,海关总署,getEcoDataIndMachineryequipment,2016-01-31,2026-06-30,1,"HS编码""8486""中文全称为""专用于或主要用于制造半导体单晶柱或晶圆、半导体器件、集成电路或平板显示器的机器及装置;本章注释9(3)规定的机器及装置;零件及附件""",,
801080,电子,2087006985,进出口金额(美元):用于制造半导体单晶柱或晶圆等的机器及装置(8486):当月同比,Import and Export Value (USD): Machines and Devices for Manufacturing Semiconductor Single Crystal Columns or Wafers(8486): Mom,月,%,当期同比,中国,中国,海关总署,getEcoDataIndMachineryequipment,2016-01-31,2026-06-30,1,"HS编码""8486""中文全称为""专用于或主要用于制造半导体单晶柱或晶圆、半导体器件、集成电路或平板显示器的机器及装置;本章注释9(3)规定的机器及装置;零件及附件""",,
801080,电子,2087006986,出口金额(美元):用于制造半导体单晶柱或晶圆等的机器及装置(8486):累计值,Export Value (USD): Machines and Devices for Manufacturing Semiconductor Single Crystal Columns or Wafers(8486): Cumulative Value,月,美元,累计值,中国,中国,海关总署,getEcoDataIndMachineryequipment,2015-01-31,2026-06-30,1,"HS编码""8486""中文全称为""专用于或主要用于制造半导体单晶柱或晶圆、半导体器件、集成电路或平板显示器的机器及装置;本章注释9(3)规定的机器及装置;零件及附件""",,
801080,电子,2087006987,进口金额(美元):用于制造半导体单晶柱或晶圆等的机器及装置(8486):累计值,Import Value (USD): Machines and Devices for Manufacturing Semiconductor Single Crystal Columns or Wafers(8486): Cumulative Value,月,美元,累计值,中国,中国,海关总署,getEcoDataIndMachineryequipment,2015-01-31,2026-06-30,1,"HS编码""8486""中文全称为""专用于或主要用于制造半导体单晶柱或晶圆、半导体器件、集成电路或平板显示器的机器及装置;本章注释9(3)规定的机器及装置;零件及附件""",,
801080,电子,2087006988,进出口金额(美元):用于制造半导体单晶柱或晶圆等的机器及装置(8486):累计值,Import and Export Value (USD): Machines and Devices for Manufacturing Semiconductor Single Crystal Columns or Wafers(8486): Cumulative Value,月,美元,累计值,中国,中国,海关总署,getEcoDataIndMachineryequipment,2015-01-31,2026-06-30,1,"HS编码""8486""中文全称为""专用于或主要用于制造半导体单晶柱或晶圆、半导体器件、集成电路或平板显示器的机器及装置;本章注释9(3)规定的机器及装置;零件及附件""",,
801080,电子,2087006990,出口金额(美元):用于制造半导体单晶柱或晶圆等的机器及装置(8486):累计同比,Export Value (USD): Machines and Devices for Manufacturing Semiconductor Single Crystal Columns or Wafers(8486): Cumulative yoy,月,%,累计同比,中国,中国,海关总署,getEcoDataIndMachineryequipment,2016-01-31,2026-06-30,1,"HS编码""8486""中文全称为""专用于或主要用于制造半导体单晶柱或晶圆、半导体器件、集成电路或平板显示器的机器及装置;本章注释9(3)规定的机器及装置;零件及附件""",,
801080,电子,2087006991,进口金额(美元):用于制造半导体单晶柱或晶圆等的机器及装置(8486):累计同比,Import Value (USD): Machines and Devices for Manufacturing Semiconductor Single Crystal Columns or Wafers(8486): Cumulative yoy,月,%,累计同比,中国,中国,海关总署,getEcoDataIndMachineryequipment,2016-01-31,2026-06-30,1,"HS编码""8486""中文全称为""专用于或主要用于制造半导体单晶柱或晶圆、半导体器件、集成电路或平板显示器的机器及装置;本章注释9(3)规定的机器及装置;零件及附件""",,
801080,电子,2087006992,进出口金额(美元):用于制造半导体单晶柱或晶圆等的机器及装置(8486):累计同比,Import and Export Value (USD): Machines and Devices for Manufacturing Semiconductor Single Crystal Columns or Wafers(8486): Cumulative yoy,月,%,累计同比,中国,中国,海关总署,getEcoDataIndMachineryequipment,2016-01-31,2026-06-30,1,"HS编码""8486""中文全称为""专用于或主要用于制造半导体单晶柱或晶圆、半导体器件、集成电路或平板显示器的机器及装置;本章注释9(3)规定的机器及装置;零件及附件""",,
801080,电子,2087048506,出口金额:制造半导体器件(包括集成电路)时检验半导体晶圆、器件(包括集成电路)或检测光掩模及光栅用的光学仪器及器具(90314100):保税监管场所进出境货物:当月值,,月,美元,当期值,,中国,海关总署,getEcoDataIndMachineryequipment,2015-03-31,2026-06-30,1,,,
801080,电子,2087048507,出口金额:测试或检验半导体晶圆或器件(包括集成电路)用仪器及装置(90308200):一般贸易:当月值,,月,美元,当期值,,中国,海关总署,getEcoDataIndMachineryequipment,2015-01-31,2026-06-30,1,,,
801080,电子,2087048508,进口金额:测试或检验半导体晶圆或器件(包括集成电路)用仪器及装置(90308200):一般贸易:当月值,,月,美元,当期值,,中国,海关总署,getEcoDataIndMachineryequipment,2015-01-31,2026-06-30,1,,,
801080,电子,2087048509,出口金额:测试或检验半导体晶圆或器件(包括集成电路)用仪器及装置(90308200):保税监管场所进出境货物:当月值,,月,美元,当期值,,中国,海关总署,getEcoDataIndMachineryequipment,2015-02-28,2026-06-30,1,,,
801080,电子,2087006982,贸易差额(美元):用于制造半导体单晶柱或晶圆等的机器及装置(8486):当月值,Trade Balance (USD): Machines and Devices for Manufacturing Semiconductor Single Crystal Columns or Wafers(8486): Current Month Value,月,美元,当期值,中国,中国,海关总署,getEcoDataIndMachineryequipment,2015-01-31,2026-06-30,1,"HS编码""8486""中文全称为""专用于或主要用于制造半导体单晶柱或晶圆、半导体器件、集成电路或平板显示器的机器及装置;本章注释9(3)规定的机器及装置;零件及附件""",,
801080,电子,2087006989,贸易差额(美元):用于制造半导体单晶柱或晶圆等的机器及装置(8486):累计值,Trade Balance (USD): Machines and Devices for Manufacturing Semiconductor Single Crystal Columns or Wafers(8486): Cumulative Value,月,美元,累计值,中国,中国,海关总署,getEcoDataIndMachineryequipment,2015-01-31,2026-06-30,1,"HS编码""8486""中文全称为""专用于或主要用于制造半导体单晶柱或晶圆、半导体器件、集成电路或平板显示器的机器及装置;本章注释9(3)规定的机器及装置;零件及附件""",,
801080,电子,3010701307,美国:工业生产指数:制造业:计算机和电子产品:半导体等电子元件:季调,US: IPI: Manufacturing: Computer and electronic product: Semiconductor and other electronic component: SA,月,2017年=100,季调,美国,美国,美联储,getEcoDataGlobeUsa,1972-01-31,2026-06-30,1,,,
801080,电子,3010701308,美国:工业生产指数:制造业:计算机和电子产品:半导体等电子元件,US: IPI: Manufacturing: Computer and electronic product: Semiconductor and other electronic component,月,2017年=100,当期值,美国,美国,美联储,getEcoDataGlobeUsa,1972-01-31,2026-06-30,1,,,
801080,电子,3010702196,美国:工业生产指数:权重:制造业:计算机和电子产品:半导体等电子元件:季调,US: RIW: Manufacturing: Computer and electronic product: Semiconductor and other electronic component: SA,月,%,季调,美国,美国,美联储,getEcoDataGlobeUsa,1972-01-31,2026-06-30,1,,,
801080,电子,2080200145,进口数量:制造半导体器件或集成电路用的机器及装置:当月同比,Machine and Apparatus for Manufacturing Semiconductor Device or Integrated Circuits: Imports Quantity: YoY,月,%,当期同比,,中国,海关总署,getEcoDataIndMachineryequipment,2009-01-31,2026-06-30,1,,,
801080,电子,2080200540,进口金额:制造半导体器件或集成电路用的机器及装置:当月值,Machine and Apparatus for Manufacturing Semiconductor Device or Integrated Circuits: Imports Value,月,万美元,当期值,,中国,海关总署,getEcoDataIndMachineryequipment,2008-01-31,2026-06-30,1,,,
801080,电子,2080200541,进口金额:制造半导体器件或集成电路用的机器及装置:累计值,Machine and Apparatus for Manufacturing Semiconductor Device or Integrated Circuits: Imports Value: YTD,月,万美元,累计值,,中国,海关总署,getEcoDataIndMachineryequipment,2008-01-31,2026-06-30,1,,,
801080,电子,2080200542,进口金额:制造半导体器件或集成电路用的机器及装置:当月同比,Machine and Apparatus for Manufacturing Semiconductor Device or Integrated Circuits: Imports Value: YoY,月,%,当期同比,,中国,海关总署,getEcoDataIndMachineryequipment,2009-01-31,2026-06-30,1,,,
801080,电子,2087011433,出口金额(美元):制造半导体器件或集成电路用的机器及装置(848620):当月值,Export Value (USD): Machines And Devices For Manufacturing Semiconductor Devices Or Integrated Circuits(848620): Current Month Value,月,美元,当期值,中国,中国,海关总署,getEcoDataIndMachineryequipment,2015-01-31,2026-06-30,1,,,
801080,电子,2087011434,进口金额(美元):制造半导体器件或集成电路用的机器及装置(848620):当月值,Import Value (USD): Machines And Devices For Manufacturing Semiconductor Devices Or Integrated Circuits(848620): Current Month Value,月,美元,当期值,中国,中国,海关总署,getEcoDataIndMachineryequipment,2015-01-31,2026-06-30,1,,,
801080,电子,2087011435,进出口金额(美元):制造半导体器件或集成电路用的机器及装置(848620):当月值,Import And Export Value (USD): Machines And Devices For Manufacturing Semiconductor Devices Or Integrated Circuits(848620): Current Month Value,月,美元,当期值,中国,中国,海关总署,getEcoDataIndMachineryequipment,2015-01-31,2026-06-30,1,,,
801080,电子,2087011437,出口金额(美元):制造半导体器件或集成电路用的机器及装置(848620):当月同比,Export Value (USD): Machines And Devices For Manufacturing Semiconductor Devices Or Integrated Circuits(848620): Mom,月,%,当期同比,中国,中国,海关总署,getEcoDataIndMachineryequipment,2016-01-31,2026-06-30,1,,,
801110,家用电器,3180000874,巴西:工业生产指数:家用电器:家用炉灶、电冰箱和洗衣机:未季调,"Brazil: IPI: Home Appliances: Stoves, Refrigerators and Washing Machines For Household Use: Without Seasonal Adjusted",月,2022年=100,当期值,全球,巴西,巴西国家地理暨统计局,getEcoDataGlobeRest,2002-01-31,2026-06-30,1,,,
801110,家用电器,3180000977,巴西:工业生产指数:家用电器:家用炉灶、电冰箱和洗衣机:当月同比,"Brazil: IPI: Home Appliances: Stoves, Refrigerators and Washing Machines For Household Use: YoY",月,%,当期同比,全球,巴西,巴西国家地理暨统计局,getEcoDataGlobeRest,2003-01-31,2026-06-30,1,,,
801110,家用电器,3180001080,巴西:工业生产指数:家用电器:家用炉灶、电冰箱和洗衣机:累计同比,"Brazil: IPI: Home Appliances: Stoves, Refrigerators and Washing Machines For Household Use: Cumulative YoY",月,%,累计同比,全球,巴西,巴西国家地理暨统计局,getEcoDataGlobeRest,2003-01-31,2026-06-30,1,,,
801110,家用电器,2200702617,临沂商城价格指数:家用电器和音像器材:音像器材:电视机,Linyi Mall Price Index: Household Appliances and Audio-visual Equipment: Audio-visual Equipment: Television Set,周,,当期值,,中国,中国临沂价格指数平台,getEcoDataIndCommercialtrade,2013-03-29,2026-08-05,1,,,
801110,家用电器,2200702630,临沂商城价格指数:家用电器和音像器材:制冷电器:空调,Linyi Mall Price Index: Household Appliances and Audio-visual Equipment: Refrigeration Appliances: Air Conditioning,周,,当期值,,中国,中国临沂价格指数平台,getEcoDataIndCommercialtrade,2013-04-05,2026-08-05,1,,,
801110,家用电器,2200702631,临沂商城价格指数:家用电器和音像器材:制冷电器:冰箱,Linyi Mall Price Index: Household Appliances and Audio-visual Equipment: Refrigeration Appliances: Refrigerator,周,,当期值,,中国,中国临沂价格指数平台,getEcoDataIndCommercialtrade,2013-03-29,2026-08-05,1,,,
801110,家用电器,2200702636,临沂商城价格指数:家用电器和音像器材:厨房电器,Linyi Mall Price Index: Household Appliances and Audio-visual Equipment: Kitchen Appliances,周,,当期值,,中国,中国临沂价格指数平台,getEcoDataIndCommercialtrade,2013-03-29,2026-08-05,1,,,
801110,家用电器,2200702641,临沂商城价格指数:家用电器和音像器材:厨房电器:电磁炉,Linyi Mall Price Index: Household Appliances and Audio-visual Equipment: Kitchen Appliances: Electromagnetic Furnace,周,,当期值,,中国,中国临沂价格指数平台,getEcoDataIndCommercialtrade,2013-03-29,2026-08-05,1,,,
801110,家用电器,2200702643,临沂商城价格指数:家用电器和音像器材:厨房电器:电压力锅,Linyi Mall Price Index: Household Appliances and Audio-visual Equipment: Kitchen Appliances: Voltage Cooker,周,,当期值,,中国,中国临沂价格指数平台,getEcoDataIndCommercialtrade,2013-03-29,2026-08-05,1,,,
801110,家用电器,2200702645,临沂商城价格指数:家用电器和音像器材:厨房电器:电炒锅,Linyi Mall Price Index: Household Appliances and Audio-visual Equipment: Kitchen Appliances: Electric Casserole,周,,当期值,,中国,中国临沂价格指数平台,getEcoDataIndCommercialtrade,2013-03-29,2026-08-05,1,,,
801110,家用电器,2200702663,临沂商城价格指数:家用电器和音像器材:厨房电器:面包机,Linyi Mall Price Index: Household Appliances and Audio-visual Equipment: Kitchen Appliances: Bread Machine,周,,当期值,,中国,中国临沂价格指数平台,getEcoDataIndCommercialtrade,2013-03-29,2026-08-05,1,,,
801110,家用电器,2200702666,临沂商城价格指数:家用电器和音像器材:厨房电器:电饼铛,Linyi Mall Price Index: Household Appliances and Audio-visual Equipment: Kitchen Appliances: Electric Cake Dang,周,,当期值,,中国,中国临沂价格指数平台,getEcoDataIndCommercialtrade,2013-03-29,2026-08-05,1,,,
801110,家用电器,2200702667,临沂商城价格指数:家用电器和音像器材:厨房电器:电鏊子,Linyi Mall Price Index: Household Appliances and Audio-visual Equipment: Kitchen Appliances: Electric Shackles,周,,当期值,,中国,中国临沂价格指数平台,getEcoDataIndCommercialtrade,2013-03-29,2026-08-05,1,,,
801110,家用电器,2200702668,临沂商城价格指数:家用电器和音像器材:厨房电器:豆浆机,Linyi Mall Price Index: Household Appliances and Audio-visual Equipment: Kitchen Appliances: Soybean Milk Machine,周,,当期值,,中国,中国临沂价格指数平台,getEcoDataIndCommercialtrade,2013-06-07,2026-08-05,1,,,
801110,家用电器,2200702671,临沂商城价格指数:家用电器和音像器材:厨房电器:咖啡机,Linyi Mall Price Index: Household Appliances and Audio-visual Equipment: Kitchen Appliances: Coffee Machine,周,,当期值,,中国,中国临沂价格指数平台,getEcoDataIndCommercialtrade,2013-10-04,2026-08-05,1,,,
801110,家用电器,2200702756,临沂商城价格指数:家用电器和音像器材:热水器,Linyi Mall Price Index: Household Appliances and Audio-visual Equipment: Water Heater,周,,当期值,,中国,中国临沂价格指数平台,getEcoDataIndCommercialtrade,2013-03-29,2026-08-05,1,,,
801110,家用电器,2090726551,出口数量:机电产品:家用电器:电视机:当月环比,,月,%,当期环比,,中国,Datayes!,getEcoDataIndElectronic,2014-07-31,2026-06-30,1,,,
801110,家用电器,2090726558,出口数量:机电产品:家用电器:空调:当月环比,,月,%,当期环比,,中国,Datayes!,getEcoDataIndElectronic,2014-07-31,2026-06-30,1,,,
801110,家用电器,2090726559,出口数量:机电产品:家用电器:冰箱:当月环比,,月,%,当期环比,,中国,Datayes!,getEcoDataIndElectronic,2014-07-31,2026-06-30,1,,,
801110,家用电器,2090726560,出口数量:机电产品:家用电器:洗衣机:当月环比,,月,%,当期环比,,中国,Datayes!,getEcoDataIndElectronic,2014-07-31,2026-06-30,1,,,
801110,家用电器,2200704128,临沂商城价格指数:家用电器和音像器材:音像器材:电视机,Linyi Mall Price Index: Household Appliances and Audio-visual Equipment: Audio-visual Equipment: Television Set,月,,当期值,,中国,中国临沂价格指数平台,getEcoDataIndCommercialtrade,2013-03-31,2026-07-31,1,,,
801110,家用电器,2200704141,临沂商城价格指数:家用电器和音像器材:制冷电器:空调,Linyi Mall Price Index: Household Appliances and Audio-visual Equipment: Refrigeration Appliances: Air Conditioning,月,,当期值,,中国,中国临沂价格指数平台,getEcoDataIndCommercialtrade,2013-03-31,2026-07-31,1,,,
801110,家用电器,2200704142,临沂商城价格指数:家用电器和音像器材:制冷电器:冰箱,Linyi Mall Price Index: Household Appliances and Audio-visual Equipment: Refrigeration Appliances: Refrigerator,月,,当期值,,中国,中国临沂价格指数平台,getEcoDataIndCommercialtrade,2013-03-31,2026-07-31,1,,,
801110,家用电器,2200704147,临沂商城价格指数:家用电器和音像器材:厨房电器,Linyi Mall Price Index: Household Appliances and Audio-visual Equipment: Kitchen Appliances,月,,当期值,,中国,中国临沂价格指数平台,getEcoDataIndCommercialtrade,2013-04-30,2026-07-31,1,,,
801110,家用电器,2200704152,临沂商城价格指数:家用电器和音像器材:厨房电器:电磁炉,Linyi Mall Price Index: Household Appliances and Audio-visual Equipment: Kitchen Appliances: Electromagnetic Furnace,月,,当期值,,中国,中国临沂价格指数平台,getEcoDataIndCommercialtrade,2013-03-31,2026-07-31,1,,,
801110,家用电器,2200704154,临沂商城价格指数:家用电器和音像器材:厨房电器:电压力锅,Linyi Mall Price Index: Household Appliances and Audio-visual Equipment: Kitchen Appliances: Voltage Cooker,月,,当期值,,中国,中国临沂价格指数平台,getEcoDataIndCommercialtrade,2013-03-31,2026-07-31,1,,,
801110,家用电器,2200704156,临沂商城价格指数:家用电器和音像器材:厨房电器:电炒锅,Linyi Mall Price Index: Household Appliances and Audio-visual Equipment: Kitchen Appliances: Electric Casserole,月,,当期值,,中国,中国临沂价格指数平台,getEcoDataIndCommercialtrade,2013-03-31,2026-07-31,1,,,
801110,家用电器,2200704174,临沂商城价格指数:家用电器和音像器材:厨房电器:面包机,Linyi Mall Price Index: Household Appliances and Audio-visual Equipment: Kitchen Appliances: Bread Machine,月,,当期值,,中国,中国临沂价格指数平台,getEcoDataIndCommercialtrade,2013-03-31,2026-07-31,1,,,
801110,家用电器,2200704177,临沂商城价格指数:家用电器和音像器材:厨房电器:电饼铛,Linyi Mall Price Index: Household Appliances and Audio-visual Equipment: Kitchen Appliances: Electric Cake Dang,月,,当期值,,中国,中国临沂价格指数平台,getEcoDataIndCommercialtrade,2013-03-31,2026-07-31,1,,,
801110,家用电器,2200704178,临沂商城价格指数:家用电器和音像器材:厨房电器:电鏊子,Linyi Mall Price Index: Household Appliances and Audio-visual Equipment: Kitchen Appliances: Electric Shackles,月,,当期值,,中国,中国临沂价格指数平台,getEcoDataIndCommercialtrade,2013-03-31,2026-07-31,1,,,
801120,食品饮料,3010300091,美国:商品零售:食品和饮料店:啤酒、葡萄酒和烈性酒店,"US: Retail Sales: FBS: Beer,Wine,and Liquor Stores",月,百万美元,当期值,,美国,美国商务部,getEcoDataGlobeUsa,1992-01-31,2026-05-31,1,,,
801120,食品饮料,3010300156,美国:商品零售:食品和饮料店:啤酒、葡萄酒和烈性酒店:同比,"US: Retail Sales: FBS: Beer,Wine,and Liquor Stores: YoY",月,%,当期同比,,美国,美国商务部,getEcoDataGlobeUsa,1993-01-31,2026-05-31,1,,,
801120,食品饮料,3010601681,美国:批发库存额:非耐用品:啤酒、葡萄酒和蒸馏酒精饮料:季调,"US: Merchant Wholesalers' Inventories: Nondurable Goods: Beer, Wine, & Distilled Alcoholic Beverages: SA",月,百万美元,季调,,美国,美国商务部,getEcoDataGlobeUsa,1992-01-31,2026-06-30,1,,,
801120,食品饮料,3010601702,美国:批发库存额/销售额:非耐用品:啤酒、葡萄酒和蒸馏酒精饮料:季调,"US: Merchant Wholesalers' Inventories/Sales Ratios: Nondurable Goods: Beer, Wine, & Distilled Alcoholic Beverages: SA",月,,季调,,美国,美国商务部,getEcoDataGlobeUsa,1992-01-31,2026-06-30,1,,,
801120,食品饮料,3010601744,美国:批发库存额:非耐用品:啤酒、葡萄酒和蒸馏酒精饮料,"US: Merchant Wholesalers' Inventories: Nondurable Goods: Beer, Wine, & Distilled Alcoholic Beverages: NSA",月,百万美元,当期值,,美国,美国商务部,getEcoDataGlobeUsa,1992-01-31,2026-06-30,1,,,
801120,食品饮料,3010601765,美国:批发库存额/销售额:非耐用品:啤酒、葡萄酒和蒸馏酒精饮料,"US: Merchant Wholesalers' Inventories/Sales Ratios: Nondurable Goods: Beer, Wine, & Distilled Alcoholic Beverages: NSA",月,,当期值,,美国,美国商务部,getEcoDataGlobeUsa,1992-01-31,2026-06-30,1,,,
801120,食品饮料,3010601660,美国:批发额:非耐用品:啤酒、葡萄酒和蒸馏酒精饮料:季调,"US: Merchant Wholesalers' Sales: Nondurable Goods: Beer, Wine, & Distilled Alcoholic Beverages: SA",月,百万美元,季调,,美国,美国商务部,getEcoDataGlobeUsa,1992-01-31,2026-06-30,1,,,
801120,食品饮料,3010601723,美国:批发额:非耐用品:啤酒、葡萄酒和蒸馏酒精饮料,"US: Merchant Wholesalers' Sales: Nondurable Goods: Beer, Wine, & Distilled Alcoholic Beverages: NSA",月,百万美元,当期值,,美国,美国商务部,getEcoDataGlobeUsa,1992-01-31,2026-06-30,1,,,
801120,食品饮料,3010801171,美国:PPI:食品:软饮料:未季调,US: PPI: Soft Drinks: NSA,月,1982年=100,当期值,美国,美国,美国劳工部,getEcoDataGlobeUsa,1926-01-31,2026-06-30,1,1982=100,,
801120,食品饮料,3010801340,美国:PPI:食品:软饮料:同比:未季调,US: PPI: Soft Drinks: YoY: NSA,月,%,当期同比,,美国,美国劳工部,getEcoDataGlobeUsa,1927-01-31,2026-06-30,1,1982=100,,
801120,食品饮料,3010801509,美国:PPI:食品:软饮料:环比:未季调,US: PPI: Soft Drinks: MoM: NSA,月,%,当期环比,,美国,美国劳工部,getEcoDataGlobeUsa,1926-02-28,2026-06-30,1,1982=100,,
801120,食品饮料,3020505388,欧元区:工业生产指数:制造业:饮料制造:葡萄酒:日历调整,EA: Volume Index of Production: Manufacturing: Beverages: wine: CA,月,2021年=100,日历调整,欧元区,欧元区,欧盟统计局,getEcoDataGlobeEu,1990-01-31,2026-05-31,1,"基期,2010=100",,
801120,食品饮料,3020505396,欧元区:工业生产指数:制造业:饮料制造:葡萄酒:同比:日历调整,EA: Volume Index of Production: Manufacturing: Beverages: wine: YoY: CA,月,%,同比(日历调整),欧元区,欧元区,欧盟统计局,getEcoDataGlobeEu,1991-01-31,2026-05-31,1,,,
801120,食品饮料,3020505421,欧元区:工业生产指数:制造业:饮料制造:啤酒:日历调整,EA: Volume Index of Production: Manufacturing: Beverages: Beer: CA,月,2021年=100,日历调整,欧元区,欧元区,欧盟统计局,getEcoDataGlobeEu,1991-01-31,2026-05-31,1,"基期,2010=100",,
801120,食品饮料,3020505428,欧元区:工业生产指数:制造业:饮料制造:啤酒:同比:日历调整,EA: Volume Index of Production: Manufacturing: Beverages: Beer: YoY: CA,月,%,同比(日历调整),欧元区,欧元区,欧盟统计局,getEcoDataGlobeEu,1992-01-31,2026-05-31,1,,,
801120,食品饮料,3020508690,欧元区:工业生产指数:制造业:饮料制造:葡萄酒:季调和日历调整,EA: Volume Index of Production: Manufacturing: Beverages: wine: SCA,月,2021年=100,季调,欧元区,欧元区,欧盟统计局,getEcoDataGlobeEu,1990-01-31,2026-05-31,1,"基期,2010=100",,
801120,食品饮料,3020508698,欧元区:工业生产指数:制造业:饮料制造:葡萄酒:环比:季调和日历调整,EA: Volume Index of Production: Manufacturing: Beverages: wine: MoM: SCA,月,%,环比(季调),欧元区,欧元区,欧盟统计局,getEcoDataGlobeEu,1990-02-28,2026-05-31,1,,,
801120,食品饮料,3020508723,欧元区:工业生产指数:制造业:饮料制造:啤酒:季调和日历调整,EA: Volume Index of Production: Manufacturing: Beverages: Beer: SCA,月,2021年=100,季调,欧元区,欧元区,欧盟统计局,getEcoDataGlobeEu,1991-01-31,2026-05-31,1,"基期,2010=100",,
801120,食品饮料,3020508730,欧元区:工业生产指数:制造业:饮料制造:啤酒:环比:季调和日历调整,EA: Volume Index of Production: Manufacturing: Beverages: Beer: MoM: SCA,月,%,环比(季调),欧元区,欧元区,欧盟统计局,getEcoDataGlobeEu,1991-02-28,2026-05-31,1,,,
801120,食品饮料,3020511529,欧元区:工业生产指数:制造业:食品制造:乳制品:日历调整,EA: Volume Index of Production: Manufacturing: Food Products: Dairy Products: CA,月,2021年=100,日历调整,欧元区,欧元区,欧盟统计局,getEcoDataGlobeEu,1990-01-31,2026-05-31,1,,,
801120,食品饮料,3020511535,欧元区:工业生产指数:制造业:饮料制造:白酒的蒸馏、精馏与调合:日历调整,"EA: Volume Index of Production: Manufacturing: Beverages: Distilling, Rectifying and Blending of Spirits: CA",月,2021年=100,日历调整,欧元区,欧元区,欧盟统计局,getEcoDataGlobeEu,1990-01-31,2026-05-31,1,,,
801120,食品饮料,3020511538,欧元区:工业生产指数:制造业:饮料制造:软饮料(矿泉水和其他瓶装水):日历调整,EA: Volume Index of Production: Manufacturing: Beverages: Soft Drinks(Production of Mineral Waters and Other Bottled Waters): CA,月,2021年=100,日历调整,欧元区,欧元区,欧盟统计局,getEcoDataGlobeEu,1991-01-31,2026-05-31,1,,,
801120,食品饮料,3020511554,欧元区:工业生产指数:制造业:食品制造:乳制品:同比:日历调整,EA: Volume Index of Production: Manufacturing: Food Products: Dairy Products: YoY: CA,月,%,同比(日历调整),欧元区,欧元区,欧盟统计局,getEcoDataGlobeEu,1991-01-31,2026-05-31,1,,,
801120,食品饮料,3020511560,欧元区:工业生产指数:制造业:饮料制造:白酒的蒸馏、精馏与调合:同比:日历调整,"EA: Volume Index of Production: Manufacturing: Beverages: Distilling, Rectifying and Blending of Spirits: YoY: CA",月,%,同比(日历调整),欧元区,欧元区,欧盟统计局,getEcoDataGlobeEu,1991-01-31,2026-05-31,1,,,
801120,食品饮料,3020511563,欧元区:工业生产指数:制造业:饮料制造:软饮料(矿泉水和其他瓶装水):同比:日历调整,EA: Volume Index of Production: Manufacturing: Beverages: Soft Drinks(Production of Mineral Waters and Other Bottled Waters): YoY: CA,月,%,同比(日历调整),欧元区,欧元区,欧盟统计局,getEcoDataGlobeEu,1992-01-31,2026-05-31,1,,,
801120,食品饮料,3020511629,欧元区:工业生产指数:制造业:食品制造:乳制品:季调和日历调整,EA: Volume Index of Production: Manufacturing: Food Products: Dairy Products: SCA,月,2021年=100,季调,欧元区,欧元区,欧盟统计局,getEcoDataGlobeEu,1991-01-31,2026-05-31,1,,,
801120,食品饮料,3020511635,欧元区:工业生产指数:制造业:饮料制造:白酒的蒸馏、精馏与调合:季调和日历调整,"EA: Volume Index of Production: Manufacturing: Beverages: Distilling, Rectifying and Blending of Spirits: SCA",月,2021年=100,季调,欧元区,欧元区,欧盟统计局,getEcoDataGlobeEu,1990-01-31,2026-05-31,1,,,
801120,食品饮料,3020511638,欧元区:工业生产指数:制造业:饮料制造:软饮料(矿泉水和其他瓶装水):季调和日历调整,EA: Volume Index of Production: Manufacturing: Beverages: Soft Drinks(Production of Mineral Waters and Other Bottled Waters): SCA,月,2021年=100,季调,欧元区,欧元区,欧盟统计局,getEcoDataGlobeEu,1991-01-31,2026-05-31,1,,,
801120,食品饮料,3020511654,欧元区:工业生产指数:制造业:食品制造:乳制品:环比:季调和日历调整,EA: Volume Index of Production: Manufacturing: Food Products: Dairy Products: MoM: SCA,月,%,环比(季调),欧元区,欧元区,欧盟统计局,getEcoDataGlobeEu,1991-02-28,2026-05-31,1,,,
801120,食品饮料,3020511660,欧元区:工业生产指数:制造业:饮料制造:白酒的蒸馏、精馏与调合:环比:季调和日历调整,"EA: Volume Index of Production: Manufacturing: Beverages: Distilling, Rectifying and Blending of Spirits: MoM: SCA",月,%,环比(季调),欧元区,欧元区,欧盟统计局,getEcoDataGlobeEu,1990-02-28,2026-05-31,1,,,
801130,纺织服饰,2120000180,柯桥纺织价格指数:坯布类:化学纤维,Keqiao Textile: Price Index: Chemical Fiber Greige Cloth,周,点,当期值,,中国,中国柯桥纺织指数编制办公室,getEcoDataIndTextileclothing,2007-06-01,2026-07-31,1,,,
801130,纺织服饰,2120000604,柯桥纺织景气指数:坯布类:化学纤维,Keqiao Textile: Total Climate Index: Chemical Fiber Greige Cloth,月,点,当期值,,中国,中国柯桥纺织指数编制办公室,getEcoDataIndTextileclothing,2007-06-30,2026-07-31,1,,,
801130,纺织服饰,2120000638,柯桥纺织景气指数:流通:坯布类:化学纤维,Keqiao Textile: Total Market Climate Index: Chemical Fiber Greige Cloth,月,点,当期值,,中国,中国柯桥纺织指数编制办公室,getEcoDataIndTextileclothing,2007-06-30,2026-07-31,1,,,
801130,纺织服饰,2120000672,柯桥纺织景气指数:生产:坯布类:化学纤维,Keqiao Textile: Total Producer Climate Index: Chemical Fiber Greige Cloth,月,点,当期值,,中国,中国柯桥纺织指数编制办公室,getEcoDataIndTextileclothing,2007-06-30,2026-07-31,1,,,
801130,纺织服饰,1020008226,工业企业:利润总额:纺织服装、服饰业:累计值,Total Profit: Textile and Apparel Industry: Cumulative Value,月,亿元,累计值,全国,中国,国家统计局,getEcoDataChina,2000-02-29,2026-06-30,1,"从2011年起,规模以上工业企业起点标准由原来的年主营业务收入500万元提高到年主营业务收入2000万元。",,
801130,纺织服饰,1020008228,工业企业:利润总额:纺织服装、服饰业:累计同比,Total Profit: Textile and Apparel Industry: Cumulative YoY,月,%,累计同比,全国,中国,国家统计局,getEcoDataChina,2001-02-28,2026-06-30,1,"从2011年起,规模以上工业企业起点标准由原来的年主营业务收入500万元提高到年主营业务收入2000万元。",,
801130,纺织服饰,1020010181,工业企业:营业利润:纺织服装、服饰业:累计值,Operating Profit: Textile and Apparel Industry: Cumulative Value,月,亿元,累计值,全国,中国,国家统计局,getEcoDataChina,2017-02-28,2026-06-30,1,"从2011年起,规模以上工业企业起点标准由原来的年主营业务收入500万元提高到年主营业务收入2000万元。",,
801130,纺织服饰,1020010223,工业企业:营业利润:纺织服装、服饰业:累计同比,Operating Profit: Textile and Apparel Industry: Cumulative YoY,月,%,累计同比,全国,中国,国家统计局,getEcoDataChina,2018-02-28,2026-06-30,1,"从2011年起,规模以上工业企业起点标准由原来的年主营业务收入500万元提高到年主营业务收入2000万元。",,
801130,纺织服饰,2120000019,盛泽化纤价格指数:化纤面料:涤纶长丝牛津布,Fiber Price Index: Chemical Fabric: Polyester Filament Oxford Cloth,日,点,当期值,,中国,盛泽外贸公共服务平台,getEcoDataIndTextileclothing,2006-01-01,2026-08-07,1,,,
801130,纺织服饰,2120000020,盛泽化纤价格指数:化纤面料:涤纶弹丝牛津布,Fiber Price Index: Chemical Fabric: Polyester Elater Oxford Cloth,日,点,当期值,,中国,盛泽外贸公共服务平台,getEcoDataIndTextileclothing,2006-01-01,2026-08-07,1,,,
801130,纺织服饰,2120000178,柯桥纺织价格指数:坯布类,Keqiao Textile: Price Index: Greige Cloth,周,点,当期值,,中国,中国柯桥纺织指数编制办公室,getEcoDataIndTextileclothing,2007-06-01,2026-07-31,1,,,
801130,纺织服饰,2120000179,柯桥纺织价格指数:坯布类:天然纤维,Keqiao Textile: Price Index: Natural Fiber Greige Cloth,周,点,当期值,,中国,中国柯桥纺织指数编制办公室,getEcoDataIndTextileclothing,2007-06-01,2026-07-31,1,,,
801130,纺织服饰,2120000181,柯桥纺织价格指数:坯布类:混纺纤维,Keqiao Textile: Price Index: Blend Fiber Greige Cloth,周,点,当期值,,中国,中国柯桥纺织指数编制办公室,getEcoDataIndTextileclothing,2007-06-01,2026-07-31,1,,,
801130,纺织服饰,2120000182,柯桥纺织价格指数:服装面料类,Keqiao Textile: Price Index: Garment Materials,周,点,当期值,,中国,中国柯桥纺织指数编制办公室,getEcoDataIndTextileclothing,2007-06-01,2026-07-31,1,,,
801130,纺织服饰,2120000185,柯桥纺织价格指数:涤纶面料类,Keqiao Textile: Price Index: Polyester Fabric,周,点,当期值,,中国,中国柯桥纺织指数编制办公室,getEcoDataIndTextileclothing,2007-06-01,2026-07-31,1,,,
801130,纺织服饰,2120000191,柯桥纺织价格指数:粘胶面料类,Keqiao Textile: Price Index: Viscose Fabric,周,点,当期值,,中国,中国柯桥纺织指数编制办公室,getEcoDataIndTextileclothing,2007-06-01,2026-07-31,1,,,
801130,纺织服饰,1020000608,收入增长率:纺织服装、服饰业,"Income Growth Rate: Textile And Garment, Shoes, Cap Manufacturing",月,%,当期值,全国,中国,国家统计局,getEcoDataChina,2011-02-28,2026-06-30,1,,,
801130,纺织服饰,1020000848,税前利润率:纺织服装、服饰业,"Pre-Tax Profit Margin: Textile And Garment, Shoes, Cap Manufacturing",月,%,当期值,全国,中国,国家统计局,getEcoDataChina,2001-02-28,2026-06-30,1,,,
801130,纺织服饰,1020000928,成本费用利润率:纺织服装、服饰业,"Profit-To-Cost Ratio: Textile And Garment, Shoes, Cap Manufacturing",月,%,当期值,全国,中国,国家统计局,getEcoDataChina,2003-02-28,2026-06-30,1,,,
801130,纺织服饰,1020006142,工业企业:单位数:纺织服装、服饰业:累计值,Number of Enterprises: Textile and Apparel Industry: Cumulative Value,月,个,累计值,全国,中国,国家统计局,getEcoDataChina,2001-02-28,2026-06-30,1,"从2011年起,规模以上工业企业起点标准由原来的年主营业务收入500万元提高到年主营业务收入2000万元。",,
801130,纺织服饰,1020006210,工业企业:亏损企业单位数:纺织服装、服饰业:累计值,Number of Loss-Making Enterprises: Textile and Apparel Industry: Cumulative Value,月,个,累计值,全国,中国,国家统计局,getEcoDataChina,2000-02-29,2026-06-30,1,"从2011年起,规模以上工业企业起点标准由原来的年主营业务收入500万元提高到年主营业务收入2000万元。",,
801130,纺织服饰,1020006212,工业企业:亏损企业单位数:纺织服装、服饰业:累计同比,Number of Loss-Making Enterprises: Textile and Apparel Industry: Cumulative YoY,月,%,累计同比,全国,中国,国家统计局,getEcoDataChina,2001-02-28,2026-06-30,1,"从2011年起,规模以上工业企业起点标准由原来的年主营业务收入500万元提高到年主营业务收入2000万元。",,
801130,纺织服饰,1020006336,工业企业:流动资产合计:纺织服装、服饰业:累计值,Total Current Assets: Textile and Apparel Industry: Cumulative Value,月,亿元,累计值,全国,中国,国家统计局,getEcoDataChina,2011-02-28,2026-06-30,1,"从2011年起,规模以上工业企业起点标准由原来的年主营业务收入500万元提高到年主营业务收入2000万元。",,
801130,纺织服饰,1020006338,工业企业:流动资产合计:纺织服装、服饰业:累计同比,Total Current Assets: Textile and Apparel Industry: Cumulative YoY,月,%,累计同比,全国,中国,国家统计局,getEcoDataChina,2012-02-29,2026-06-30,1,"从2011年起,规模以上工业企业起点标准由原来的年主营业务收入500万元提高到年主营业务收入2000万元。",,
801130,纺织服饰,1020006462,工业企业:应收账款:纺织服装、服饰业:累计值,Accounts Receivable: Textile and Apparel Industry: Cumulative Value,月,亿元,累计值,全国,中国,国家统计局,getEcoDataChina,2000-02-29,2026-06-30,1,"从2011年起,规模以上工业企业起点标准由原来的年主营业务收入500万元提高到年主营业务收入2000万元。",,
801130,纺织服饰,1020006464,工业企业:应收账款:纺织服装、服饰业:累计同比,Accounts Receivable: Textile and Apparel Industry: Cumulative YoY,月,%,累计同比,全国,中国,国家统计局,getEcoDataChina,2001-02-28,2026-06-30,1,"从2011年起,规模以上工业企业起点标准由原来的年主营业务收入500万元提高到年主营业务收入2000万元。",,
801130,纺织服饰,1020006588,工业企业:存货:纺织服装、服饰业:累计值,Inventory: Textile and Apparel Industry: Cumulative Value,月,亿元,累计值,全国,中国,国家统计局,getEcoDataChina,2011-02-28,2026-06-30,1,"从2011年起,规模以上工业企业起点标准由原来的年主营业务收入500万元提高到年主营业务收入2000万元。",,
801130,纺织服饰,1020006714,工业企业:产成品存货:纺织服装、服饰业:累计值,Finished Goods Inventory: Textile and Apparel Industry: Cumulative Value,月,亿元,累计值,全国,中国,国家统计局,getEcoDataChina,2000-02-29,2026-06-30,1,"从2011年起,规模以上工业企业起点标准由原来的年主营业务收入500万元提高到年主营业务收入2000万元。",,
801130,纺织服饰,1020006716,工业企业:产成品存货:纺织服装、服饰业:累计同比,Finished Goods Inventory: Textile and Apparel Industry: Cumulative YoY,月,%,累计同比,全国,中国,国家统计局,getEcoDataChina,2001-02-28,2026-06-30,1,"从2011年起,规模以上工业企业起点标准由原来的年主营业务收入500万元提高到年主营业务收入2000万元。",,
801130,纺织服饰,1020006840,工业企业:资产合计:纺织服装、服饰业:累计值,Total Assets: Textile and Apparel Industry: Cumulative Value,月,亿元,累计值,全国,中国,国家统计局,getEcoDataChina,2000-02-29,2026-06-30,1,"从2011年起,规模以上工业企业起点标准由原来的年主营业务收入500万元提高到年主营业务收入2000万元。",,
801140,轻工制造,2087006377,出口金额(美元):其他制造纸浆制品、纸制品或纸板制品的机器(8441):当月值,"Export Value (USD): Other Machines for Manufacturing Pulp, Paper or Paperboard Products(8441): Current Month Value",月,美元,当期值,中国,中国,海关总署,getEcoDataIndMachineryequipment,2015-01-31,2026-06-30,1,"HS编码""8441""中文全称为""其他制造纸浆制品、纸制品或纸板制品的机器,包括各种切纸机""",,
801140,轻工制造,2087006378,进口金额(美元):其他制造纸浆制品、纸制品或纸板制品的机器(8441):当月值,"Import Value (USD): Other Machines for Manufacturing Pulp, Paper or Paperboard Products(8441): Current Month Value",月,美元,当期值,中国,中国,海关总署,getEcoDataIndMachineryequipment,2015-01-31,2026-06-30,1,"HS编码""8441""中文全称为""其他制造纸浆制品、纸制品或纸板制品的机器,包括各种切纸机""",,
801140,轻工制造,2087006379,进出口金额(美元):其他制造纸浆制品、纸制品或纸板制品的机器(8441):当月值,"Import and Export Value (USD): Other Machines for Manufacturing Pulp, Paper or Paperboard Products(8441): Current Month Value",月,美元,当期值,中国,中国,海关总署,getEcoDataIndMachineryequipment,2015-01-31,2026-06-30,1,"HS编码""8441""中文全称为""其他制造纸浆制品、纸制品或纸板制品的机器,包括各种切纸机""",,
801140,轻工制造,2087006381,出口金额(美元):其他制造纸浆制品、纸制品或纸板制品的机器(8441):当月同比,"Export Value (USD): Other Machines for Manufacturing Pulp, Paper or Paperboard Products(8441): Mom",月,%,当期同比,中国,中国,海关总署,getEcoDataIndMachineryequipment,2016-01-31,2026-06-30,1,"HS编码""8441""中文全称为""其他制造纸浆制品、纸制品或纸板制品的机器,包括各种切纸机""",,
801140,轻工制造,2087006382,进口金额(美元):其他制造纸浆制品、纸制品或纸板制品的机器(8441):当月同比,"Import Value (USD): Other Machines for Manufacturing Pulp, Paper or Paperboard Products(8441): Mom",月,%,当期同比,中国,中国,海关总署,getEcoDataIndMachineryequipment,2016-01-31,2026-06-30,1,"HS编码""8441""中文全称为""其他制造纸浆制品、纸制品或纸板制品的机器,包括各种切纸机""",,
801140,轻工制造,2087006383,进出口金额(美元):其他制造纸浆制品、纸制品或纸板制品的机器(8441):当月同比,"Import and Export Value (USD): Other Machines for Manufacturing Pulp, Paper or Paperboard Products(8441): Mom",月,%,当期同比,中国,中国,海关总署,getEcoDataIndMachineryequipment,2016-01-31,2026-06-30,1,"HS编码""8441""中文全称为""其他制造纸浆制品、纸制品或纸板制品的机器,包括各种切纸机""",,
801140,轻工制造,2087006384,出口金额(美元):其他制造纸浆制品、纸制品或纸板制品的机器(8441):累计值,"Export Value (USD): Other Machines for Manufacturing Pulp, Paper or Paperboard Products(8441): Cumulative Value",月,美元,累计值,中国,中国,海关总署,getEcoDataIndMachineryequipment,2015-01-31,2026-06-30,1,"HS编码""8441""中文全称为""其他制造纸浆制品、纸制品或纸板制品的机器,包括各种切纸机""",,
801140,轻工制造,2087006385,进口金额(美元):其他制造纸浆制品、纸制品或纸板制品的机器(8441):累计值,"Import Value (USD): Other Machines for Manufacturing Pulp, Paper or Paperboard Products(8441): Cumulative Value",月,美元,累计值,中国,中国,海关总署,getEcoDataIndMachineryequipment,2015-01-31,2026-06-30,1,"HS编码""8441""中文全称为""其他制造纸浆制品、纸制品或纸板制品的机器,包括各种切纸机""",,
801140,轻工制造,2087006386,进出口金额(美元):其他制造纸浆制品、纸制品或纸板制品的机器(8441):累计值,"Import and Export Value (USD): Other Machines for Manufacturing Pulp, Paper or Paperboard Products(8441): Cumulative Value",月,美元,累计值,中国,中国,海关总署,getEcoDataIndMachineryequipment,2015-01-31,2026-06-30,1,"HS编码""8441""中文全称为""其他制造纸浆制品、纸制品或纸板制品的机器,包括各种切纸机""",,
801140,轻工制造,2087006388,出口金额(美元):其他制造纸浆制品、纸制品或纸板制品的机器(8441):累计同比,"Export Value (USD): Other Machines for Manufacturing Pulp, Paper or Paperboard Products(8441): Cumulative yoy",月,%,累计同比,中国,中国,海关总署,getEcoDataIndMachineryequipment,2016-01-31,2026-06-30,1,"HS编码""8441""中文全称为""其他制造纸浆制品、纸制品或纸板制品的机器,包括各种切纸机""",,
801140,轻工制造,2087006389,进口金额(美元):其他制造纸浆制品、纸制品或纸板制品的机器(8441):累计同比,"Import Value (USD): Other Machines for Manufacturing Pulp, Paper or Paperboard Products(8441): Cumulative yoy",月,%,累计同比,中国,中国,海关总署,getEcoDataIndMachineryequipment,2016-01-31,2026-06-30,1,"HS编码""8441""中文全称为""其他制造纸浆制品、纸制品或纸板制品的机器,包括各种切纸机""",,
801140,轻工制造,2087006390,进出口金额(美元):其他制造纸浆制品、纸制品或纸板制品的机器(8441):累计同比,"Import and Export Value (USD): Other Machines for Manufacturing Pulp, Paper or Paperboard Products(8441): Cumulative yoy",月,%,累计同比,中国,中国,海关总署,getEcoDataIndMachineryequipment,2016-01-31,2026-06-30,1,"HS编码""8441""中文全称为""其他制造纸浆制品、纸制品或纸板制品的机器,包括各种切纸机""",,
801140,轻工制造,2087009977,出口金额(美元):其他制造纸浆制品、纸制品或纸板制品的机器(844180):当月值,"Export Value (USD): Other Machines For Manufacturing Pulp, Paper Or Paperboard Products(844180): Current Month Value",月,美元,当期值,中国,中国,海关总署,getEcoDataIndMachineryequipment,2015-01-31,2026-06-30,1,,,
801140,轻工制造,2087009978,进口金额(美元):其他制造纸浆制品、纸制品或纸板制品的机器(844180):当月值,"Import Value (USD): Other Machines For Manufacturing Pulp, Paper Or Paperboard Products(844180): Current Month Value",月,美元,当期值,中国,中国,海关总署,getEcoDataIndMachineryequipment,2015-01-31,2026-06-30,1,,,
801140,轻工制造,2087009979,进出口金额(美元):其他制造纸浆制品、纸制品或纸板制品的机器(844180):当月值,"Import And Export Value (USD): Other Machines For Manufacturing Pulp, Paper Or Paperboard Products(844180): Current Month Value",月,美元,当期值,中国,中国,海关总署,getEcoDataIndMachineryequipment,2015-01-31,2026-06-30,1,,,
801140,轻工制造,2087009981,出口金额(美元):其他制造纸浆制品、纸制品或纸板制品的机器(844180):当月同比,"Export Value (USD): Other Machines For Manufacturing Pulp, Paper Or Paperboard Products(844180): Mom",月,%,当期同比,中国,中国,海关总署,getEcoDataIndMachineryequipment,2016-01-31,2026-06-30,1,,,
801140,轻工制造,2087009982,进口金额(美元):其他制造纸浆制品、纸制品或纸板制品的机器(844180):当月同比,"Import Value (USD): Other Machines For Manufacturing Pulp, Paper Or Paperboard Products(844180): Mom",月,%,当期同比,中国,中国,海关总署,getEcoDataIndMachineryequipment,2016-01-31,2026-06-30,1,,,
801140,轻工制造,2087009983,进出口金额(美元):其他制造纸浆制品、纸制品或纸板制品的机器(844180):当月同比,"Import And Export Value (USD): Other Machines For Manufacturing Pulp, Paper Or Paperboard Products(844180): Mom",月,%,当期同比,中国,中国,海关总署,getEcoDataIndMachineryequipment,2016-01-31,2026-06-30,1,,,
801140,轻工制造,2087009984,出口金额(美元):其他制造纸浆制品、纸制品或纸板制品的机器(844180):累计值,"Export Value (USD): Other Machines For Manufacturing Pulp, Paper Or Paperboard Products(844180): Cumulative Value",月,美元,累计值,中国,中国,海关总署,getEcoDataIndMachineryequipment,2015-01-31,2026-06-30,1,,,
801140,轻工制造,2087009985,进口金额(美元):其他制造纸浆制品、纸制品或纸板制品的机器(844180):累计值,"Import Value (USD): Other Machines For Manufacturing Pulp, Paper Or Paperboard Products(844180): Cumulative Value",月,美元,累计值,中国,中国,海关总署,getEcoDataIndMachineryequipment,2015-01-31,2026-06-30,1,,,
801140,轻工制造,2087009986,进出口金额(美元):其他制造纸浆制品、纸制品或纸板制品的机器(844180):累计值,"Import And Export Value (USD): Other Machines For Manufacturing Pulp, Paper Or Paperboard Products(844180): Cumulative Value",月,美元,累计值,中国,中国,海关总署,getEcoDataIndMachineryequipment,2015-01-31,2026-06-30,1,,,
801140,轻工制造,2087009988,出口金额(美元):其他制造纸浆制品、纸制品或纸板制品的机器(844180):累计同比,"Export Value (USD): Other Machines For Manufacturing Pulp, Paper Or Paperboard Products(844180): Cumulative Yoy",月,%,累计同比,中国,中国,海关总署,getEcoDataIndMachineryequipment,2016-01-31,2026-06-30,1,,,
801140,轻工制造,2087009989,进口金额(美元):其他制造纸浆制品、纸制品或纸板制品的机器(844180):累计同比,"Import Value (USD): Other Machines For Manufacturing Pulp, Paper Or Paperboard Products(844180): Cumulative Yoy",月,%,累计同比,中国,中国,海关总署,getEcoDataIndMachineryequipment,2016-01-31,2026-06-30,1,,,
801140,轻工制造,2087009990,进出口金额(美元):其他制造纸浆制品、纸制品或纸板制品的机器(844180):累计同比,"Import And Export Value (USD): Other Machines For Manufacturing Pulp, Paper Or Paperboard Products(844180): Cumulative Yoy",月,%,累计同比,中国,中国,海关总署,getEcoDataIndMachineryequipment,2016-01-31,2026-06-30,1,,,
801140,轻工制造,2087030836,出口金额(美元):其他制造纸浆制品、纸制品或纸板制品的机器(84418090):当月值,"Export Value (USD): Other Machines For Manufacturing Pulp, Paper Or Paperboard Products(84418090): Current Month Value",月,美元,当期值,中国,中国,海关总署,getEcoDataIndMachineryequipment,2015-01-31,2026-06-30,1,,,
801140,轻工制造,2087030837,进口金额(美元):其他制造纸浆制品、纸制品或纸板制品的机器(84418090):当月值,"Import Value (USD): Other Machines For Manufacturing Pulp, Paper Or Paperboard Products(84418090): Current Month Value",月,美元,当期值,中国,中国,海关总署,getEcoDataIndMachineryequipment,2015-01-31,2026-06-30,1,,,
801140,轻工制造,2087030838,进出口金额(美元):其他制造纸浆制品、纸制品或纸板制品的机器(84418090):当月值,"Import And Export Value (USD): Other Machines For Manufacturing Pulp, Paper Or Paperboard Products(84418090): Current Month Value",月,美元,当期值,中国,中国,海关总署,getEcoDataIndMachineryequipment,2015-01-31,2026-06-30,1,,,
801140,轻工制造,2087030840,出口金额(美元):其他制造纸浆制品、纸制品或纸板制品的机器(84418090):当月同比,"Export Value (USD): Other Machines For Manufacturing Pulp, Paper Or Paperboard Products(84418090): Mom",月,%,当期同比,中国,中国,海关总署,getEcoDataIndMachineryequipment,2016-01-31,2026-06-30,1,,,
801140,轻工制造,2087030841,进口金额(美元):其他制造纸浆制品、纸制品或纸板制品的机器(84418090):当月同比,"Import Value (USD): Other Machines For Manufacturing Pulp, Paper Or Paperboard Products(84418090): Mom",月,%,当期同比,中国,中国,海关总署,getEcoDataIndMachineryequipment,2016-01-31,2026-06-30,1,,,
801140,轻工制造,2087030842,进出口金额(美元):其他制造纸浆制品、纸制品或纸板制品的机器(84418090):当月同比,"Import And Export Value (USD): Other Machines For Manufacturing Pulp, Paper Or Paperboard Products(84418090): Mom",月,%,当期同比,中国,中国,海关总署,getEcoDataIndMachineryequipment,2016-01-31,2026-06-30,1,,,
801150,医药生物,1040018850,PPI:化学药品原料药制造业(上年同月=100),PPI: Chemical Medicine Materials (CYoY=100),月,上年同月=100,当期值,全国,中国,国家统计局,getEcoDataChina,2014-01-31,2026-06-30,1,,,
801150,医药生物,1040019066,PPI:化学药品原料药制造业:当月同比,PPI: Chemical Medicine Materials: Month YoY,月,%,当期同比,全国,中国,国家统计局,getEcoDataChina,2014-01-31,2026-06-30,1,,,
801150,医药生物,1020008253,工业企业:利润总额:医药制造业:累计值,Total Profit: Pharmaceutical Manufacturing Industry: Cumulative Value,月,亿元,累计值,全国,中国,国家统计局,getEcoDataChina,2000-02-29,2026-06-30,1,"从2011年起,规模以上工业企业起点标准由原来的年主营业务收入500万元提高到年主营业务收入2000万元。",,
801150,医药生物,1020010190,工业企业:营业利润:医药制造业:累计值,Operating Profit: Pharmaceutical Manufacturing Industry: Cumulative Value,月,亿元,累计值,全国,中国,国家统计局,getEcoDataChina,2017-02-28,2026-06-30,1,"从2011年起,规模以上工业企业起点标准由原来的年主营业务收入500万元提高到年主营业务收入2000万元。",,
801150,医药生物,1020010232,工业企业:营业利润:医药制造业:累计同比,Operating Profit: Pharmaceutical Manufacturing Industry: Cumulative YoY,月,%,累计同比,全国,中国,国家统计局,getEcoDataChina,2018-02-28,2026-06-30,1,"从2011年起,规模以上工业企业起点标准由原来的年主营业务收入500万元提高到年主营业务收入2000万元。",,
801150,医药生物,1020010273,工业企业:投资收益:医药制造业:累计值,Investment Return: Pharmaceutical Manufacturing Industry: Cumulative Value,月,亿元,累计值,全国,中国,国家统计局,getEcoDataChina,2017-02-28,2026-06-30,1,"从2011年起,规模以上工业企业起点标准由原来的年主营业务收入500万元提高到年主营业务收入2000万元。",,
801150,医药生物,1020010315,工业企业:投资收益:医药制造业:累计同比,Investment Return: Pharmaceutical Manufacturing Industry: Cumulative YoY,月,%,累计同比,全国,中国,国家统计局,getEcoDataChina,2018-02-28,2026-06-30,1,"从2011年起,规模以上工业企业起点标准由原来的年主营业务收入500万元提高到年主营业务收入2000万元。",,
801150,医药生物,1020000151,出口交货值:医药制造业:当期值,Export Delivery Value: Pharmaceutical Manufacturing: Current Value,月,亿元,当期值,全国,中国,国家统计局,getEcoDataChina,2007-02-28,2026-06-30,1,,,
801150,医药生物,1020000192,出口交货值:医药制造业:当月同比,Export Delivery Value: Pharmaceutical Manufacturing: Current YoY (Month),月,%,当期同比,全国,中国,国家统计局,getEcoDataChina,2007-02-28,2026-06-30,1,,,
801150,医药生物,1020000234,出口交货值:医药制造业:累计值,Export Delivery Value: Pharmaceutical Manufacturing: Cumulative Value,月,亿元,累计值,全国,中国,国家统计局,getEcoDataChina,2007-02-28,2026-06-30,1,,,
801150,医药生物,1020000275,出口交货值:医药制造业:累计同比,Export Delivery Value: Pharmaceutical Manufacturing: Cumulative YoY,月,%,累计同比,全国,中国,国家统计局,getEcoDataChina,2007-02-28,2026-06-30,1,,,
801150,医药生物,1020000617,收入增长率:医药制造业,Income Growth Rate: Pharmaceutical Manufacturing,月,%,当期值,全国,中国,国家统计局,getEcoDataChina,2011-02-28,2026-06-30,1,,,
801150,医药生物,1020000857,税前利润率:医药制造业,Pre-Tax Profit Margin: Pharmaceutical Manufacturing,月,%,当期值,全国,中国,国家统计局,getEcoDataChina,2000-02-29,2026-06-30,1,,,
801150,医药生物,1020000937,成本费用利润率:医药制造业,Profit-To-Cost Ratio: Pharmaceutical Manufacturing,月,%,当期值,全国,中国,国家统计局,getEcoDataChina,2003-02-28,2026-06-30,1,,,
801150,医药生物,1020006151,工业企业:单位数:医药制造业:累计值,Number of Enterprises: Pharmaceutical Manufacturing Industry: Cumulative Value,月,个,累计值,全国,中国,国家统计局,getEcoDataChina,2001-02-28,2026-06-30,1,"从2011年起,规模以上工业企业起点标准由原来的年主营业务收入500万元提高到年主营业务收入2000万元。",,
801150,医药生物,1020006237,工业企业:亏损企业单位数:医药制造业:累计值,Number of Loss-Making Enterprises: Pharmaceutical Manufacturing Industry: Cumulative Value,月,个,累计值,全国,中国,国家统计局,getEcoDataChina,2000-02-29,2026-06-30,1,"从2011年起,规模以上工业企业起点标准由原来的年主营业务收入500万元提高到年主营业务收入2000万元。",,
801150,医药生物,1020006239,工业企业:亏损企业单位数:医药制造业:累计同比,Number of Loss-Making Enterprises: Pharmaceutical Manufacturing Industry: Cumulative YoY,月,%,累计同比,全国,中国,国家统计局,getEcoDataChina,2001-02-28,2026-06-30,1,"从2011年起,规模以上工业企业起点标准由原来的年主营业务收入500万元提高到年主营业务收入2000万元。",,
801150,医药生物,1020006363,工业企业:流动资产合计:医药制造业:累计值,Total Current Assets: Pharmaceutical Manufacturing Industry: Cumulative Value,月,亿元,累计值,全国,中国,国家统计局,getEcoDataChina,2011-02-28,2026-06-30,1,"从2011年起,规模以上工业企业起点标准由原来的年主营业务收入500万元提高到年主营业务收入2000万元。",,
801150,医药生物,1020006365,工业企业:流动资产合计:医药制造业:累计同比,Total Current Assets: Pharmaceutical Manufacturing Industry: Cumulative YoY,月,%,累计同比,全国,中国,国家统计局,getEcoDataChina,2012-02-29,2026-06-30,1,"从2011年起,规模以上工业企业起点标准由原来的年主营业务收入500万元提高到年主营业务收入2000万元。",,
801150,医药生物,1020006489,工业企业:应收账款:医药制造业:累计值,Accounts Receivable: Pharmaceutical Manufacturing Industry: Cumulative Value,月,亿元,累计值,全国,中国,国家统计局,getEcoDataChina,2000-02-29,2026-06-30,1,"从2011年起,规模以上工业企业起点标准由原来的年主营业务收入500万元提高到年主营业务收入2000万元。",,
801150,医药生物,1020006491,工业企业:应收账款:医药制造业:累计同比,Accounts Receivable: Pharmaceutical Manufacturing Industry: Cumulative YoY,月,%,累计同比,全国,中国,国家统计局,getEcoDataChina,2001-02-28,2026-06-30,1,"从2011年起,规模以上工业企业起点标准由原来的年主营业务收入500万元提高到年主营业务收入2000万元。",,
801150,医药生物,1020006615,工业企业:存货:医药制造业:累计值,Inventory: Pharmaceutical Manufacturing Industry: Cumulative Value,月,亿元,累计值,全国,中国,国家统计局,getEcoDataChina,2011-02-28,2026-06-30,1,"从2011年起,规模以上工业企业起点标准由原来的年主营业务收入500万元提高到年主营业务收入2000万元。",,
801150,医药生物,1020006617,工业企业:存货:医药制造业:累计同比,Inventory: Pharmaceutical Manufacturing Industry: Cumulative YoY,月,%,累计同比,全国,中国,国家统计局,getEcoDataChina,2012-02-29,2026-06-30,1,"从2011年起,规模以上工业企业起点标准由原来的年主营业务收入500万元提高到年主营业务收入2000万元。",,
801150,医药生物,1020006741,工业企业:产成品存货:医药制造业:累计值,Finished Goods Inventory: Pharmaceutical Manufacturing Industry: Cumulative Value,月,亿元,累计值,全国,中国,国家统计局,getEcoDataChina,2000-02-29,2026-06-30,1,"从2011年起,规模以上工业企业起点标准由原来的年主营业务收入500万元提高到年主营业务收入2000万元。",,
801150,医药生物,1020006743,工业企业:产成品存货:医药制造业:累计同比,Finished Goods Inventory: Pharmaceutical Manufacturing Industry: Cumulative YoY,月,%,累计同比,全国,中国,国家统计局,getEcoDataChina,2001-02-28,2026-06-30,1,"从2011年起,规模以上工业企业起点标准由原来的年主营业务收入500万元提高到年主营业务收入2000万元。",,
801150,医药生物,1020006867,工业企业:资产合计:医药制造业:累计值,Total Assets: Pharmaceutical Manufacturing Industry: Cumulative Value,月,亿元,累计值,全国,中国,国家统计局,getEcoDataChina,2000-02-29,2026-06-30,1,"从2011年起,规模以上工业企业起点标准由原来的年主营业务收入500万元提高到年主营业务收入2000万元。",,
801150,医药生物,1020006869,工业企业:资产合计:医药制造业:累计同比,Total Assets: Pharmaceutical Manufacturing Industry: Cumulative YoY,月,%,累计同比,全国,中国,国家统计局,getEcoDataChina,2001-02-28,2026-06-30,1,"从2011年起,规模以上工业企业起点标准由原来的年主营业务收入500万元提高到年主营业务收入2000万元。",,
801150,医药生物,1020006993,工业企业:负债合计:医药制造业:累计值,Total Liabilities: Pharmaceutical Manufacturing Industry: Cumulative Value,月,亿元,累计值,全国,中国,国家统计局,getEcoDataChina,2000-02-29,2026-06-30,1,"从2011年起,规模以上工业企业起点标准由原来的年主营业务收入500万元提高到年主营业务收入2000万元。",,
801150,医药生物,1020006995,工业企业:负债合计:医药制造业:累计同比,Total Liabilities: Pharmaceutical Manufacturing Industry: Cumulative YoY,月,%,累计同比,全国,中国,国家统计局,getEcoDataChina,2001-02-28,2026-06-30,1,"从2011年起,规模以上工业企业起点标准由原来的年主营业务收入500万元提高到年主营业务收入2000万元。",,
801150,医药生物,1020007119,工业企业:营业收入:医药制造业:累计值,Revenue from Operations: Pharmaceutical Manufacturing: Cumulative Value,月,亿元,累计值,全国,中国,国家统计局,getEcoDataChina,2016-02-29,2026-06-30,1,"从2011年起,规模以上工业企业起点标准由原来的年主营业务收入500万元提高到年主营业务收入2000万元。",,
801160,公用事业,1020001543,发电量:总发电量:当月值,Electricity Generating Capacity: Current Value (Month),月,亿千瓦时,当期值,全国,中国,国家统计局,getEcoDataChina,1989-02-28,2026-06-30,1,规模以上电厂统计数据、与中电联公布的全社会用电量统计口径不一致,,
801160,公用事业,1020001544,发电量:火电:当月值,Output: Thermal Power: Current,月,亿千瓦时,当期值,全国,中国,国家统计局,getEcoDataChina,1989-02-28,2026-06-30,1,,,
801160,公用事业,1020001545,发电量:水电:当月值,Output: Hydropower: Current,月,亿千瓦时,当期值,全国,中国,国家统计局,getEcoDataChina,1986-02-28,2026-06-30,1,,,
801160,公用事业,1020001610,发电量:火电:当月同比,Output: Thermal Power: YoY,月,%,当期同比,全国,中国,国家统计局,getEcoDataChina,1997-02-28,2026-06-30,1,,,
801160,公用事业,1020001611,发电量:水电:当月同比,Output: Hydropower: YoY,月,%,当期同比,全国,中国,国家统计局,getEcoDataChina,1997-02-28,2026-06-30,1,,,
801160,公用事业,1020001676,发电量:火电:累计值,Thermal Power: Cumulative,月,亿千瓦时,累计值,全国,中国,国家统计局,getEcoDataChina,1989-02-28,2026-06-30,1,,,
801160,公用事业,1020001677,发电量:水电:累计值,Hydropower: Cumulative,月,亿千瓦时,累计值,全国,中国,国家统计局,getEcoDataChina,1989-02-28,2026-06-30,1,,,
801160,公用事业,1020001742,发电量:火电:累计同比,Output: Thermal Power: Cumulative YoY,月,%,累计同比,全国,中国,国家统计局,getEcoDataChina,1989-02-28,2026-06-30,1,,,
801160,公用事业,1020001743,发电量:水电:累计同比,Output: Hydropower: Cumulative YoY,月,%,累计同比,全国,中国,国家统计局,getEcoDataChina,1989-02-28,2026-06-30,1,,,
801160,公用事业,2020101512,发电量比重:火电:当月值,Electricity Share:rmal Power,月,%,当期值,,中国,Datayes!,getEcoDataIndEnergy,1989-01-31,2026-06-30,1,,,
801160,公用事业,2020101513,发电量比重:火电:累计值,Electricity Share:rmal Power: YTD,月,%,累计值,,中国,Datayes!,getEcoDataIndEnergy,1989-01-31,2026-06-30,1,,,
801160,公用事业,2020101514,发电量比重:水电:当月值,Electricity Share: HydroPower,月,%,当期值,,中国,Datayes!,getEcoDataIndEnergy,1989-01-31,2026-06-30,1,,,
801160,公用事业,2020101515,发电量比重:水电:累计值,Electricity Share: HydroPower: YTD,月,%,累计值,,中国,Datayes!,getEcoDataIndEnergy,1989-01-31,2026-06-30,1,,,
801160,公用事业,2020101516,发电量比重:核电:当月值,Electricity Share: Nuclear Power,月,%,当期值,,中国,Datayes!,getEcoDataIndEnergy,1995-01-31,2026-06-30,1,,,
801160,公用事业,2020101517,发电量比重:核电:累计值,Electricity Share: Nuclear Power: YTD,月,%,累计值,,中国,Datayes!,getEcoDataIndEnergy,1995-01-31,2026-06-30,1,,,
801160,公用事业,2020101518,发电量比重:风电:当月值,Electricity Share: Wind Power,月,%,当期值,,中国,Datayes!,getEcoDataIndEnergy,2009-09-30,2026-06-30,1,,,
801160,公用事业,2020101519,发电量比重:风电:累计值,Electricity Share: Wind Power: YTD,月,%,累计值,,中国,Datayes!,getEcoDataIndEnergy,2009-09-30,2026-06-30,1,,,
801160,公用事业,2020653122,太阳能发电量:当月值:安徽省,Solar Power Generation Capacity: Current Value (Month): Anhui,月,万千瓦时,当期值,安徽省,中国,国家统计局,getEcoDataIndEnergy,2016-05-31,2026-06-30,1,,,
801160,公用事业,2020653124,太阳能发电量:当月值:北京市,Solar Power Generation Capacity: Current Value (Month): Beijing,月,万千瓦时,当期值,北京市,中国,国家统计局,getEcoDataIndEnergy,2016-05-31,2026-06-30,1,,,
801160,公用事业,2020653125,太阳能发电量:当月值:福建省,Solar Power Generation Capacity: Current Value (Month): Fujian,月,万千瓦时,当期值,福建省,中国,国家统计局,getEcoDataIndEnergy,2016-05-31,2026-06-30,1,,,
801160,公用事业,2020653126,太阳能发电量:当月值:甘肃省,Solar Power Generation Capacity: Current Value (Month): Gansu,月,万千瓦时,当期值,甘肃省,中国,国家统计局,getEcoDataIndEnergy,2016-05-31,2026-06-30,1,,,
801160,公用事业,2020653127,太阳能发电量:当月值:广东省,Solar Power Generation Capacity: Current Value (Month): Guangdong,月,万千瓦时,当期值,广东省,中国,国家统计局,getEcoDataIndEnergy,2016-05-31,2026-06-30,1,,,
801160,公用事业,2020653128,太阳能发电量:当月值:广西壮族自治区,Solar Power Generation Capacity: Current Value (Month): Guangxi,月,万千瓦时,当期值,广西壮族自治区,中国,国家统计局,getEcoDataIndEnergy,2016-05-31,2026-06-30,1,,,
801160,公用事业,2020653129,太阳能发电量:当月值:贵州省,Solar Power Generation Capacity: Current Value (Month): Guizhou,月,万千瓦时,当期值,贵州省,中国,国家统计局,getEcoDataIndEnergy,2016-05-31,2026-06-30,1,,,
801160,公用事业,2020653130,太阳能发电量:当月值:海南省,Solar Power Generation Capacity: Current Value (Month): Hainan,月,万千瓦时,当期值,海南省,中国,国家统计局,getEcoDataIndEnergy,2016-05-31,2026-06-30,1,,,
801160,公用事业,2020653131,太阳能发电量:当月值:河北省,Solar Power Generation Capacity: Current Value (Month): Hebei,月,万千瓦时,当期值,河北省,中国,国家统计局,getEcoDataIndEnergy,2016-05-31,2026-06-30,1,,,
801160,公用事业,2020653132,太阳能发电量:当月值:河南省,Solar Power Generation Capacity: Current Value (Month): Henan,月,万千瓦时,当期值,河南省,中国,国家统计局,getEcoDataIndEnergy,2016-05-31,2026-06-30,1,,,
801160,公用事业,2020653133,太阳能发电量:当月值:黑龙江省,Solar Power Generation Capacity: Current Value (Month): Heilongjiang,月,万千瓦时,当期值,黑龙江省,中国,国家统计局,getEcoDataIndEnergy,2016-05-31,2026-06-30,1,,,
801160,公用事业,2020653134,太阳能发电量:当月值:湖北省,Solar Power Generation Capacity: Current Value (Month): Hubei,月,万千瓦时,当期值,湖北省,中国,国家统计局,getEcoDataIndEnergy,2016-05-31,2026-06-30,1,,,
801160,公用事业,2020653135,太阳能发电量:当月值:湖南省,Solar Power Generation Capacity: Current Value (Month): Hunan,月,万千瓦时,当期值,湖南省,中国,国家统计局,getEcoDataIndEnergy,2016-05-31,2026-06-30,1,,,
801170,交通运输,2070000108,中国公路物流运价指数:当周值,Logistics Freight Index of China Highway,周,2012年12月=1000,当期值,,中国,中国物流与采购网,getEcoDataIndTraffictransport,2013-01-04,2026-08-07,1,,,
801170,交通运输,2070000109,中国公路物流运价指数:当周环比,Logistics Freight Index of China Highway: WoW,周,%,当期环比,,中国,中国物流与采购网,getEcoDataIndTraffictransport,2013-01-04,2026-08-07,1,,,
801170,交通运输,2070000112,中国公路物流运价指数:整车:当周值,Logistics Freight Index of China Highway: Vehicle,周,2012年12月=1000,当期值,,中国,中国物流与采购网,getEcoDataIndTraffictransport,2013-01-04,2026-08-07,1,,,
801170,交通运输,2070000113,中国公路物流运价指数:整车:当周环比,Logistics Freight Index of China Highway: Vehicle: WoW,周,%,当期环比,,中国,中国物流与采购网,getEcoDataIndTraffictransport,2013-01-04,2026-08-07,1,,,
801170,交通运输,2070000116,中国公路物流运价指数:零担轻货:当周值,Logistics Freight Index of China Highway: LTL Light Cargo,周,2012年12月=1000,当期值,,中国,中国物流与采购网,getEcoDataIndTraffictransport,2013-01-04,2026-08-07,1,,,
801170,交通运输,2070000117,中国公路物流运价指数:零担轻货:当周环比,Logistics Freight Index of China Highway: LTL Light Cargo: WoW,周,%,当期环比,,中国,中国物流与采购网,getEcoDataIndTraffictransport,2013-01-04,2026-08-07,1,,,
801170,交通运输,2070000120,中国公路物流运价指数:零担重货:当周值,Logistics Freight Index of China Highway: LTL Heavy Cargo,周,2012年12月=1000,当期值,,中国,中国物流与采购网,getEcoDataIndTraffictransport,2013-01-04,2026-08-07,1,,,
801170,交通运输,2070000121,中国公路物流运价指数:零担重货:当周环比,Logistics Freight Index of China Highway: LTL Heavy Cargo: WoW,周,%,当期环比,,中国,中国物流与采购网,getEcoDataIndTraffictransport,2013-01-04,2026-08-07,1,,,
801170,交通运输,2160002853,中国公路物流运价指数:华北:当周值,Logistics Area Index: North China,周,点,当期值,中国大陆,中国,中国公路物流运价指数,getEcoDataIndTraffictransport,2013-01-02,2026-08-05,1,,,
801170,交通运输,2160002854,中国公路物流运价指数:东北:当周值,Logistics Area Index: Northeast China,周,点,当期值,中国大陆,中国,中国公路物流运价指数,getEcoDataIndTraffictransport,2013-01-02,2026-08-05,1,,,
801170,交通运输,2160002855,中国公路物流运价指数:山东半岛:当周值,Logistics Area Index: Shandong Peninsula,周,点,当期值,中国大陆,中国,中国公路物流运价指数,getEcoDataIndTraffictransport,2013-01-02,2026-08-05,1,,,
801170,交通运输,2160002856,中国公路物流运价指数:长三角:当周值,Logistics Area Index: Yangtze River Delta,周,点,当期值,中国大陆,中国,中国公路物流运价指数,getEcoDataIndTraffictransport,2013-01-02,2026-08-05,1,,,
801170,交通运输,2160002857,中国公路物流运价指数:东南沿海:当周值,Logistics Area Index: Southeast Coast,周,点,当期值,中国大陆,中国,中国公路物流运价指数,getEcoDataIndTraffictransport,2013-01-02,2026-08-05,1,,,
801170,交通运输,2160002858,中国公路物流运价指数:西北:当周值,Logistics Area Index: Northwest China,周,点,当期值,中国大陆,中国,中国公路物流运价指数,getEcoDataIndTraffictransport,2013-01-02,2026-08-05,1,,,
801170,交通运输,2160002859,中国公路物流运价指数:西南:当周值,Logistics Area Index: Southwest China,周,点,当期值,中国大陆,中国,中国公路物流运价指数,getEcoDataIndTraffictransport,2013-01-02,2026-08-05,1,,,
801170,交通运输,2160002860,中国公路物流运价指数:华中:当周值,Logistics Area Index: Central China,周,点,当期值,中国大陆,中国,中国公路物流运价指数,getEcoDataIndTraffictransport,2013-01-02,2026-08-05,1,,,
801170,交通运输,2160002861,中国公路物流运价指数:珠三角:当周值,Logistics Area Index: Pearl River Delta,周,点,当期值,中国大陆,中国,中国公路物流运价指数,getEcoDataIndTraffictransport,2013-01-02,2026-08-05,1,,,
801170,交通运输,2160002900,中国公路物流运价指数:吉林-哈尔滨:当周值,Transportation Route Index: Jilin-Harbin,周,点,当期值,中国大陆,中国,中国公路物流运价指数,getEcoDataIndTraffictransport,2013-01-02,2026-08-05,1,,,
801170,交通运输,2160002901,中国公路物流运价指数:吉林-大连:当周值,Transportation Route Index: Jilin-Dalian,周,点,当期值,中国大陆,中国,中国公路物流运价指数,getEcoDataIndTraffictransport,2013-01-02,2026-08-05,1,,,
801170,交通运输,2160002902,中国公路物流运价指数:吉林-沈阳:当周值,Transportation Route Index: Jilin-Shenyang,周,点,当期值,中国大陆,中国,中国公路物流运价指数,getEcoDataIndTraffictransport,2013-01-02,2026-08-05,1,,,
801170,交通运输,2160002903,中国公路物流运价指数:吉林-长春:当周值,Transportation Route Index: Jilin-Changchun,周,点,当期值,中国大陆,中国,中国公路物流运价指数,getEcoDataIndTraffictransport,2013-01-02,2026-08-05,1,,,
801170,交通运输,2160002904,中国公路物流运价指数:吉林-厦门:当周值,Transportation Route Index: Jilin-Xiamen,周,点,当期值,中国大陆,中国,中国公路物流运价指数,getEcoDataIndTraffictransport,2013-01-02,2026-08-05,1,,,
801170,交通运输,2160002905,中国公路物流运价指数:吉林-福州:当周值,Transportation Route Index: Jilin-Fuzhou,周,点,当期值,中国大陆,中国,中国公路物流运价指数,getEcoDataIndTraffictransport,2013-01-02,2026-08-05,1,,,
801170,交通运输,2160002906,中国公路物流运价指数:吉林-南昌:当周值,Transportation Route Index: Jilin-Nanchang,周,点,当期值,中国大陆,中国,中国公路物流运价指数,getEcoDataIndTraffictransport,2013-01-02,2026-08-05,1,,,
801170,交通运输,2160002907,中国公路物流运价指数:吉林-武汉:当周值,Transportation Route Index: Jilin-Wuhan,周,点,当期值,中国大陆,中国,中国公路物流运价指数,getEcoDataIndTraffictransport,2013-01-02,2026-08-05,1,,,
801170,交通运输,2160002908,中国公路物流运价指数:吉林-郑州:当周值,Transportation Route Index: Jilin-Zhengzhou,周,点,当期值,中国大陆,中国,中国公路物流运价指数,getEcoDataIndTraffictransport,2013-01-02,2026-08-05,1,,,
801170,交通运输,2160002909,中国公路物流运价指数:吉林-长沙:当周值,Transportation Route Index: Jilin-Changsha,周,点,当期值,中国大陆,中国,中国公路物流运价指数,getEcoDataIndTraffictransport,2013-01-02,2026-08-05,1,,,
801170,交通运输,2160002910,中国公路物流运价指数:吉林-北京:当周值,Transportation Route Index: Jilin-Beijing,周,点,当期值,中国大陆,中国,中国公路物流运价指数,getEcoDataIndTraffictransport,2013-01-02,2026-08-05,1,,,
801170,交通运输,2160002911,中国公路物流运价指数:吉林-呼和浩特:当周值,Transportation Route Index: Jilin-Hohhot,周,点,当期值,中国大陆,中国,中国公路物流运价指数,getEcoDataIndTraffictransport,2013-01-02,2026-08-05,1,,,
801170,交通运输,2160002912,中国公路物流运价指数:吉林-唐山:当周值,Transportation Route Index: Jilin-Tangshan,周,点,当期值,中国大陆,中国,中国公路物流运价指数,getEcoDataIndTraffictransport,2013-01-02,2026-08-05,1,,,
801180,房地产,1050000005,房地产开发投资完成额:累计值,Real Estate Development Investment Completed Amount: Cumulative Value,月,亿元,累计值,全国,中国,国家统计局,getEcoDataChina,1991-02-28,2026-06-30,1,"房地产开发投资指各种登记注册类型的房地产开发法人单位统一开发的包括统代建、拆迁还建的住宅、厂房、仓库、饭店、宾馆、度假村、写字楼、办公楼等房屋建筑物,配套的服务设施,土地开发工程(如道路、给水、排水、供电、供热、通讯、平整场地等基础设施工程)和土地购置的投资;不包括单纯的土地开发和交易活动。",,
801180,房地产,2170002039,商品房待售面积:住宅:累计值,Area for sale of Commercial Residential: Residential: YTD,月,万平方米,累计值,,中国,国家统计局,getEcoDataIndRealestate,2011-12-31,2026-06-30,1,,,
801180,房地产,2170002040,商品房待售面积:住宅:累计同比,Area for sale of Commercial Residential: Residential: YTD: YoY,月,%,累计同比,,中国,国家统计局,getEcoDataIndRealestate,2011-12-31,2026-06-30,1,,,
801180,房地产,2170926746,30大中城市:商品房成交面积:二线城市,30 Large and Medium Cities: Traned Area:Real Estate Transactions: Second-Tier Cities,日,万平方米,当期值,,中国,Datayes!,getEcoDataIndRealestate,2010-01-01,2026-08-06,1,"二线城市:成都、大连、福州、杭州、哈尔滨(停止)、长春(停止)、长沙(停止)、南昌(停止)、南京、青岛、苏州、武汉、厦门。其中杭州、武汉、南昌和哈尔滨为商品房的数据,其它城市为住宅数据。不包含二手房",,
801180,房地产,2170926747,30大中城市:商品房成交面积:三线城市,30 Large and Medium Cities: Traned Area:Real Estate Transactions: Third-Tier City,日,万平方米,当期值,,中国,Datayes!,getEcoDataIndRealestate,2010-01-01,2026-08-06,1,三线城市:安庆(停止)、包头(停止)、东莞、佛山、惠州、江阴、昆明(停止)、兰州(停止)、南宁、韶关、石家庄(停止)、无锡、扬州、岳阳(停止)。其中佛山、扬州、安庆、南宁、江阴、昆明、兰州为商品房数据其它城市为住宅数据。不包含二手房数据。,,
801180,房地产,2170926748,30大中城市:商品房成交套数,30 Large and Medium Cities: Number of Real Estate Transacted,日,套,当期值,,中国,Datayes!,getEcoDataIndRealestate,2010-01-01,2026-08-06,1,"30大中城市:北京、上海、广州、深圳、成都、大连、福州、杭州、哈尔滨(停止)、长春(停止)、长沙(停止)、南昌(停止)、南京、青岛、苏州、武汉、厦门、安庆(停止)、包头(停止)、东莞、佛山、惠州、江阴、昆明(停止)、兰州(停止)、南宁、韶关、石家庄(停止)、无锡、扬州、岳阳(停止)其中杭州、南昌、武汉、哈尔滨、昆明、扬州、安庆、南宁、兰州、江阴、佛山11个城市为商品房数据,其他为商品住宅数据",,
801180,房地产,2170926750,30大中城市:商品房成交套数:二线城市,30 Large and Medium Cities: Number of Real Estate Transacted: Second-Tier Cities,日,套,当期值,,中国,Datayes!,getEcoDataIndRealestate,2010-01-01,2026-08-06,1,"二线城市:成都、大连、福州、杭州、哈尔滨(停止)、长春(停止)、长沙(停止)、南昌(停止)、南京、青岛、苏州、武汉、厦门。其中杭州、武汉、南昌和哈尔滨为商品房的数据,其它城市为住宅数据。不包含二手房",,
801180,房地产,2170926751,30大中城市:商品房成交套数:三线城市,30 Large and Medium Cities: Number of Real Estate Transacted: Third-Tier City,日,套,当期值,,中国,Datayes!,getEcoDataIndRealestate,2010-01-01,2026-08-06,1,三线城市:安庆(停止)、包头(停止)、东莞、佛山、惠州、江阴、昆明(停止)、兰州(停止)、南宁、韶关、石家庄(停止)、无锡、扬州、岳阳(停止)。其中佛山、扬州、安庆、南宁、江阴、昆明、兰州为商品房数据其它城市为住宅数据。不包含二手房数据。,,
801180,房地产,2170001939,房地产开发投资:住宅:累计值,Real Estate Development Investment: Residential: Cumulative,月,亿元,累计值,全国,中国,国家统计局,getEcoDataIndRealestate,1998-02-28,2026-06-30,1,,,
801180,房地产,2170001940,房地产开发投资:住宅:累计同比,Real Estate Development Investment: Residential: Cumulative YoY,月,%,累计同比,全国,中国,国家统计局,getEcoDataIndRealestate,1998-07-31,2026-06-30,1,,,
801180,房地产,2170001949,房地产开发投资:住宅:中部地区:累计值,Real Estate Investment: Residential: Central Area: YTD,月,亿元,累计值,中部,中国,国家统计局,getEcoDataIndRealestate,2003-02-28,2026-06-30,1,中部地区包括山西、安徽、江西、河南、湖北、湖南6个省,,
801180,房地产,2170001950,房地产开发投资:住宅:中部地区:累计同比,Real Estate Investment: Residential: Central Area: YTD: YoY,月,%,累计同比,中部,中国,国家统计局,getEcoDataIndRealestate,2004-02-29,2026-06-30,1,中部地区包括山西、安徽、江西、河南、湖北、湖南6个省,,
801180,房地产,2170001951,房地产开发投资:住宅:西部地区:累计值,Real Estate Investment: Residential: Western Area: YTD,月,亿元,累计值,西部,中国,国家统计局,getEcoDataIndRealestate,2003-02-28,2026-06-30,1,西部地区包括内蒙古、广西、重庆、四川、贵州、云南、西藏、陕西、甘肃、青海、宁夏、新疆12个省(市、自治区),,
801180,房地产,2170001952,房地产开发投资:住宅:西部地区:累计同比,Real Estate Investment: Residential: Western Area: YTD: YoY,月,%,累计同比,西部,中国,国家统计局,getEcoDataIndRealestate,2004-02-29,2026-06-30,1,西部地区包括内蒙古、广西、重庆、四川、贵州、云南、西藏、陕西、甘肃、青海、宁夏、新疆12个省(市、自治区),,
801180,房地产,2170001953,房地产开发投资:住宅:东部地区:累计值,Real Estate Investment: Residential: East Area: YTD,月,亿元,累计值,东部,中国,国家统计局,getEcoDataIndRealestate,2003-02-28,2026-06-30,1,东部地区包括北京、天津、河北、上海、江苏、浙江、福建、山东、广东、海南10个省(市),,
801180,房地产,2170001954,房地产开发投资:住宅:东部地区:累计同比,Real Estate Investment: Residential: East Area: YTD: YoY,月,%,累计同比,东部,中国,国家统计局,getEcoDataIndRealestate,2004-02-29,2026-06-30,1,东部地区包括北京、天津、河北、上海、江苏、浙江、福建、山东、广东、海南10个省(市),,
801180,房地产,2170001968,商品房新开工面积:住宅:累计值,Newly-built Area of commercial housing: Residential: Cumulative Value,月,万平方米,累计值,,中国,国家统计局,getEcoDataIndRealestate,1998-07-31,2026-06-30,1,,,
801180,房地产,2170001969,商品房新开工面积:住宅:累计同比,Newly-built Area of Commercial Housing: Residential: Cumulative YoY,月,%,累计同比,,中国,国家统计局,getEcoDataIndRealestate,2004-02-29,2026-06-30,1,,,
801180,房地产,2170001984,商品房竣工面积:住宅:累计值,Completion Area of commercial housing: Residential: YTD,月,万平方米,累计值,,中国,国家统计局,getEcoDataIndRealestate,1998-07-31,2026-06-30,1,,,
801180,房地产,2170001985,商品房竣工面积:住宅:累计同比,Completion Area of commercial housing: Residential: YTD: YoY,月,%,累计同比,,中国,国家统计局,getEcoDataIndRealestate,2000-11-30,2026-06-30,1,,,
801180,房地产,2170001993,商品房销售面积:住宅:累计值,Sales Area of Commercial Housing: Residential: Cumulative Value,月,万平方米,累计值,全国,中国,国家统计局,getEcoDataIndRealestate,1998-07-31,2026-06-30,1,,,
801180,房地产,2170001994,商品房销售面积:住宅:累计同比,Sales Area of Commercial Housing: Residential: Cumulative YoY,月,%,累计同比,全国,中国,国家统计局,getEcoDataIndRealestate,1998-12-31,2026-06-30,1,,,
801180,房地产,2170002023,商品房销售额:住宅:累计值,Sales of Commercial Housing: Residential: Cumulative,月,亿元,累计值,全国,中国,国家统计局,getEcoDataIndRealestate,1999-02-28,2026-06-30,1,,,
801180,房地产,2170002024,商品房销售额:住宅:累计同比,Sales of Commercial Housing: Residential: Cumulative YoY,月,%,累计同比,全国,中国,国家统计局,getEcoDataIndRealestate,1999-02-28,2026-06-30,1,,,
801180,房地产,2170006674,北京:房地产投资:住宅:累计值,Beijing: Real Estate Investment: Residential: YTD,月,亿元,累计值,北京市,中国,国家统计局,getEcoDataIndRealestate,2000-02-29,2026-06-30,1,,,
801180,房地产,2170006676,北京:房地产投资:住宅:累计同比,Beijing: Real Estate Investment: Residential: YTD: YoY,月,%,累计同比,北京市,中国,国家统计局,getEcoDataIndRealestate,2000-02-29,2026-06-30,1,,,
801180,房地产,2170006715,北京:商品房销售面积:商品住宅:累计值,Beijing: Sales Area of commercial housing: Commercial Residential: YTD,月,万平方米,累计值,北京市,中国,国家统计局,getEcoDataIndRealestate,1998-07-31,2026-06-30,1,,,
801180,房地产,2170006727,北京:商品房销售面积:商品住宅:累计同比,Beijing: Sales Area of commercial housing: Commercial Residential: YTD: YoY,月,%,累计同比,北京市,中国,国家统计局,getEcoDataIndRealestate,2004-02-29,2026-06-30,1,,,
801180,房地产,2170006739,北京:商品房销售额:商品住宅:累计值,Beijing: Sales amount of commercial housing: Commercial Residential: YTD,月,亿元,累计值,北京市,中国,国家统计局,getEcoDataIndRealestate,1999-02-28,2026-06-30,1,,,
801180,房地产,2170006751,北京:商品房销售额:商品住宅:累计同比,Beijing: Sales amount of commercial housing: Commercial Residential: YTD: YoY,月,%,累计同比,北京市,中国,国家统计局,getEcoDataIndRealestate,2001-11-30,2026-06-30,1,,,
801200,商贸零售,2200000454,全国百家重点大型零售企业商品零售额:当月同比,Merchandise Sales of National Hundred Key Large-Scale Enterprise: YoY,月,%,当期同比,,中国,中华全国商业信息中心,getEcoDataIndCommercialtrade,2007-04-30,2026-06-30,1,,,
801200,商贸零售,2200000455,全国百家重点大型零售企业商品零售额:食品:当月同比,Merchandise Sales of National Hundred Key Large-Scale Enterprise: Food: YoY,月,%,当期同比,,中国,中华全国商业信息中心,getEcoDataIndCommercialtrade,2007-04-30,2026-04-30,1,,,
801200,商贸零售,2200000457,全国百家重点大型零售企业商品零售额:化妆品:当月同比,Merchandise Sales of National Hundred Key Large-Scale Enterprise: Cosmetic: YoY,月,%,当期同比,,中国,中华全国商业信息中心,getEcoDataIndCommercialtrade,2011-03-31,2026-04-30,1,,,
801200,商贸零售,2200000458,全国百家重点大型零售企业商品零售额:日用品:当月同比,Merchandise Sales of National Hundred Key Large-Scale Enterprise: Commodity: YoY,月,%,当期同比,,中国,中华全国商业信息中心,getEcoDataIndCommercialtrade,2011-03-31,2026-04-30,1,,,
801200,商贸零售,2200000459,全国百家重点大型零售企业商品零售额:金银珠宝:当月同比,Merchandise Sales of National Hundred Key Large-Scale Enterprise: Gold and Silver Jewelry: YoY,月,%,当期同比,,中国,中华全国商业信息中心,getEcoDataIndCommercialtrade,2007-04-30,2026-05-31,1,,,
801200,商贸零售,2200000460,全国百家重点大型零售企业商品零售额:家用电器:当月同比,Merchandise Sales of National Hundred Key Large-Scale Enterprise: Household Appliances: YoY,月,%,当期同比,,中国,中华全国商业信息中心,getEcoDataIndCommercialtrade,2007-04-30,2026-03-31,1,,,
801200,商贸零售,3010300020,美国:商品零售:日用品商店:百货商店(不包括出租部门):季调,US: Retail Sales: General Merchandise Stores: Department Stores Excluding Leased Departments: SA,月,百万美元,季调,,美国,美国商务部,getEcoDataGlobeUsa,1992-01-31,2026-06-30,1,,,
801200,商贸零售,3010300040,美国:商品零售:日用品商店:百货商店(不包括出租部门):同比:季调,US: Retail Sales: General Merchandise Stores: Department Stores Excluding Leased Departments: SA: YoY,月,%,同比(季调),,美国,美国商务部,getEcoDataGlobeUsa,1993-01-31,2026-06-30,1,,,
801200,商贸零售,3010300060,美国:商品零售:日用品商店:百货商店(不包括出租部门):环比:季调,US: Retail Sales: General Merchandise Stores: Department Stores Excluding Leased Departments: SA: MoM,月,%,环比(季调),,美国,美国商务部,getEcoDataGlobeUsa,1992-02-29,2026-06-30,1,,,
801200,商贸零售,3010300090,美国:商品零售:食品和饮料店:超市和其他杂货店(不包括便利店),US: Retail Sales: FBS: GS: Supermarkets and Other Grocery (Except Convenience),月,百万美元,当期值,,美国,美国商务部,getEcoDataGlobeUsa,2001-01-31,2026-05-31,1,,,
801200,商贸零售,3010300108,美国:商品零售:日用品商场:百货公司(不包括租赁部门),US: Retail Sales: GMS: Department Stores (Excl. L.D.),月,百万美元,当期值,,美国,美国商务部,getEcoDataGlobeUsa,1992-01-31,2026-06-30,1,,,
801200,商贸零售,3010300115,美国:商品零售:日用品商场:其他日用品商场:仓储会员店和超市,US: Retail Sales: GMS: OGMS: Warehouse Clubs and Superstores,月,百万美元,当期值,,美国,美国商务部,getEcoDataGlobeUsa,1992-01-31,2026-05-31,1,,,
801200,商贸零售,3010300155,美国:商品零售:食品和饮料店:超市和其他杂货店(不包括便利店):同比,US: Retail Sales: FBS: GS: Supermarkets and Other Grocery (Except Convenience): YoY,月,%,当期同比,,美国,美国商务部,getEcoDataGlobeUsa,2002-01-31,2026-05-31,1,,,
801200,商贸零售,3010300173,美国:商品零售:日用品商场:百货公司(不包括租赁部门):同比,US: Retail Sales: GMS: Department Stores (Excl. L.D.): YoY,月,%,当期同比,,美国,美国商务部,getEcoDataGlobeUsa,1993-01-31,2026-06-30,1,,,
801200,商贸零售,3010300180,美国:商品零售:日用品商场:其他日用品商场:仓储会员店和超市:同比,US: Retail Sales: GMS: OGMS: Warehouse Clubs and Superstores: YoY,月,%,当期同比,,美国,美国商务部,getEcoDataGlobeUsa,1993-01-31,2026-05-31,1,,,
801200,商贸零售,2200000026,社会消费品零售总额:北京:当月值,Total Retail Sales of Consumer Goods: Beijing,月,亿元,当期值,北京市,中国,国家统计局,getEcoDataIndCommercialtrade,1985-01-31,2026-06-30,1,,,
801200,商贸零售,2200000027,社会消费品零售总额:上海:当月值,Total Retail Sales of Consumer Goods: Shanghai,月,亿元,当期值,上海市,中国,国家统计局,getEcoDataIndCommercialtrade,1985-01-31,2026-06-30,1,,,
801200,商贸零售,2200000028,社会消费品零售总额浙江:当月值,Total Retail Sales of Consumer Goods: Zhejiang,月,亿元,当期值,浙江省,中国,国家统计局,getEcoDataIndCommercialtrade,1994-01-31,2026-05-31,1,,,
801200,商贸零售,2200000031,社会消费品零售总额河南:当月值,Total Retail Sales of Consumer Goods: Henan,月,亿元,当期值,河南省,中国,国家统计局,getEcoDataIndCommercialtrade,1994-01-31,2026-06-30,1,,,
801200,商贸零售,2200000036,社会消费品零售总额:四川:当月值,Total Retail Sales of Consumer Goods: Sichuan,月,亿元,当期值,四川省,中国,国家统计局,getEcoDataIndCommercialtrade,1994-01-31,2026-06-30,1,,,
801200,商贸零售,2200000040,社会消费品零售总额:北京:当月同比,Total Retail Sales of Consumer Goods: Beijing: YoY,月,%,当期同比,北京市,中国,国家统计局,getEcoDataIndCommercialtrade,1995-01-31,2026-06-30,1,,,
801200,商贸零售,2200000041,社会消费品零售总额:上海:当月同比,Total Retail Sales of Consumer Goods: Shanghai: YoY,月,%,当期同比,上海市,中国,国家统计局,getEcoDataIndCommercialtrade,1995-01-31,2026-06-30,1,,,
801200,商贸零售,2200000042,社会消费品零售总额:浙江:当月同比,Total Retail Sales of Consumer Goods: Zhejiang: YoY,月,%,当期同比,浙江省,中国,国家统计局,getEcoDataIndCommercialtrade,1995-01-31,2026-05-31,1,,,
801200,商贸零售,2200000045,社会消费品零售总额:河南:当月同比,Total Retail Sales of Consumer Goods: Henan: YoY,月,%,当期同比,河南省,中国,国家统计局,getEcoDataIndCommercialtrade,1995-01-31,2026-06-30,1,,,
801200,商贸零售,2200000046,社会消费品零售总额:湖北:当月同比,Total Retail Sales of Consumer Goods: Hubei: YoY,月,%,当期同比,湖北省,中国,国家统计局,getEcoDataIndCommercialtrade,1995-01-31,2026-06-30,1,,,
801200,商贸零售,2200000048,社会消费品零售总额:广东:当月同比,Total Retail Sales of Consumer Goods: Guangdong: YoY,月,%,当期同比,广东省,中国,国家统计局,getEcoDataIndCommercialtrade,1995-01-31,2026-05-31,1,,,
801200,商贸零售,2200000050,社会消费品零售总额:四川:当月同比,Total Retail Sales of Consumer Goods: Sichuan: YoY,月,%,当期同比,四川省,中国,国家统计局,getEcoDataIndCommercialtrade,1995-01-31,2026-06-30,1,,,
801200,商贸零售,2200000054,社会消费品零售总额:北京:累计值,Total Retail Sales of Consumer Goods: Beijing: YTD,月,亿元,累计值,北京市,中国,国家统计局,getEcoDataIndCommercialtrade,1994-01-31,2026-06-30,1,,,
801200,商贸零售,2200000057,社会消费品零售总额:山西:累计值,Total Retail Sales of Consumer Goods: Shanxi: YTD,月,亿元,累计值,山西省,中国,国家统计局,getEcoDataIndCommercialtrade,1994-01-31,2026-06-30,1,,,
801200,商贸零售,2200000058,社会消费品零售总额:内蒙古:累计值,Total Retail Sales of Consumer Goods: Inner Mongolia: YTD,月,亿元,累计值,内蒙古自治区,中国,国家统计局,getEcoDataIndCommercialtrade,1985-12-31,2026-06-30,1,,,
801210,社会服务,1040000010,CPI:教育文化和娱乐:旅行社及其他旅游服务:当月同比,CPI: Educational Culture and Entertainment: Travel Services and Other Tourism-related Services: Month YoY,月,%,当期同比,全国,中国,国家统计局,getEcoDataChina,2001-01-31,2026-06-30,1,2026年1月起由旅游修改为旅行社及其他旅游服务,,
801210,社会服务,1040000057,CPI:教育文化和娱乐:旅行社及其他旅游服务(上年同月=100),CPI: Educational Culture and Entertainment: Travel Services and Other Tourism-related Services (CYoY=100),月,上年同月=100,当期值,全国,中国,国家统计局,getEcoDataChina,2001-01-31,2026-06-30,1,2026年1月起由旅游修改为旅行社及其他旅游服务,,
801210,社会服务,1040000129,CPI:教育文化和娱乐:旅行社及其他旅游服务:环比,CPI: Educational Culture and Entertainment: Travel Services and Other Tourism-related Services: MoM,月,%,当期环比,全国,中国,国家统计局,getEcoDataChina,2003-01-31,2026-06-30,1,2026年1月起由旅游修改为旅行社及其他旅游服务,,
801210,社会服务,1040000167,CPI:教育文化和娱乐:旅行社及其他旅游服务(上月=100),CPI: Educational Culture and Entertainment: Travel Services and Other Tourism-related Services (PP=100),月,上月=100,当期值,全国,中国,国家统计局,getEcoDataChina,2003-01-31,2026-06-30,1,2026年1月起由旅游修改为旅行社及其他旅游服务,,
801210,社会服务,1040000210,CPI:教育文化和娱乐:旅行社及其他旅游服务:累计同比,CPI: Educational Culture and Entertainment: Travel Services and Other Tourism-related Services: Cumulative YoY,月,%,累计同比,全国,中国,国家统计局,getEcoDataChina,2003-01-31,2026-06-30,1,2026年1月起由旅游修改为旅行社及其他旅游服务,,
801210,社会服务,1040000247,CPI:教育文化和娱乐:旅行社及其他旅游服务(上年同期=100),CPI: Educational Culture and Entertainment: Travel Services and Other Tourism-related Services (CPPY=100),月,上年同期=100,当期值,全国,中国,国家统计局,getEcoDataChina,2003-01-31,2026-06-30,1,2026年1月起由旅游修改为旅行社及其他旅游服务,,
801210,社会服务,1010000013,GDP:现价:住宿和餐饮业:累计值,GDP: at Current Price: Accommodation and Restaurants: Cumulative Value,季,亿元,累计值,全国,中国,国家统计局,getEcoDataChina,1952-12-31,2026-06-30,1,住宿和餐饮业增加值是指按市场价格计算的一个国家(或地区)所有常住单位在一定时期内从事住宿和餐饮业生产活动的最终成果。,,
801210,社会服务,1010000026,GDP:不变价:住宿和餐饮业:累计同比,GDP: at Constant Price: Accommodation and Restaurants: Cumulative YoY,季,%,累计同比,全国,中国,国家统计局,getEcoDataChina,1953-12-31,2026-06-30,1,按可比价格计算。,,
801210,社会服务,1010015473,GDP:现价:住宿和餐饮业:当季同比,GDP: at Current Price: Accommodation and Restaurants: Current Quarter YoY,季,%,当期同比,全国,中国,Datayes!,getEcoDataChina,1993-03-31,2026-06-30,1,按当年价格计算,,
801210,社会服务,1010015474,GDP:现价:住宿和餐饮业:累计同比,GDP: at Current Price: Accommodation and Restaurants: Cumulative YoY,季,%,累计同比,全国,中国,Datayes!,getEcoDataChina,1953-12-31,2026-06-30,1,按当年价格计算,,
801210,社会服务,1010017937,GDP:现价:初步核算数:住宿和餐饮业:当季值,GDP: at Current Price: Preliminary Accounting Results: Accommodation and Restaurants: Current Quarter Value,季,亿元,初值,全国,中国,国家统计局,getEcoDataChina,2015-09-30,2026-06-30,1,按当年价格计算。数据为初步核算数、不调整。,,
801210,社会服务,1010017952,GDP:现价:初步核算数:住宿和餐饮业:当季同比,GDP: at Current Price: Preliminary Accounting Results: Accommodation and Restaurants: Current Quarter YoY,季,%,初值同比,全国,中国,Datayes!,getEcoDataChina,2016-09-30,2026-06-30,1,按当年价格计算。数据为初步核算数、不调整。,,
801210,社会服务,1010017964,GDP:现价:初步核算数:住宿和餐饮业:累计值,GDP: at Current Price: Preliminary Accounting Results: Accommodation and Restaurants: Cumulative Value,季,亿元,累计值(初值),全国,中国,国家统计局,getEcoDataChina,2012-09-30,2026-06-30,1,按当年价格计算。数据为初步核算数、不调整。,,
801210,社会服务,1010017979,GDP:现价:初步核算数:住宿和餐饮业:累计同比,GDP: at Current Price: Preliminary Accounting Results: Accommodation and Restaurants: Cumulative YoY,季,%,累计同比(初值),全国,中国,Datayes!,getEcoDataChina,2013-09-30,2026-06-30,1,按当年价格计算。数据为初步核算数、不调整。,,
801210,社会服务,1020001586,产量:汽车:当月值,Output: Automobile: Current Value (Month),月,万辆,当期值,全国,中国,国家统计局,getEcoDataChina,1989-02-28,2026-06-30,1,"汽车整车包括:
基本型乘用车:活顶乘用车、高级乘用车、小型乘用车、敞蓬车、仓背乘用车;
越野乘用车;
专用乘用车:如旅居车、防弹车、救护车、殡仪车等;
其他乘用车:旅行车、多用途乘用车、短头乘用车;
客车:小型客车、城市客车(单层和双层)、长途客车、旅游客车、铰结式客车、越野客车、专用客车等;
半挂牵引车;
货车:普通货车、多用途货车、全挂牵引车、越野货车等;
专用作业车:管道加油车、消防车、保温车、混凝土泵车、抢修工程车、道路清洁车、垃 圾处理车、洒水车、救护车、流动医疗车、机动起重车、升降平台、机动钻探车、机动环境监测车、机动客梯车、充电车等;
专用货车:罐式车、混凝土运输车、乘用车运输车、机动散装货物传送车、集装箱运输车等;
雪地行走专用机动车、高尔夫球机动车及类似机动车;
汽车发动机;
上述机动车辆的底盘。",,
801210,社会服务,1050000378,固定资产投资完成额:住宿和餐饮业:累计同比,Fixed Assets Investment Realized: Cumulative YoY: Accommodation and Catering,月,%,累计同比,全国,中国,国家统计局,getEcoDataChina,2004-02-29,2026-06-30,1,,,
801210,社会服务,2180701551,国内高端酒店:MBI指数:建国饭店,Domestic High-End Hotels: Meadin Brand Index: Jianguo Hotel,月,,当期值,全国,中国,迈点指数,getEcoDataIndCateringtourism,2011-07-31,2026-07-31,1,,,
801210,社会服务,2180701558,国内高端酒店:MBI指数:世纪金源大饭店,Domestic High-End Hotels: Meadin Brand Index: Empark Grand,月,,当期值,全国,中国,迈点指数,getEcoDataIndCateringtourism,2013-09-30,2026-07-31,1,,,
801210,社会服务,2180701588,国内高端酒店:MBI指数:岷山饭店,Domestic High-End Hotels: Meadin Brand Index: Minshan Guest,月,,当期值,全国,中国,迈点指数,getEcoDataIndCateringtourism,2015-04-30,2026-07-31,1,,,
801210,社会服务,2180701592,国内高端酒店:MBI指数:凯莱大饭店,Domestic High-End Hotels: Meadin Brand Index: Gloria Plaza Hotel,月,,当期值,全国,中国,迈点指数,getEcoDataIndCateringtourism,2015-05-31,2026-07-31,1,,,
801210,社会服务,2180701621,国内高端酒店:MBI指数:明宇丽雅饭店,Domestic High-End Hotels: Meadin Brand Index: Mingyoun Central,月,,当期值,全国,中国,迈点指数,getEcoDataIndCateringtourism,2015-05-31,2026-07-31,1,,,
801210,社会服务,2180701622,国内高端酒店:MBI指数:明宇尚雅饭店,Domestic High-End Hotels: Meadin Brand Index: Galaxy Minyoun,月,,当期值,全国,中国,迈点指数,getEcoDataIndCateringtourism,2015-05-31,2026-07-31,1,,,
801210,社会服务,2180701626,国内高端酒店:MBI指数:明宇豪雅饭店,Domestic High-End Hotels: Meadin Brand Index: Minyoun Royal,月,,当期值,全国,中国,迈点指数,getEcoDataIndCateringtourism,2015-01-31,2026-07-31,1,,,
801210,社会服务,2180701653,国内高端酒店:MBI指数:陕旅饭店,Domestic High-End Hotels: Meadin Brand Index: Shaanxi Tourism,月,,当期值,全国,中国,迈点指数,getEcoDataIndCateringtourism,2015-11-30,2026-07-31,1,,,
801210,社会服务,2180701777,国内高端酒店:媒体指数:建国饭店,Domestic High-End Hotels: Media Index: Jianguo Hotel,月,,当期值,全国,中国,迈点指数,getEcoDataIndCateringtourism,2011-07-31,2026-07-31,1,,,
801210,社会服务,2180701784,国内高端酒店:媒体指数:世纪金源大饭店,Domestic High-End Hotels: Media Index: Empark Grand,月,,当期值,全国,中国,迈点指数,getEcoDataIndCateringtourism,2013-09-30,2026-07-31,1,,,
801210,社会服务,2180701814,国内高端酒店:媒体指数:岷山饭店,Domestic High-End Hotels: Media Index: Minshan Guest,月,,当期值,全国,中国,迈点指数,getEcoDataIndCateringtourism,2015-04-30,2026-07-31,1,,,
801210,社会服务,2180701818,国内高端酒店:媒体指数:凯莱大饭店,Domestic High-End Hotels: Media Index: Gloria Plaza Hotel,月,,当期值,全国,中国,迈点指数,getEcoDataIndCateringtourism,2015-05-31,2026-07-31,1,,,
801210,社会服务,2180701847,国内高端酒店:媒体指数:明宇丽雅饭店,Domestic High-End Hotels: Media Index: Mingyoun Central,月,,当期值,全国,中国,迈点指数,getEcoDataIndCateringtourism,2015-05-31,2026-07-31,1,,,
801210,社会服务,2180701848,国内高端酒店:媒体指数:明宇尚雅饭店,Domestic High-End Hotels: Media Index: Galaxy Minyoun,月,,当期值,全国,中国,迈点指数,getEcoDataIndCateringtourism,2015-05-31,2026-07-31,1,,,
801710,建筑材料,2087006699,出口金额(美元):石料、陶瓷等或类似矿物材料的加工机床(8464):当月值,"Export Value (USD): Machine Tools for Processing Stone, Ceramics, Etc. or Similar Mineral Materials(8464): Current Month Value",月,美元,当期值,中国,中国,海关总署,getEcoDataIndMachineryequipment,2015-01-31,2026-06-30,1,"HS编码""8464""中文全称为""石料、陶瓷、混凝土、石棉水泥或类似矿物材料的加工机床、玻璃冷加工机床""",,
801710,建筑材料,2087006700,进口金额(美元):石料、陶瓷等或类似矿物材料的加工机床(8464):当月值,"Import Value (USD): Machine Tools for Processing Stone, Ceramics, Etc. or Similar Mineral Materials(8464): Current Month Value",月,美元,当期值,中国,中国,海关总署,getEcoDataIndMachineryequipment,2015-01-31,2026-06-30,1,"HS编码""8464""中文全称为""石料、陶瓷、混凝土、石棉水泥或类似矿物材料的加工机床、玻璃冷加工机床""",,
801710,建筑材料,2087006701,进出口金额(美元):石料、陶瓷等或类似矿物材料的加工机床(8464):当月值,"Import and Export Value (USD): Machine Tools for Processing Stone, Ceramics, Etc. or Similar Mineral Materials(8464): Current Month Value",月,美元,当期值,中国,中国,海关总署,getEcoDataIndMachineryequipment,2015-01-31,2026-06-30,1,"HS编码""8464""中文全称为""石料、陶瓷、混凝土、石棉水泥或类似矿物材料的加工机床、玻璃冷加工机床""",,
801710,建筑材料,2087006703,出口金额(美元):石料、陶瓷等或类似矿物材料的加工机床(8464):当月同比,"Export Value (USD): Machine Tools for Processing Stone, Ceramics, Etc. or Similar Mineral Materials(8464): Mom",月,%,当期同比,中国,中国,海关总署,getEcoDataIndMachineryequipment,2016-01-31,2026-06-30,1,"HS编码""8464""中文全称为""石料、陶瓷、混凝土、石棉水泥或类似矿物材料的加工机床、玻璃冷加工机床""",,
801710,建筑材料,2087006704,进口金额(美元):石料、陶瓷等或类似矿物材料的加工机床(8464):当月同比,"Import Value (USD): Machine Tools for Processing Stone, Ceramics, Etc. or Similar Mineral Materials(8464): Mom",月,%,当期同比,中国,中国,海关总署,getEcoDataIndMachineryequipment,2016-01-31,2026-06-30,1,"HS编码""8464""中文全称为""石料、陶瓷、混凝土、石棉水泥或类似矿物材料的加工机床、玻璃冷加工机床""",,
801710,建筑材料,2087006705,进出口金额(美元):石料、陶瓷等或类似矿物材料的加工机床(8464):当月同比,"Import and Export Value (USD): Machine Tools for Processing Stone, Ceramics, Etc. or Similar Mineral Materials(8464): Mom",月,%,当期同比,中国,中国,海关总署,getEcoDataIndMachineryequipment,2016-01-31,2026-06-30,1,"HS编码""8464""中文全称为""石料、陶瓷、混凝土、石棉水泥或类似矿物材料的加工机床、玻璃冷加工机床""",,
801710,建筑材料,2087006706,出口金额(美元):石料、陶瓷等或类似矿物材料的加工机床(8464):累计值,"Export Value (USD): Machine Tools for Processing Stone, Ceramics, Etc. or Similar Mineral Materials(8464): Cumulative Value",月,美元,累计值,中国,中国,海关总署,getEcoDataIndMachineryequipment,2015-01-31,2026-06-30,1,"HS编码""8464""中文全称为""石料、陶瓷、混凝土、石棉水泥或类似矿物材料的加工机床、玻璃冷加工机床""",,
801710,建筑材料,2087006707,进口金额(美元):石料、陶瓷等或类似矿物材料的加工机床(8464):累计值,"Import Value (USD): Machine Tools for Processing Stone, Ceramics, Etc. or Similar Mineral Materials(8464): Cumulative Value",月,美元,累计值,中国,中国,海关总署,getEcoDataIndMachineryequipment,2015-01-31,2026-06-30,1,"HS编码""8464""中文全称为""石料、陶瓷、混凝土、石棉水泥或类似矿物材料的加工机床、玻璃冷加工机床""",,
801710,建筑材料,2087006708,进出口金额(美元):石料、陶瓷等或类似矿物材料的加工机床(8464):累计值,"Import and Export Value (USD): Machine Tools for Processing Stone, Ceramics, Etc. or Similar Mineral Materials(8464): Cumulative Value",月,美元,累计值,中国,中国,海关总署,getEcoDataIndMachineryequipment,2015-01-31,2026-06-30,1,"HS编码""8464""中文全称为""石料、陶瓷、混凝土、石棉水泥或类似矿物材料的加工机床、玻璃冷加工机床""",,
801710,建筑材料,2087006710,出口金额(美元):石料、陶瓷等或类似矿物材料的加工机床(8464):累计同比,"Export Value (USD): Machine Tools for Processing Stone, Ceramics, Etc. or Similar Mineral Materials(8464): Cumulative yoy",月,%,累计同比,中国,中国,海关总署,getEcoDataIndMachineryequipment,2016-01-31,2026-06-30,1,"HS编码""8464""中文全称为""石料、陶瓷、混凝土、石棉水泥或类似矿物材料的加工机床、玻璃冷加工机床""",,
801710,建筑材料,2087006711,进口金额(美元):石料、陶瓷等或类似矿物材料的加工机床(8464):累计同比,"Import Value (USD): Machine Tools for Processing Stone, Ceramics, Etc. or Similar Mineral Materials(8464): Cumulative yoy",月,%,累计同比,中国,中国,海关总署,getEcoDataIndMachineryequipment,2016-01-31,2026-06-30,1,"HS编码""8464""中文全称为""石料、陶瓷、混凝土、石棉水泥或类似矿物材料的加工机床、玻璃冷加工机床""",,
801710,建筑材料,2087006712,进出口金额(美元):石料、陶瓷等或类似矿物材料的加工机床(8464):累计同比,"Import and Export Value (USD): Machine Tools for Processing Stone, Ceramics, Etc. or Similar Mineral Materials(8464): Cumulative yoy",月,%,累计同比,中国,中国,海关总署,getEcoDataIndMachineryequipment,2016-01-31,2026-06-30,1,"HS编码""8464""中文全称为""石料、陶瓷、混凝土、石棉水泥或类似矿物材料的加工机床、玻璃冷加工机床""",,
801710,建筑材料,2087006702,贸易差额(美元):石料、陶瓷等或类似矿物材料的加工机床(8464):当月值,"Trade Balance (USD): Machine Tools for Processing Stone, Ceramics, Etc. or Similar Mineral Materials(8464): Current Month Value",月,美元,当期值,中国,中国,海关总署,getEcoDataIndMachineryequipment,2015-01-31,2026-06-30,1,"HS编码""8464""中文全称为""石料、陶瓷、混凝土、石棉水泥或类似矿物材料的加工机床、玻璃冷加工机床""",,
801710,建筑材料,2087006709,贸易差额(美元):石料、陶瓷等或类似矿物材料的加工机床(8464):累计值,"Trade Balance (USD): Machine Tools for Processing Stone, Ceramics, Etc. or Similar Mineral Materials(8464): Cumulative Value",月,美元,累计值,中国,中国,海关总署,getEcoDataIndMachineryequipment,2015-01-31,2026-06-30,1,"HS编码""8464""中文全称为""石料、陶瓷、混凝土、石棉水泥或类似矿物材料的加工机床、玻璃冷加工机床""",,
801710,建筑材料,1020001570,平板玻璃:产量:当月值,Output: Plate Glass,月,万重量箱,当期值,全国,中国,国家统计局,getEcoDataChina,1989-02-28,2026-06-30,1,,,
801710,建筑材料,1020001636,平板玻璃:产量:当月同比,Output: Plate Glass: YoY,月,%,当期同比,全国,中国,国家统计局,getEcoDataChina,1997-02-28,2026-06-30,1,,,
801710,建筑材料,1020001702,平板玻璃:产量:累计值,Output: Plate Glass: Cumulative Value,月,万重量箱,累计值,全国,中国,国家统计局,getEcoDataChina,1989-02-28,2026-06-30,1,,,
801710,建筑材料,1020001768,平板玻璃:产量:累计同比,Output: Plate Glass: Cumulative YoY,月,%,累计同比,全国,中国,国家统计局,getEcoDataChina,1989-02-28,2026-06-30,1,,,
801710,建筑材料,1040005436,生产资料价格:建材:浮法平板玻璃:5mm:当月值,Price of Means of Production: Building Materials: Float Glass: 5mm: Current,月,元/平方米,当期值,全国,中国,发改委,getEcoDataChina,2015-05-31,2026-06-30,1,,,
801710,建筑材料,1040005438,生产资料价格:建材:浮法平板玻璃:5mm:当月同比,Price of Means of Production: Building Materials: Float Glass: 5mm: Month YoY,月,%,当期同比,全国,中国,发改委,getEcoDataChina,2015-05-31,2026-06-30,1,,,
801710,建筑材料,1040005442,生产资料价格:建材:钢化平板玻璃:5mm:当月值,Price of Means of Production: Building Materials: Tempered Glass: 5mm: Current,月,元/平方米,当期值,全国,中国,发改委,getEcoDataChina,2015-05-31,2026-06-30,1,,,
801710,建筑材料,1040005443,生产资料价格:建材:钢化平板玻璃:5mm:环比,Price of Means of Production: Building Materials: Tempered Glass: 5mm: MoM,月,%,当期环比,全国,中国,发改委,getEcoDataChina,2015-05-31,2026-06-30,1,,,
801710,建筑材料,1040005444,生产资料价格:建材:钢化平板玻璃:5mm:当月同比,Price of Means of Production: Building Materials: Tempered Glass: 5mm: Month YoY,月,%,当期同比,全国,中国,发改委,getEcoDataChina,2015-05-31,2026-06-30,1,,,
801710,建筑材料,2060101037,平板玻璃:产量:天津:当月同比,Plain Glass: Production: Tianjin: YoY,月,%,当期同比,天津市,中国,国家统计局,getEcoDataIndBuildingmaterials,2002-04-30,2026-06-30,1,,,
801710,建筑材料,2060101038,平板玻璃:产量:河北:当月同比,Plain Glass: Production: Hebei: YoY,月,%,当期同比,河北省,中国,国家统计局,getEcoDataIndBuildingmaterials,2002-04-30,2026-06-30,1,,,
801710,建筑材料,2060101039,平板玻璃:产量:山西:当月同比,Plain Glass: Production: Shanxi: YoY,月,%,当期同比,山西省,中国,国家统计局,getEcoDataIndBuildingmaterials,2002-04-30,2026-06-30,1,,,
801710,建筑材料,2060101040,平板玻璃:产量:内蒙古:当月同比,Plain Glass: Production: Inner Mongolia: YoY,月,%,当期同比,内蒙古自治区,中国,国家统计局,getEcoDataIndBuildingmaterials,2002-04-30,2026-06-30,1,,,
801710,建筑材料,2060101041,平板玻璃:产量:辽宁:当月同比,Plain Glass: Production: Liaoning: YoY,月,%,当期同比,辽宁省,中国,国家统计局,getEcoDataIndBuildingmaterials,2002-04-30,2026-06-30,1,,,
801710,建筑材料,2060101042,平板玻璃:产量:吉林:当月同比,Plain Glass: Production: Jilin: YoY,月,%,当期同比,吉林省,中国,国家统计局,getEcoDataIndBuildingmaterials,2002-04-30,2026-06-30,1,,,
801710,建筑材料,2060101043,平板玻璃:产量:黑龙江:当月同比,Plain Glass: Production: Heilongjiang: YoY,月,%,当期同比,黑龙江省,中国,国家统计局,getEcoDataIndBuildingmaterials,2002-04-30,2026-06-30,1,,,
801720,建筑装饰,1300000011,建筑工程产值:累计值:北京,Output Value of Construction Projects: Cumulative Value: Beijing,季,亿元,累计值,北京市,中国,国家统计局,getEcoDataChinaRegion,2003-06-30,2026-06-30,1,建筑业总产值(即自行完成施工产值)是以货币表现的建筑安装企业在一定时期内生产的建筑业产品的总和。建筑工程产值指列入建筑工程预算内的各种工程价值。建筑工程产值=∑[预算单价×实际完成的实物量×(1+间接费率)]×(1+计划利润率)×(1+税率),,
801720,建筑装饰,1300000012,安装工程产值:累计值:北京,Output Value of Installation Projects: Cumulative Value: Beijing,季,亿元,累计值,北京市,中国,国家统计局,getEcoDataChinaRegion,2003-06-30,2026-06-30,1,建筑业总产值(即自行完成施工产值)是以货币表现的建筑安装企业在一定时期内生产的建筑业产品的总和。设备安装工程产值指设备安装工程价值。建筑安装产值=∑[安装预算价格×(实际完成的实物量+已完工程的基本工资×间接费率)]×(1+计划利润率)×(1+税率),,
801720,建筑装饰,1300001249,建筑工程产值:累计值:天津,Output Value of Construction Projects: Cumulative Value: Tianjin,季,亿元,累计值,天津市,中国,国家统计局,getEcoDataChinaRegion,2003-06-30,2026-06-30,1,建筑业总产值(即自行完成施工产值)是以货币表现的建筑安装企业在一定时期内生产的建筑业产品的总和。建筑工程产值指列入建筑工程预算内的各种工程价值。建筑工程产值=∑[预算单价×实际完成的实物量×(1+间接费率)]×(1+计划利润率)×(1+税率),,
801720,建筑装饰,1300001250,安装工程产值:累计值:天津,Output Value of Installation Projects: Cumulative Value: Tianjin,季,亿元,累计值,天津市,中国,国家统计局,getEcoDataChinaRegion,2003-06-30,2026-06-30,1,建筑业总产值(即自行完成施工产值)是以货币表现的建筑安装企业在一定时期内生产的建筑业产品的总和。设备安装工程产值指设备安装工程价值。建筑安装产值=∑[安装预算价格×(实际完成的实物量+已完工程的基本工资×间接费率)]×(1+计划利润率)×(1+税率),,
801720,建筑装饰,1300002487,建筑工程产值:累计值:河北,Output Value of Construction Projects: Cumulative Value: Hebei,季,亿元,累计值,河北省,中国,国家统计局,getEcoDataChinaRegion,2003-06-30,2026-06-30,1,建筑业总产值(即自行完成施工产值)是以货币表现的建筑安装企业在一定时期内生产的建筑业产品的总和。建筑工程产值指列入建筑工程预算内的各种工程价值。建筑工程产值=∑[预算单价×实际完成的实物量×(1+间接费率)]×(1+计划利润率)×(1+税率),,
801720,建筑装饰,1300002488,安装工程产值:累计值:河北,Output Value of Installation Projects: Cumulative Value: Hebei,季,亿元,累计值,河北省,中国,国家统计局,getEcoDataChinaRegion,2003-06-30,2026-06-30,1,建筑业总产值(即自行完成施工产值)是以货币表现的建筑安装企业在一定时期内生产的建筑业产品的总和。设备安装工程产值指设备安装工程价值。建筑安装产值=∑[安装预算价格×(实际完成的实物量+已完工程的基本工资×间接费率)]×(1+计划利润率)×(1+税率),,
801720,建筑装饰,1300003725,建筑工程产值:累计值:山西,Output Value of Construction Projects: Cumulative Value: Shanxi,季,亿元,累计值,山西省,中国,国家统计局,getEcoDataChinaRegion,2003-06-30,2026-06-30,1,建筑业总产值(即自行完成施工产值)是以货币表现的建筑安装企业在一定时期内生产的建筑业产品的总和。建筑工程产值指列入建筑工程预算内的各种工程价值。建筑工程产值=∑[预算单价×实际完成的实物量×(1+间接费率)]×(1+计划利润率)×(1+税率),,
801720,建筑装饰,1300003726,安装工程产值:累计值:山西,Output Value of Installation Projects: Cumulative Value: Shanxi,季,亿元,累计值,山西省,中国,国家统计局,getEcoDataChinaRegion,2003-06-30,2026-06-30,1,建筑业总产值(即自行完成施工产值)是以货币表现的建筑安装企业在一定时期内生产的建筑业产品的总和。设备安装工程产值指设备安装工程价值。建筑安装产值=∑[安装预算价格×(实际完成的实物量+已完工程的基本工资×间接费率)]×(1+计划利润率)×(1+税率),,
801720,建筑装饰,1300004963,建筑工程产值:累计值:内蒙古,Output Value of Construction Projects: Cumulative Value: Inner Mongolia,季,亿元,累计值,内蒙古自治区,中国,国家统计局,getEcoDataChinaRegion,2003-06-30,2026-06-30,1,建筑业总产值(即自行完成施工产值)是以货币表现的建筑安装企业在一定时期内生产的建筑业产品的总和。建筑工程产值指列入建筑工程预算内的各种工程价值。建筑工程产值=∑[预算单价×实际完成的实物量×(1+间接费率)]×(1+计划利润率)×(1+税率),,
801720,建筑装饰,1300004964,安装工程产值:累计值:内蒙古,Output Value of Installation Projects: Cumulative Value: Inner Mongolia,季,亿元,累计值,内蒙古自治区,中国,国家统计局,getEcoDataChinaRegion,2003-06-30,2026-06-30,1,建筑业总产值(即自行完成施工产值)是以货币表现的建筑安装企业在一定时期内生产的建筑业产品的总和。设备安装工程产值指设备安装工程价值。建筑安装产值=∑[安装预算价格×(实际完成的实物量+已完工程的基本工资×间接费率)]×(1+计划利润率)×(1+税率),,
801720,建筑装饰,1300006201,建筑工程产值:累计值:辽宁,Output Value of Construction Projects: Cumulative Value: Liaoning,季,亿元,累计值,辽宁省,中国,国家统计局,getEcoDataChinaRegion,2003-06-30,2026-06-30,1,建筑业总产值(即自行完成施工产值)是以货币表现的建筑安装企业在一定时期内生产的建筑业产品的总和。建筑工程产值指列入建筑工程预算内的各种工程价值。建筑工程产值=∑[预算单价×实际完成的实物量×(1+间接费率)]×(1+计划利润率)×(1+税率),,
801720,建筑装饰,1300006202,安装工程产值:累计值:辽宁,Output Value of Installation Projects: Cumulative Value: Liaoning,季,亿元,累计值,辽宁省,中国,国家统计局,getEcoDataChinaRegion,2003-06-30,2026-06-30,1,建筑业总产值(即自行完成施工产值)是以货币表现的建筑安装企业在一定时期内生产的建筑业产品的总和。设备安装工程产值指设备安装工程价值。建筑安装产值=∑[安装预算价格×(实际完成的实物量+已完工程的基本工资×间接费率)]×(1+计划利润率)×(1+税率),,
801720,建筑装饰,1300007439,建筑工程产值:累计值:吉林,Output Value of Construction Projects: Cumulative Value: Jilin,季,亿元,累计值,吉林省,中国,国家统计局,getEcoDataChinaRegion,2003-06-30,2026-06-30,1,建筑业总产值(即自行完成施工产值)是以货币表现的建筑安装企业在一定时期内生产的建筑业产品的总和。建筑工程产值指列入建筑工程预算内的各种工程价值。建筑工程产值=∑[预算单价×实际完成的实物量×(1+间接费率)]×(1+计划利润率)×(1+税率),,
801720,建筑装饰,1300007440,安装工程产值:累计值:吉林,Output Value of Installation Projects: Cumulative Value: Jilin,季,亿元,累计值,吉林省,中国,国家统计局,getEcoDataChinaRegion,2003-06-30,2026-06-30,1,建筑业总产值(即自行完成施工产值)是以货币表现的建筑安装企业在一定时期内生产的建筑业产品的总和。设备安装工程产值指设备安装工程价值。建筑安装产值=∑[安装预算价格×(实际完成的实物量+已完工程的基本工资×间接费率)]×(1+计划利润率)×(1+税率),,
801720,建筑装饰,1300008677,建筑工程产值:累计值:黑龙江,Output Value of Construction Projects: Cumulative Value: Heilongjiang,季,亿元,累计值,黑龙江省,中国,国家统计局,getEcoDataChinaRegion,2003-06-30,2026-06-30,1,建筑业总产值(即自行完成施工产值)是以货币表现的建筑安装企业在一定时期内生产的建筑业产品的总和。建筑工程产值指列入建筑工程预算内的各种工程价值。建筑工程产值=∑[预算单价×实际完成的实物量×(1+间接费率)]×(1+计划利润率)×(1+税率),,
801720,建筑装饰,1300008678,安装工程产值:累计值:黑龙江,Output Value of Installation Projects: Cumulative Value: Heilongjiang,季,亿元,累计值,黑龙江省,中国,国家统计局,getEcoDataChinaRegion,2003-06-30,2026-06-30,1,建筑业总产值(即自行完成施工产值)是以货币表现的建筑安装企业在一定时期内生产的建筑业产品的总和。设备安装工程产值指设备安装工程价值。建筑安装产值=∑[安装预算价格×(实际完成的实物量+已完工程的基本工资×间接费率)]×(1+计划利润率)×(1+税率),,
801720,建筑装饰,1300009915,建筑工程产值:累计值:上海,Output Value of Construction Projects: Cumulative Value: Shanghai,季,亿元,累计值,上海市,中国,国家统计局,getEcoDataChinaRegion,2003-06-30,2026-06-30,1,建筑业总产值(即自行完成施工产值)是以货币表现的建筑安装企业在一定时期内生产的建筑业产品的总和。建筑工程产值指列入建筑工程预算内的各种工程价值。建筑工程产值=∑[预算单价×实际完成的实物量×(1+间接费率)]×(1+计划利润率)×(1+税率),,
801720,建筑装饰,1300009916,安装工程产值:累计值:上海,Output Value of Installation Projects: Cumulative Value: Shanghai,季,亿元,累计值,上海市,中国,国家统计局,getEcoDataChinaRegion,2003-06-30,2026-06-30,1,建筑业总产值(即自行完成施工产值)是以货币表现的建筑安装企业在一定时期内生产的建筑业产品的总和。设备安装工程产值指设备安装工程价值。建筑安装产值=∑[安装预算价格×(实际完成的实物量+已完工程的基本工资×间接费率)]×(1+计划利润率)×(1+税率),,
801720,建筑装饰,1300011152,建筑工程产值:累计值:江苏,Output Value of Construction Projects: Cumulative Value: Jiangsu,季,亿元,累计值,江苏省,中国,国家统计局,getEcoDataChinaRegion,2003-06-30,2026-06-30,1,建筑业总产值(即自行完成施工产值)是以货币表现的建筑安装企业在一定时期内生产的建筑业产品的总和。建筑工程产值指列入建筑工程预算内的各种工程价值。建筑工程产值=∑[预算单价×实际完成的实物量×(1+间接费率)]×(1+计划利润率)×(1+税率),,
801720,建筑装饰,1300011153,安装工程产值:累计值:江苏,Output Value of Installation Projects: Cumulative Value: Jiangsu,季,亿元,累计值,江苏省,中国,国家统计局,getEcoDataChinaRegion,2003-06-30,2026-06-30,1,建筑业总产值(即自行完成施工产值)是以货币表现的建筑安装企业在一定时期内生产的建筑业产品的总和。设备安装工程产值指设备安装工程价值。建筑安装产值=∑[安装预算价格×(实际完成的实物量+已完工程的基本工资×间接费率)]×(1+计划利润率)×(1+税率),,
801720,建筑装饰,1300012390,建筑工程产值:累计值:浙江,Output Value of Construction Projects: Cumulative Value: Zhejiang,季,亿元,累计值,浙江省,中国,国家统计局,getEcoDataChinaRegion,2003-06-30,2026-06-30,1,建筑业总产值(即自行完成施工产值)是以货币表现的建筑安装企业在一定时期内生产的建筑业产品的总和。建筑工程产值指列入建筑工程预算内的各种工程价值。建筑工程产值=∑[预算单价×实际完成的实物量×(1+间接费率)]×(1+计划利润率)×(1+税率),,
801720,建筑装饰,1300012391,安装工程产值:累计值:浙江,Output Value of Installation Projects: Cumulative Value: Zhejiang,季,亿元,累计值,浙江省,中国,国家统计局,getEcoDataChinaRegion,2003-06-30,2026-06-30,1,建筑业总产值(即自行完成施工产值)是以货币表现的建筑安装企业在一定时期内生产的建筑业产品的总和。设备安装工程产值指设备安装工程价值。建筑安装产值=∑[安装预算价格×(实际完成的实物量+已完工程的基本工资×间接费率)]×(1+计划利润率)×(1+税率),,
801720,建筑装饰,1300013628,建筑工程产值:累计值:安徽,Output Value of Construction Projects: Cumulative Value: Anhui,季,亿元,累计值,安徽省,中国,国家统计局,getEcoDataChinaRegion,2003-06-30,2026-06-30,1,建筑业总产值(即自行完成施工产值)是以货币表现的建筑安装企业在一定时期内生产的建筑业产品的总和。建筑工程产值指列入建筑工程预算内的各种工程价值。建筑工程产值=∑[预算单价×实际完成的实物量×(1+间接费率)]×(1+计划利润率)×(1+税率),,
801720,建筑装饰,1300013629,安装工程产值:累计值:安徽,Output Value of Installation Projects: Cumulative Value: Anhui,季,亿元,累计值,安徽省,中国,国家统计局,getEcoDataChinaRegion,2003-06-30,2026-06-30,1,建筑业总产值(即自行完成施工产值)是以货币表现的建筑安装企业在一定时期内生产的建筑业产品的总和。设备安装工程产值指设备安装工程价值。建筑安装产值=∑[安装预算价格×(实际完成的实物量+已完工程的基本工资×间接费率)]×(1+计划利润率)×(1+税率),,
801720,建筑装饰,1300014866,建筑工程产值:累计值:福建,Output Value of Construction Projects: Cumulative Value: Fujian,季,亿元,累计值,福建省,中国,国家统计局,getEcoDataChinaRegion,2003-06-30,2026-06-30,1,建筑业总产值(即自行完成施工产值)是以货币表现的建筑安装企业在一定时期内生产的建筑业产品的总和。建筑工程产值指列入建筑工程预算内的各种工程价值。建筑工程产值=∑[预算单价×实际完成的实物量×(1+间接费率)]×(1+计划利润率)×(1+税率),,
801720,建筑装饰,1300014867,安装工程产值:累计值:福建,Output Value of Installation Projects: Cumulative Value: Fujian,季,亿元,累计值,福建省,中国,国家统计局,getEcoDataChinaRegion,2003-06-30,2026-06-30,1,建筑业总产值(即自行完成施工产值)是以货币表现的建筑安装企业在一定时期内生产的建筑业产品的总和。设备安装工程产值指设备安装工程价值。建筑安装产值=∑[安装预算价格×(实际完成的实物量+已完工程的基本工资×间接费率)]×(1+计划利润率)×(1+税率),,
801720,建筑装饰,1300016104,建筑工程产值:累计值:江西,Output Value of Construction Projects: Cumulative Value: Jiangxi,季,亿元,累计值,江西省,中国,国家统计局,getEcoDataChinaRegion,2003-06-30,2026-06-30,1,建筑业总产值(即自行完成施工产值)是以货币表现的建筑安装企业在一定时期内生产的建筑业产品的总和。建筑工程产值指列入建筑工程预算内的各种工程价值。建筑工程产值=∑[预算单价×实际完成的实物量×(1+间接费率)]×(1+计划利润率)×(1+税率),,
801720,建筑装饰,1300016105,安装工程产值:累计值:江西,Output Value of Installation Projects: Cumulative Value: Jiangxi,季,亿元,累计值,江西省,中国,国家统计局,getEcoDataChinaRegion,2003-06-30,2026-06-30,1,建筑业总产值(即自行完成施工产值)是以货币表现的建筑安装企业在一定时期内生产的建筑业产品的总和。设备安装工程产值指设备安装工程价值。建筑安装产值=∑[安装预算价格×(实际完成的实物量+已完工程的基本工资×间接费率)]×(1+计划利润率)×(1+税率),,
801720,建筑装饰,1300017342,建筑工程产值:累计值:山东,Output Value of Construction Projects: Cumulative Value: Shandong,季,亿元,累计值,山东省,中国,国家统计局,getEcoDataChinaRegion,2003-06-30,2026-06-30,1,建筑业总产值(即自行完成施工产值)是以货币表现的建筑安装企业在一定时期内生产的建筑业产品的总和。建筑工程产值指列入建筑工程预算内的各种工程价值。建筑工程产值=∑[预算单价×实际完成的实物量×(1+间接费率)]×(1+计划利润率)×(1+税率),,
801720,建筑装饰,1300017343,安装工程产值:累计值:山东,Output Value of Installation Projects: Cumulative Value: Shandong,季,亿元,累计值,山东省,中国,国家统计局,getEcoDataChinaRegion,2003-06-30,2026-06-30,1,建筑业总产值(即自行完成施工产值)是以货币表现的建筑安装企业在一定时期内生产的建筑业产品的总和。设备安装工程产值指设备安装工程价值。建筑安装产值=∑[安装预算价格×(实际完成的实物量+已完工程的基本工资×间接费率)]×(1+计划利润率)×(1+税率),,
801730,电力设备,3090001054,印度:WPI:工业制品:电气设备:电动机、发电机、变压器及配电控制装置:转子或磁转子组件,"India: WPI: Manufactured Products: Electrical Equipment: Electric Motors, Generators, Transformers and Electricity Distribution and Control Apparatus: Rotor/Magneto Rotor Assembly",月,2011年4月-2012年3月=100,当期值,印度,印度,印度商工部,getEcoDataGlobeRest,2012-04-30,2026-04-30,1,,,
801730,电力设备,1020008700,产量:太阳能电池:当月值,Output: Solar Battery: Current Value (Month),月,万千瓦,当期值,全国,中国,国家统计局,getEcoDataChina,2010-01-31,2026-06-30,1,,,
801730,电力设备,1020008757,产量:太阳能电池:当月同比,Output: Solar Battery: Month YoY,月,%,当期同比,全国,中国,国家统计局,getEcoDataChina,2010-01-31,2026-06-30,1,,,
801730,电力设备,1020008814,产量:太阳能电池:累计值,Output: Solar Battery: Cumulative Value,月,万千瓦,累计值,全国,中国,国家统计局,getEcoDataChina,2010-01-31,2026-06-30,1,,,
801730,电力设备,1020008871,产量:太阳能电池:累计同比,Output: Solar Battery: Cumulative YoY,月,%,累计同比,全国,中国,国家统计局,getEcoDataChina,2010-01-31,2026-06-30,1,,,
801730,电力设备,2080200369,出口数量:变压器:当月同比,Transformer: Exports Quantity: YoY,月,%,当期同比,,中国,海关总署,getEcoDataIndMachineryequipment,2000-01-31,2026-06-30,1,,,
801730,电力设备,2080200377,出口数量:太阳能电池:当月同比,Solar Battery: Exports Quantity: YoY,月,%,当期同比,,中国,海关总署,getEcoDataIndMachineryequipment,2013-01-31,2026-06-30,1,,,
801730,电力设备,2080200814,出口金额:变压器:当月同比,Transformer: Exportss Value: YoY,月,%,当期同比,,中国,海关总署,getEcoDataIndMachineryequipment,2000-01-31,2026-06-30,1,,,
801730,电力设备,2080200815,出口金额:变压器:累计同比,Transformer: Exportss Value: YTD: YoY,月,%,累计同比,全国,中国,海关总署,getEcoDataIndMachineryequipment,1999-01-31,2026-06-30,1,,,
801730,电力设备,2080200822,出口金额:太阳能电池:当月同比,Solar Battery: Exportss Value: YoY,月,%,当期同比,,中国,海关总署,getEcoDataIndMachineryequipment,2013-01-31,2026-06-30,1,,,
801730,电力设备,2087007049,出口金额(美元):变压器、静止式变流器(例如整流器)及电感器(8504):当月值,"Export Value (USD): Transformers, Static Converters (E.G. Rectifiers) and Inductors(8504): Current Month Value",月,美元,当期值,中国,中国,海关总署,getEcoDataIndMachineryequipment,2015-01-31,2026-06-30,1,,,
801730,电力设备,2087007050,进口金额(美元):变压器、静止式变流器(例如整流器)及电感器(8504):当月值,"Import Value (USD): Transformers, Static Converters (E.G. Rectifiers) and Inductors(8504): Current Month Value",月,美元,当期值,中国,中国,海关总署,getEcoDataIndMachineryequipment,2015-01-31,2026-06-30,1,,,
801730,电力设备,2087007051,进出口金额(美元):变压器、静止式变流器(例如整流器)及电感器(8504):当月值,"Import and Export Value (USD): Transformers, Static Converters (E.G. Rectifiers) and Inductors(8504): Current Month Value",月,美元,当期值,中国,中国,海关总署,getEcoDataIndMachineryequipment,2015-01-31,2026-06-30,1,,,
801730,电力设备,2087007053,出口金额(美元):变压器、静止式变流器(例如整流器)及电感器(8504):当月同比,"Export Value (USD): Transformers, Static Converters (E.G. Rectifiers) and Inductors(8504): Mom",月,%,当期同比,中国,中国,海关总署,getEcoDataIndMachineryequipment,2016-01-31,2026-06-30,1,,,
801730,电力设备,2087007054,进口金额(美元):变压器、静止式变流器(例如整流器)及电感器(8504):当月同比,"Import Value (USD): Transformers, Static Converters (E.G. Rectifiers) and Inductors(8504): Mom",月,%,当期同比,中国,中国,海关总署,getEcoDataIndMachineryequipment,2016-01-31,2026-06-30,1,,,
801730,电力设备,2087007055,进出口金额(美元):变压器、静止式变流器(例如整流器)及电感器(8504):当月同比,"Import and Export Value (USD): Transformers, Static Converters (E.G. Rectifiers) and Inductors(8504): Mom",月,%,当期同比,中国,中国,海关总署,getEcoDataIndMachineryequipment,2016-01-31,2026-06-30,1,,,
801730,电力设备,2087007056,出口金额(美元):变压器、静止式变流器(例如整流器)及电感器(8504):累计值,"Export Value (USD): Transformers, Static Converters (E.G. Rectifiers) and Inductors(8504): Cumulative Value",月,美元,累计值,中国,中国,海关总署,getEcoDataIndMachineryequipment,2015-01-31,2026-06-30,1,,,
801730,电力设备,2087007057,进口金额(美元):变压器、静止式变流器(例如整流器)及电感器(8504):累计值,"Import Value (USD): Transformers, Static Converters (E.G. Rectifiers) and Inductors(8504): Cumulative Value",月,美元,累计值,中国,中国,海关总署,getEcoDataIndMachineryequipment,2015-01-31,2026-06-30,1,,,
801730,电力设备,2087007058,进出口金额(美元):变压器、静止式变流器(例如整流器)及电感器(8504):累计值,"Import and Export Value (USD): Transformers, Static Converters (E.G. Rectifiers) and Inductors(8504): Cumulative Value",月,美元,累计值,中国,中国,海关总署,getEcoDataIndMachineryequipment,2015-01-31,2026-06-30,1,,,
801730,电力设备,2087007060,出口金额(美元):变压器、静止式变流器(例如整流器)及电感器(8504):累计同比,"Export Value (USD): Transformers, Static Converters (E.G. Rectifiers) and Inductors(8504): Cumulative yoy",月,%,累计同比,中国,中国,海关总署,getEcoDataIndMachineryequipment,2016-01-31,2026-06-30,1,,,
801730,电力设备,2087007061,进口金额(美元):变压器、静止式变流器(例如整流器)及电感器(8504):累计同比,"Import Value (USD): Transformers, Static Converters (E.G. Rectifiers) and Inductors(8504): Cumulative yoy",月,%,累计同比,中国,中国,海关总署,getEcoDataIndMachineryequipment,2016-01-31,2026-06-30,1,,,
801730,电力设备,2087007062,进出口金额(美元):变压器、静止式变流器(例如整流器)及电感器(8504):累计同比,"Import and Export Value (USD): Transformers, Static Converters (E.G. Rectifiers) and Inductors(8504): Cumulative yoy",月,%,累计同比,中国,中国,海关总署,getEcoDataIndMachineryequipment,2016-01-31,2026-06-30,1,,,
801730,电力设备,2087011545,"出口金额(美元):液体介质变压器,额定容量>10MVA(850423):当月值","Export Value (USD): Liquid Medium Transformer, Rated Capacity > 10Mva(850423): Current Month Value",月,美元,当期值,中国,中国,海关总署,getEcoDataIndMachineryequipment,2015-01-31,2026-06-30,1,,,
801730,电力设备,2087011546,"进口金额(美元):液体介质变压器,额定容量>10MVA(850423):当月值","Import Value (USD): Liquid Medium Transformer, Rated Capacity > 10Mva(850423): Current Month Value",月,美元,当期值,中国,中国,海关总署,getEcoDataIndMachineryequipment,2015-01-31,2026-06-30,1,,,
801730,电力设备,2087011547,"进出口金额(美元):液体介质变压器,额定容量>10MVA(850423):当月值","Import And Export Value (USD): Liquid Medium Transformer, Rated Capacity > 10Mva(850423): Current Month Value",月,美元,当期值,中国,中国,海关总署,getEcoDataIndMachineryequipment,2015-01-31,2026-06-30,1,,,
801730,电力设备,2087011549,"出口金额(美元):液体介质变压器,额定容量>10MVA(850423):当月同比","Export Value (USD): Liquid Medium Transformer, Rated Capacity > 10Mva(850423): Mom",月,%,当期同比,中国,中国,海关总署,getEcoDataIndMachineryequipment,2016-01-31,2026-06-30,1,,,
801730,电力设备,2087011550,"进口金额(美元):液体介质变压器,额定容量>10MVA(850423):当月同比","Import Value (USD): Liquid Medium Transformer, Rated Capacity > 10Mva(850423): Mom",月,%,当期同比,中国,中国,海关总署,getEcoDataIndMachineryequipment,2016-01-31,2026-06-30,1,,,
801730,电力设备,2087011551,"进出口金额(美元):液体介质变压器,额定容量>10MVA(850423):当月同比","Import And Export Value (USD): Liquid Medium Transformer, Rated Capacity > 10Mva(850423): Mom",月,%,当期同比,中国,中国,海关总署,getEcoDataIndMachineryequipment,2016-01-31,2026-06-30,1,,,
801730,电力设备,2087011552,"出口金额(美元):液体介质变压器,额定容量>10MVA(850423):累计值","Export Value (USD): Liquid Medium Transformer, Rated Capacity > 10Mva(850423): Cumulative Value",月,美元,累计值,中国,中国,海关总署,getEcoDataIndMachineryequipment,2015-01-31,2026-06-30,1,,,
801730,电力设备,2087011553,"进口金额(美元):液体介质变压器,额定容量>10MVA(850423):累计值","Import Value (USD): Liquid Medium Transformer, Rated Capacity > 10Mva(850423): Cumulative Value",月,美元,累计值,中国,中国,海关总署,getEcoDataIndMachineryequipment,2015-01-31,2026-06-30,1,,,
801740,国防军工,1020008283,工业企业:利润总额:铁路、船舶、航空航天和其他运输设备制造业:累计值,"Total Profit: Railway, Ship, Aerospace and Other Transportation Equipment Manufacturing Industry: Cumulative Value",月,亿元,累计值,全国,中国,国家统计局,getEcoDataChina,2000-02-29,2026-06-30,1,"从2011年起,规模以上工业企业起点标准由原来的年主营业务收入500万元提高到年主营业务收入2000万元。",,
801740,国防军工,1020008285,工业企业:利润总额:铁路、船舶、航空航天和其他运输设备制造业:累计同比,"Total Profit: Railway, Ship, Aerospace and Other Transportation Equipment Manufacturing Industry: Cumulative YoY",月,%,累计同比,全国,中国,国家统计局,getEcoDataChina,2001-02-28,2026-06-30,1,"从2011年起,规模以上工业企业起点标准由原来的年主营业务收入500万元提高到年主营业务收入2000万元。",,
801740,国防军工,1020010200,工业企业:营业利润:铁路、船舶、航空航天和其他运输设备制造业:累计值,"Operating Profit: Railway, Ship, Aerospace and Other Transportation Equipment Manufacturing Industry: Cumulative Value",月,亿元,累计值,全国,中国,国家统计局,getEcoDataChina,2017-02-28,2026-06-30,1,"从2011年起,规模以上工业企业起点标准由原来的年主营业务收入500万元提高到年主营业务收入2000万元。",,
801740,国防军工,1020010242,工业企业:营业利润:铁路、船舶、航空航天和其他运输设备制造业:累计同比,"Operating Profit: Railway, Ship, Aerospace and Other Transportation Equipment Manufacturing Industry: Cumulative YoY",月,%,累计同比,全国,中国,国家统计局,getEcoDataChina,2018-02-28,2026-06-30,1,"从2011年起,规模以上工业企业起点标准由原来的年主营业务收入500万元提高到年主营业务收入2000万元。",,
801740,国防军工,1020010283,工业企业:投资收益:铁路、船舶、航空航天和其他运输设备制造业:累计值,"Investment Return: Railway, Ship, Aerospace and Other Transportation Equipment Manufacturing Industry: Cumulative Value",月,亿元,累计值,全国,中国,国家统计局,getEcoDataChina,2017-02-28,2026-06-30,1,"从2011年起,规模以上工业企业起点标准由原来的年主营业务收入500万元提高到年主营业务收入2000万元。",,
801740,国防军工,1020010325,工业企业:投资收益:铁路、船舶、航空航天和其他运输设备制造业:累计同比,"Investment Return: Railway, Ship, Aerospace and Other Transportation Equipment Manufacturing Industry: Cumulative YoY",月,%,累计同比,全国,中国,国家统计局,getEcoDataChina,2018-02-28,2026-06-30,1,"从2011年起,规模以上工业企业起点标准由原来的年主营业务收入500万元提高到年主营业务收入2000万元。",,
801740,国防军工,1020000161,出口交货值:铁路、船舶、航空航天和其他运输设备制造业:当期值,"Export Delivery Value: Railway, Marine, Aerospace And Other Transportation Equipment Manufacturing: Current Value",月,亿元,当期值,全国,中国,国家统计局,getEcoDataChina,2012-02-29,2026-06-30,1,,,
801740,国防军工,1020000202,出口交货值:铁路、船舶、航空航天和其他运输设备制造业:当月同比,"Export Delivery Value: Railway, Marine, Aerospace And Other Transportation Equipment Manufacturing: Current YoY (Month)",月,%,当期同比,全国,中国,国家统计局,getEcoDataChina,2012-02-29,2026-06-30,1,,,
801740,国防军工,1020000244,出口交货值:铁路、船舶、航空航天和其他运输设备制造业:累计值,"Export Delivery Value: Railway, Marine, Aerospace And Other Transportation Equipment Manufacturing: Cumulative Value",月,亿元,累计值,全国,中国,国家统计局,getEcoDataChina,2012-02-29,2026-06-30,1,,,
801740,国防军工,1020000285,出口交货值:铁路、船舶、航空航天和其他运输设备制造业:累计同比,"Export Delivery Value: Railway, Marine, Aerospace And Other Transportation Equipment Manufacturing: Cumulative YoY",月,%,累计同比,全国,中国,国家统计局,getEcoDataChina,2012-02-29,2026-06-30,1,,,
801740,国防军工,1020000627,收入增长率:铁路、船舶、航空航天和其他运输设备制造业,Income Growth Rate: Transportation Equipment Manufacturing,月,%,当期值,全国,中国,国家统计局,getEcoDataChina,2011-02-28,2026-06-30,1,,,
801740,国防军工,1020000867,税前利润率:铁路、船舶、航空航天和其他运输设备制造业,Pre-Tax Profit Margin: Transportation Equipment Manufacturing,月,%,当期值,全国,中国,国家统计局,getEcoDataChina,2001-02-28,2026-06-30,1,,,
801740,国防军工,1020000947,成本费用利润率:铁路、船舶、航空航天和其他运输设备制造业,Profit-To-Cost Ratio: Transportation Equipment Manufacturing,月,%,当期值,全国,中国,国家统计局,getEcoDataChina,2003-02-28,2026-06-30,1,,,
801740,国防军工,1020006161,工业企业:单位数:铁路、船舶、航空航天和其他运输设备制造业:累计值,"Number of Enterprises: Railway, Ship, Aerospace and Other Transportation Equipment Manufacturing Industry: Cumulative Value",月,个,累计值,全国,中国,国家统计局,getEcoDataChina,2001-02-28,2026-06-30,1,"从2011年起,规模以上工业企业起点标准由原来的年主营业务收入500万元提高到年主营业务收入2000万元。",,
801740,国防军工,1020006267,工业企业:亏损企业单位数:铁路、船舶、航空航天和其他运输设备制造业:累计值,"Number of Loss-Making Enterprises: Railway, Ship, Aerospace and Other Transportation Equipment Manufacturing Industry: Cumulative Value",月,个,累计值,全国,中国,国家统计局,getEcoDataChina,2000-02-29,2026-06-30,1,"从2011年起,规模以上工业企业起点标准由原来的年主营业务收入500万元提高到年主营业务收入2000万元。",,
801740,国防军工,1020006269,工业企业:亏损企业单位数:铁路、船舶、航空航天和其他运输设备制造业:累计同比,"Number of Loss-Making Enterprises: Railway, Ship, Aerospace and Other Transportation Equipment Manufacturing Industry: Cumulative YoY",月,%,累计同比,全国,中国,国家统计局,getEcoDataChina,2001-02-28,2026-06-30,1,"从2011年起,规模以上工业企业起点标准由原来的年主营业务收入500万元提高到年主营业务收入2000万元。",,
801740,国防军工,1020006393,工业企业:流动资产合计:铁路、船舶、航空航天和其他运输设备制造业:累计值,"Total Current Assets: Railway, Ship, Aerospace and Other Transportation Equipment Manufacturing Industry: Cumulative Value",月,亿元,累计值,全国,中国,国家统计局,getEcoDataChina,2011-02-28,2026-06-30,1,"从2011年起,规模以上工业企业起点标准由原来的年主营业务收入500万元提高到年主营业务收入2000万元。",,
801740,国防军工,1020006395,工业企业:流动资产合计:铁路、船舶、航空航天和其他运输设备制造业:累计同比,"Total Current Assets: Railway, Ship, Aerospace and Other Transportation Equipment Manufacturing Industry: Cumulative YoY",月,%,累计同比,全国,中国,国家统计局,getEcoDataChina,2012-02-29,2026-06-30,1,"从2011年起,规模以上工业企业起点标准由原来的年主营业务收入500万元提高到年主营业务收入2000万元。",,
801740,国防军工,1020006519,工业企业:应收账款:铁路、船舶、航空航天和其他运输设备制造业:累计值,"Accounts Receivable: Railway, Ship, Aerospace and Other Transportation Equipment Manufacturing Industry: Cumulative Value",月,亿元,累计值,全国,中国,国家统计局,getEcoDataChina,2000-02-29,2026-06-30,1,"从2011年起,规模以上工业企业起点标准由原来的年主营业务收入500万元提高到年主营业务收入2000万元。",,
801740,国防军工,1020006521,工业企业:应收账款:铁路、船舶、航空航天和其他运输设备制造业:累计同比,"Accounts Receivable: Railway, Ship, Aerospace and Other Transportation Equipment Manufacturing Industry: Cumulative YoY",月,%,累计同比,全国,中国,国家统计局,getEcoDataChina,2001-02-28,2026-06-30,1,"从2011年起,规模以上工业企业起点标准由原来的年主营业务收入500万元提高到年主营业务收入2000万元。",,
801740,国防军工,1020006645,工业企业:存货:铁路、船舶、航空航天和其他运输设备制造业:累计值,"Inventory: Railway, Ship, Aerospace and Other Transportation Equipment Manufacturing Industry: Cumulative Value",月,亿元,累计值,全国,中国,国家统计局,getEcoDataChina,2011-02-28,2026-06-30,1,"从2011年起,规模以上工业企业起点标准由原来的年主营业务收入500万元提高到年主营业务收入2000万元。",,
801740,国防军工,1020006647,工业企业:存货:铁路、船舶、航空航天和其他运输设备制造业:累计同比,"Inventory: Railway, Ship, Aerospace and Other Transportation Equipment Manufacturing Industry: Cumulative YoY",月,%,累计同比,全国,中国,国家统计局,getEcoDataChina,2012-02-29,2026-06-30,1,"从2011年起,规模以上工业企业起点标准由原来的年主营业务收入500万元提高到年主营业务收入2000万元。",,
801740,国防军工,1020006771,工业企业:产成品存货:铁路、船舶、航空航天和其他运输设备制造业:累计值,"Finished Goods Inventory: Railway, Ship, Aerospace and Other Transportation Equipment Manufacturing Industry: Cumulative Value",月,亿元,累计值,全国,中国,国家统计局,getEcoDataChina,2000-02-29,2026-06-30,1,"从2011年起,规模以上工业企业起点标准由原来的年主营业务收入500万元提高到年主营业务收入2000万元。",,
801740,国防军工,1020006773,工业企业:产成品存货:铁路、船舶、航空航天和其他运输设备制造业:累计同比,"Finished Goods Inventory: Railway, Ship, Aerospace and Other Transportation Equipment Manufacturing Industry: Cumulative YoY",月,%,累计同比,全国,中国,国家统计局,getEcoDataChina,2001-02-28,2026-06-30,1,"从2011年起,规模以上工业企业起点标准由原来的年主营业务收入500万元提高到年主营业务收入2000万元。",,
801740,国防军工,1020006897,工业企业:资产合计:铁路、船舶、航空航天和其他运输设备制造业:累计值,"Total Assets: Railway, Ship, Aerospace and Other Transportation Equipment Manufacturing Industry: Cumulative Value",月,亿元,累计值,全国,中国,国家统计局,getEcoDataChina,2000-02-29,2026-06-30,1,"从2011年起,规模以上工业企业起点标准由原来的年主营业务收入500万元提高到年主营业务收入2000万元。",,
801740,国防军工,1020006899,工业企业:资产合计:铁路、船舶、航空航天和其他运输设备制造业:累计同比,"Total Assets: Railway, Ship, Aerospace and Other Transportation Equipment Manufacturing Industry: Cumulative YoY",月,%,累计同比,全国,中国,国家统计局,getEcoDataChina,2012-02-29,2026-06-30,1,"从2011年起,规模以上工业企业起点标准由原来的年主营业务收入500万元提高到年主营业务收入2000万元。",,
801740,国防军工,1020007023,工业企业:负债合计:铁路、船舶、航空航天和其他运输设备制造业:累计值,"Total Liabilities: Railway, Ship, Aerospace and Other Transportation Equipment Manufacturing Industry: Cumulative Value",月,亿元,累计值,全国,中国,国家统计局,getEcoDataChina,2000-02-29,2026-06-30,1,"从2011年起,规模以上工业企业起点标准由原来的年主营业务收入500万元提高到年主营业务收入2000万元。",,
801740,国防军工,1020007025,工业企业:负债合计:铁路、船舶、航空航天和其他运输设备制造业:累计同比,"Total Liabilities: Railway, Ship, Aerospace and Other Transportation Equipment Manufacturing Industry: Cumulative YoY",月,%,累计同比,全国,中国,国家统计局,getEcoDataChina,2001-02-28,2026-06-30,1,"从2011年起,规模以上工业企业起点标准由原来的年主营业务收入500万元提高到年主营业务收入2000万元。",,
801740,国防军工,1020007149,工业企业:营业收入:铁路、船舶、航空航天和其他运输设备制造业:累计值,"Operating Revenue: Railway, Ship, Aerospace and Other Transportation Equipment Manufacturing Industry: Cumulative Value",月,亿元,累计值,全国,中国,国家统计局,getEcoDataChina,2016-02-29,2026-06-30,1,"从2011年起,规模以上工业企业起点标准由原来的年主营业务收入500万元提高到年主营业务收入2000万元。",,
801740,国防军工,1020007151,工业企业:营业收入:铁路、船舶、航空航天和其他运输设备制造业:累计同比,"Operating Revenue: Railway, Ship, Aerospace and Other Transportation Equipment Manufacturing Industry: Cumulative YoY",月,%,累计同比,全国,中国,国家统计局,getEcoDataChina,2017-02-28,2026-06-30,1,"从2011年起,规模以上工业企业起点标准由原来的年主营业务收入500万元提高到年主营业务收入2000万元。",,
801750,计算机,1030000129,企业景气指数:信息传输、软件和信息技术服务业,Corporate Boom Index: InformationTransmission、Softwareand Information Technology Services Industry,季,%,当期值,全国,中国,国家统计局,getEcoDataChina,2002-03-31,2026-06-30,1,2010年之前名称为:信息传输、计算机服务和软件业,,
801750,计算机,1040012913,微型计算机设备产量:当月值:安徽省,Anhui: Output: Microcomputer: Current Value (Month),月,万台,当期值,安徽省,中国,国家统计局,getEcoDataChinaRegion,2002-04-30,2026-06-30,1,,,
801750,计算机,1040012915,微型计算机设备产量:当月值:北京市,Beijing: Output: Microcomputer: Current Value (Month),月,万台,当期值,北京市,中国,国家统计局,getEcoDataChinaRegion,2002-04-30,2026-06-30,1,,,
801750,计算机,1040012916,微型计算机设备产量:当月值:福建省,Fujian: Output: Microcomputer: Current Value (Month),月,万台,当期值,福建省,中国,国家统计局,getEcoDataChinaRegion,2002-04-30,2026-06-30,1,,,
801750,计算机,1040012917,微型计算机设备产量:当月值:甘肃省,Gansu: Output: Microcomputer: Current Value (Month),月,万台,当期值,甘肃省,中国,国家统计局,getEcoDataChinaRegion,2016-05-31,2026-06-30,1,,,
801750,计算机,1040012918,微型计算机设备产量:当月值:广东省,Guangdong: Output: Microcomputer: Current Value (Month),月,万台,当期值,广东省,中国,国家统计局,getEcoDataChinaRegion,2002-04-30,2026-06-30,1,,,
801750,计算机,1040012919,微型计算机设备产量:当月值:广西壮族自治区,Guangxi: Output: Microcomputer: Current Value (Month),月,万台,当期值,广西壮族自治区,中国,国家统计局,getEcoDataChinaRegion,2002-04-30,2026-06-30,1,,,
801750,计算机,1040012920,微型计算机设备产量:当月值:贵州省,Guizhou: Output: Microcomputer: Current Value (Month),月,万台,当期值,贵州省,中国,国家统计局,getEcoDataChinaRegion,2002-08-31,2026-06-30,1,,,
801750,计算机,1040012922,微型计算机设备产量:当月值:河北省,Hebei: Output: Microcomputer: Current Value (Month),月,万台,当期值,河北省,中国,国家统计局,getEcoDataChinaRegion,2016-05-31,2026-06-30,1,,,
801750,计算机,1040012923,微型计算机设备产量:当月值:河南省,Henan: Output: Microcomputer: Current Value (Month),月,万台,当期值,河南省,中国,国家统计局,getEcoDataChinaRegion,2002-04-30,2026-06-30,1,,,
801750,计算机,1040012924,微型计算机设备产量:当月值:黑龙江省,Heilongjiang: Output: Microcomputer: Current Value (Month),月,万台,当期值,黑龙江省,中国,国家统计局,getEcoDataChinaRegion,2002-04-30,2026-06-30,1,,,
801750,计算机,1040012925,微型计算机设备产量:当月值:湖北省,Hubei: Output: Microcomputer: Current Value (Month),月,万台,当期值,湖北省,中国,国家统计局,getEcoDataChinaRegion,2002-08-31,2026-06-30,1,,,
801750,计算机,1040012926,微型计算机设备产量:当月值:湖南省,Hunan: Output: Microcomputer: Current Value (Month),月,万台,当期值,湖南省,中国,国家统计局,getEcoDataChinaRegion,2010-03-31,2026-06-30,1,,,
801750,计算机,1040012927,微型计算机设备产量:当月值:吉林省,Jilin: Output: Microcomputer: Current Value (Month),月,万台,当期值,吉林省,中国,国家统计局,getEcoDataChinaRegion,2002-04-30,2026-06-30,1,,,
801750,计算机,1040012928,微型计算机设备产量:当月值:江苏省,Jiangsu: Output: Microcomputer: Current Value (Month),月,万台,当期值,江苏省,中国,国家统计局,getEcoDataChinaRegion,2002-04-30,2026-06-30,1,,,
801750,计算机,1040012929,微型计算机设备产量:当月值:江西省,Jiangxi: Output: Microcomputer: Current Value (Month),月,万台,当期值,江西省,中国,国家统计局,getEcoDataChinaRegion,2002-04-30,2026-06-30,1,,,
801750,计算机,1040012930,微型计算机设备产量:当月值:辽宁省,Liaoning: Output: Microcomputer: Current Value (Month),月,万台,当期值,辽宁省,中国,国家统计局,getEcoDataChinaRegion,2002-04-30,2026-06-30,1,,,
801750,计算机,1040012934,微型计算机设备产量:当月值:山东省,Shandong: Output: Microcomputer: Current Value (Month),月,万台,当期值,山东省,中国,国家统计局,getEcoDataChinaRegion,2002-04-30,2026-06-30,1,,,
801750,计算机,1040012935,微型计算机设备产量:当月值:山西省,Shanxi: Output: Microcomputer: Current Value (Month),月,万台,当期值,山西省,中国,国家统计局,getEcoDataChinaRegion,2004-06-30,2026-06-30,1,,,
801750,计算机,1040012936,微型计算机设备产量:当月值:陕西省,Shaanxi: Output: Microcomputer: Current Value (Month),月,万台,当期值,陕西省,中国,国家统计局,getEcoDataChinaRegion,2002-04-30,2026-06-30,1,,,
801750,计算机,1040012938,微型计算机设备产量:当月值:上海市,Shanghai: Output: Microcomputer: Current Value (Month),月,万台,当期值,上海市,中国,国家统计局,getEcoDataChinaRegion,2002-04-30,2026-06-30,1,,,
801750,计算机,1040012939,微型计算机设备产量:当月值:四川省,Sichuan: Output: Microcomputer: Current Value (Month),月,万台,当期值,四川省,中国,国家统计局,getEcoDataChinaRegion,2002-04-30,2026-06-30,1,,,
801750,计算机,1040012941,微型计算机设备产量:当月值:天津市,Tianjin: Output: Microcomputer: Current Value (Month),月,万台,当期值,天津市,中国,国家统计局,getEcoDataChinaRegion,2002-04-30,2026-06-30,1,,,
801750,计算机,1040012944,微型计算机设备产量:当月值:云南省,Yunnan: Output: Microcomputer: Current Value (Month),月,万台,当期值,云南省,中国,国家统计局,getEcoDataChinaRegion,2016-05-31,2026-06-30,1,,,
801750,计算机,1040012945,微型计算机设备产量:当月值:浙江省,Zhejiang: Output: Microcomputer: Current Value (Month),月,万台,当期值,浙江省,中国,国家统计局,getEcoDataChinaRegion,2002-04-30,2026-06-30,1,,,
801750,计算机,1040012947,微型计算机设备产量:当月值:重庆市,Chongqing: Output: Microcomputer: Current Value (Month),月,万台,当期值,重庆市,中国,国家统计局,getEcoDataChinaRegion,2002-04-30,2026-06-30,1,,,
801750,计算机,1040012949,微型计算机设备产量:累计值:安徽省,Anhui: Output: Microcomputer: Cumulative Value,月,万台,累计值,安徽省,中国,国家统计局,getEcoDataChinaRegion,2002-04-30,2026-06-30,1,,,
801750,计算机,1040012951,微型计算机设备产量:累计值:北京市,Beijing: Output: Microcomputer: Cumulative Value,月,万台,累计值,北京市,中国,国家统计局,getEcoDataChinaRegion,2002-04-30,2026-06-30,1,,,
801750,计算机,1040012952,微型计算机设备产量:累计值:福建省,Fujian: Output: Microcomputer: Cumulative Value,月,万台,累计值,福建省,中国,国家统计局,getEcoDataChinaRegion,2002-04-30,2026-06-30,1,,,
801750,计算机,1040012953,微型计算机设备产量:累计值:甘肃省,Gansu: Output: Microcomputer: Cumulative Value,月,万台,累计值,甘肃省,中国,国家统计局,getEcoDataChinaRegion,2016-05-31,2026-06-30,1,,,
801760,传媒,2190811365,全国电影票房:影院合计,Nationwide Movie Box Office: Total Number of Cinema Chain,月,万元,当期值,,中国,中国电影发行放映协会,getEcoDataIndCulture,2018-06-30,2026-06-30,1,,,
801760,传媒,2190817864,中南传媒:营业收入:一般图书出版业务:累计值,,季,万元,累计值,,中国,上市公司公告,getEcoDataIndCulture,2016-03-31,2025-12-31,1,,,
801760,传媒,2190817865,中南传媒:营业收入:一般图书出版业务:累计同比,,季,%,累计同比,,中国,上市公司公告,getEcoDataIndCulture,2016-12-31,2025-12-31,1,,,
801760,传媒,2190817931,中国出版:营业收入:一般图书:累计值,,季,万元,累计值,,中国,上市公司公告,getEcoDataIndCulture,2017-09-30,2026-03-31,1,,,
801760,传媒,2190817932,中国出版:营业收入:一般图书:累计同比,,季,%,累计同比,,中国,上市公司公告,getEcoDataIndCulture,2017-09-30,2026-03-31,1,,,
801760,传媒,2190818614,新华文轩:主营业务收入:出版业务:一般图书:累计值,,季,万元,累计值,,中国,上市公司公告,getEcoDataIndCulture,2016-09-30,2026-03-31,1,,,
801760,传媒,2190810614,全国电影观影人次:影院合计,China Film Watching Person Time: Total Number of Cinema Chain,月,万人,当期值,,中国,中国电影发行放映协会,getEcoDataIndCulture,2018-06-30,2026-06-30,1,,,
801760,传媒,2190817842,中南传媒:毛利率:一般图书出版业务:累计值,,季,%,累计值,,中国,上市公司公告,getEcoDataIndCulture,2016-03-31,2025-12-31,1,,,
801760,传媒,2190817843,中南传媒:毛利率:一般图书出版业务:累计同比增减,,季,%,累计同比增减,,中国,上市公司公告,getEcoDataIndCulture,2016-12-31,2025-12-31,1,,,
801760,传媒,2190817853,中南传媒:营业成本:一般图书出版业务:累计值,,季,万元,累计值,,中国,上市公司公告,getEcoDataIndCulture,2016-03-31,2025-12-31,1,,,
801760,传媒,2190817854,中南传媒:营业成本:一般图书出版业务:累计同比,,季,%,累计同比,,中国,上市公司公告,getEcoDataIndCulture,2016-12-31,2025-12-31,1,,,
801760,传媒,2190817875,中南传媒:销售码洋:一般图书出版业务:累计值,,季,万元,累计值,,中国,上市公司公告,getEcoDataIndCulture,2016-03-31,2025-12-31,1,,,
801760,传媒,2190817876,中南传媒:销售码洋:一般图书出版业务:累计同比,,季,%,累计同比,,中国,上市公司公告,getEcoDataIndCulture,2016-12-31,2025-12-31,1,,,
801760,传媒,2190817927,中国出版:毛利率:一般图书:累计值,,季,%,累计值,,中国,上市公司公告,getEcoDataIndCulture,2017-09-30,2026-03-31,1,,,
801760,传媒,2190817928,中国出版:毛利率:一般图书:累计同比增减,,季,%,累计同比增减,,中国,上市公司公告,getEcoDataIndCulture,2017-09-30,2026-03-31,1,,,
801760,传媒,2190817929,中国出版:营业成本:一般图书:累计值,,季,万元,累计值,,中国,上市公司公告,getEcoDataIndCulture,2017-09-30,2026-03-31,1,,,
801760,传媒,2190817930,中国出版:营业成本:一般图书:累计同比,,季,%,累计同比,,中国,上市公司公告,getEcoDataIndCulture,2017-09-30,2026-03-31,1,,,
801760,传媒,2190817933,中国出版:销售码洋:一般图书:累计值,China Publishing: Sales Ma Yang: General Books: Cumulative Value,季,万元,累计值,,中国,上市公司公告,getEcoDataIndCulture,2017-09-30,2026-03-31,1,,,
801760,传媒,2190817934,中国出版:销售码洋:一般图书:累计同比,,季,%,累计同比,,中国,上市公司公告,getEcoDataIndCulture,2017-09-30,2026-03-31,1,,,
801760,传媒,2190818604,新华文轩:主营业务成本:出版业务:一般图书:累计值,,季,万元,累计值,,中国,上市公司公告,getEcoDataIndCulture,2016-09-30,2026-03-31,1,,,
801760,传媒,2190818638,新华文轩:毛利率:出版业务:一般图书:累计值,,季,%,累计值,,中国,上市公司公告,getEcoDataIndCulture,2016-09-30,2026-03-31,1,,,
801760,传媒,3010701541,美国:工业生产指数:信息业:报纸、期刊、图书和目录出版商:季调,"US: IPI: Information: Newspaper, periodical, book, and directory publishers: SA",月,2017年=100,季调,美国,美国,美联储,getEcoDataGlobeUsa,1972-01-31,2026-06-30,1,,,
801760,传媒,3010701542,美国:工业生产指数:信息业:报纸、期刊、图书和目录出版商,"US: IPI: Information: Newspaper, periodical, book, and directory publishers",月,2017年=100,当期值,美国,美国,美联储,getEcoDataGlobeUsa,1972-01-31,2026-06-30,1,,,
801760,传媒,3010701545,美国:工业生产指数:信息业:定期、图书和其他出版商:季调,"US: IPI: Information: Periodical, book, and other publishers: SA",月,2017年=100,季调,美国,美国,美联储,getEcoDataGlobeUsa,1972-01-31,2026-06-30,1,,,
801760,传媒,3010701546,美国:工业生产指数:信息业:定期、图书和其他出版商,"US: IPI: Information: Periodical, book, and other publishers",月,2017年=100,当期值,美国,美国,美联储,getEcoDataGlobeUsa,1972-01-31,2026-06-30,1,,,
801760,传媒,3010702227,美国:工业生产指数:权重:信息业:报纸、期刊、图书和目录出版商:季调,"US: RIW: Information: Newspaper, periodical, book, and directory publishers: SA",月,%,季调,美国,美国,美联储,getEcoDataGlobeUsa,1972-01-31,2026-06-30,1,,,
801760,传媒,3010702229,美国:工业生产指数:权重:信息业:定期、图书和其他出版商:季调,"US: RIW: Information: Periodical, book, and other publishers: SA",月,%,季调,美国,美国,美联储,getEcoDataGlobeUsa,1972-01-31,2026-06-30,1,,,
801760,传媒,2100001806,全国电影票房收入:当日值,National Film Box Office Income: Current Value (Day),日,万元,当期值,全国,中国,艺恩数据,getEcoDataIndCulture,2008-01-01,2026-08-07,1,,,
801760,传媒,2100001825,全国电影票房收入:累计值,National Film Box Office Income: Cummulative Value,季,万元,累计值,全国,中国,艺恩数据,getEcoDataIndCulture,2008-03-31,2026-06-30,1,,,
801760,传媒,2100001826,全国电影票房收入:国产影片:累计值,National Film Sales Statistics: Domestic Films: YTD,季,万元,累计值,全国,中国,国家广播电影电视总局,getEcoDataIndCulture,2010-03-31,2025-12-31,1,,,
801770,通信,1020000163,出口交货值:通信设备、计算机及其他电子设备制造业:当期值,"Export Delivery Value: Communications Equipment, Computers And Other Electronic Equipment Manufacturing: Current Value",月,亿元,当期值,全国,中国,国家统计局,getEcoDataChina,2007-02-28,2026-06-30,1,,,
801770,通信,1020000204,出口交货值:通信设备、计算机及其他电子设备制造业:当月同比,"Export Delivery Value: Communications Equipment, Computers And Other Electronic Equipment Manufacturing: Current YoY (Month)",月,%,当期同比,全国,中国,国家统计局,getEcoDataChina,2007-02-28,2026-06-30,1,,,
801770,通信,1020000246,出口交货值:通信设备、计算机及其他电子设备制造业:累计值,"Export Delivery Value: Communications Equipment, Computers And Other Electronic Equipment Manufacturing: Cumulative Value",月,亿元,累计值,全国,中国,国家统计局,getEcoDataChina,2007-02-28,2026-06-30,1,,,
801770,通信,1020000287,出口交货值:通信设备、计算机及其他电子设备制造业:累计同比,"Export Delivery Value: Communications Equipment, Computers And Other Electronic Equipment Manufacturing: Cumulative YoY",月,%,累计同比,全国,中国,国家统计局,getEcoDataChina,2007-02-28,2026-06-30,1,,,
801770,通信,2080617139,产量:光缆:当月值,Output: Optical Cables: Current Value (Month),月,万芯千米,当期值,全国,中国,国家统计局,getEcoDataIndMachineryequipment,2004-01-31,2026-06-30,1,,,
801770,通信,2080617140,产量:光缆:当月同比,Output: Optical Cables: Month YoY,月,%,当期同比,全国,中国,国家统计局,getEcoDataIndMachineryequipment,2004-01-31,2026-06-30,1,,,
801770,通信,2080617154,产量:光缆:累计同比,Output: Optical Cables: Cumulative YoY,月,%,累计同比,全国,中国,国家统计局,getEcoDataIndMachineryequipment,2004-01-31,2026-06-30,1,,,
801770,通信,2080617155,产量:光缆:累计值,Output: Optical Cables: Cumulative Value,月,万芯千米,累计值,全国,中国,国家统计局,getEcoDataIndMachineryequipment,2004-01-31,2026-06-30,1,,,
801770,通信,2090100780,产量:移动通信基站设备:当月值,Output: Mobile Communication Base Station Equipment,月,万信道,当期值,全国,中国,国家统计局,getEcoDataIndElectronic,1990-02-28,2026-06-30,1,,,
801770,通信,2090100781,产量:移动通信基站设备:当月同比,Mobile Communication Base Station Equipment: Output: YoY,月,%,当期同比,全国,中国,国家统计局,getEcoDataIndElectronic,1997-02-28,2026-06-30,1,,,
801770,通信,2090100782,产量:移动通信基站设备:累计值,Output: Base Station Equipment for Mobile Communication: Cumulative Value,月,万信道,累计值,全国,中国,国家统计局,getEcoDataIndElectronic,1990-02-28,2026-06-30,1,,,
801770,通信,2090100783,产量:移动通信基站设备:累计同比,Output: Base Station Equipment for Mobile Communication: Cumulative YoY,月,%,累计同比,全国,中国,国家统计局,getEcoDataIndElectronic,1991-02-28,2026-06-30,1,,,
801770,通信,2090100937,移动通信基站设备:产量:北京:当月值,Mobile Communication Base Station Equipment: Production: Beijing,月,万信道,当期值,北京市,中国,国家统计局,getEcoDataIndElectronic,2005-02-28,2026-06-30,1,,,
801770,通信,2090100938,移动通信基站设备:产量:天津:当月值,Mobile Communication Base Station Equipment: Production: Tianjin,月,万信道,当期值,天津市,中国,国家统计局,getEcoDataIndElectronic,2005-07-31,2026-03-31,1,,,
801770,通信,2090100939,移动通信基站设备:产量:上海:当月值,Mobile Communication Base Station Equipment: Production: Shanghai,月,万信道,当期值,上海市,中国,国家统计局,getEcoDataIndElectronic,2005-02-28,2026-06-30,1,,,
801770,通信,2090100940,移动通信基站设备:产量:江苏:当月值,Mobile Communication Base Station Equipment: Production: Jiangsu,月,万信道,当期值,江苏省,中国,国家统计局,getEcoDataIndElectronic,2005-02-28,2026-06-30,1,,,
801770,通信,2090100941,移动通信基站设备:产量:浙江:当月值,Mobile Communication Base Station Equipment: Production: Zhejiang,月,万信道,当期值,浙江省,中国,国家统计局,getEcoDataIndElectronic,2005-04-30,2026-06-30,1,,,
801770,通信,2090100942,移动通信基站设备:产量:广东:当月值,Mobile Communication Base Station Equipment: Production: Guangdong,月,万信道,当期值,广东省,中国,国家统计局,getEcoDataIndElectronic,2006-03-31,2026-06-30,1,,,
801770,通信,2090100951,移动通信基站设备:产量:北京:累计值,Mobile Communication Base Station Equipment: Production: Beijing: YTD,月,万信道,累计值,北京市,中国,国家统计局,getEcoDataIndElectronic,2005-02-28,2026-06-30,1,,,
801770,通信,2090100952,移动通信基站设备:产量:天津:累计值,Mobile Communication Base Station Equipment: Production: Tianjin: YTD,月,万信道,累计值,天津市,中国,国家统计局,getEcoDataIndElectronic,2005-07-31,2026-03-31,1,,,
801770,通信,2090100953,移动通信基站设备:产量:上海:累计值,Mobile Communication Base Station Equipment: Production: Shanghai: YTD,月,万信道,累计值,上海市,中国,国家统计局,getEcoDataIndElectronic,2005-02-28,2026-06-30,1,,,
801770,通信,2090100954,移动通信基站设备:产量:江苏:累计值,Mobile Communication Base Station Equipment: Production: Jiangsu: YTD,月,万信道,累计值,江苏省,中国,国家统计局,getEcoDataIndElectronic,2005-02-28,2026-06-30,1,,,
801770,通信,2090100955,移动通信基站设备:产量:浙江:累计值,Mobile Communication Base Station Equipment: Production: Zhejiang: YTD,月,万信道,累计值,浙江省,中国,国家统计局,getEcoDataIndElectronic,2005-04-30,2026-06-30,1,,,
801770,通信,2090100956,移动通信基站设备:产量:广东:累计值,Mobile Communication Base Station Equipment: Production: Guangdong: YTD,月,万信道,累计值,广东省,中国,国家统计局,getEcoDataIndElectronic,2006-03-31,2026-06-30,1,,,
801770,通信,2090716967,出口金额(美元):电话机;其他声音、图像或其他数据用设备(8517):当月值,"Export Value (USD): Telephone;Other Devices For Sound, Image Or Other Data(8517): Current Month Value",月,美元,当期值,中国,中国,海关总署,getEcoDataIndElectronic,2015-01-31,2026-06-30,1,"HS编码""8517""中文全称为""电话机,包括用于蜂窝网络或其他无线网络的电话机;其他发送或接收声音、图像或其他数据用的设备,包括有线或无线网络(例如,局域网或广域网)的通信设备,品目8443、8525、8527或8528的发送或接收设备除外""",,
801770,通信,2090716969,进出口金额(美元):电话机;其他声音、图像或其他数据用设备(8517):当月值,"Import And Export Value (USD): Telephone;Other Devices For Sound, Image Or Other Data(8517): Current Month Value",月,美元,当期值,中国,中国,海关总署,getEcoDataIndElectronic,2015-01-31,2026-06-30,1,"HS编码""8517""中文全称为""电话机,包括用于蜂窝网络或其他无线网络的电话机;其他发送或接收声音、图像或其他数据用的设备,包括有线或无线网络(例如,局域网或广域网)的通信设备,品目8443、8525、8527或8528的发送或接收设备除外""",,
801770,通信,2090716971,出口金额(美元):电话机;其他声音、图像或其他数据用设备(8517):当月同比,"Export Value (USD): Telephone;Other Devices For Sound, Image Or Other Data(8517): Mom",月,%,当期同比,中国,中国,海关总署,getEcoDataIndElectronic,2018-01-31,2026-06-30,1,"HS编码""8517""中文全称为""电话机,包括用于蜂窝网络或其他无线网络的电话机;其他发送或接收声音、图像或其他数据用的设备,包括有线或无线网络(例如,局域网或广域网)的通信设备,品目8443、8525、8527或8528的发送或接收设备除外""",,
801770,通信,2090716973,进出口金额(美元):电话机;其他声音、图像或其他数据用设备(8517):当月同比,"Import And Export Value (USD): Telephone;Other Devices For Sound, Image Or Other Data(8517): Mom",月,%,当期同比,中国,中国,海关总署,getEcoDataIndElectronic,2018-01-31,2026-06-30,1,"HS编码""8517""中文全称为""电话机,包括用于蜂窝网络或其他无线网络的电话机;其他发送或接收声音、图像或其他数据用的设备,包括有线或无线网络(例如,局域网或广域网)的通信设备,品目8443、8525、8527或8528的发送或接收设备除外""",,
801770,通信,2090716974,出口金额(美元):电话机;其他声音、图像或其他数据用设备(8517):累计值,"Export Value (USD): Telephone;Other Devices For Sound, Image Or Other Data(8517): Cumulative Value",月,美元,累计值,中国,中国,海关总署,getEcoDataIndElectronic,2017-01-31,2026-06-30,1,"HS编码""8517""中文全称为""电话机,包括用于蜂窝网络或其他无线网络的电话机;其他发送或接收声音、图像或其他数据用的设备,包括有线或无线网络(例如,局域网或广域网)的通信设备,品目8443、8525、8527或8528的发送或接收设备除外""",,
801770,通信,2090716976,进出口金额(美元):电话机;其他声音、图像或其他数据用设备(8517):累计值,"Import And Export Value (USD): Telephone;Other Devices For Sound, Image Or Other Data(8517): Cumulative Value",月,美元,累计值,中国,中国,海关总署,getEcoDataIndElectronic,2017-01-31,2026-06-30,1,"HS编码""8517""中文全称为""电话机,包括用于蜂窝网络或其他无线网络的电话机;其他发送或接收声音、图像或其他数据用的设备,包括有线或无线网络(例如,局域网或广域网)的通信设备,品目8443、8525、8527或8528的发送或接收设备除外""",,
801780,银行,1030000183,贷款需求指数,Loan Demand Index,季,%,当期值,全国,中国,中国人民银行,getEcoDataChina,2004-03-31,2025-12-31,1,,,
801780,银行,1030000184,制造业贷款需求指数,Manufacturing Loan Demand Index,季,%,当期值,全国,中国,中国人民银行,getEcoDataChina,2009-03-31,2025-12-31,1,,,
801780,银行,1030000186,大型企业贷款需求指数,Large Enterprises Loan Demand Index,季,%,当期值,全国,中国,中国人民银行,getEcoDataChina,2012-03-31,2025-12-31,1,,,
801780,银行,1030000187,中型企业贷款需求指数,Medium-Sized Enterprises Loan Demand Index,季,%,当期值,全国,中国,中国人民银行,getEcoDataChina,2012-03-31,2025-12-31,1,,,
801780,银行,1030000188,小微型企业贷款需求指数,Small and Micro-Sized Enterprise Loan Demand Index,季,%,当期值,全国,中国,中国人民银行,getEcoDataChina,2012-03-31,2025-12-31,1,,,
801780,银行,1030002280,基础设施贷款需求指数,Infrastructure Loan Demand Index,季,%,当期值,全国,中国,中国人民银行,getEcoDataChina,2015-09-30,2025-12-31,1,,,
801780,银行,2211000610,平安银行:不良贷款率,Ping An Bank: NPL Ratio,季,%,期末值,全国,中国,上市公司公告,getEcoDataIndFinancialservices,2004-12-31,2026-03-31,1,,,
801780,银行,2211000902,平安银行:净息差,Ping An Bank: Net Interest Margin,季,%,期末值,全国,中国,上市公司公告,getEcoDataIndFinancialservices,2006-12-31,2026-03-31,1,,,
801780,银行,2211001461,北京银行:不良贷款率,BOB: NPL Ratio,季,%,期末值,全国,中国,上市公司公告,getEcoDataIndFinancialservices,2007-03-31,2026-03-31,1,,,
801780,银行,2211001474,常熟银行:不良贷款率,Changshu Bank: NPL Ratio,季,%,期末值,全国,中国,上市公司公告,getEcoDataIndFinancialservices,2015-12-31,2026-03-31,1,,,
801780,银行,2211001487,成都银行:不良贷款率,BANK OF CHENGDU: NPL Ratio,季,%,期末值,全国,中国,上市公司公告,getEcoDataIndFinancialservices,2016-12-31,2026-03-31,1,,,
801780,银行,2211001498,光大银行:净息差,CEB BANK: Net Interest Margin,季,%,期末值,全国,中国,上市公司公告,getEcoDataIndFinancialservices,2007-12-31,2025-12-31,1,,,
801780,银行,2211001500,光大银行:不良贷款率,CEB BANK: NPL Ratio,季,%,期末值,全国,中国,上市公司公告,getEcoDataIndFinancialservices,2007-12-31,2026-03-31,1,,,
801780,银行,2211001511,贵阳银行:净息差,BANK OF GUIYANG: Net Interest Margin,季,%,期末值,全国,中国,上市公司公告,getEcoDataIndFinancialservices,2013-12-31,2026-03-31,1,,,
801780,银行,2211001513,贵阳银行:不良贷款率,BANK OF GUIYANG: NPL Ratio,季,%,期末值,全国,中国,上市公司公告,getEcoDataIndFinancialservices,2013-12-31,2026-03-31,1,,,
801780,银行,2211001526,杭州银行:不良贷款率,HZBANK: NPL Ratio,季,%,期末值,全国,中国,上市公司公告,getEcoDataIndFinancialservices,2015-12-31,2026-03-31,1,,,
801780,银行,2211001537,华夏银行:净息差,HXB: Net Interest Margin,季,%,期末值,全国,中国,上市公司公告,getEcoDataIndFinancialservices,2009-12-31,2026-03-31,1,,,
801780,银行,2211001539,华夏银行:不良贷款率,HXB: NPL Ratio,季,%,期末值,全国,中国,上市公司公告,getEcoDataIndFinancialservices,2007-06-30,2026-03-31,1,,,
801780,银行,2211001552,江苏银行:不良贷款率,BANK OF JIANGSU: NPL Ratio,季,%,期末值,全国,中国,上市公司公告,getEcoDataIndFinancialservices,2013-12-31,2026-03-31,1,,,
801780,银行,2211001563,江阴银行:净息差,JRCB: Net Interest Margin,季,%,期末值,全国,中国,上市公司公告,getEcoDataIndFinancialservices,2013-12-31,2026-03-31,1,,,
801780,银行,2211001565,江阴银行:不良贷款率,JRCB: NPL Ratio,季,%,期末值,全国,中国,上市公司公告,getEcoDataIndFinancialservices,2013-12-31,2026-03-31,1,,,
801780,银行,2211001589,民生银行:净息差,CMBC: Net Interest Margin,季,%,期末值,全国,中国,上市公司公告,getEcoDataIndFinancialservices,2008-12-31,2026-03-31,1,,,
801780,银行,2211001591,民生银行:不良贷款率,CMBC: NPL Ratio,季,%,期末值,全国,中国,上市公司公告,getEcoDataIndFinancialservices,2007-03-31,2026-03-31,1,,,
801780,银行,2211001602,南京银行:净息差,NJBK: Net Interest Margin,季,%,期末值,全国,中国,上市公司公告,getEcoDataIndFinancialservices,2009-12-31,2025-12-31,1,,,
801780,银行,2211001604,南京银行:不良贷款率,NJBK: NPL Ratio,季,%,期末值,全国,中国,上市公司公告,getEcoDataIndFinancialservices,2007-06-30,2026-03-31,1,,,
801780,银行,2211001615,宁波银行:净息差,Bank of Ningbo: Net Interest Margin,季,%,期末值,全国,中国,上市公司公告,getEcoDataIndFinancialservices,2010-12-31,2026-03-31,1,,,
801780,银行,2211001617,宁波银行:不良贷款率,Bank of Ningbo: NPL Ratio,季,%,期末值,全国,中国,上市公司公告,getEcoDataIndFinancialservices,2007-06-30,2026-03-31,1,,,
801780,银行,2211001643,浦发银行:不良贷款率,SPD BANK: NPL Ratio,季,%,期末值,全国,中国,上市公司公告,getEcoDataIndFinancialservices,2007-03-31,2026-03-31,1,,,
801780,银行,2211001654,青岛银行:净息差,Bank of Qingdao: Net Interest Margin,季,%,期末值,全国,中国,上市公司公告,getEcoDataIndFinancialservices,2017-12-31,2026-03-31,1,,,
801780,银行,2211001656,青岛银行:不良贷款率,Bank of Qingdao: NPL Ratio,季,%,期末值,全国,中国,上市公司公告,getEcoDataIndFinancialservices,2017-12-31,2026-03-31,1,,,
801790,非银金融,1070007016,北京:原保险保费收入:人身险公司保户投资款新增交费,Beijing: Premium Income from Original Insurance: New Premium From Insured Investment Funds with Life Insurance Company ,月,万元,累计值,北京市,中国,中国保险业监督管理委员会,getEcoDataIndFinancialservices,2016-05-31,2026-06-30,1,,,
801790,非银金融,1070007017,北京:原保险保费收入:人身险公司投连险独立账户新增交费,Beijing: Premium Income from Original Insurance: New Premium From Independent Account for Unit-linked Insurance with Life Insurance Company,月,万元,累计值,北京市,中国,中国保险业监督管理委员会,getEcoDataIndFinancialservices,2016-05-31,2026-06-30,1,,,
801790,非银金融,2210900111,原保险保费收入:原保险:累计同比,Original Insurance Premium Income: YoY,月,%,累计同比,全国,中国,中国保险业监督管理委员会,getEcoDataIndFinancialservices,2000-01-31,2026-06-30,1,不包括中华联合控股寿险业务,,
801790,非银金融,2210900112,原保险保费收入:财产险:累计同比,Original Insurance Premium Income: Property Insurance: YoY,月,%,累计同比,全国,中国,中国保险业监督管理委员会,getEcoDataIndFinancialservices,2000-01-31,2026-06-30,1,不包括中华联合控股寿险业务,,
801790,非银金融,2210900113,原保险保费收入:人身险:累计同比,Original Insurance Premium Income: Personal Insurance: YoY,月,%,累计同比,全国,中国,中国保险业监督管理委员会,getEcoDataIndFinancialservices,2000-01-31,2026-06-30,1,不包括中华联合控股寿险业务,,
801790,非银金融,2210900114,原保险保费收入:寿险:累计同比,Original Insurance Premium Income: Life Insurance: YoY,月,%,累计同比,全国,中国,中国保险业监督管理委员会,getEcoDataIndFinancialservices,2000-01-31,2026-06-30,1,不包括中华联合控股寿险业务,,
801790,非银金融,2210900115,原保险保费收入:健康险:累计同比,Original Insurance Premium Income: Health Insurance: YoY,月,%,累计同比,全国,中国,中国保险业监督管理委员会,getEcoDataIndFinancialservices,2000-01-31,2026-06-30,1,不包括中华联合控股寿险业务,,
801790,非银金融,2210900116,原保险保费收入:人身意外伤害险:累计同比,Original Insurance Premium Income: The Person Accident Injury Insurance: YoY,月,%,累计同比,全国,中国,中国保险业监督管理委员会,getEcoDataIndFinancialservices,2000-01-31,2026-06-30,1,不包括中华联合控股寿险业务,,
801790,非银金融,2210900129,原保险保费收入:农业保险:累计同比,Original Insurance Premium Income: Agriculture Insurance: YoY,月,%,累计同比,全国,中国,中国保险业监督管理委员会,getEcoDataIndFinancialservices,2013-04-30,2026-06-30,1,不包括中华联合控股寿险业务,,
801790,非银金融,2211002704,原保险保费收入:原保险:当月同比,Original Insurance Premium Income: Original Insurance: YoY,月,%,当期同比,全国,中国,中国保险业监督管理委员会,getEcoDataIndFinancialservices,2000-01-31,2026-06-30,1,,,
801790,非银金融,1070008115,江苏:本级:保费收入:原保险保费收入,Jiangsu: Local Level: Premium Income: Premium Income from Original Insurance,月,万元,累计值,江苏省,中国,中国保险业监督管理委员会,getEcoDataIndFinancialservices,2008-01-31,2026-06-30,1,,,
801790,非银金融,1070008471,江西:南昌市:保费收入:原保险保费收入,Jiangxi: Nanchang: Premium Income: Premium Income from Original Insurance,月,万元,累计值,江西省,中国,中国保险业监督管理委员会,getEcoDataIndFinancialservices,2014-04-30,2026-05-31,1,,,
801790,非银金融,1070008472,江西:景德镇市:保费收入:原保险保费收入,Jiangxi: Jingdezhen: Premium Income: Premium Income from Original Insurance,月,万元,累计值,江西省,中国,中国保险业监督管理委员会,getEcoDataIndFinancialservices,2014-04-30,2026-05-31,1,,,
801790,非银金融,1070008473,江西:萍乡市:保费收入:原保险保费收入,Jiangxi: Pingxiang: Premium Income: Premium Income from Original Insurance,月,万元,累计值,江西省,中国,中国保险业监督管理委员会,getEcoDataIndFinancialservices,2014-04-30,2026-05-31,1,,,
801790,非银金融,1070008474,江西:九江市:保费收入:原保险保费收入,Jiangxi: Jiujiang: Premium Income: Premium Income from Original Insurance,月,万元,累计值,江西省,中国,中国保险业监督管理委员会,getEcoDataIndFinancialservices,2014-04-30,2026-05-31,1,,,
801790,非银金融,1070008475,江西:新余市:保费收入:原保险保费收入,Jiangxi: Xinyu: Premium Income: Premium Income from Original Insurance,月,万元,累计值,江西省,中国,中国保险业监督管理委员会,getEcoDataIndFinancialservices,2014-04-30,2026-05-31,1,,,
801790,非银金融,1070008476,江西:鹰潭市:保费收入:原保险保费收入,Jiangxi: Yingtan: Premium Income: Premium Income from Original Insurance,月,万元,累计值,江西省,中国,中国保险业监督管理委员会,getEcoDataIndFinancialservices,2014-04-30,2026-05-31,1,,,
801790,非银金融,1070008477,江西:赣州市:保费收入:原保险保费收入,Jiangxi: Ganzhou: Premium Income: Premium Income from Original Insurance,月,万元,累计值,江西省,中国,中国保险业监督管理委员会,getEcoDataIndFinancialservices,2014-04-30,2026-05-31,1,,,
801790,非银金融,1070008478,江西:吉安市:保费收入:原保险保费收入,Jiangxi: Ji'an: Premium Income: Premium Income from Original Insurance,月,万元,累计值,江西省,中国,中国保险业监督管理委员会,getEcoDataIndFinancialservices,2014-04-30,2026-05-31,1,,,
801790,非银金融,1070008479,江西:宜春市:保费收入:原保险保费收入,Jiangxi: Yichun: Premium Income: Premium Income from Original Insurance,月,万元,累计值,江西省,中国,中国保险业监督管理委员会,getEcoDataIndFinancialservices,2014-04-30,2026-05-31,1,,,
801790,非银金融,1070008480,江西:抚州市:保费收入:原保险保费收入,Jiangxi: Fuzhou: Premium Income: Premium Income from Original Insurance,月,万元,累计值,江西省,中国,中国保险业监督管理委员会,getEcoDataIndFinancialservices,2014-04-30,2026-05-31,1,,,
801790,非银金融,1070008481,江西:上饶市:保费收入:原保险保费收入,Jiangxi: Shangrao: Premium Income: Premium Income from Original Insurance,月,万元,累计值,江西省,中国,中国保险业监督管理委员会,getEcoDataIndFinancialservices,2014-04-30,2026-05-31,1,,,
801790,非银金融,1070008482,江西:本级:保费收入:原保险保费收入,Jiangxi: Local Level: Premium Income: Premium Income from Original Insurance,月,万元,累计值,江西省,中国,中国保险业监督管理委员会,getEcoDataIndFinancialservices,2014-04-30,2026-05-31,1,,,
801790,非银金融,1070009337,宁波:原保险保费收入:寿险:合计,Ningbo: Premium Income from Original Insurance: Life Insurance: Total,月,万元,累计值,宁波市,中国,中国保险业监督管理委员会,getEcoDataIndFinancialservices,2014-04-30,2026-06-30,1,,,
801790,非银金融,1070009378,宁波:原保险保费收入:财险:合计,Ningbo: Premium Income from Original Insurance: P&C Insurance: Total,月,万元,累计值,宁波市,中国,中国保险业监督管理委员会,getEcoDataIndFinancialservices,2014-03-31,2026-06-30,1,,,
801790,非银金融,1070010319,海南:省公司本级:保费收入:原保险保费收入,Hainan: Provincial Company level: Premium Income: Premium Income from Original Insurance,月,万元,累计值,海南省,中国,中国保险业监督管理委员会,getEcoDataIndFinancialservices,2014-11-30,2026-06-30,1,,,
801790,非银金融,1070010324,海南:海口市:保费收入:原保险保费收入,Hainan: Haikou: Premium Income: Premium Income from Original Insurance,月,万元,累计值,海南省,中国,中国保险业监督管理委员会,getEcoDataIndFinancialservices,2014-11-30,2026-06-30,1,,,
801790,非银金融,1070010329,海南:三亚市:保费收入:原保险保费收入,Hainan: Sanya: Premium Income: Premium Income from Original Insurance,月,万元,累计值,海南省,中国,中国保险业监督管理委员会,getEcoDataIndFinancialservices,2014-11-30,2026-06-30,1,,,
801790,非银金融,1070010334,海南:三沙市:保费收入:原保险保费收入,Hainan: Sansha: Premium Income: Premium Income from Original Insurance,月,万元,累计值,海南省,中国,中国保险业监督管理委员会,getEcoDataIndFinancialservices,2014-11-30,2026-06-30,1,,,
801790,非银金融,1070010339,海南:五指山市:保费收入:原保险保费收入,Hainan: Wuzhishan: Premium Income: Premium Income from Original Insurance,月,万元,累计值,海南省,中国,中国保险业监督管理委员会,getEcoDataIndFinancialservices,2014-11-30,2026-06-30,1,,,
801880,汽车,1020001586,产量:汽车:当月值,Output: Automobile: Current Value (Month),月,万辆,当期值,全国,中国,国家统计局,getEcoDataChina,1989-02-28,2026-06-30,1,"汽车整车包括:
基本型乘用车:活顶乘用车、高级乘用车、小型乘用车、敞蓬车、仓背乘用车;
越野乘用车;
专用乘用车:如旅居车、防弹车、救护车、殡仪车等;
其他乘用车:旅行车、多用途乘用车、短头乘用车;
客车:小型客车、城市客车(单层和双层)、长途客车、旅游客车、铰结式客车、越野客车、专用客车等;
半挂牵引车;
货车:普通货车、多用途货车、全挂牵引车、越野货车等;
专用作业车:管道加油车、消防车、保温车、混凝土泵车、抢修工程车、道路清洁车、垃 圾处理车、洒水车、救护车、流动医疗车、机动起重车、升降平台、机动钻探车、机动环境监测车、机动客梯车、充电车等;
专用货车:罐式车、混凝土运输车、乘用车运输车、机动散装货物传送车、集装箱运输车等;
雪地行走专用机动车、高尔夫球机动车及类似机动车;
汽车发动机;
上述机动车辆的底盘。",,
801880,汽车,2070815493,比亚迪:销量:新能源汽车:商用车:客车:当月值,BYD: Sales Volume: New Energy Vehicles: Commercial Vehicles: Passenger Coaches: Current Value(Month),月,辆,当期值,全国,中国,上市公司公告,getEcoDataIndAutomobile,2018-01-31,2026-05-31,1,,,
801880,汽车,2070815505,比亚迪:销量:新能源汽车:商用车:客车:累计值,BYD: Sales Volume: New Energy Vehicles: Commercial Vehicles: Passenger Coaches: Cumulative Value,月,辆,累计值,全国,中国,上市公司公告,getEcoDataIndAutomobile,2018-01-31,2026-05-31,1,,,
801880,汽车,2070100949,乘用车产量:轿车:环比,Passenger Car Production: Cars: MoM,月,%,当期环比,,中国,全国乘用车市场信息联席会,getEcoDataIndAutomobile,2008-04-30,2026-06-30,1,,,
801880,汽车,2070100980,乘用车销量:轿车:环比,Passenger Car Sales Volume: Cars: MoM,月,%,当期环比,,中国,全国乘用车市场信息联席会,getEcoDataIndAutomobile,2008-04-30,2026-06-30,1,,,
801880,汽车,2070812148,上海汽车上牌量:进口小客车(含轿车):环比,Quantity of Licensed Vehicles in Shanghai: Imported Small Passenger Coaches (Including Saloon Cars): Percent Change from Preceding Period,月,%,当期环比,上海市,中国,全国乘用车市场信息联席会,getEcoDataIndAutomobile,2011-01-31,2026-06-30,1,,,
801880,汽车,2070815489,比亚迪:销量:新能源汽车:乘用车:当月值,BYD: Sales Volume: New Energy Vehicle: Passenger Car: Current Value,月,辆,当期值,全国,中国,上市公司公告,getEcoDataIndAutomobile,2018-01-31,2026-07-31,1,,,
801880,汽车,2070815490,比亚迪:销量:新能源汽车:乘用车:纯电动:当月值,BYD: Sales Volume: New Energy Vehicles: Passenger Vehicles: Purely Electric Vehicles: Current Value(Month),月,辆,当期值,全国,中国,上市公司公告,getEcoDataIndAutomobile,2018-01-31,2026-05-31,1,,,
801880,汽车,2070815491,比亚迪:销量:新能源汽车:乘用车:插电式混合动力:当月值,BYD: Sales Volume: New Energy Vehicles: Passenger Vehicles: Plug-in Hybrid Vehicles: Current Value(Month),月,辆,当期值,全国,中国,上市公司公告,getEcoDataIndAutomobile,2018-01-31,2026-05-31,1,,,
801880,汽车,2070815492,比亚迪:销量:新能源汽车:商用车:当月值,BYD: Sales Volume: New Energy Vehicles: Commercial Vehicles: Current Value(Month),月,辆,当期值,全国,中国,上市公司公告,getEcoDataIndAutomobile,2018-01-31,2026-07-31,1,,,
801880,汽车,2070815494,比亚迪:销量:新能源汽车:商用车:其他:当月值,BYD: Sales Volume: New Energy Vehicles: Commercial Vehicles: Others: Current Value(Month),月,辆,当期值,全国,中国,上市公司公告,getEcoDataIndAutomobile,2018-01-31,2026-05-31,1,,,
801880,汽车,2070815501,比亚迪:销量:新能源汽车:乘用车:累计值,BYD: Sales Volume: New Energy Vehicles: Passenger Vehicles: Cumulative Value,月,辆,累计值,全国,中国,上市公司公告,getEcoDataIndAutomobile,2018-01-31,2026-07-31,1,,,
801880,汽车,2070815502,比亚迪:销量:新能源汽车:乘用车:纯电动:累计值,BYD: Sales Volume: New Energy Vehicles: Passenger Vehicles: Purely Electric Vehicles: Cumulative Value,月,辆,累计值,全国,中国,上市公司公告,getEcoDataIndAutomobile,2018-01-31,2026-05-31,1,,,
801880,汽车,2070815503,比亚迪:销量:新能源汽车:乘用车:插电式混合动力:累计值,BYD: Sales Volume: New Energy Vehicles: Passenger Vehicles: Plug-in Hybrid Vehicles: Cumulative Value,月,辆,累计值,全国,中国,上市公司公告,getEcoDataIndAutomobile,2018-01-31,2026-05-31,1,,,
801880,汽车,2070815504,比亚迪:销量:新能源汽车:商用车:累计值,BYD: Sales Volume: New Energy Vehicles: Commercial Vehicles: Cumulative Value,月,辆,累计值,全国,中国,上市公司公告,getEcoDataIndAutomobile,2018-01-31,2026-07-31,1,,,
801880,汽车,2070815506,比亚迪:销量:新能源汽车:商用车:其他:累计值,BYD: Sales Volume: New Energy Vehicles: Commercial Vehicles: Others: Cumulative Value,月,辆,累计值,全国,中国,上市公司公告,getEcoDataIndAutomobile,2018-01-31,2026-05-31,1,,,
801880,汽车,2070815514,广汽集团:销量:乘用车:轿车:当月值,GAC Group: Sales Volume: Car: Current Value(Month),月,辆,当期值,全国,中国,上市公司公告,getEcoDataIndAutomobile,2015-09-30,2026-07-31,1,,,
801880,汽车,2070815538,广汽集团:产量:乘用车:轿车:当月值,GAC Group: Output: Car: Current Value(Month),月,辆,当期值,全国,中国,上市公司公告,getEcoDataIndAutomobile,2015-09-30,2026-07-31,1,,,
801880,汽车,2070815561,广汽集团:销量:乘用车:轿车:累计值,GAC Group: Sales Volume: Car: Cumulative Value,月,辆,累计值,全国,中国,上市公司公告,getEcoDataIndAutomobile,2015-09-30,2026-07-31,1,,,
801880,汽车,2070815585,广汽集团:产量:乘用车:轿车:累计值,GAC Group: Output: Car: Cumulative Value,月,辆,累计值,全国,中国,上市公司公告,getEcoDataIndAutomobile,2015-09-30,2026-07-31,1,,,
801880,汽车,2070912672,福田汽车:产量:汽车:商用车:货车:轻型货车:当月值,,月,辆,当期值,,中国,上市公司公告,getEcoDataIndAutomobile,2015-09-30,2026-03-31,1,,,
801880,汽车,2070912673,福田汽车:产量:汽车:商用车:货车:轻型货车:累计值,,月,辆,累计值,,中国,上市公司公告,getEcoDataIndAutomobile,2015-09-30,2026-03-31,1,,,
801880,汽车,2070912678,福田汽车:产量:汽车:商用车:货车:中重型货车:当月值,,月,辆,当期值,,中国,上市公司公告,getEcoDataIndAutomobile,2015-11-30,2026-02-28,1,,,
801880,汽车,2070912679,福田汽车:产量:汽车:商用车:货车:中重型货车:累计值,,月,辆,累计值,,中国,上市公司公告,getEcoDataIndAutomobile,2015-11-30,2026-02-28,1,,,
801880,汽车,2070912682,福田汽车:产量:汽车:商用车:客车:大型客车:当月值,,月,辆,当期值,,中国,上市公司公告,getEcoDataIndAutomobile,2015-09-30,2026-03-31,1,,,
801880,汽车,2070912683,福田汽车:产量:汽车:商用车:客车:大型客车:累计值,,月,辆,累计值,,中国,上市公司公告,getEcoDataIndAutomobile,2015-09-30,2026-03-31,1,,,
801880,汽车,2070912686,福田汽车:产量:汽车:商用车:客车:轻型客车:当月值,,月,辆,当期值,,中国,上市公司公告,getEcoDataIndAutomobile,2015-01-31,2026-03-31,1,,,
801880,汽车,2070912687,福田汽车:产量:汽车:商用车:客车:轻型客车:累计值,,月,辆,累计值,,中国,上市公司公告,getEcoDataIndAutomobile,2015-01-31,2026-03-31,1,,,
801880,汽车,2070912688,福田汽车:产量:汽车:商用车:客车:中型客车:当月值,,月,辆,当期值,,中国,上市公司公告,getEcoDataIndAutomobile,2015-09-30,2026-03-31,1,,,
801880,汽车,2070912689,福田汽车:产量:汽车:商用车:客车:中型客车:累计值,,月,辆,累计值,,中国,上市公司公告,getEcoDataIndAutomobile,2015-09-30,2026-03-31,1,,,
801890,机械设备,2080100203,销量:内燃机:工程机械:累计值,Consumption: Internal Combustion Engine: Casting Machinery: YTD,月,万台,累计值,,中国,中国内燃机工业协会,getEcoDataIndMachineryequipment,2013-04-30,2026-06-30,1,,,
801890,机械设备,2080100216,销量:内燃机:工程机械:累计同比,Consumption: Internal Combustion Engine: Casting Machinery: YTD: YoY,月,%,累计同比,,中国,中国内燃机工业协会,getEcoDataIndMachineryequipment,2014-01-31,2026-06-30,1,,,
801890,机械设备,2087006209,出口金额(美元):机动推土机、侧铲推土机等(8429):当月值,"Export Value (USD): Motor Bulldozer, Side Shovel Bulldozer, Etc(8429): Current Month Value",月,美元,当期值,中国,中国,海关总署,getEcoDataIndMachineryequipment,2015-01-31,2026-06-30,1,"HS编码""8429""中文全称为""机动推土机、侧铲推土机、筑路机、平地机、铲运机、机械铲、挖掘机、机铲装载机、捣固机械及压路机""",,
801890,机械设备,2087006210,进口金额(美元):机动推土机、侧铲推土机等(8429):当月值,"Import Value (USD): Motor Bulldozer, Side Shovel Bulldozer, Etc(8429): Current Month Value",月,美元,当期值,中国,中国,海关总署,getEcoDataIndMachineryequipment,2015-01-31,2026-06-30,1,"HS编码""8429""中文全称为""机动推土机、侧铲推土机、筑路机、平地机、铲运机、机械铲、挖掘机、机铲装载机、捣固机械及压路机""",,
801890,机械设备,2087006211,进出口金额(美元):机动推土机、侧铲推土机等(8429):当月值,"Import and Export Value (USD): Motor Bulldozer, Side Shovel Bulldozer, Etc(8429): Current Month Value",月,美元,当期值,中国,中国,海关总署,getEcoDataIndMachineryequipment,2015-01-31,2026-06-30,1,"HS编码""8429""中文全称为""机动推土机、侧铲推土机、筑路机、平地机、铲运机、机械铲、挖掘机、机铲装载机、捣固机械及压路机""",,
801890,机械设备,2087006213,出口金额(美元):机动推土机、侧铲推土机等(8429):当月同比,"Export Value (USD): Motor Bulldozer, Side Shovel Bulldozer, Etc(8429): Mom",月,%,当期同比,中国,中国,海关总署,getEcoDataIndMachineryequipment,2016-01-31,2026-06-30,1,"HS编码""8429""中文全称为""机动推土机、侧铲推土机、筑路机、平地机、铲运机、机械铲、挖掘机、机铲装载机、捣固机械及压路机""",,
801890,机械设备,2087006214,进口金额(美元):机动推土机、侧铲推土机等(8429):当月同比,"Import Value (USD): Motor Bulldozer, Side Shovel Bulldozer, Etc(8429): Mom",月,%,当期同比,中国,中国,海关总署,getEcoDataIndMachineryequipment,2016-01-31,2026-06-30,1,"HS编码""8429""中文全称为""机动推土机、侧铲推土机、筑路机、平地机、铲运机、机械铲、挖掘机、机铲装载机、捣固机械及压路机""",,
801890,机械设备,2087006215,进出口金额(美元):机动推土机、侧铲推土机等(8429):当月同比,"Import and Export Value (USD): Motor Bulldozer, Side Shovel Bulldozer, Etc(8429): Mom",月,%,当期同比,中国,中国,海关总署,getEcoDataIndMachineryequipment,2016-01-31,2026-06-30,1,"HS编码""8429""中文全称为""机动推土机、侧铲推土机、筑路机、平地机、铲运机、机械铲、挖掘机、机铲装载机、捣固机械及压路机""",,
801890,机械设备,2087006216,出口金额(美元):机动推土机、侧铲推土机等(8429):累计值,"Export Value (USD): Motor Bulldozer, Side Shovel Bulldozer, Etc(8429): Cumulative Value",月,美元,累计值,中国,中国,海关总署,getEcoDataIndMachineryequipment,2015-01-31,2026-06-30,1,"HS编码""8429""中文全称为""机动推土机、侧铲推土机、筑路机、平地机、铲运机、机械铲、挖掘机、机铲装载机、捣固机械及压路机""",,
801890,机械设备,2087006217,进口金额(美元):机动推土机、侧铲推土机等(8429):累计值,"Import Value (USD): Motor Bulldozer, Side Shovel Bulldozer, Etc(8429): Cumulative Value",月,美元,累计值,中国,中国,海关总署,getEcoDataIndMachineryequipment,2015-01-31,2026-06-30,1,"HS编码""8429""中文全称为""机动推土机、侧铲推土机、筑路机、平地机、铲运机、机械铲、挖掘机、机铲装载机、捣固机械及压路机""",,
801890,机械设备,2087006218,进出口金额(美元):机动推土机、侧铲推土机等(8429):累计值,"Import and Export Value (USD): Motor Bulldozer, Side Shovel Bulldozer, Etc(8429): Cumulative Value",月,美元,累计值,中国,中国,海关总署,getEcoDataIndMachineryequipment,2015-01-31,2026-06-30,1,"HS编码""8429""中文全称为""机动推土机、侧铲推土机、筑路机、平地机、铲运机、机械铲、挖掘机、机铲装载机、捣固机械及压路机""",,
801890,机械设备,2087006220,出口金额(美元):机动推土机、侧铲推土机等(8429):累计同比,"Export Value (USD): Motor Bulldozer, Side Shovel Bulldozer, Etc(8429): Cumulative yoy",月,%,累计同比,中国,中国,海关总署,getEcoDataIndMachineryequipment,2016-01-31,2026-06-30,1,"HS编码""8429""中文全称为""机动推土机、侧铲推土机、筑路机、平地机、铲运机、机械铲、挖掘机、机铲装载机、捣固机械及压路机""",,
801890,机械设备,2087006221,进口金额(美元):机动推土机、侧铲推土机等(8429):累计同比,"Import Value (USD): Motor Bulldozer, Side Shovel Bulldozer, Etc(8429): Cumulative yoy",月,%,累计同比,中国,中国,海关总署,getEcoDataIndMachineryequipment,2016-01-31,2026-06-30,1,"HS编码""8429""中文全称为""机动推土机、侧铲推土机、筑路机、平地机、铲运机、机械铲、挖掘机、机铲装载机、捣固机械及压路机""",,
801890,机械设备,2087006222,进出口金额(美元):机动推土机、侧铲推土机等(8429):累计同比,"Import and Export Value (USD): Motor Bulldozer, Side Shovel Bulldozer, Etc(8429): Cumulative yoy",月,%,累计同比,中国,中国,海关总署,getEcoDataIndMachineryequipment,2016-01-31,2026-06-30,1,"HS编码""8429""中文全称为""机动推土机、侧铲推土机、筑路机、平地机、铲运机、机械铲、挖掘机、机铲装载机、捣固机械及压路机""",,
801890,机械设备,2087009739,"出口金额(美元):上部360度旋转的机械铲,挖掘机及机铲装载机(842952):当月值","Export Value (USD): Mechanical Shovel, Excavator And Shovel Loader With Upper 360 Degree Rotation(842952): Current Month Value",月,美元,当期值,中国,中国,海关总署,getEcoDataIndMachineryequipment,2015-01-31,2026-06-30,1,,,
801890,机械设备,2087009740,"进口金额(美元):上部360度旋转的机械铲,挖掘机及机铲装载机(842952):当月值","Import Value (USD): Mechanical Shovel, Excavator And Shovel Loader With Upper 360 Degree Rotation(842952): Current Month Value",月,美元,当期值,中国,中国,海关总署,getEcoDataIndMachineryequipment,2015-01-31,2026-06-30,1,,,
801890,机械设备,2087009741,"进出口金额(美元):上部360度旋转的机械铲,挖掘机及机铲装载机(842952):当月值","Import And Export Value (USD): Mechanical Shovel, Excavator And Shovel Loader With Upper 360 Degree Rotation(842952): Current Month Value",月,美元,当期值,中国,中国,海关总署,getEcoDataIndMachineryequipment,2015-01-31,2026-06-30,1,,,
801890,机械设备,2087009743,"出口金额(美元):上部360度旋转的机械铲,挖掘机及机铲装载机(842952):当月同比","Export Value (USD): Mechanical Shovel, Excavator And Shovel Loader With Upper 360 Degree Rotation(842952): Mom",月,%,当期同比,中国,中国,海关总署,getEcoDataIndMachineryequipment,2016-01-31,2026-06-30,1,,,
801890,机械设备,2087009744,"进口金额(美元):上部360度旋转的机械铲,挖掘机及机铲装载机(842952):当月同比","Import Value (USD): Mechanical Shovel, Excavator And Shovel Loader With Upper 360 Degree Rotation(842952): Mom",月,%,当期同比,中国,中国,海关总署,getEcoDataIndMachineryequipment,2016-01-31,2026-06-30,1,,,
801890,机械设备,2087009745,"进出口金额(美元):上部360度旋转的机械铲,挖掘机及机铲装载机(842952):当月同比","Import And Export Value (USD): Mechanical Shovel, Excavator And Shovel Loader With Upper 360 Degree Rotation(842952): Mom",月,%,当期同比,中国,中国,海关总署,getEcoDataIndMachineryequipment,2016-01-31,2026-06-30,1,,,
801890,机械设备,2087009746,"出口金额(美元):上部360度旋转的机械铲,挖掘机及机铲装载机(842952):累计值","Export Value (USD): Mechanical Shovel, Excavator And Shovel Loader With Upper 360 Degree Rotation(842952): Cumulative Value",月,美元,累计值,中国,中国,海关总署,getEcoDataIndMachineryequipment,2015-01-31,2026-06-30,1,,,
801890,机械设备,2087009747,"进口金额(美元):上部360度旋转的机械铲,挖掘机及机铲装载机(842952):累计值","Import Value (USD): Mechanical Shovel, Excavator And Shovel Loader With Upper 360 Degree Rotation(842952): Cumulative Value",月,美元,累计值,中国,中国,海关总署,getEcoDataIndMachineryequipment,2015-01-31,2026-06-30,1,,,
801890,机械设备,2087009748,"进出口金额(美元):上部360度旋转的机械铲,挖掘机及机铲装载机(842952):累计值","Import And Export Value (USD): Mechanical Shovel, Excavator And Shovel Loader With Upper 360 Degree Rotation(842952): Cumulative Value",月,美元,累计值,中国,中国,海关总署,getEcoDataIndMachineryequipment,2015-01-31,2026-06-30,1,,,
801890,机械设备,2087009750,"出口金额(美元):上部360度旋转的机械铲,挖掘机及机铲装载机(842952):累计同比","Export Value (USD): Mechanical Shovel, Excavator And Shovel Loader With Upper 360 Degree Rotation(842952): Cumulative Yoy",月,%,累计同比,中国,中国,海关总署,getEcoDataIndMachineryequipment,2016-01-31,2026-06-30,1,,,
801890,机械设备,2087009751,"进口金额(美元):上部360度旋转的机械铲,挖掘机及机铲装载机(842952):累计同比","Import Value (USD): Mechanical Shovel, Excavator And Shovel Loader With Upper 360 Degree Rotation(842952): Cumulative Yoy",月,%,累计同比,中国,中国,海关总署,getEcoDataIndMachineryequipment,2016-01-31,2026-06-30,1,,,
801890,机械设备,2087009752,"进出口金额(美元):上部360度旋转的机械铲,挖掘机及机铲装载机(842952):累计同比","Import And Export Value (USD): Mechanical Shovel, Excavator And Shovel Loader With Upper 360 Degree Rotation(842952): Cumulative Yoy",月,%,累计同比,中国,中国,海关总署,getEcoDataIndMachineryequipment,2016-01-31,2026-06-30,1,,,
801890,机械设备,2087014962,出口金额(美元):其他机械铲、挖掘机及机铲装载机(842959):当月值,"Export Value (USD): Other Mechanical Shovels, Excavators And Shovel Loaders(842959): Current Month Value",月,美元,当期值,中国,中国,海关总署,getEcoDataIndMachineryequipment,2015-01-31,2026-06-30,1,"与HS编码""84295900""中文全称为""其他机械铲、挖掘机及机铲装载机""相同",,
801890,机械设备,2087014963,进口金额(美元):其他机械铲、挖掘机及机铲装载机(842959):当月值,"Import Value (USD): Other Mechanical Shovels, Excavators And Shovel Loaders(842959): Current Month Value",月,美元,当期值,中国,中国,海关总署,getEcoDataIndMachineryequipment,2015-01-31,2026-03-31,1,"与HS编码""84295900""中文全称为""其他机械铲、挖掘机及机铲装载机""相同",,
801890,机械设备,2087014964,进出口金额(美元):其他机械铲、挖掘机及机铲装载机(842959):当月值,"Import And Export Value (USD): Other Mechanical Shovels, Excavators And Shovel Loaders(842959): Current Month Value",月,美元,当期值,中国,中国,海关总署,getEcoDataIndMachineryequipment,2015-01-31,2026-06-30,1,"与HS编码""84295900""中文全称为""其他机械铲、挖掘机及机铲装载机""相同",,
801890,机械设备,2087014966,出口金额(美元):其他机械铲、挖掘机及机铲装载机(842959):当月同比,"Export Value (USD): Other Mechanical Shovels, Excavators And Shovel Loaders(842959): Mom",月,%,当期同比,中国,中国,海关总署,getEcoDataIndMachineryequipment,2016-01-31,2026-06-30,1,"与HS编码""84295900""中文全称为""其他机械铲、挖掘机及机铲装载机""相同",,
801950,煤炭,1040015371,生产资料价格:煤炭:炼焦煤:周环比,Spot Price: Coal: Coking Coal: WoW,周,%,当期环比,全国,中国,商务部,getEcoDataChina,2017-03-19,2026-08-02,1,,,
801950,煤炭,3090000541,印度:WPI:燃料和电力:煤炭:炼焦煤,India: WPI: Fuel & Power: Coal: Coking Coal,月,2011年4月-2012年3月=100,当期值,印度,印度,印度商工部,getEcoDataGlobeRest,2012-04-30,2026-04-30,1,,,
801950,煤炭,3090000542,印度:WPI:燃料和电力:煤炭:非炼焦煤,India: WPI: Fuel & Power: Coal: Non-Coking Coal,月,2011年4月-2012年3月=100,当期值,印度,印度,印度商工部,getEcoDataGlobeRest,2012-04-30,2026-04-30,1,,,
801950,煤炭,3090000543,印度:WPI:燃料和电力:煤炭:非炼焦煤:G1-G6,India: WPI: Fuel & Power: Coal: Non-Coking Coal G1 To G6 (Gcv Exceeding 5500 Kcal/Kg.),月,2011年4月-2012年3月=100,当期值,印度,印度,印度商工部,getEcoDataGlobeRest,2012-04-30,2026-04-30,1,总热值超过5500大卡/千克,,
801950,煤炭,3090000544,印度:WPI:燃料和电力:煤炭:非炼焦煤:G7-G14,India: WPI: Fuel & Power: Coal: Non-Coking Coal G7 To G14 (Gcv 3100 Kcal/Kg. To 5500 Kcal/Kg.),月,2011年4月-2012年3月=100,当期值,印度,印度,印度商工部,getEcoDataGlobeRest,2012-04-30,2026-04-30,1,总热值在3100大卡/千克到5500大卡/千克之间,,
801950,煤炭,3090000545,印度:WPI:燃料和电力:煤炭:非炼焦煤:G15-G17,India: WPI: Fuel & Power: Coal: Non-Coking Coal G15 To G17 (Gcv < 3100 Kcal/Kg.),月,2011年4月-2012年3月=100,当期值,印度,印度,印度商工部,getEcoDataGlobeRest,2012-04-30,2026-04-30,1,总热值小于3100大卡/千克,,
801950,煤炭,1040015372,生产资料价格:煤炭:动力煤:周环比,Spot Price: Coal: Thermal Coal: WoW,周,%,当期环比,全国,中国,商务部,getEcoDataChina,2017-03-19,2026-08-02,1,,,
801950,煤炭,1040015373,生产资料价格:煤炭:无烟煤:周环比,Spot Price: Coal: Anthracite: WoW,周,%,当期环比,全国,中国,商务部,getEcoDataChina,2017-03-19,2026-08-02,1,,,
801950,煤炭,2020004587,蒙西煤炭价格指数:焦煤,West Inner Mongolia Coal Price Index: Coking Coal,周,元/吨,当期值,蒙西,中国,内蒙古煤炭交易中心,getEcoDataIndEnergy,2015-07-17,2026-08-07,1,,,
801950,煤炭,2020004588,蒙西煤炭价格指数:焦煤:环比,West Inner Mongolia Coal Price Index: Coking Coal: Percent Change from Preceding Period,周,%,当期环比,蒙西,中国,内蒙古煤炭交易中心,getEcoDataIndEnergy,2015-07-24,2026-08-07,1,,,
801950,煤炭,2020004589,蒙西煤炭价格指数:焦煤:同比,West Inner Mongolia Coal Price Index: Coking Coal: YoY,周,%,当期同比,蒙西,中国,内蒙古煤炭交易中心,getEcoDataIndEnergy,2016-07-15,2026-08-07,1,,,
801950,煤炭,2020639947,蒙西煤炭价格指数:焦煤:高硫(S>1.0):出厂价,West Inner Mongolia Coal Price Index: Coking Coal: High Sulfur (S>1.0): Ex-Work Price,周,元/吨,当期值,内蒙古自治区市辖区,中国,内蒙古煤炭交易中心,getEcoDataIndEnergy,2015-07-17,2026-08-07,1,,,
801950,煤炭,2020639948,蒙西煤炭价格指数:焦煤:低硫(S≤1.0):出厂价,West Inner Mongolia Coal Price Index: Coking Coal: Low Sulfur (S≤1.0): Ex-Work Price,周,元/吨,当期值,内蒙古自治区市辖区,中国,内蒙古煤炭交易中心,getEcoDataIndEnergy,2015-07-17,2026-08-07,1,,,
801950,煤炭,2020639949,蒙西煤炭价格指数:焦煤:低硫(S≤1.0):出厂价:环比,West Inner Mongolia Coal Price Index: Coking Coal: Low Sulfur (S≤1.0): Ex-Factory Price: Percent Change from Preceding Period,周,%,当期环比,内蒙古自治区市辖区,中国,内蒙古煤炭交易中心,getEcoDataIndEnergy,2015-07-24,2026-08-07,1,,,
801950,煤炭,2020639950,蒙西煤炭价格指数:焦煤:高硫(S>1.0):出厂价:环比,West Inner Mongolia Coal Price Index: Coking Coal: High Sulfur (S>1.0): Ex-Factory Price: Percent Change from Preceding Period,周,%,当期环比,内蒙古自治区市辖区,中国,内蒙古煤炭交易中心,getEcoDataIndEnergy,2015-07-24,2026-08-07,1,,,
801950,煤炭,2020639951,蒙西煤炭价格指数:焦煤:低硫(S≤1.0):出厂价:环比增减,West Inner Mongolia Coal Price Index: Coking Coal: Low Sulfur (S≤1.0): Ex-Factory Price: Net Change from Preceding Period,周,元/吨,环比增减,内蒙古自治区市辖区,中国,内蒙古煤炭交易中心,getEcoDataIndEnergy,2015-07-24,2026-08-07,1,,,
801950,煤炭,2020639952,蒙西煤炭价格指数:焦煤:高硫(S>1.0):出厂价:环比增减,West Inner Mongolia Coal Price Index: Coking Coal: High Sulfur (S>1.0): Ex-Factory Price: Net Change from Preceding Period,周,元/吨,环比增减,内蒙古自治区市辖区,中国,内蒙古煤炭交易中心,getEcoDataIndEnergy,2015-07-24,2026-08-07,1,,,
801950,煤炭,2020639953,蒙西煤炭价格指数:焦煤:低硫(S≤1.0):出厂价:同比,West Inner Mongolia Coal Price Index: Coking Coal: Low Sulfur (S≤1.0): Ex-Factory Price: YoY,周,%,当期同比,内蒙古自治区市辖区,中国,内蒙古煤炭交易中心,getEcoDataIndEnergy,2016-07-15,2026-08-07,1,,,
801950,煤炭,2020639954,蒙西煤炭价格指数:焦煤:高硫(S>1.0):出厂价:同比,West Inner Mongolia Coal Price Index: Coking Coal: High Sulfur (S>1.0): Ex-Factory Price: YoY,周,%,当期同比,内蒙古自治区市辖区,中国,内蒙古煤炭交易中心,getEcoDataIndEnergy,2016-07-15,2026-08-07,1,,,
801950,煤炭,2020746421,炼焦煤库存:连云港,Coking Coal Inventory: Lianyungang,周,万吨,当期值,连云港,中国,Datayes!,getEcoDataIndEnergy,2011-07-08,2026-08-07,1,,,
801950,煤炭,2020746422,炼焦煤库存:日照港,Coking Coal Inventory: Rizhao Port,周,万吨,当期值,日照港,中国,Datayes!,getEcoDataIndEnergy,2011-07-08,2026-08-07,1,,,
801950,煤炭,2020746424,炼焦煤库存:京唐港,Coking Coal Inventory: Jingtang Port,周,万吨,当期值,京唐港,中国,Datayes!,getEcoDataIndEnergy,2011-07-08,2026-08-07,1,,,
801950,煤炭,2020746425,炼焦煤库存:六港口合计,Coking coal inventory: total of six ports,周,万吨,当期值,,中国,Datayes!,getEcoDataIndEnergy,2013-11-22,2026-08-07,1,,,
801950,煤炭,2020746426,炼焦煤库存:三港口合计,Coking coal inventory: total of three ports,周,万吨,当期值,,中国,Datayes!,getEcoDataIndEnergy,2011-07-08,2026-08-07,1,,,
801950,煤炭,2020761919,库存量:炼焦煤:国内独立焦化厂(230家):合计,Inventory: Coking Coal: Independent Coking Plants in China (230 Households): Total,周,万吨,当期值,全国,中国,Datayes!,getEcoDataIndEnergy,2016-06-24,2026-08-07,1,,,
801950,煤炭,2020100004,产量:原煤(国有重点煤矿):当月值,Coal(State-Owned Key Coal Mines): Output,月,万吨,当期值,全国,中国,Datayes!,getEcoDataIndEnergy,2009-06-30,2026-06-30,1,,,
801950,煤炭,2020100005,产量:原煤(国有重点煤矿):当月同比,Coal(State-Owned Key Coal Mines): Production: YoY,月,%,当期同比,全国,中国,Datayes!,getEcoDataIndEnergy,2009-06-30,2026-06-30,1,,,
801950,煤炭,2020100006,产量:原煤(国有重点煤矿):累计值,Coal(State-Owned Key Coal Mines): Production: YTD,月,万吨,累计值,全国,中国,Datayes!,getEcoDataIndEnergy,2009-06-30,2026-06-30,1,,,
801950,煤炭,2020100007,产量:原煤(国有重点煤矿):累计同比,Coal(State-Owned Key Coal Mines): Production: YTD: YoY,月,%,累计同比,全国,中国,Datayes!,getEcoDataIndEnergy,2009-06-30,2026-06-30,1,,,
801950,煤炭,2020100026,销量:煤炭(国有重点煤矿):当月值,Coal(Owned Key Coal Mines): Consumption,月,万吨,当期值,,中国,Datayes!,getEcoDataIndEnergy,2007-01-31,2026-06-30,1,更新规律:每月中下旬更新上月数据,,
801960,石油石化,1040001833,市场价:石油天然气:柴油(0#国V),Circulation Area Important Means of Production Market Price: oil and Gas: Diesel (0 #),旬,元/吨,当期值,全国,中国,国家统计局,getEcoDataChina,2013-12-30,2026-07-31,1,"2017年1月上旬起,监测产品汽油(97#)、汽油(93#)和柴油(0#)调整为汽油(95#国V)、汽油(92#国V)和柴油(0#国V)。",,
801960,石油石化,2020000721,期货结算价:布伦特原油,Futures Settlement Price: Brent Crude Oil,日,美元/桶,当期值,,英国,ICE,getEcoDataIndEnergy,1999-08-26,2026-08-06,1,,,
801960,石油石化,2020754479,现货价(FOB):原油:欧洲布伦特,Spot Price(FOB): Crude Oil: Brent-Europe,日,美元/桶,当期值,,美国,EIA,getEcoDataIndEnergy,1987-05-20,2026-08-03,1,,,
801960,石油石化,2020754486,现货价(FOB):原油:欧洲布伦特,Spot Price(FOB): Crude Oil: Brent-Europe,周,美元/桶,当期值,,美国,EIA,getEcoDataIndEnergy,1987-05-15,2026-07-31,1,,,
801960,石油石化,2020754498,现货价(FOB):原油:欧洲布伦特,Spot Price(FOB): Crude Oil: Brent-Europe,月,美元/桶,当期值,,美国,EIA,getEcoDataIndEnergy,1987-05-31,2026-07-31,1,,,
801960,石油石化,2080200241,出口数量:液货船(包括成品油船、原油船和液化石油及天然气船):当月同比,"Sewing Machines of Household TypeShip(incl. Oil Tanker,Crude Oil and Liquefied Petroleum Gas Ship and Ship): Exports Quantity: YoY",月,%,当期同比,,中国,海关总署,getEcoDataIndMachineryequipment,2009-01-31,2026-06-30,1,,,
801960,石油石化,2080200758,出口金额:液货船(包括成品油船、原油船和液化石油及天然气船):当月同比,"Sewing Machines of Household TypeShip(incl. Oil Tanker,Crude Oil and Liquefied Petroleum Gas Ship and Ship): Exportss Value: YoY",月,%,当期同比,,中国,海关总署,getEcoDataIndMachineryequipment,2009-01-31,2026-06-30,1,,,
801960,石油石化,2020000719,期货收盘价:布伦特原油,Futures Closing Price: Brent Crude Oil,日,美元/桶,当期值,,,ICE,getEcoDataIndEnergy,2006-01-04,2026-08-06,1,,,
801960,石油石化,2020701103,期货收盘价:布伦特原油:下一交易月,Futures Closing Price: Brent Crude Oil: Following Trading Month,日,美元/桶,当期值,,,Datayes!,getEcoDataIndEnergy,2013-12-02,2026-07-03,1,,,
801960,石油石化,2020701104,期货收盘价:布伦特原油:下二交易月,Futures Closing Price: Brent Crude Oil: Trading Month after the Following Month,日,美元/桶,当期值,,,Datayes!,getEcoDataIndEnergy,2013-12-02,2026-07-03,1,,,
801960,石油石化,2020701060,现货均价:布伦特:原油,Spot Average Price: Brent: Crude Oil,月,美元/桶,当期值,,布伦特,Datayes!,getEcoDataIndEnergy,1999-01-31,2026-06-30,1,,,
801960,石油石化,2220022918,NYMEX:布伦特原油最后交易日期满:持仓数量:总计:所有,NYMEX: BRENT CRUDE OIL LAST DAY: Open Interest: All,周,1000桶,当期值,全球,全球,CFTC,getEcoDataIndOthers,2011-10-18,2026-08-04,1,合约编号:06765T(只包含期货),,
801960,石油石化,2220022919,NYMEX:布伦特原油最后交易日期满:持仓数量:非商业:报告头寸:多头:所有,NYMEX: BRENT CRUDE OIL LAST DAY: NonComm: Positions: Long: All,周,1000桶,当期值,全球,全球,CFTC,getEcoDataIndOthers,2011-10-18,2026-08-04,1,合约编号:06765T(只包含期货),,
801960,石油石化,2220022920,NYMEX:布伦特原油最后交易日期满:持仓数量:非商业:报告头寸:空头:所有,NYMEX: BRENT CRUDE OIL LAST DAY: NonComm: Positions: Short: All,周,1000桶,当期值,全球,全球,CFTC,getEcoDataIndOthers,2011-10-18,2026-08-04,1,合约编号:06765T(只包含期货),,
801960,石油石化,2220022921,NYMEX:布伦特原油最后交易日期满:持仓数量:非商业:报告头寸:套利:所有,NYMEX: BRENT CRUDE OIL LAST DAY: NonComm: Postions: Spread: All,周,1000桶,当期值,全球,全球,CFTC,getEcoDataIndOthers,2011-10-18,2026-08-04,1,合约编号:06765T(只包含期货),,
801960,石油石化,2220022922,NYMEX:布伦特原油最后交易日期满:持仓数量:商业:报告头寸:多头:所有,NYMEX: BRENT CRUDE OIL LAST DAY: Comm: Positions: Long: All,周,1000桶,当期值,全球,全球,CFTC,getEcoDataIndOthers,2011-10-18,2026-08-04,1,合约编号:06765T(只包含期货),,
801960,石油石化,2220022923,NYMEX:布伦特原油最后交易日期满:持仓数量:商业:报告头寸:空头:所有,NYMEX: BRENT CRUDE OIL LAST DAY: Comm: Positions: Short: All,周,1000桶,当期值,全球,全球,CFTC,getEcoDataIndOthers,2011-10-18,2026-08-04,1,合约编号:06765T(只包含期货),,
801960,石油石化,2220022924,NYMEX:布伦特原油最后交易日期满:持仓数量:总计:报告头寸:多头:所有,NYMEX: BRENT CRUDE OIL LAST DAY: Tot: Rept Positions: Long: All,周,1000桶,当期值,全球,全球,CFTC,getEcoDataIndOthers,2011-10-18,2026-08-04,1,合约编号:06765T(只包含期货),,
801960,石油石化,2220022925,NYMEX:布伦特原油最后交易日期满:持仓数量:总计:报告头寸:空头:所有,NYMEX: BRENT CRUDE OIL LAST DAY: Tot: Rept Positions: Short: All,周,1000桶,当期值,全球,全球,CFTC,getEcoDataIndOthers,2011-10-18,2026-08-04,1,合约编号:06765T(只包含期货),,
801960,石油石化,2220022926,NYMEX:布伦特原油最后交易日期满:持仓数量:非报告头寸:多头:所有,NYMEX: BRENT CRUDE OIL LAST DAY: NonRept Positions: Long: All,周,1000桶,当期值,全球,全球,CFTC,getEcoDataIndOthers,2011-10-18,2026-08-04,1,合约编号:06765T(只包含期货),,
801960,石油石化,2220022927,NYMEX:布伦特原油最后交易日期满:持仓数量:非报告头寸:空头:所有,NYMEX: BRENT CRUDE OIL LAST DAY: NonRept Positions: Short: All,周,1000桶,当期值,全球,全球,CFTC,getEcoDataIndOthers,2011-10-18,2026-08-04,1,合约编号:06765T(只包含期货),,
801960,石油石化,2220022928,NYMEX:布伦特原油最后交易日期满:持仓数量:总计:旧年度,NYMEX: BRENT CRUDE OIL LAST DAY: Open Interest: Old,周,1000桶,当期值,全球,全球,CFTC,getEcoDataIndOthers,2011-10-18,2026-08-04,1,合约编号:06765T(只包含期货),,
801960,石油石化,2220022929,NYMEX:布伦特原油最后交易日期满:持仓数量:非商业:报告头寸:多头:旧年度,NYMEX: BRENT CRUDE OIL LAST DAY: NonComm: Positions: Long: Old,周,1000桶,当期值,全球,全球,CFTC,getEcoDataIndOthers,2011-10-18,2026-08-04,1,合约编号:06765T(只包含期货),,
801960,石油石化,2220022930,NYMEX:布伦特原油最后交易日期满:持仓数量:非商业:报告头寸:空头:旧年度,NYMEX: BRENT CRUDE OIL LAST DAY: NonComm: Positions: Short: Old,周,1000桶,当期值,全球,全球,CFTC,getEcoDataIndOthers,2011-10-18,2026-08-04,1,合约编号:06765T(只包含期货),,
801960,石油石化,2220022931,NYMEX:布伦特原油最后交易日期满:持仓数量:非商业:报告头寸:套利:旧年度,NYMEX: BRENT CRUDE OIL LAST DAY: NonComm: Positions: Spread: Old,周,1000桶,当期值,全球,全球,CFTC,getEcoDataIndOthers,2011-10-18,2026-08-04,1,合约编号:06765T(只包含期货),,
801960,石油石化,2220022932,NYMEX:布伦特原油最后交易日期满:持仓数量:商业:报告头寸:多头:旧年度,NYMEX: BRENT CRUDE OIL LAST DAY: Comm: Positions: Long: Old,周,1000桶,当期值,全球,全球,CFTC,getEcoDataIndOthers,2011-10-18,2026-08-04,1,合约编号:06765T(只包含期货),,
801960,石油石化,2220022933,NYMEX:布伦特原油最后交易日期满:持仓数量:商业:报告头寸:空头:旧年度,NYMEX: BRENT CRUDE OIL LAST DAY: Comm: Positions: Short: Old,周,1000桶,当期值,全球,全球,CFTC,getEcoDataIndOthers,2011-10-18,2026-08-04,1,合约编号:06765T(只包含期货),,
801960,石油石化,2220022934,NYMEX:布伦特原油最后交易日期满:持仓数量:总计:报告头寸:多头:旧年度,NYMEX: BRENT CRUDE OIL LAST DAY: Tot: Rept Positions: Long: Old,周,1000桶,当期值,全球,全球,CFTC,getEcoDataIndOthers,2011-10-18,2026-08-04,1,合约编号:06765T(只包含期货),,
801960,石油石化,2220022935,NYMEX:布伦特原油最后交易日期满:持仓数量:总计:报告头寸:空头:旧年度,NYMEX: BRENT CRUDE OIL LAST DAY: Tot: Rept Positions: Short: Old,周,1000桶,当期值,全球,全球,CFTC,getEcoDataIndOthers,2011-10-18,2026-08-04,1,合约编号:06765T(只包含期货),,
801960,石油石化,2220022936,NYMEX:布伦特原油最后交易日期满:持仓数量:非报告头寸:多头:旧年度,NYMEX: BRENT CRUDE OIL LAST DAY: NonRept: Positions: Long: Old,周,1000桶,当期值,全球,全球,CFTC,getEcoDataIndOthers,2011-10-18,2026-08-04,1,合约编号:06765T(只包含期货),,
