mapping_row_id,wind_name,wind_code,industry_code,function_type,calculation_type,ValueChain_type,candidate_rank,candidate_strength,match_score,name_feature_recall,uqer_indic_id,uqer_name,uqer_frequency,uqer_unit,uqer_stat_type,uqer_region,uqer_source,uqer_api,uqer_begin_date,uqer_end_date,uqer_is_update,conflict_flag,人工审核结论,人工审核备注
1,全球:现货价:原油(英国布伦特Dtd),S5111905,801960,价格,原始值,上游,1,弱候选,0.493637,0.429725,2020000729,现货价:布伦特DTD:原油,日,美元/桶,当期值,nan,ICE,getEcoDataIndEnergy,2005/1/5,2026/8/6,1,否,,
1,全球:现货价:原油(英国布伦特Dtd),S5111905,801960,价格,原始值,上游,2,弱候选,0.341646,0.182717,2020754510,现货价(FOB):原油:欧洲布伦特,年,美元/桶,当期值,nan,EIA,getEcoDataIndEnergy,1987/12/31,2025/12/31,1,否,,
1,全球:现货价:原油(英国布伦特Dtd),S5111905,801960,价格,原始值,上游,3,弱候选,0.341646,0.182717,2020754498,现货价(FOB):原油:欧洲布伦特,月,美元/桶,当期值,nan,EIA,getEcoDataIndEnergy,1987/5/31,2026/7/31,1,否,,
1,全球:现货价:原油(英国布伦特Dtd),S5111905,801960,价格,原始值,上游,4,弱候选,0.341646,0.182717,2020754486,现货价(FOB):原油:欧洲布伦特,周,美元/桶,当期值,nan,EIA,getEcoDataIndEnergy,1987/5/15,2026/7/31,1,否,,
1,全球:现货价:原油(英国布伦特Dtd),S5111905,801960,价格,原始值,上游,5,弱候选,0.341646,0.182717,2020754479,现货价(FOB):原油:欧洲布伦特,日,美元/桶,当期值,nan,EIA,getEcoDataIndEnergy,1987/5/20,2026/8/3,1,否,,
3,欧佩克:产量:原油,S5105044,801960,产量,当期值,上游,1,中等候选,0.652873,0.437373,2020749084,日本:产量:原油,月,千升,当期值,日本,日本石油协会,getEcoDataIndEnergy,2002/1/31,2026/5/31,1,否,,
3,欧佩克:产量:原油,S5105044,801960,产量,当期值,上游,2,中等候选,0.629899,0.437373,2020701122,美国:国内产量:原油,周,千桶/日,当期值,nan,EIA,getEcoDataIndEnergy,1983/1/7,2026/7/31,1,否,,
3,欧佩克:产量:原油,S5105044,801960,产量,当期值,上游,3,中等候选,0.61233,0.437373,2020746455,美国:国内产量:原油:同比,周,%,当期同比,美国,美国能源信息署,getEcoDataIndEnergy,1984/11/30,2026/7/31,1,否,,
3,欧佩克:产量:原油,S5105044,801960,产量,当期值,上游,4,中等候选,0.61233,0.437373,2020746453,美国:国内产量:原油:环比,周,%,当期环比,美国,美国能源信息署,getEcoDataIndEnergy,1983/1/14,2026/7/31,1,否,,
3,欧佩克:产量:原油,S5105044,801960,产量,当期值,上游,5,中等候选,0.61233,0.437373,2020656273,OPEC:产量:原油:伊朗,月,千桶/天,当期值,伊朗,OPEC,getEcoDataIndEnergy,2000/11/30,2026/6/30,1,否,,
4,原油运输指数（BDTI）,S0031553,801960,运输/流通,指数,宏观,1,弱候选,0.352148,0.398188,2160000009,波罗的海运价指数:原油(BDTI),日,nan,当期值,nan,波罗的海航运交易所,getEcoDataIndTraffictransport,2001/12/27,2026/8/7,1,否,,
4,原油运输指数（BDTI）,S0031553,801960,运输/流通,指数,宏观,2,弱候选,0.25985,0.212447,2030610441,[停]原油价格指数:Brent,日,美元/桶,当期值,全国,中纤网,getEcoDataIndChemical,2010/1/1,2024/4/9,0,否,,
4,原油运输指数（BDTI）,S0031553,801960,运输/流通,指数,宏观,3,弱候选,0.247033,0.224183,2060708498,四川大西南木材价格指数(DTI),月,点,当期值,四川省,鱼珠中国木材价格指数网,getEcoDataIndBuildingmaterials,2014/7/31,2024/10/31,1,否,,
4,原油运输指数（BDTI）,S0031553,801960,运输/流通,指数,宏观,4,弱候选,0.247033,0.224183,2060707401,四川大西南木材价格指数(DTI),周,点,当期值,四川省,鱼珠中国木材价格指数网,getEcoDataIndBuildingmaterials,2014/7/6,2024/3/10,1,否,,
4,原油运输指数（BDTI）,S0031553,801960,运输/流通,指数,宏观,5,弱候选,0.247033,0.224183,2060706158,四川大西南木材价格指数(DTI),日,点,当期值,四川省,鱼珠中国木材价格指数网,getEcoDataIndBuildingmaterials,2014/7/1,2024/11/25,1,否,,
8,美国:钻机数量,S5140384,801960,产量,当期值,上游,1,弱候选,0.473572,0.411855,2020653849,美国钻井平台数量:气井,周,个,当期值,美国,贝克休斯通用能源(BHGE),getEcoDataIndEnergy,1987/7/17,2026/7/31,1,否,,
8,美国:钻机数量,S5140384,801960,产量,当期值,上游,2,弱候选,0.473572,0.411855,2020653832,美国钻井平台数量:油井,周,个,当期值,美国,贝克休斯通用能源(BHGE),getEcoDataIndEnergy,1987/7/17,2026/7/31,1,否,,
8,美国:钻机数量,S5140384,801960,产量,当期值,上游,3,弱候选,0.463278,0.411855,2020653866,美国钻井平台数量:其他井,周,个,当期值,美国,贝克休斯通用能源(BHGE),getEcoDataIndEnergy,1987/7/17,2026/7/31,1,否,,
8,美国:钻机数量,S5140384,801960,产量,当期值,上游,4,弱候选,0.454127,0.411855,2020653950,美国钻井平台数量:垂直钻井,周,个,当期值,美国,贝克休斯通用能源(BHGE),getEcoDataIndEnergy,1991/1/4,2026/7/31,1,否,,
8,美国:钻机数量,S5140384,801960,产量,当期值,上游,5,弱候选,0.454127,0.411855,2020653949,美国钻井平台数量:水平钻井,周,个,当期值,美国,贝克休斯通用能源(BHGE),getEcoDataIndEnergy,1991/1/4,2026/7/31,1,否,,
9,中海油服:钻井服务日历天使用率,S0235576,801960,开工率,比率,上游,1,中等候选,0.641807,0.757791,2020709395,中海油服:日历天使用率:钻井服务:累计值,季,%,累计值,nan,上市公司公告,getEcoDataIndEnergy,2007/9/30,2024/3/31,1,否,,
9,中海油服:钻井服务日历天使用率,S0235576,801960,开工率,比率,上游,2,中等候选,0.625867,0.757791,2020709396,中海油服:日历天使用率:钻井服务:累计同比增减,季,%,累计同比增减,nan,上市公司公告,getEcoDataIndEnergy,2007/9/30,2024/3/31,1,否,,
9,中海油服:钻井服务日历天使用率,S0235576,801960,开工率,比率,上游,3,中等候选,0.597747,0.757791,2020709398,中海油服:日历天使用率:钻井服务:自升式钻井平台:累计同比增减,季,%,累计同比增减,nan,上市公司公告,getEcoDataIndEnergy,2007/9/30,2024/3/31,1,否,,
9,中海油服:钻井服务日历天使用率,S0235576,801960,开工率,比率,上游,4,中等候选,0.597747,0.757791,2020709394,中海油服:日历天使用率:钻井服务:半潜式钻井平台:累计同比增减,季,%,累计同比增减,nan,上市公司公告,getEcoDataIndEnergy,2007/9/30,2024/3/31,1,否,,
9,中海油服:钻井服务日历天使用率,S0235576,801960,开工率,比率,上游,5,弱候选,0.529785,0.596318,2020709370,中海油服:可用天使用率:钻井服务:累计值,季,%,累计值,nan,上市公司公告,getEcoDataIndEnergy,2007/9/30,2024/3/31,1,否,,
10,"秦皇岛港:平仓价:动力末煤(Q5500,山西产)",S5101377,801950,价格,原始值,下游,1,弱候选,0.479116,0.622233,2020000052,[停]平仓价:动力煤(Q5500):秦皇岛港:山西优混煤,日,元/吨,当期值,nan,我的钢铁网,getEcoDataIndEnergy,2006/1/1,2022/5/9,0,否,,
10,"秦皇岛港:平仓价:动力末煤(Q5500,山西产)",S5101377,801950,价格,原始值,下游,2,弱候选,0.466476,0.449429,2020657630,现货交易平仓价:CCTD秦皇岛动力煤(Q5500),周,元/吨,当期值,全国,Datayes!,getEcoDataIndEnergy,2018/3/26,2026/8/7,1,否,,
10,"秦皇岛港:平仓价:动力末煤(Q5500,山西产)",S5101377,801950,价格,原始值,下游,3,弱候选,0.433207,0.362252,2020657634,年度长协价:CCTD秦皇岛动力煤(Q5500),月,元/吨,当期值,全国,Datayes!,getEcoDataIndEnergy,2017/1/31,2026/8/31,1,否,,
10,"秦皇岛港:平仓价:动力末煤(Q5500,山西产)",S5101377,801950,价格,原始值,下游,4,弱候选,0.433207,0.362252,2020657629,综合交易价:CCTD秦皇岛动力煤(Q5500),周,元/吨,当期值,全国,Datayes!,getEcoDataIndEnergy,1994/7/4,2026/8/7,1,否,,
10,"秦皇岛港:平仓价:动力末煤(Q5500,山西产)",S5101377,801950,价格,原始值,下游,5,弱候选,0.411844,0.362252,2020657631,现货交易平仓价:CCTD秦皇岛动力煤(Q5000),周,元/吨,当期值,全国,Datayes!,getEcoDataIndEnergy,2018/3/26,2026/8/7,1,否,,
11,现货离岸价(FOB):动力煤:澳大利亚纽卡斯尔/肯布拉港,S0048348,801950,价格,原始值,下游,1,中等候选,0.641554,0.721078,2020000630,离岸价(FOB):动力煤:澳大利亚纽卡斯尔港NEWCIndex(周),周,美元/吨,当期值,nan,Datayes!,getEcoDataIndEnergy,2008/5/16,2026/7/24,1,否,,
11,现货离岸价(FOB):动力煤:澳大利亚纽卡斯尔/肯布拉港,S0048348,801950,价格,原始值,下游,2,弱候选,0.540507,0.721078,2020000056,[停]离岸价(FOB):动力煤:澳大利亚纽卡斯尔港NEWC Index,日,美元/吨,当期值,nan,我的钢铁网,getEcoDataIndEnergy,2008/7/25,2022/5/9,0,否,,
11,现货离岸价(FOB):动力煤:澳大利亚纽卡斯尔/肯布拉港,S0048348,801950,价格,原始值,下游,3,弱候选,0.424332,0.534039,2020000631,[停]离岸价(FOB):动力煤:澳大利亚巴洛金克BJ,周,美元/吨,当期值,nan,Datayes!,getEcoDataIndEnergy,1998/12/31,2016/3/31,0,否,,
11,现货离岸价(FOB):动力煤:澳大利亚纽卡斯尔/肯布拉港,S0048348,801950,价格,原始值,下游,4,弱候选,0.416453,0.534039,2020000632,[停]离岸价(FOB):动力煤:澳大利亚巴洛金克BJ(指数),周,nan,当期值,nan,Datayes!,getEcoDataIndEnergy,1999/1/7,2016/3/31,0,否,,
11,现货离岸价(FOB):动力煤:澳大利亚纽卡斯尔/肯布拉港,S0048348,801950,价格,原始值,下游,5,弱候选,0.398323,0.347001,2020000628,离岸价(FOB):动力煤:欧洲三港DESARA(周),周,美元/吨,当期值,nan,Datayes!,getEcoDataIndEnergy,2008/5/16,2026/7/24,1,否,,
14,山西:平均价:主焦煤,S5132022,801950,价格,原始值,上游,1,弱候选,0.498429,0.634955,2020000295,[停]价格:主焦煤:安泽,日,元/吨,当期值,nan,钢联资讯,getEcoDataIndEnergy,2011/4/18,2022/4/19,0,否,,
14,山西:平均价:主焦煤,S5132022,801950,价格,原始值,上游,2,弱候选,0.498429,0.634955,2020000294,[停]价格:主焦煤:淮北,日,元/吨,当期值,淮北市,钢联资讯,getEcoDataIndEnergy,2008/2/14,2022/4/19,0,否,,
14,山西:平均价:主焦煤,S5132022,801950,价格,原始值,上游,3,弱候选,0.498429,0.634955,2020000293,[停]价格:主焦煤:唐山,日,元/吨,当期值,唐山市,钢联资讯,getEcoDataIndEnergy,2011/4/18,2022/4/19,0,否,,
14,山西:平均价:主焦煤,S5132022,801950,价格,原始值,上游,4,弱候选,0.485095,0.634955,2020000297,[停]价格:主焦煤:平顶山,日,元/吨,当期值,平顶山市,钢联资讯,getEcoDataIndEnergy,2009/2/23,2022/4/19,0,否,,
14,山西:平均价:主焦煤,S5132022,801950,价格,原始值,上游,5,弱候选,0.485095,0.634955,2020000296,[停]价格:主焦煤:七台河,日,元/吨,当期值,七台河市,钢联资讯,getEcoDataIndEnergy,2011/4/18,2017/12/28,0,否,,
16,期货结算价(活跃合约):焦炭,S0181380,801950,价格,原始值,中游,1,弱候选,0.49836,0.539064,2020751735,新交所苯对石脑油价差期货:结算价(活跃),日,美元/吨,当期值,nan,新加坡期货交易所,getEcoDataIndEnergy,2017/3/27,2026/8/7,1,否,,
16,期货结算价(活跃合约):焦炭,S0181380,801950,价格,原始值,中游,2,弱候选,0.49836,0.539064,2020751726,新交所新加坡粘度油差期货:结算价(活跃),日,美元/吨,当期值,nan,新加坡期货交易所,getEcoDataIndEnergy,2013/4/8,2026/8/7,1,否,,
16,期货结算价(活跃合约):焦炭,S0181380,801950,价格,原始值,中游,3,弱候选,0.484812,0.539064,2020751738,新交所对二甲苯对石脑油价差期货:结算价(活跃),日,美元/吨,当期值,nan,新加坡期货交易所,getEcoDataIndEnergy,2017/3/27,2026/8/7,1,否,,
16,期货结算价(活跃合约):焦炭,S0181380,801950,价格,原始值,中游,4,弱候选,0.477148,0.539064,2020751732,新交所普氏石脑油CFR日本指数期货:结算价(活跃),日,美元/吨,当期值,nan,新加坡期货交易所,getEcoDataIndEnergy,2013/4/8,2026/8/7,1,否,,
16,期货结算价(活跃合约):焦炭,S0181380,801950,价格,原始值,中游,5,弱候选,0.477148,0.539064,2020751729,新交所普氏柴油FOB新加坡指数期货:结算价(活跃),日,美元/桶,当期值,nan,新加坡期货交易所,getEcoDataIndEnergy,2013/4/8,2026/8/7,1,否,,
17,中国:成本:焦炭,S9985264,801950,盈利,原始值,中游,1,弱候选,0.367197,0.369737,2020710765,淮北矿业:销售成本:焦煤:累计值,年,万元,累计值,nan,上市公司公告,getEcoDataIndEnergy,2018/12/31,2024/12/31,1,否,,
17,中国:成本:焦炭,S9985264,801950,盈利,原始值,中游,2,弱候选,0.367197,0.369737,2020709913,江钨装备:销售成本:焦煤:累计值,年,万元,累计值,nan,上市公司公告,getEcoDataIndEnergy,2016/12/31,2024/12/31,1,否,,
18,中国:库存量:焦炭:国内样本钢厂(247家),S5133852,801950,库存,当期值,中游,1,弱候选,0.507497,0.382973,2020746401,[停]焦炭库存:国内样本钢厂(110家):合计,周,元/吨,当期值,全国,Datayes!,getEcoDataIndEnergy,2017/4/7,2022/2/4,0,否,,
18,中国:库存量:焦炭:国内样本钢厂(247家),S5133852,801950,库存,当期值,中游,2,弱候选,0.498232,0.382973,2020746408,[停]焦炭库存:国内样本钢厂(110家):华东地区,周,元/吨,当期值,华北地区,Datayes!,getEcoDataIndEnergy,2017/4/7,2021/12/31,0,否,,
18,中国:库存量:焦炭:国内样本钢厂(247家),S5133852,801950,库存,当期值,中游,3,弱候选,0.498232,0.382973,2020746407,[停]焦炭库存:国内样本钢厂(110家):华北地区,周,元/吨,当期值,东北地区,Datayes!,getEcoDataIndEnergy,2017/4/7,2021/12/31,0,否,,
18,中国:库存量:焦炭:国内样本钢厂(247家),S5133852,801950,库存,当期值,中游,4,弱候选,0.498232,0.382973,2020746406,[停]焦炭库存:国内样本钢厂(110家):东北地区,周,元/吨,当期值,东北地区,Datayes!,getEcoDataIndEnergy,2017/4/7,2021/12/31,0,否,,
18,中国:库存量:焦炭:国内样本钢厂(247家),S5133852,801950,库存,当期值,中游,5,弱候选,0.498232,0.382973,2020746405,[停]焦炭库存:国内样本钢厂(110家):华南地区,周,元/吨,当期值,华东地区,Datayes!,getEcoDataIndEnergy,2017/4/7,2021/12/31,0,否,,
19,期货官方价:LME3个月铝,S5808576,801050,价格,原始值,下游,1,弱候选,0.283932,0.264961,2010003626,最近期货收盘价:LME:可可(英),日,英镑/吨,当期值,nan,商务部,getEcoDataIndAgricultural,2005/9/21,2026/7/31,1,否,,
19,期货官方价:LME3个月铝,S5808576,801050,价格,原始值,下游,2,弱候选,0.273976,0.264961,2010003625,最近期货收盘价:LME:咖啡(英/中粒),日,美元/吨,当期值,nan,商务部,getEcoDataIndAgricultural,2005/9/21,2026/7/31,1,否,,
19,期货官方价:LME3个月铝,S5808576,801050,价格,原始值,下游,3,弱候选,0.248611,0.330378,2220004867,[停]CME:3个月欧洲美元:持仓变化:总计:所有,周,100万美元,环比增减,全球,CFTC,getEcoDataIndOthers,2007/3/6,2023/6/13,0,否,,
19,期货官方价:LME3个月铝,S5808576,801050,价格,原始值,下游,4,弱候选,0.248611,0.330378,2220004857,[停]CME:3个月欧洲美元:持仓数量:总计:其他,周,100万美元,当期值,全球,CFTC,getEcoDataIndOthers,2007/3/6,2023/6/13,0,否,,
19,期货官方价:LME3个月铝,S5808576,801050,价格,原始值,下游,5,弱候选,0.248611,0.330378,2220004837,[停]CME:3个月欧洲美元:持仓数量:总计:所有,周,100万美元,当期值,全球,CFTC,getEcoDataIndOthers,2007/3/6,2023/6/13,0,否,,
20,期货官方价:LME3个月铜,S5808575,801050,价格,原始值,下游,1,弱候选,0.283932,0.264961,2010003626,最近期货收盘价:LME:可可(英),日,英镑/吨,当期值,nan,商务部,getEcoDataIndAgricultural,2005/9/21,2026/7/31,1,否,,
20,期货官方价:LME3个月铜,S5808575,801050,价格,原始值,下游,2,弱候选,0.273976,0.264961,2010003625,最近期货收盘价:LME:咖啡(英/中粒),日,美元/吨,当期值,nan,商务部,getEcoDataIndAgricultural,2005/9/21,2026/7/31,1,否,,
20,期货官方价:LME3个月铜,S5808575,801050,价格,原始值,下游,3,弱候选,0.248611,0.330378,2220004867,[停]CME:3个月欧洲美元:持仓变化:总计:所有,周,100万美元,环比增减,全球,CFTC,getEcoDataIndOthers,2007/3/6,2023/6/13,0,否,,
20,期货官方价:LME3个月铜,S5808575,801050,价格,原始值,下游,4,弱候选,0.248611,0.330378,2220004857,[停]CME:3个月欧洲美元:持仓数量:总计:其他,周,100万美元,当期值,全球,CFTC,getEcoDataIndOthers,2007/3/6,2023/6/13,0,否,,
20,期货官方价:LME3个月铜,S5808575,801050,价格,原始值,下游,5,弱候选,0.248611,0.330378,2220004837,[停]CME:3个月欧洲美元:持仓数量:总计:所有,周,100万美元,当期值,全球,CFTC,getEcoDataIndOthers,2007/3/6,2023/6/13,0,否,,
21,库存期货:铜:上海,S0163601,801050,库存,当期值,下游,1,弱候选,0.537115,0.355564,1300010543,焦炭库存量:期末值:上海,季,万吨,期末值,上海市,国家统计局,getEcoDataChinaRegion,1998/3/31,2011/12/31,1,否,,
21,库存期货:铜:上海,S0163601,801050,库存,当期值,下游,2,弱候选,0.537115,0.355564,1300010528,柴油库存量:期末值:上海,季,万吨,期末值,上海市,国家统计局,getEcoDataChinaRegion,1998/3/31,2011/12/31,1,否,,
21,库存期货:铜:上海,S0163601,801050,库存,当期值,下游,3,弱候选,0.537115,0.355564,1300010523,煤油库存量:期末值:上海,季,万吨,期末值,上海市,国家统计局,getEcoDataChinaRegion,1998/3/31,2011/12/31,1,否,,
21,库存期货:铜:上海,S0163601,801050,库存,当期值,下游,4,弱候选,0.537115,0.355564,1300010518,汽油库存量:期末值:上海,季,万吨,期末值,上海市,国家统计局,getEcoDataChinaRegion,1998/3/31,2011/12/31,1,否,,
21,库存期货:铜:上海,S0163601,801050,库存,当期值,下游,5,弱候选,0.537115,0.355564,1300010346,原煤库存量:期末值:上海,季,万吨,期末值,上海市,国家统计局,getEcoDataChinaRegion,2002/3/31,2010/3/31,1,否,,
22,期货官方价:LME3个月锡,S5808578,801050,价格,原始值,下游,1,弱候选,0.283932,0.264961,2010003626,最近期货收盘价:LME:可可(英),日,英镑/吨,当期值,nan,商务部,getEcoDataIndAgricultural,2005/9/21,2026/7/31,1,否,,
22,期货官方价:LME3个月锡,S5808578,801050,价格,原始值,下游,2,弱候选,0.273976,0.264961,2010003625,最近期货收盘价:LME:咖啡(英/中粒),日,美元/吨,当期值,nan,商务部,getEcoDataIndAgricultural,2005/9/21,2026/7/31,1,否,,
22,期货官方价:LME3个月锡,S5808578,801050,价格,原始值,下游,3,弱候选,0.248611,0.330378,2220004867,[停]CME:3个月欧洲美元:持仓变化:总计:所有,周,100万美元,环比增减,全球,CFTC,getEcoDataIndOthers,2007/3/6,2023/6/13,0,否,,
22,期货官方价:LME3个月锡,S5808578,801050,价格,原始值,下游,4,弱候选,0.248611,0.330378,2220004857,[停]CME:3个月欧洲美元:持仓数量:总计:其他,周,100万美元,当期值,全球,CFTC,getEcoDataIndOthers,2007/3/6,2023/6/13,0,否,,
22,期货官方价:LME3个月锡,S5808578,801050,价格,原始值,下游,5,弱候选,0.248611,0.330378,2220004837,[停]CME:3个月欧洲美元:持仓数量:总计:所有,周,100万美元,当期值,全球,CFTC,getEcoDataIndOthers,2007/3/6,2023/6/13,0,否,,
23,中国:产能:电解铝:当月值,S9986545,801050,产量,当期值,中游,1,中等候选,0.637177,0.523782,1020008684,产量:原铝(电解铝):当月值,月,万吨,当期值,全国,国家统计局,getEcoDataChina,2002/4/30,2026/6/30,1,否,,
23,中国:产能:电解铝:当月值,S9986545,801050,产量,当期值,中游,2,弱候选,0.492481,0.24609,2030706670,进口数量:氧化铝:当月值:江西,月,吨,当期值,江西省,Datayes!,getEcoDataIndChemical,2019/1/31,2026/6/30,1,否,,
23,中国:产能:电解铝:当月值,S9986545,801050,产量,当期值,中游,3,弱候选,0.492481,0.24609,2030706669,进口数量:氧化铝:当月值:福建,月,吨,当期值,福建省,Datayes!,getEcoDataIndChemical,2019/1/31,2026/6/30,1,否,,
23,中国:产能:电解铝:当月值,S9986545,801050,产量,当期值,中游,4,弱候选,0.492481,0.24609,2030706668,进口数量:氧化铝:当月值:安徽,月,吨,当期值,安徽省,Datayes!,getEcoDataIndChemical,2019/1/31,2026/6/30,1,否,,
23,中国:产能:电解铝:当月值,S9986545,801050,产量,当期值,中游,5,弱候选,0.492481,0.24609,2030706667,进口数量:氧化铝:当月值:浙江,月,吨,当期值,浙江省,Datayes!,getEcoDataIndChemical,2019/1/31,2026/6/30,1,否,,
24,中国:产能利用率:电解铝,S5811159,801050,开工率,比率,中游,1,中等候选,0.729644,0.689314,2030740829,红星发展:产能利用率:电解二氧化锰项目:累计值,年,%,累计值,nan,上市公司公告,getEcoDataIndChemical,2016/12/31,2025/12/31,1,否,,
24,中国:产能利用率:电解铝,S5811159,801050,开工率,比率,中游,2,中等候选,0.666617,0.558268,2030730839,君正集团:产能利用率:电石项目:累计值,年,%,累计值,nan,上市公司公告,getEcoDataIndChemical,2016/12/31,2025/12/31,1,否,,
24,中国:产能利用率:电解铝,S5811159,801050,开工率,比率,中游,3,中等候选,0.657386,0.558268,2030733249,滨化股份:产能利用率:电子级氢氟酸:累计值,年,%,累计值,nan,上市公司公告,getEcoDataIndChemical,2018/12/31,2025/12/31,1,否,,
24,中国:产能利用率:电解铝,S5811159,801050,开工率,比率,中游,4,中等候选,0.653248,0.558268,2030735464,三孚股份:产能利用率:电子级三氯氢硅:累计值,年,%,累计值,nan,上市公司公告,getEcoDataIndChemical,2018/12/31,2025/12/31,1,否,,
24,中国:产能利用率:电解铝,S5811159,801050,开工率,比率,中游,5,中等候选,0.649386,0.558268,2030735465,三孚股份:产能利用率:电子级二氯二氢硅:累计值,年,%,累计值,nan,上市公司公告,getEcoDataIndChemical,2018/12/31,2025/12/31,1,否,,
25,中国:开工率:铜:电解铜,S9987943,801050,开工率,比率,中游,1,弱候选,0.471406,0.179587,2030743260,PTA开工率,日,%,当期值,全国,生意社,getEcoDataIndChemical,2019/1/2,2025/12/30,1,否,,
25,中国:开工率:铜:电解铜,S9987943,801050,开工率,比率,中游,2,弱候选,0.458229,0.179587,2030743261,PTA开工率:聚酯,日,%,当期值,全国,生意社,getEcoDataIndChemical,2019/1/2,2025/12/30,1,否,,
25,中国:开工率:铜:电解铜,S9987943,801050,开工率,比率,中游,3,弱候选,0.447827,0.179587,2030743262,PTA开工率:江浙织机,日,%,当期值,全国,生意社,getEcoDataIndChemical,2019/1/2,2025/12/30,1,否,,
25,中国:开工率:铜:电解铜,S9987943,801050,开工率,比率,中游,4,弱候选,0.40004,0.197957,2020747862,中国兰炭产业景气指数:经营类:开工率,月,点,当期值,全国,发改委,getEcoDataIndEnergy,2021/9/30,2026/6/30,1,否,,
25,中国:开工率:铜:电解铜,S9987943,801050,开工率,比率,中游,5,弱候选,0.391406,0.179587,2040104237,百家中小钢企高炉开工率,周,%,当期值,全国,兰格钢铁,getEcoDataIndSteel,2015/10/29,2026/8/5,1,否,,
26,LME:库存量:铜:全球,S0164318,801050,库存,当期值,下游,1,弱候选,0.384569,0.215208,2080708846,精达股份:库存量:铜杆:期末值,年,吨,期末值,nan,上市公司公告,getEcoDataIndMachineryequipment,2015/12/31,2017/12/31,1,否,,
26,LME:库存量:铜:全球,S0164318,801050,库存,当期值,下游,2,弱候选,0.380148,0.215208,2130700925,华泰股份:库存量:铜版纸:期末值,年,吨,期末值,nan,上市公司公告,getEcoDataIndLightmanufactue,2015/12/31,2024/12/31,1,否,,
26,LME:库存量:铜:全球,S0164318,801050,库存,当期值,下游,3,弱候选,0.380148,0.215208,2080708847,精达股份:库存量:铜杆:期末同比,年,%,期末同比,nan,上市公司公告,getEcoDataIndMachineryequipment,2015/12/31,2017/12/31,1,否,,
26,LME:库存量:铜:全球,S0164318,801050,库存,当期值,下游,4,弱候选,0.376148,0.215208,2130700926,华泰股份:库存量:铜版纸:期末同比,年,%,期末同比,nan,上市公司公告,getEcoDataIndLightmanufactue,2015/12/31,2024/12/31,1,否,,
26,LME:库存量:铜:全球,S0164318,801050,库存,当期值,下游,5,弱候选,0.35837,0.215208,2080710473,长盛轴承:库存量:铜基边界润滑卷制轴承:期末值,年,平方米,期末值,nan,上市公司公告,getEcoDataIndMachineryequipment,2017/12/31,2019/12/31,1,否,,
27,COMEX:库存量:铜,S0114144,801050,库存,当期值,下游,1,弱候选,0.479772,0.522429,2220006353,COMEX:精铜:持仓比重:总持仓:空头:其他,周,%,当期值,全球,CFTC,getEcoDataIndOthers,1989/7/31,2026/8/4,1,否,,
27,COMEX:库存量:铜,S0114144,801050,库存,当期值,下游,2,弱候选,0.479772,0.522429,2220006352,COMEX:精铜:持仓比重:总持仓:多头:其他,周,%,当期值,全球,CFTC,getEcoDataIndOthers,1989/7/31,2026/8/4,1,否,,
27,COMEX:库存量:铜,S0114144,801050,库存,当期值,下游,3,弱候选,0.479772,0.522429,2220006336,COMEX:精铜:持仓比重:总计持仓:旧年度,周,%,当期值,全球,CFTC,getEcoDataIndOthers,1989/7/31,2026/8/4,1,否,,
27,COMEX:库存量:铜,S0114144,801050,库存,当期值,下游,4,弱候选,0.479772,0.522429,2220006296,COMEX:精铜:持仓数量:总计持仓:旧年度,周,25000磅,当期值,全球,CFTC,getEcoDataIndOthers,1989/7/31,2026/8/4,1,否,,
27,COMEX:库存量:铜,S0114144,801050,库存,当期值,下游,5,弱候选,0.477814,0.522429,2220006542,COMEX:铝:持仓数量:总计:其他,周,25公吨,当期值,全球,CFTC,getEcoDataIndOthers,2015/10/6,2026/8/4,1,否,,
30,期货收盘价(活跃合约)COMEX黄金,S0180903,801050,价格,原始值,下游,1,弱候选,0.439547,0.497664,2010003623,最近期货收盘价:COMEX:冻桔汁,日,美分/磅,当期值,nan,商务部,getEcoDataIndAgricultural,2005/9/21,2026/7/31,1,否,,
30,期货收盘价(活跃合约)COMEX黄金,S0180903,801050,价格,原始值,下游,2,弱候选,0.427203,0.407524,2220006414,COMEX:黄金:总计持仓:旧年度,周,100金衡盎司,当期值,全球,CFTC,getEcoDataIndOthers,1989/1/13,2026/8/4,1,否,,
30,期货收盘价(活跃合约)COMEX黄金,S0180903,801050,价格,原始值,下游,3,弱候选,0.41183,0.407524,2220006471,COMEX:黄金:持仓比重:总持仓:空头:其他,周,%,当期值,全球,CFTC,getEcoDataIndOthers,1989/1/13,2026/8/4,1,否,,
30,期货收盘价(活跃合约)COMEX黄金,S0180903,801050,价格,原始值,下游,4,弱候选,0.41183,0.407524,2220006470,COMEX:黄金:持仓比重:总持仓:多头:其他,周,%,当期值,全球,CFTC,getEcoDataIndOthers,1989/1/13,2026/8/4,1,否,,
30,期货收盘价(活跃合约)COMEX黄金,S0180903,801050,价格,原始值,下游,5,弱候选,0.41183,0.407524,2220006454,COMEX:黄金:持仓比重:总计持仓:旧年度,周,%,当期值,全球,CFTC,getEcoDataIndOthers,1989/1/13,2026/8/4,1,否,,
31,美国:国债到期收益率:10年,M1001791,801050,价格,比率,宏观,1,弱候选,0.525325,0.667359,3010903755,美国:国债收益率:10年期国债-2年期国债,日,%,当期值,美国,圣路易斯联邦储备银行,getEcoDataGlobeUsa,1976/6/1,2026/8/7,1,否,,
31,美国:国债到期收益率:10年,M1001791,801050,价格,比率,宏观,2,弱候选,0.522593,0.57128,3080000098,德国:国债收益率:10年,日,%,当期值,德国,德国央行,getEcoDataGlobeRest,1972/10/31,2026/8/6,1,否,,
31,美国:国债到期收益率:10年,M1001791,801050,价格,比率,宏观,3,弱候选,0.522593,0.57128,3070000061,法国:国债收益率:10年,日,%,当期值,法国,法国央行,getEcoDataGlobeRest,1987/1/2,2026/8/7,1,否,,
31,美国:国债到期收益率:10年,M1001791,801050,价格,比率,宏观,4,弱候选,0.522593,0.57128,3060000280,英国:国债收益率:10年,日,%,当期值,英国,英国央行,getEcoDataGlobeRest,1993/11/1,2026/8/5,1,否,,
31,美国:国债到期收益率:10年,M1001791,801050,价格,比率,宏观,5,弱候选,0.522593,0.57128,3040000147,韩国:国债收益率:10年,日,%,当期值,韩国,韩国央行,getEcoDataGlobeRest,2000/12/18,2026/8/6,1,否,,
34,期货收盘价(活跃合约):COMEX迷你自银,S0180914,801050,价格,原始值,下游,1,弱候选,0.395936,0.428169,2010003623,最近期货收盘价:COMEX:冻桔汁,日,美分/磅,当期值,nan,商务部,getEcoDataIndAgricultural,2005/9/21,2026/7/31,1,否,,
34,期货收盘价(活跃合约):COMEX迷你自银,S0180914,801050,价格,原始值,下游,2,弱候选,0.329076,0.322018,2020768064,期货收盘价(活跃):鹿特丹煤炭:ICE,日,美元/吨,当期值,英国,ICE,getEcoDataIndEnergy,2021/10/5,2026/8/5,1,否,,
34,期货收盘价(活跃合约):COMEX迷你自银,S0180914,801050,价格,原始值,下游,3,弱候选,0.324584,0.322018,2020768063,期货收盘价(活跃):理查德湾煤炭:ICE,日,美元/吨,当期值,英国,ICE,getEcoDataIndEnergy,2021/10/5,2026/8/5,1,否,,
34,期货收盘价(活跃合约):COMEX迷你自银,S0180914,801050,价格,原始值,下游,4,弱候选,0.321534,0.322018,2130700002,期货收盘价(活跃):纸浆,日,元/吨,当期值,全国,上海期货交易所,getEcoDataIndLightmanufactue,2018/11/27,2026/8/7,1,否,,
34,期货收盘价(活跃合约):COMEX迷你自银,S0180914,801050,价格,原始值,下游,5,弱候选,0.304214,0.305227,2020746449,期货收盘价(连续):NYMEX天然气,日,美元/百万英热单位,当期值,nan,Datayes!,getEcoDataIndEnergy,2015/12/22,2026/8/6,1,否,,
35,"中国:最低价:氧化镨钕(≥99%,Nd203 75%)",S5809362,801050,价格,原始值,中游,1,弱候选,0.089329,0.190062,2120605271,[停]最低价:欧根纱窗纱:280cm锦涤30×20/37梭(漂白/染色),周,元/米,当期值,中国轻纺城,全球纺织网,getEcoDataIndTextileclothing,2018/3/9,2023/7/14,0,否,,
35,"中国:最低价:氧化镨钕(≥99%,Nd203 75%)",S5809362,801050,价格,原始值,中游,2,弱候选,0.089329,0.190062,2120605142,[停]最高价:欧根纱窗纱:280cm锦涤30×20/37梭(漂白/染色),周,元/米,当期值,中国轻纺城,全球纺织网,getEcoDataIndTextileclothing,2018/3/9,2023/7/14,0,否,,
35,"中国:最低价:氧化镨钕(≥99%,Nd203 75%)",S5809362,801050,价格,原始值,中游,3,弱候选,0.078964,0.171968,2120605400,[停]中间价:欧根纱窗纱:280cm锦涤30×20/37梭(漂白/染色),周,元/米,当期值,中国轻纺城,全球纺织网,getEcoDataIndTextileclothing,2018/3/9,2023/7/14,0,否,,
35,"中国:最低价:氧化镨钕(≥99%,Nd203 75%)",S5809362,801050,价格,原始值,中游,4,弱候选,0.072834,0.176243,2140819701,[停]集中采购量:普拉克索缓释控释剂型(0.375mg):湖北,不定期,万片/万袋/万支,当期值,湖北省,上海阳光医药采购网,getEcoDataIndBiologicalmedicine,2021/1/15,2021/1/15,0,否,,
35,"中国:最低价:氧化镨钕(≥99%,Nd203 75%)",S5809362,801050,价格,原始值,中游,5,弱候选,0.072834,0.176243,2140819699,[停]集中采购量:普拉克索缓释控释剂型(0.375mg):河南,不定期,万片/万袋/万支,当期值,河南省,上海阳光医药采购网,getEcoDataIndBiologicalmedicine,2021/1/15,2021/1/15,0,否,,
36,中国:最低价:氧化铽(≥99.9%),S5809349,801050,价格,原始值,中游,1,弱候选,0.387676,0.321088,2030725760,市场价:氧化锌(一级),月,元/吨,当期值,全国,Datayes!,getEcoDataIndChemical,2018/7/31,2026/6/30,1,否,,
36,中国:最低价:氧化铽(≥99.9%),S5809349,801050,价格,原始值,中游,2,弱候选,0.352426,0.176,2030725755,市场价:黄磷(≥99.9%),月,元/吨,当期值,全国,Datayes!,getEcoDataIndChemical,2018/7/31,2026/6/30,1,否,,
36,中国:最低价:氧化铽(≥99.9%),S5809349,801050,价格,原始值,中游,3,弱候选,0.343276,0.176,2030725858,市场价:纯吡啶(99.9%),月,元/吨,当期值,全国,Datayes!,getEcoDataIndChemical,2018/7/31,2026/3/31,1,否,,
36,中国:最低价:氧化铽(≥99.9%),S5809349,801050,价格,原始值,中游,4,弱候选,0.335089,0.176,2030725822,市场价:环己烷(0.999),月,元/吨,当期值,全国,Datayes!,getEcoDataIndChemical,2018/7/31,2026/6/30,1,否,,
36,中国:最低价:氧化铽(≥99.9%),S5809349,801050,价格,原始值,中游,5,弱候选,0.335089,0.176,2030725794,"市场价:氯仿(≥99.9%,净水)",月,元/吨,当期值,全国,Datayes!,getEcoDataIndChemical,2018/7/31,2026/6/30,1,否,,
37,江西:价格:钨精矿(65%),S5705619,801050,价格,原始值,中游,1,弱候选,0.428849,0.306913,2130000602,国内废纸价格行情:废旧书本:江西:最高价,日,元/吨,最低,江西省,中国纸业网,getEcoDataIndLightmanufactue,2016/9/7,2017/5/26,1,否,,
37,江西:价格:钨精矿(65%),S5705619,801050,价格,原始值,中游,2,弱候选,0.428849,0.306913,2130000601,国内废纸价格行情:废旧书本:江西:最低价,日,元/吨,最高,江西省,中国纸业网,getEcoDataIndLightmanufactue,2016/9/7,2017/5/26,1,否,,
37,江西:价格:钨精矿(65%),S5705619,801050,价格,原始值,中游,3,弱候选,0.428849,0.306913,2130000576,国内废纸价格行情:废旧报纸:江西:最高价,日,元/吨,最低,江西省,中国纸业网,getEcoDataIndLightmanufactue,2016/9/7,2017/5/26,1,否,,
37,江西:价格:钨精矿(65%),S5705619,801050,价格,原始值,中游,4,弱候选,0.428849,0.306913,2130000575,国内废纸价格行情:废旧报纸:江西:最低价,日,元/吨,最高,江西省,中国纸业网,getEcoDataIndLightmanufactue,2016/9/7,2017/5/26,1,否,,
37,江西:价格:钨精矿(65%),S5705619,801050,价格,原始值,中游,5,弱候选,0.425403,0.306913,2130000626,国内废纸价格行情:废旧黄板纸:江西:最高价,日,元/吨,最低,江西省,中国纸业网,getEcoDataIndLightmanufactue,2016/9/7,2017/5/23,1,否,,
39,"中国:价格:碳酸锂(99.5%电,国产)",S5811336,801050,价格,原始值,中游,1,弱候选,0.45325,0.313814,2030019785,[停]价格:正极材料:碳酸锂:电池级(99.5%min):新疆,日,元/吨,当期值,新疆维吾尔自治区,Datayes!,getEcoDataIndChemical,2018/3/14,2022/1/29,0,否,,
39,"中国:价格:碳酸锂(99.5%电,国产)",S5811336,801050,价格,原始值,中游,2,弱候选,0.45325,0.313814,2030019784,[停]价格:正极材料:碳酸锂:电池级(99.5%min):四川,日,元/吨,当期值,四川省,Datayes!,getEcoDataIndChemical,2018/3/14,2022/1/29,0,否,,
39,"中国:价格:碳酸锂(99.5%电,国产)",S5811336,801050,价格,原始值,中游,3,弱候选,0.45325,0.313814,2030019783,[停]价格:正极材料:碳酸锂:电池级(99.5%min):江西,日,元/吨,当期值,江西省,Datayes!,getEcoDataIndChemical,2018/3/14,2022/1/29,0,否,,
39,"中国:价格:碳酸锂(99.5%电,国产)",S5811336,801050,价格,原始值,中游,4,弱候选,0.45325,0.313814,2030019782,[停]价格:正极材料:碳酸锂:电池级(99.5%min):江苏,日,元/吨,当期值,江苏省,Datayes!,getEcoDataIndChemical,2018/3/14,2022/1/29,0,否,,
39,"中国:价格:碳酸锂(99.5%电,国产)",S5811336,801050,价格,原始值,中游,5,弱候选,0.394013,0.215986,2030019789,[停]价格:正极材料:碳酸锂:工业级(99%min):新疆,日,元/吨,当期值,新疆维吾尔自治区,Datayes!,getEcoDataIndChemical,2018/3/14,2022/1/29,0,否,,
40,中国:市场价:钴(≥99.8%),S5811386,801050,价格,原始值,中游,1,弱候选,0.440944,0.317611,2030725862,市场价:液氨(≥99.8%),月,元/吨,当期值,全国,Datayes!,getEcoDataIndChemical,2018/7/31,2026/6/30,1,否,,
40,中国:市场价:钴(≥99.8%),S5811386,801050,价格,原始值,中游,2,弱候选,0.373695,0.509139,2030726189,[停]市场价:最高价:三元前驱体:电解钴(≥99.8%):国产,日,万元/吨,当期值,全国,中国化学与物理电源行业协会,getEcoDataIndChemical,2019/4/25,2022/2/17,0,否,,
40,中国:市场价:钴(≥99.8%),S5811386,801050,价格,原始值,中游,3,弱候选,0.373695,0.509139,2030726165,[停]市场价:最低价:三元前驱体:电解钴(≥99.8%):国产,日,万元/吨,当期值,全国,中国化学与物理电源行业协会,getEcoDataIndChemical,2019/4/25,2022/2/17,0,否,,
40,中国:市场价:钴(≥99.8%),S5811386,801050,价格,原始值,中游,4,弱候选,0.26939,0.26914,2170020235,成都均价:润富国际998,不定期,元/平方米,当期值,成都市,搜狐焦点,getEcoDataIndRealestate,2016/5/1,2018/9/20,1,否,,
40,中国:市场价:钴(≥99.8%),S5811386,801050,价格,原始值,中游,5,弱候选,0.241096,0.26914,2110718030,批发价:1998(53%vol 500ml),日,元,当期值,中国,今日酒价,getEcoDataIndFoodbeverage,2022/10/15,2026/8/7,1,否,,
41,中国:工厂库存量:电解钴,S9985940,801050,库存,当期值,中游,1,弱候选,0.53248,0.349248,2030740906,红星发展:库存量:电解二氧化锰:期末值,年,吨,期末值,nan,上市公司公告,getEcoDataIndChemical,2015/12/31,2025/12/31,1,否,,
41,中国:工厂库存量:电解钴,S9985940,801050,库存,当期值,中游,2,弱候选,0.528747,0.349248,2030740907,红星发展:库存量:电解二氧化锰:期末同比,年,%,期末同比,nan,上市公司公告,getEcoDataIndChemical,2015/12/31,2025/12/31,1,否,,
41,中国:工厂库存量:电解钴,S9985940,801050,库存,当期值,中游,3,弱候选,0.465385,0.206492,2030731318,国瓷材料:库存量:电子材料板块:期末值,年,吨,期末值,nan,上市公司公告,getEcoDataIndChemical,2017/12/31,2024/12/31,1,否,,
41,中国:工厂库存量:电解钴,S9985940,801050,库存,当期值,中游,4,弱候选,0.461651,0.206492,2030731319,国瓷材料:库存量:电子材料板块:期末同比,年,%,期末同比,nan,上市公司公告,getEcoDataIndChemical,2018/12/31,2024/12/31,1,否,,
41,中国:工厂库存量:电解钴,S9985940,801050,库存,当期值,中游,5,弱候选,0.458205,0.206492,2030736186,中广核技:库存量:电子加速器-加速器:期末值,年,套,期末值,nan,上市公司公告,getEcoDataIndChemical,2018/12/31,2025/12/31,1,否,,
42,富宝:中国:产量:动力电池,U8260562,801050,产量,当期值,下游,1,弱候选,0.506041,0.375832,2080111177,日本:产量:动力搬运车:叉车:蓄电池式,年,台,当期值,日本,日本工业车辆协会,getEcoDataIndMachineryequipment,1998/12/31,2025/12/31,1,否,,
42,富宝:中国:产量:动力电池,U8260562,801050,产量,当期值,下游,2,弱候选,0.459966,0.312917,2080111174,日本:产量:动力搬运车,年,台,当期值,日本,日本工业车辆协会,getEcoDataIndMachineryequipment,1998/12/31,2025/12/31,1,否,,
42,富宝:中国:产量:动力电池,U8260562,801050,产量,当期值,下游,3,弱候选,0.448738,0.312917,2080111176,日本:产量:动力搬运车:叉车,年,台,当期值,日本,日本工业车辆协会,getEcoDataIndMachineryequipment,1998/12/31,2025/12/31,1,否,,
42,富宝:中国:产量:动力电池,U8260562,801050,产量,当期值,下游,4,弱候选,0.443889,0.312917,2080111179,日本:产量:动力搬运车:挖掘机,年,台,当期值,日本,日本工业车辆协会,getEcoDataIndMachineryequipment,1998/12/31,2025/12/31,1,否,,
42,富宝:中国:产量:动力电池,U8260562,801050,产量,当期值,下游,5,弱候选,0.443889,0.312917,2080111175,日本:产量:动力搬运车:内燃式,年,台,当期值,日本,日本工业车辆协会,getEcoDataIndMachineryequipment,1998/12/31,2025/12/31,1,否,,
43,中国:开工率:烯烃,S5469763,801030,开工率,比率,中游,1,弱候选,0.526168,0.259441,2030743260,PTA开工率,日,%,当期值,全国,生意社,getEcoDataIndChemical,2019/1/2,2025/12/30,1,否,,
43,中国:开工率:烯烃,S5469763,801030,开工率,比率,中游,2,弱候选,0.508937,0.259441,2030743261,PTA开工率:聚酯,日,%,当期值,全国,生意社,getEcoDataIndChemical,2019/1/2,2025/12/30,1,否,,
43,中国:开工率:烯烃,S5469763,801030,开工率,比率,中游,3,弱候选,0.495761,0.259441,2030743262,PTA开工率:江浙织机,日,%,当期值,全国,生意社,getEcoDataIndChemical,2019/1/2,2025/12/30,1,否,,
43,中国:开工率:烯烃,S5469763,801030,开工率,比率,中游,4,弱候选,0.451149,0.285979,2020747862,中国兰炭产业景气指数:经营类:开工率,月,点,当期值,全国,发改委,getEcoDataIndEnergy,2021/9/30,2026/6/30,1,否,,
43,中国:开工率:烯烃,S5469763,801030,开工率,比率,中游,5,弱候选,0.441382,0.259441,2040104237,百家中小钢企高炉开工率,周,%,当期值,全国,兰格钢铁,getEcoDataIndSteel,2015/10/29,2026/8/5,1,否,,
44,中国:库存量(石化):聚烯烃,S5475033,801030,库存,当期值,中游,1,弱候选,0.54282,0.353194,2030733880,荣盛石化:库存量:石化行业:期末值,年,吨,期末值,nan,上市公司公告,getEcoDataIndChemical,2015/12/31,2024/12/31,1,否,,
44,中国:库存量(石化):聚烯烃,S5475033,801030,库存,当期值,中游,2,弱候选,0.54282,0.353194,2030731555,巨化股份:库存量:石化材料:期末值,年,吨,期末值,nan,上市公司公告,getEcoDataIndChemical,2015/12/31,2024/12/31,1,否,,
44,中国:库存量(石化):聚烯烃,S5475033,801030,库存,当期值,中游,3,弱候选,0.54282,0.353194,2030730709,华锦股份:库存量:石化行业:期末值,年,吨,期末值,nan,上市公司公告,getEcoDataIndChemical,2015/12/31,2025/12/31,1,否,,
44,中国:库存量(石化):聚烯烃,S5475033,801030,库存,当期值,中游,4,弱候选,0.54282,0.353194,2030728732,万华化学:库存量:石化系列:期末值,年,吨,期末值,nan,上市公司公告,getEcoDataIndChemical,2016/12/31,2025/12/31,1,否,,
44,中国:库存量(石化):聚烯烃,S5475033,801030,库存,当期值,中游,5,弱候选,0.538393,0.353194,2030733881,荣盛石化:库存量:石化行业:期末同比,年,%,期末同比,nan,上市公司公告,getEcoDataIndChemical,2015/12/31,2024/12/31,1,否,,
45,中国:现货价:钛白粉(金红石型),S5470446,801030,价格,原始值,中游,1,中等候选,0.734059,0.872189,2030725762,市场价:钛白粉(金红石型(R2型)),月,元/吨,当期值,全国,Datayes!,getEcoDataIndChemical,2018/7/31,2026/6/30,1,否,,
45,中国:现货价:钛白粉(金红石型),S5470446,801030,价格,原始值,中游,2,弱候选,0.547613,0.66138,2030002669,出厂价:钛白粉:金红石型(R2型):海峰鑫:四川省攀枝花市,日,元/吨,当期值,攀枝花市,Datayes!,getEcoDataIndChemical,2014/8/25,2024/8/9,1,否,,
45,中国:现货价:钛白粉(金红石型),S5470446,801030,价格,原始值,中游,3,弱候选,0.463857,0.391186,2030796215,现货价:钛白粉,日,元/吨,当期值,全国,生意社,getEcoDataIndChemical,2020/6/16,2026/8/5,1,否,,
45,中国:现货价:钛白粉(金红石型),S5470446,801030,价格,原始值,中游,4,弱候选,0.460182,0.66138,2030002704,[停]经销价:钛白粉:金红石型(R2型):杭州和盟:日本,日,元/吨,当期值,nan,Datayes!,getEcoDataIndChemical,2014/6/24,2018/9/17,0,否,,
45,中国:现货价:钛白粉(金红石型),S5470446,801030,价格,原始值,中游,5,弱候选,0.460182,0.66138,2030002703,[停]经销价:钛白粉:金红石型(R2型):骏先建业:美国,日,元/吨,当期值,nan,Datayes!,getEcoDataIndChemical,2014/6/24,2015/7/28,0,否,,
46,中国:华东地区:市场价(平均价):重质纯碱,S5442125,801030,价格,原始值,中游,1,弱候选,0.34961,0.252361,2030637312,中价柴达木纯碱价格指数(CSI)价格指数:海西重质纯碱:同比,旬,%,同比指数,全国,发改委,getEcoDataIndChemical,2019/4/5,2026/6/15,1,否,,
46,中国:华东地区:市场价(平均价):重质纯碱,S5442125,801030,价格,原始值,中游,2,弱候选,0.34961,0.252361,2030637310,中价柴达木纯碱价格指数(CSI)价格指数:全国重质纯碱:同比,旬,%,同比指数,全国,发改委,getEcoDataIndChemical,2019/4/5,2026/6/15,1,否,,
46,中国:华东地区:市场价(平均价):重质纯碱,S5442125,801030,价格,原始值,中游,3,弱候选,0.34961,0.252361,2030637308,中价柴达木纯碱价格指数(CSI)价格指数:海西重质纯碱:环比,旬,%,环比指数,全国,发改委,getEcoDataIndChemical,2018/4/15,2026/6/15,1,否,,
46,中国:华东地区:市场价(平均价):重质纯碱,S5442125,801030,价格,原始值,中游,4,弱候选,0.34961,0.252361,2030637306,中价柴达木纯碱价格指数(CSI)价格指数:全国重质纯碱:环比,旬,%,环比指数,全国,发改委,getEcoDataIndChemical,2018/4/15,2026/6/15,1,否,,
46,中国:华东地区:市场价(平均价):重质纯碱,S5442125,801030,价格,原始值,中游,5,弱候选,0.34961,0.252361,2030637304,中价柴达木纯碱价格指数(CSI)价格指数:海西重质纯碱:定基,旬,元/吨,当期值,全国,发改委,getEcoDataIndChemical,2018/4/5,2026/6/15,1,否,,
47,中国:开工率:纯碱,S5479784,801030,开工率,比率,中游,1,弱候选,0.526168,0.259441,2030743260,PTA开工率,日,%,当期值,全国,生意社,getEcoDataIndChemical,2019/1/2,2025/12/30,1,否,,
47,中国:开工率:纯碱,S5479784,801030,开工率,比率,中游,2,弱候选,0.508937,0.259441,2030743261,PTA开工率:聚酯,日,%,当期值,全国,生意社,getEcoDataIndChemical,2019/1/2,2025/12/30,1,否,,
47,中国:开工率:纯碱,S5479784,801030,开工率,比率,中游,3,弱候选,0.495761,0.259441,2030743262,PTA开工率:江浙织机,日,%,当期值,全国,生意社,getEcoDataIndChemical,2019/1/2,2025/12/30,1,否,,
47,中国:开工率:纯碱,S5479784,801030,开工率,比率,中游,4,弱候选,0.451149,0.285979,2020747862,中国兰炭产业景气指数:经营类:开工率,月,点,当期值,全国,发改委,getEcoDataIndEnergy,2021/9/30,2026/6/30,1,否,,
47,中国:开工率:纯碱,S5479784,801030,开工率,比率,中游,5,弱候选,0.441382,0.259441,2040104237,百家中小钢企高炉开工率,周,%,当期值,全国,兰格钢铁,getEcoDataIndSteel,2015/10/29,2026/8/5,1,否,,
48,期货结算价(活跃合约):PVC,S0181365,801030,价格,原始值,中游,1,弱候选,0.432546,0.469955,2130700003,期货结算价(活跃):纸浆,日,元/吨,当期值,全国,上海期货交易所,getEcoDataIndLightmanufactue,2018/11/27,2026/8/7,1,否,,
48,期货结算价(活跃合约):PVC,S0181365,801030,价格,原始值,中游,2,弱候选,0.384212,0.469955,2030637236,[停]华西村:期货结算价(活跃):硫磺,日,元/吨,当期值,全国,华西村商品合约交易中心,getEcoDataIndChemical,2014/8/28,2022/6/15,0,否,,
48,期货结算价(活跃合约):PVC,S0181365,801030,价格,原始值,中游,3,弱候选,0.381051,0.469955,2020751735,新交所苯对石脑油价差期货:结算价(活跃),日,美元/吨,当期值,nan,新加坡期货交易所,getEcoDataIndEnergy,2017/3/27,2026/8/7,1,否,,
48,期货结算价(活跃合约):PVC,S0181365,801030,价格,原始值,中游,4,弱候选,0.381051,0.469955,2020751726,新交所新加坡粘度油差期货:结算价(活跃),日,美元/吨,当期值,nan,新加坡期货交易所,getEcoDataIndEnergy,2013/4/8,2026/8/7,1,否,,
48,期货结算价(活跃合约):PVC,S0181365,801030,价格,原始值,中游,5,弱候选,0.377679,0.469955,2030637238,[停]华西村:期货结算价(活跃):二甲苯,日,元/吨,当期值,全国,华西村商品合约交易中心,getEcoDataIndChemical,2014/8/28,2021/8/4,0,否,,
49,中国:社会库存量:聚氯乙烯,S5471265,801030,库存,当期值,中游,1,中等候选,0.681799,0.554706,2030742179,潞化科技:库存量:聚氯乙烯:期末值,年,吨,期末值,nan,上市公司公告,getEcoDataIndChemical,2015/12/31,2025/12/31,1,否,,
49,中国:社会库存量:聚氯乙烯,S5471265,801030,库存,当期值,中游,2,中等候选,0.681799,0.554706,2030730880,君正集团:库存量:聚氯乙烯:期末值,年,吨,期末值,nan,上市公司公告,getEcoDataIndChemical,2012/12/31,2025/12/31,1,否,,
49,中国:社会库存量:聚氯乙烯,S5471265,801030,库存,当期值,中游,3,中等候选,0.675712,0.554706,2030742180,潞化科技:库存量:聚氯乙烯:期末同比,年,%,期末同比,nan,上市公司公告,getEcoDataIndChemical,2015/12/31,2025/12/31,1,否,,
49,中国:社会库存量:聚氯乙烯,S5471265,801030,库存,当期值,中游,4,中等候选,0.675712,0.554706,2030730881,君正集团:库存量:聚氯乙烯:期末同比,年,%,期末同比,nan,上市公司公告,getEcoDataIndChemical,2015/12/31,2025/12/31,1,否,,
49,中国:社会库存量:聚氯乙烯,S5471265,801030,库存,当期值,中游,5,中等候选,0.664943,0.554706,2030728843,三友化工:库存量:聚氯乙烯树脂:期末同比,年,%,期末同比,nan,上市公司公告,getEcoDataIndChemical,2013/12/31,2025/12/31,1,否,,
50,中国:开工率:聚氯乙烯,S5475834,801030,开工率,比率,中游,1,弱候选,0.56728,0.341522,2030743261,PTA开工率:聚酯,日,%,当期值,全国,生意社,getEcoDataIndChemical,2019/1/2,2025/12/30,1,否,,
50,中国:开工率:聚氯乙烯,S5475834,801030,开工率,比率,中游,2,弱候选,0.47544,0.188171,2030743260,PTA开工率,日,%,当期值,全国,生意社,getEcoDataIndChemical,2019/1/2,2025/12/30,1,否,,
50,中国:开工率:聚氯乙烯,S5475834,801030,开工率,比率,中游,3,弱候选,0.451861,0.188171,2030743262,PTA开工率:江浙织机,日,%,当期值,全国,生意社,getEcoDataIndChemical,2019/1/2,2025/12/30,1,否,,
50,中国:开工率:聚氯乙烯,S5475834,801030,开工率,比率,中游,4,弱候选,0.415571,0.362917,2030742843,中盐化工:销量:聚氯乙烯树脂:累计值,半年,吨,累计值,nan,上市公司公告,getEcoDataIndChemical,2019/12/31,2023/12/31,1,否,,
50,中国:开工率:聚氯乙烯,S5475834,801030,开工率,比率,中游,5,弱候选,0.415571,0.362917,2030742826,中盐化工:产量:聚氯乙烯树脂:累计值,半年,吨,累计值,nan,上市公司公告,getEcoDataIndChemical,2019/12/31,2023/12/31,1,否,,
51,中国:表观消费量:聚氯乙烯:当月值,S9987579,801030,需求,当期值,下游,1,中等候选,0.689069,0.527964,2030710542,进口数量:聚氯乙烯:当月值:江西,月,吨,当期值,江西省,Datayes!,getEcoDataIndChemical,2019/1/31,2026/6/30,1,否,,
51,中国:表观消费量:聚氯乙烯:当月值,S9987579,801030,需求,当期值,下游,2,中等候选,0.689069,0.527964,2030710541,进口数量:聚氯乙烯:当月值:福建,月,吨,当期值,福建省,Datayes!,getEcoDataIndChemical,2019/1/31,2026/6/30,1,否,,
51,中国:表观消费量:聚氯乙烯:当月值,S9987579,801030,需求,当期值,下游,3,中等候选,0.689069,0.527964,2030710540,进口数量:聚氯乙烯:当月值:安徽,月,吨,当期值,安徽省,Datayes!,getEcoDataIndChemical,2019/1/31,2026/6/30,1,否,,
51,中国:表观消费量:聚氯乙烯:当月值,S9987579,801030,需求,当期值,下游,4,中等候选,0.689069,0.527964,2030710539,进口数量:聚氯乙烯:当月值:浙江,月,吨,当期值,浙江省,Datayes!,getEcoDataIndChemical,2019/1/31,2026/6/30,1,否,,
51,中国:表观消费量:聚氯乙烯:当月值,S9987579,801030,需求,当期值,下游,5,中等候选,0.689069,0.527964,2030710538,进口数量:聚氯乙烯:当月值:江苏,月,吨,当期值,江苏省,Datayes!,getEcoDataIndChemical,2019/1/31,2026/6/30,1,否,,
52,中国:参考价:纯MDI,S9984988,801030,价格,原始值,中游,1,弱候选,0.460712,0.35967,2030725900,市场价:纯MDI,月,元/吨,当期值,全国,Datayes!,getEcoDataIndChemical,2018/7/31,2026/6/30,1,否,,
52,中国:参考价:纯MDI,S9984988,801030,价格,原始值,中游,2,弱候选,0.421413,0.35967,2030610605,氨纶价格指数:纯MDI,月,元/吨,当期值,全国,中纤网,getEcoDataIndChemical,2010/1/31,2024/3/31,1,否,,
52,中国:参考价:纯MDI,S9984988,801030,价格,原始值,中游,3,弱候选,0.398489,0.35967,2030019629,氨纶:纯MDI:出口量,月,千克,当期值,全国,中纤网,getEcoDataIndChemical,2013/1/31,2024/2/29,1,否,,
52,中国:参考价:纯MDI,S9984988,801030,价格,原始值,中游,4,弱候选,0.398489,0.35967,2030019468,氨纶:纯MDI:进口量,月,千克,当期值,全国,中纤网,getEcoDataIndChemical,2013/1/31,2024/2/29,1,否,,
52,中国:参考价:纯MDI,S9984988,801030,价格,原始值,中游,5,弱候选,0.39194,0.35967,2030019153,纯MDI:万华:散水报价,月,元/吨,当期值,全国,中纤网,getEcoDataIndChemical,2014/1/1,2024/3/1,1,否,,
53,中国:开工率:聚氨酯:纯MDI,S9987324,801030,开工率,比率,中游,1,弱候选,0.521229,0.22602,2030743261,PTA开工率:聚酯,日,%,当期值,全国,生意社,getEcoDataIndChemical,2019/1/2,2025/12/30,1,否,,
53,中国:开工率:聚氨酯:纯MDI,S9987324,801030,开工率,比率,中游,2,弱候选,0.356309,0.251012,2030019629,氨纶:纯MDI:出口量,月,千克,当期值,全国,中纤网,getEcoDataIndChemical,2013/1/31,2024/2/29,1,否,,
53,中国:开工率:聚氨酯:纯MDI,S9987324,801030,开工率,比率,中游,3,弱候选,0.356309,0.251012,2030019468,氨纶:纯MDI:进口量,月,千克,当期值,全国,中纤网,getEcoDataIndChemical,2013/1/31,2024/2/29,1,否,,
53,中国:开工率:聚氨酯:纯MDI,S9987324,801030,开工率,比率,中游,4,弱候选,0.350248,0.251012,2030610605,氨纶价格指数:纯MDI,月,元/吨,当期值,全国,中纤网,getEcoDataIndChemical,2010/1/31,2024/3/31,1,否,,
53,中国:开工率:聚氨酯:纯MDI,S9987324,801030,开工率,比率,中游,5,弱候选,0.350248,0.251012,2030019630,氨纶:纯MDI:出口均价,月,美元/千克,当期值,全国,中纤网,getEcoDataIndChemical,2013/1/31,2024/2/29,1,否,,
54,中国:表观消费量:有机硅:中间体:当月值,S9987604,801030,需求,当期值,下游,1,弱候选,0.470073,0.176751,2030707207,进口数量:有机化学品:当月值:福建,月,万吨,当期值,福建省,Datayes!,getEcoDataIndChemical,2019/1/31,2026/6/30,1,否,,
54,中国:表观消费量:有机硅:中间体:当月值,S9987604,801030,需求,当期值,下游,2,弱候选,0.470073,0.176751,2030707206,进口数量:有机化学品:当月值:安徽,月,万吨,当期值,安徽省,Datayes!,getEcoDataIndChemical,2019/1/31,2026/6/30,1,否,,
54,中国:表观消费量:有机硅:中间体:当月值,S9987604,801030,需求,当期值,下游,3,弱候选,0.470073,0.176751,2030707205,进口数量:有机化学品:当月值:浙江,月,万吨,当期值,浙江省,Datayes!,getEcoDataIndChemical,2019/1/31,2026/6/30,1,否,,
54,中国:表观消费量:有机硅:中间体:当月值,S9987604,801030,需求,当期值,下游,4,弱候选,0.470073,0.176751,2030707204,进口数量:有机化学品:当月值:江苏,月,万吨,当期值,江苏省,Datayes!,getEcoDataIndChemical,2019/1/31,2026/6/30,1,否,,
54,中国:表观消费量:有机硅:中间体:当月值,S9987604,801030,需求,当期值,下游,5,弱候选,0.470073,0.176751,2030707203,进口数量:有机化学品:当月值:上海,月,万吨,当期值,上海市,Datayes!,getEcoDataIndChemical,2019/1/31,2026/6/30,1,否,,
55,中国:工厂库存量:有机硅:中间体,S9985740,801030,库存,当期值,中游,1,弱候选,0.485491,0.249271,2030730785,华鲁恒升:库存量:有机胺:期末值,年,吨,期末值,nan,上市公司公告,getEcoDataIndChemical,2014/12/31,2024/12/31,1,否,,
55,中国:工厂库存量:有机硅:中间体,S9985740,801030,库存,当期值,中游,2,弱候选,0.484828,0.187423,2030740556,百合花:库存量:中间体:期末值,年,吨,期末值,nan,上市公司公告,getEcoDataIndChemical,2016/12/31,2024/12/31,1,否,,
55,中国:工厂库存量:有机硅:中间体,S9985740,801030,库存,当期值,中游,3,弱候选,0.481757,0.249271,2030730786,华鲁恒升:库存量:有机胺:期末同比,年,%,期末同比,nan,上市公司公告,getEcoDataIndChemical,2015/12/31,2024/12/31,1,否,,
55,中国:工厂库存量:有机硅:中间体,S9985740,801030,库存,当期值,中游,4,弱候选,0.479755,0.187423,2030740557,百合花:库存量:中间体:期末同比,年,%,期末同比,nan,上市公司公告,getEcoDataIndChemical,2016/12/31,2024/12/31,1,否,,
55,中国:工厂库存量:有机硅:中间体,S9985740,801030,库存,当期值,中游,5,弱候选,0.479755,0.187423,2030733196,浙江龙盛:库存量:中间体:期末值,年,吨,期末值,nan,上市公司公告,getEcoDataIndChemical,2015/12/31,2025/12/31,1,否,,
56,"中国:价格:金属硅(3303#,云南,福建)",S5801727,801030,价格,原始值,上游,1,弱候选,0.496658,0.266184,2030735487,三孚股份:价格:金属硅粉:累计同比,季,%,累计同比,nan,上市公司公告,getEcoDataIndChemical,2017/9/30,2024/12/31,1,否,,
56,"中国:价格:金属硅(3303#,云南,福建)",S5801727,801030,价格,原始值,上游,2,弱候选,0.411149,0.179466,2030005046,[停]价格:炭黑(N330):云南,日,元/吨,当期值,云南省,钢联资讯,getEcoDataIndChemical,2011/6/20,2017/6/2,0,否,,
56,"中国:价格:金属硅(3303#,云南,福建)",S5801727,801030,价格,原始值,上游,3,弱候选,0.40562,0.217516,2120604978,"价格:全棉坯布:63""30×3068×68",不定期,元/米,当期值,湖州市,中国棉花信息网,getEcoDataIndTextileclothing,2017/1/6,2024/4/7,1,否,,
56,"中国:价格:金属硅(3303#,云南,福建)",S5801727,801030,价格,原始值,上游,4,弱候选,0.396056,0.217516,2120604982,"价格:全棉精梳(斜纹):63""30×30130×70",不定期,元/米,当期值,湖州市,中国棉花信息网,getEcoDataIndTextileclothing,2017/1/6,2024/4/7,1,否,,
56,"中国:价格:金属硅(3303#,云南,福建)",S5801727,801030,价格,原始值,上游,5,弱候选,0.385654,0.217516,2120605078,"价格:涤棉坯布(65/35)(府绸):63""30×30100×64",不定期,元/米,当期值,西南地区,中国棉花信息网,getEcoDataIndTextileclothing,2017/3/10,2021/10/18,1,否,,
57,中国:库存天数:精对苯二甲酸:生产企业,S5446169,801030,库存,当期值,中游,1,弱候选,0.575962,0.332863,2030732875,桐昆股份:库存量:精对苯二甲酸:期末值,年,吨,期末值,nan,上市公司公告,getEcoDataIndChemical,2015/12/31,2025/12/31,1,否,,
57,中国:库存天数:精对苯二甲酸:生产企业,S5446169,801030,库存,当期值,中游,2,弱候选,0.571446,0.332863,2030732876,桐昆股份:库存量:精对苯二甲酸:期末同比,年,%,期末同比,nan,上市公司公告,getEcoDataIndChemical,2015/12/31,2025/12/31,1,否,,
57,中国:库存天数:精对苯二甲酸:生产企业,S5446169,801030,库存,当期值,中游,3,弱候选,0.380012,0.307117,2030101679,PTA(精对苯二甲酸):产量:当周值,周,万吨,当期值,nan,Datayes!,getEcoDataIndChemical,2011/12/2,2025/11/21,1,否,,
57,中国:库存天数:精对苯二甲酸:生产企业,S5446169,801030,库存,当期值,中游,4,弱候选,0.373789,0.307117,2030725832,市场价:精对苯二甲酸(优等品),月,元/吨,当期值,全国,Datayes!,getEcoDataIndChemical,2018/7/31,2026/6/30,1,否,,
57,中国:库存天数:精对苯二甲酸:生产企业,S5446169,801030,库存,当期值,中游,5,弱候选,0.357732,0.307117,2030732915,桐昆股份:销量:精对苯二甲酸:累计值,年,吨,累计值,nan,上市公司公告,getEcoDataIndChemical,2015/12/31,2025/12/31,1,否,,
58,中国:现货价:精对苯二甲酸,S5470301,801030,价格,原始值,中游,1,中等候选,0.714629,0.843183,2030725832,市场价:精对苯二甲酸(优等品),月,元/吨,当期值,全国,Datayes!,getEcoDataIndChemical,2018/7/31,2026/6/30,1,否,,
58,中国:现货价:精对苯二甲酸,S5470301,801030,价格,原始值,中游,2,弱候选,0.550779,0.843183,2030000074,[停]宁波大宗商品:最低价:精对苯二甲酸(NBPTA),日,元/吨,当期值,nan,宁波大宗商品交易所,getEcoDataIndChemical,2014/10/13,2015/7/17,0,否,,
58,中国:现货价:精对苯二甲酸,S5470301,801030,价格,原始值,中游,3,弱候选,0.550779,0.843183,2030000073,[停]宁波大宗商品:最高价:精对苯二甲酸(NBPTA),日,元/吨,当期值,nan,宁波大宗商品交易所,getEcoDataIndChemical,2014/10/13,2015/7/17,0,否,,
58,中国:现货价:精对苯二甲酸,S5470301,801030,价格,原始值,中游,4,弱候选,0.51973,0.584532,2030101679,PTA(精对苯二甲酸):产量:当周值,周,万吨,当期值,nan,Datayes!,getEcoDataIndChemical,2011/12/2,2025/11/21,1,否,,
58,中国:现货价:精对苯二甲酸,S5470301,801030,价格,原始值,中游,5,弱候选,0.51413,0.584532,2030732915,桐昆股份:销量:精对苯二甲酸:累计值,年,吨,累计值,nan,上市公司公告,getEcoDataIndChemical,2015/12/31,2025/12/31,1,否,,
59,中国:开工率:精对苯二甲酸装置:当周值,S5474445,801030,开工率,当期值,中游,1,弱候选,0.552485,0.413798,2030101679,PTA(精对苯二甲酸):产量:当周值,周,万吨,当期值,nan,Datayes!,getEcoDataIndChemical,2011/12/2,2025/11/21,1,否,,
59,中国:开工率:精对苯二甲酸装置:当周值,S5474445,801030,开工率,当期值,中游,2,弱候选,0.376281,0.312418,2030725832,市场价:精对苯二甲酸(优等品),月,元/吨,当期值,全国,Datayes!,getEcoDataIndChemical,2018/7/31,2026/6/30,1,否,,
59,中国:开工率:精对苯二甲酸装置:当周值,S5474445,801030,开工率,当期值,中游,3,弱候选,0.301559,0.242991,2030619947,日本:销量:塑料材料:聚对苯二甲酸丁二醇酯,月,吨,当期值,日本,日本塑料协会,getEcoDataIndChemical,2001/1/31,2026/4/30,1,否,,
59,中国:开工率:精对苯二甲酸装置:当周值,S5474445,801030,开工率,当期值,中游,4,弱候选,0.301559,0.242991,2030619944,日本:销量:塑料材料:聚对苯二甲酸乙二醇酯,月,吨,当期值,日本,日本塑料协会,getEcoDataIndChemical,2001/1/31,2026/4/30,1,否,,
59,中国:开工率:精对苯二甲酸装置:当周值,S5474445,801030,开工率,当期值,中游,5,弱候选,0.301559,0.242991,2030619846,日本:产量:塑料材料:聚对苯二甲酸丁二醇酯,月,吨,当期值,日本,日本塑料协会,getEcoDataIndChemical,1999/1/31,2026/4/30,1,否,,
60,中国:库存天数:涤纶长丝(POY):江浙织机,S5428996,801030,库存,当期值,下游,1,弱候选,0.476182,0.181533,2030739081,新凤鸣:库存量:涤纶长丝:期末值,年,吨,期末值,nan,上市公司公告,getEcoDataIndChemical,2017/12/31,2025/12/31,1,否,,
60,中国:库存天数:涤纶长丝(POY):江浙织机,S5428996,801030,库存,当期值,下游,2,弱候选,0.47232,0.181533,2030739082,新凤鸣:库存量:涤纶长丝:期末同比,年,%,期末同比,nan,上市公司公告,getEcoDataIndChemical,2017/12/31,2025/12/31,1,否,,
60,中国:库存天数:涤纶长丝(POY):江浙织机,S5428996,801030,库存,当期值,下游,3,弱候选,0.39561,0.357681,2030725912,市场价:涤纶长丝(POY150D/48),月,元/吨,当期值,全国,Datayes!,getEcoDataIndChemical,2018/7/31,2026/6/30,1,否,,
60,中国:库存天数:涤纶长丝(POY):江浙织机,S5428996,801030,库存,当期值,下游,4,弱候选,0.36732,0.181533,2030729547,[停]东方盛虹:库存量:涤纶长丝:期末值,年,吨,期末值,nan,上市公司公告,getEcoDataIndChemical,2017/12/31,2020/12/31,0,否,,
60,中国:库存天数:涤纶长丝(POY):江浙织机,S5428996,801030,库存,当期值,下游,5,弱候选,0.363707,0.181533,2030729548,[停]东方盛虹:库存量:涤纶长丝:期末同比,年,%,期末同比,nan,上市公司公告,getEcoDataIndChemical,2018/12/31,2020/12/31,0,否,,
61,中国:江浙地区:开工率:涤纶长丝,S5446172,801030,开工率,比率,中游,1,弱候选,0.322707,0.212367,2030019289,涤纶长丝:产量,月,万吨,当期值,全国,中纤网,getEcoDataIndChemical,2013/1/31,2024/3/31,1,否,,
61,中国:江浙地区:开工率:涤纶长丝,S5446172,801030,开工率,比率,中游,2,弱候选,0.311479,0.212367,2030019290,涤纶长丝:产量:同比,月,%,当期同比,全国,中纤网,getEcoDataIndChemical,2014/1/31,2024/3/31,1,否,,
61,中国:江浙地区:开工率:涤纶长丝,S5446172,801030,开工率,比率,中游,3,弱候选,0.294413,0.212367,2030739081,新凤鸣:库存量:涤纶长丝:期末值,年,吨,期末值,nan,上市公司公告,getEcoDataIndChemical,2017/12/31,2025/12/31,1,否,,
61,中国:江浙地区:开工率:涤纶长丝,S5446172,801030,开工率,比率,中游,4,弱候选,0.294413,0.212367,2030739066,新凤鸣:产量:涤纶长丝:累计值,年,吨,累计值,nan,上市公司公告,getEcoDataIndChemical,2017/12/31,2025/12/31,1,否,,
61,中国:江浙地区:开工率:涤纶长丝,S5446172,801030,开工率,比率,中游,5,弱候选,0.294413,0.212367,2030019527,涤纶长丝:涤纶FDY:出口量,月,千克,当期值,全国,中纤网,getEcoDataIndChemical,2013/1/31,2024/2/29,1,否,,
62,中国:华东地区:市场价(平均价):涤纶长丝(POY150D/48F),S5442372,801030,价格,原始值,中游,1,中等候选,0.613319,0.623265,2030725912,市场价:涤纶长丝(POY150D/48),月,元/吨,当期值,全国,Datayes!,getEcoDataIndChemical,2018/7/31,2026/6/30,1,否,,
62,中国:华东地区:市场价(平均价):涤纶长丝(POY150D/48F),S5442372,801030,价格,原始值,中游,2,弱候选,0.522064,0.696343,2030004322,[停]主流市场价:涤纶长丝(POY150D/48F):华东市场,日,元/吨,当期值,华东地区,Datayes!,getEcoDataIndChemical,2011/8/4,2019/2/15,0,否,,
62,中国:华东地区:市场价(平均价):涤纶长丝(POY150D/48F),S5442372,801030,价格,原始值,中游,3,弱候选,0.496851,0.598324,1040024034,市场价:化工产品:涤纶长丝(POY150D/48F):涨跌幅,旬,%,当期值,全国,国家统计局,getEcoDataChina,2014/1/10,2026/7/31,1,否,,
62,中国:华东地区:市场价(平均价):涤纶长丝(POY150D/48F),S5442372,801030,价格,原始值,中游,4,弱候选,0.496851,0.598324,1040024027,市场价:化工产品:涤纶长丝(POY150D/48F):当期值,旬,元/吨,当期值,全国,国家统计局,getEcoDataChina,2013/12/31,2026/7/31,1,否,,
62,中国:华东地区:市场价(平均价):涤纶长丝(POY150D/48F),S5442372,801030,价格,原始值,中游,5,弱候选,0.420581,0.532226,2030004320,[停]主流市场价:涤纶长丝(DTY150D/48F):华东市场,日,元/吨,当期值,华东地区,Datayes!,getEcoDataIndChemical,2011/8/4,2019/2/15,0,否,,
64,期货结算价(活跃合约):天然橡胶,S0181388,801030,价格,原始值,上游,1,弱候选,0.400972,0.420829,2130700003,期货结算价(活跃):纸浆,日,元/吨,当期值,全国,上海期货交易所,getEcoDataIndLightmanufactue,2018/11/27,2026/8/7,1,否,,
64,期货结算价(活跃合约):天然橡胶,S0181388,801030,价格,原始值,上游,2,弱候选,0.392908,0.301746,2030619410,期货库存:天然橡胶:总计,周,吨,当期值,全国,上海期货交易所,getEcoDataIndChemical,2014/5/23,2026/8/7,1,否,,
64,期货结算价(活跃合约):天然橡胶,S0181388,801030,价格,原始值,上游,3,弱候选,0.381221,0.301746,2030619447,期货库存:天然橡胶:天津:合计,周,吨,当期值,天津市,上海期货交易所,getEcoDataIndChemical,2014/5/23,2026/8/7,1,否,,
64,期货结算价(活跃合约):天然橡胶,S0181388,801030,价格,原始值,上游,4,弱候选,0.381221,0.301746,2030619443,期货库存:天然橡胶:海南:合计,周,吨,当期值,海南省,上海期货交易所,getEcoDataIndChemical,2014/5/23,2025/2/7,1,否,,
64,期货结算价(活跃合约):天然橡胶,S0181388,801030,价格,原始值,上游,5,弱候选,0.381221,0.301746,2030619440,期货库存:天然橡胶:云南:合计,周,吨,当期值,云南省,上海期货交易所,getEcoDataIndChemical,2018/11/9,2026/8/7,1,否,,
65,中国:参考价:尿素,K7230253,801030,价格,原始值,中游,1,弱候选,0.363419,0.326423,2030637879,成交估价:尿素:安徽省,日,元/吨,当期值,安徽省,发改委,getEcoDataIndChemical,2021/6/17,2026/8/6,1,否,,
65,中国:参考价:尿素,K7230253,801030,价格,原始值,中游,2,弱候选,0.363419,0.326423,2030637878,成交估价:尿素:河南省,日,元/吨,当期值,河南省,发改委,getEcoDataIndChemical,2021/6/17,2026/8/6,1,否,,
65,中国:参考价:尿素,K7230253,801030,价格,原始值,中游,3,弱候选,0.363419,0.326423,2030637877,成交估价:尿素:山东省,日,元/吨,当期值,山东省,发改委,getEcoDataIndChemical,2021/6/17,2026/8/6,1,否,,
65,中国:参考价:尿素,K7230253,801030,价格,原始值,中游,4,弱候选,0.34684,0.326423,2030729945,云天化:销售均价:尿素:累计值,季,元/吨,累计值,nan,上市公司公告,getEcoDataIndChemical,2017/3/31,2026/3/31,1,否,,
65,中国:参考价:尿素,K7230253,801030,价格,原始值,中游,5,弱候选,0.338419,0.326423,2030742738,龙蟠科技:采购均价:尿素:累计同比,季,%,累计同比,nan,上市公司公告,getEcoDataIndChemical,2017/3/31,2026/3/31,1,否,,
66,中国:现货价:钾肥,S5470454,801030,价格,原始值,中游,1,弱候选,0.250433,0.269382,3070000232,法国:价格指数:国内总支出,年,2020年=100,当期值,法国,法国统计局,getEcoDataGlobeRest,1949/12/31,2025/12/31,1,否,,
66,中国:现货价:钾肥,S5470454,801030,价格,原始值,中游,2,弱候选,0.240031,0.269382,3070000249,法国:价格指数:国内总支出:同比,年,%,当期同比,法国,法国统计局,getEcoDataGlobeRest,1950/12/31,2025/12/31,1,否,,
66,中国:现货价:钾肥,S5470454,801030,价格,原始值,中游,3,弱候选,0.23561,0.269382,2020702047,美国:现货价:超低硫2号柴油:洛杉矶,日,美元/加仑,当期值,nan,EIA,getEcoDataIndEnergy,1996/4/17,2026/8/3,1,否,,
66,中国:现货价:钾肥,S5470454,801030,价格,原始值,中游,4,弱候选,0.23561,0.269382,2020702045,美国:现货价:超低硫2号柴油:纽约港,日,美元/加仑,当期值,nan,EIA,getEcoDataIndEnergy,2006/6/14,2026/8/3,1,否,,
66,中国:现货价:钾肥,S5470454,801030,价格,原始值,中游,5,弱候选,0.224653,0.269382,2020702046,美国:现货价:超低硫2号柴油:墨西哥湾沿岸,日,美元/加仑,当期值,nan,EIA,getEcoDataIndEnergy,2006/6/14,2026/8/3,1,否,,
67,中国:库存量:钾肥:主要港口,S5444348,801030,库存,当期值,中游,1,弱候选,0.552131,0.305953,2030735834,亚钾国际:库存量:钾肥:期末值,年,吨,期末值,nan,上市公司公告,getEcoDataIndChemical,2015/12/31,2025/12/31,1,否,,
67,中国:库存量:钾肥:主要港口,S5444348,801030,库存,当期值,中游,2,弱候选,0.497945,0.236053,2030737793,四川美丰:库存量:化肥主要产品:期末值,年,吨,期末值,nan,上市公司公告,getEcoDataIndChemical,2017/12/31,2024/12/31,1,否,,
67,中国:库存量:钾肥:主要港口,S5444348,801030,库存,当期值,中游,3,弱候选,0.493637,0.236053,2030737794,四川美丰:库存量:化肥主要产品:期末同比,年,%,期末同比,nan,上市公司公告,getEcoDataIndChemical,2018/12/31,2024/12/31,1,否,,
67,中国:库存量:钾肥:主要港口,S5444348,801030,库存,当期值,中游,4,弱候选,0.451202,0.364582,2040716211,国内主要港口进口铁矿石库存:日均疏港量:47港总计,周,万吨,均值,nan,我的钢铁网,getEcoDataIndSteel,2022/3/25,2026/8/7,1,否,,
67,中国:库存量:钾肥:主要港口,S5444348,801030,库存,当期值,中游,5,弱候选,0.451202,0.364582,2040716209,国内主要港口进口铁矿石库存:日均疏港量:同口径总计,周,万吨,均值,nan,我的钢铁网,getEcoDataIndSteel,2014/2/21,2025/2/5,1,否,,
69,中国:工厂库存量:草甘膦,S9985994,801030,库存,当期值,中游,1,弱候选,0.543155,0.510258,2030730350,[停]兴发集团:库存量:草甘膦:期末值,年,吨,期末值,nan,上市公司公告,getEcoDataIndChemical,2014/12/31,2022/12/31,0,否,,
69,中国:工厂库存量:草甘膦,S9985994,801030,库存,当期值,中游,2,弱候选,0.537094,0.510258,2030730351,[停]兴发集团:库存量:草甘膦:期末同比,年,%,期末同比,nan,上市公司公告,getEcoDataIndChemical,2015/12/31,2022/12/31,0,否,,
69,中国:工厂库存量:草甘膦,S9985994,801030,库存,当期值,中游,3,弱候选,0.53156,0.510258,2030731003,[停]和邦生物:库存量:草甘膦:原粉:期末值,年,吨,期末值,nan,上市公司公告,getEcoDataIndChemical,2018/12/31,2021/12/31,0,否,,
69,中国:工厂库存量:草甘膦,S9985994,801030,库存,当期值,中游,4,弱候选,0.526488,0.510258,2030731004,[停]和邦生物:库存量:草甘膦:原粉:期末同比,年,%,期末同比,nan,上市公司公告,getEcoDataIndChemical,2018/12/31,2021/12/31,0,否,,
69,中国:工厂库存量:草甘膦,S9985994,801030,库存,当期值,中游,5,弱候选,0.454876,0.203992,2030736520,金煤科技:库存量:草酸:期末值,年,吨,期末值,nan,上市公司公告,getEcoDataIndChemical,2015/12/31,2024/12/31,1,否,,
70,期货结算价(活跃合约):铁矿石,S0186244,801040,价格,原始值,上游,1,弱候选,0.437445,0.48038,2130700003,期货结算价(活跃):纸浆,日,元/吨,当期值,全国,上海期货交易所,getEcoDataIndLightmanufactue,2018/11/27,2026/8/7,1,否,,
70,期货结算价(活跃合约):铁矿石,S0186244,801040,价格,原始值,上游,2,弱候选,0.399998,0.470881,2040715600,新交所MB CFR中国铁矿石(65%铁粉)指数期货:结算价(当月),日,美元/吨,当期值,nan,新加坡期货交易所,getEcoDataIndSteel,2019/1/2,2026/8/6,1,否,,
70,期货结算价(活跃合约):铁矿石,S0186244,801040,价格,原始值,上游,3,弱候选,0.399998,0.470881,2040715453,新交所MB CFR中国铁矿石(58%铁粉)指数期货:结算价(当月),日,美元/吨,当期值,nan,新加坡期货交易所,getEcoDataIndSteel,2015/3/9,2026/8/6,1,否,,
70,期货结算价(活跃合约):铁矿石,S0186244,801040,价格,原始值,上游,4,弱候选,0.399998,0.470881,2040715378,新交所普氏CFR中国铁矿石(块矿溢价)指数期货:结算价(当月),日,美元/干吨度,当期值,nan,新加坡期货交易所,getEcoDataIndSteel,2015/9/1,2026/8/6,1,否,,
70,期货结算价(活跃合约):铁矿石,S0186244,801040,价格,原始值,上游,5,弱候选,0.398109,0.470881,2040715405,新交所普氏CFR中国铁矿石(块矿溢价)指数期货:结算价(9个月),日,美元/干吨度,当期值,nan,新加坡期货交易所,getEcoDataIndSteel,2015/8/31,2026/8/6,1,否,,
71,淡水河谷:产量:铁矿石:当季值,S5705271,801040,产量,当期值,上游,1,弱候选,0.491428,0.176796,2040701181,西宁特钢:产量:当季值,季,吨,当期值,nan,上市公司公告,getEcoDataIndSteel,2016/3/31,2023/12/31,1,否,,
71,淡水河谷:产量:铁矿石:当季值,S5705271,801040,产量,当期值,上游,2,弱候选,0.48675,0.317834,2040601982,产量:铁矿石:南非,年,千吨,当期值,南非,国际钢铁协会,getEcoDataIndSteel,1990/12/31,2021/12/31,1,否,,
71,淡水河谷:产量:铁矿石:当季值,S5705271,801040,产量,当期值,上游,3,弱候选,0.48675,0.317834,2040601978,产量:铁矿石:埃及,年,千吨,当期值,埃及,国际钢铁协会,getEcoDataIndSteel,1990/12/31,2017/12/31,1,否,,
71,淡水河谷:产量:铁矿石:当季值,S5705271,801040,产量,当期值,上游,4,弱候选,0.48675,0.317834,2040601974,产量:铁矿石:秘鲁,年,千吨,当期值,秘鲁,国际钢铁协会,getEcoDataIndSteel,1990/12/31,2021/12/31,1,否,,
71,淡水河谷:产量:铁矿石:当季值,S5705271,801040,产量,当期值,上游,5,弱候选,0.48675,0.317834,2040601972,产量:铁矿石:智利,年,千吨,当期值,智利,国际钢铁协会,getEcoDataIndSteel,1990/12/31,2021/12/31,1,否,,
72,中国:港口库存量:铁矿石,S0110152,801040,库存,当期值,上游,1,强候选,0.818835,0.759932,2040703677,港口库存量:铁矿石:合计:期末值,周,万吨,期末值,全国,Datayes!,getEcoDataIndSteel,2021/5/5,2026/8/5,1,否,,
72,中国:港口库存量:铁矿石,S0110152,801040,库存,当期值,上游,2,强候选,0.802603,0.759932,2040703924,港口库存量:铁矿石:精粉:合计:期末值,周,万吨,期末值,全国,Datayes!,getEcoDataIndSteel,2021/5/5,2026/8/5,1,否,,
72,中国:港口库存量:铁矿石,S0110152,801040,库存,当期值,上游,3,强候选,0.802603,0.759932,2040703854,港口库存量:铁矿石:块矿:合计:期末值,周,万吨,期末值,全国,Datayes!,getEcoDataIndSteel,2021/5/5,2026/8/5,1,否,,
72,中国:港口库存量:铁矿石,S0110152,801040,库存,当期值,上游,4,强候选,0.802603,0.759932,2040703819,港口库存量:铁矿石:粉矿:合计:期末值,周,万吨,期末值,全国,Datayes!,getEcoDataIndSteel,2021/5/5,2026/8/5,1,否,,
72,中国:港口库存量:铁矿石,S0110152,801040,库存,当期值,上游,5,强候选,0.795501,0.759932,2040703889,港口库存量:铁矿石:球团矿:合计:期末值,周,万吨,期末值,全国,Datayes!,getEcoDataIndSteel,2021/5/5,2026/8/5,1,否,,
73,"中国:价格:螺纹钢(HRB400E,20mm)",S5707798,801040,价格,原始值,中游,1,中等候选,0.650025,0.627713,1040005377,生产资料价格:钢材:螺纹钢:Φ20mmHRB400E:环比,月,%,当期环比,全国,发改委,getEcoDataChina,2015/5/31,2026/6/30,1,否,,
73,"中国:价格:螺纹钢(HRB400E,20mm)",S5707798,801040,价格,原始值,中游,2,中等候选,0.646304,0.627713,1040005376,生产资料价格:钢材:螺纹钢:Φ20mmHRB400E:当月值,月,元/吨,当期值,全国,发改委,getEcoDataChina,2015/5/31,2026/6/30,1,否,,
73,"中国:价格:螺纹钢(HRB400E,20mm)",S5707798,801040,价格,原始值,中游,3,中等候选,0.642752,0.627713,1040005378,生产资料价格:钢材:螺纹钢:Φ20mmHRB400E:当月同比,月,%,当期同比,全国,发改委,getEcoDataChina,2015/5/31,2026/6/30,1,否,,
73,"中国:价格:螺纹钢(HRB400E,20mm)",S5707798,801040,价格,原始值,中游,4,中等候选,0.63189,0.405113,2040601007,价格:CSPI:螺纹钢(三级)HRB400Φ16,周,元/吨,当期值,全国,中国钢铁工业协会,getEcoDataIndSteel,2010/10/9,2026/8/7,1,否,,
73,"中国:价格:螺纹钢(HRB400E,20mm)",S5707798,801040,价格,原始值,中游,5,中等候选,0.628398,0.644238,2040000808,螺纹钢:HRB400 20MM:合肥,日,元/吨,当期值,合肥市,Datayes!,getEcoDataIndSteel,2007/4/24,2026/8/6,1,否,,
74,中国:产能利用率:电炉(短流程钢厂),S5715672,801040,开工率,比率,中游,1,弱候选,0.570278,0.319347,2040716205,高炉炼铁产能利用率:样本钢厂,周,%,当期值,nan,我的钢铁网,getEcoDataIndSteel,2018/3/2,2026/8/7,1,否,,
74,中国:产能利用率:电炉(短流程钢厂),S5715672,801040,开工率,比率,中游,2,弱候选,0.554324,0.319347,2040104212,中厚板:调查钢厂产能利用率,月,%,当期值,nan,Datayes!,getEcoDataIndSteel,2010/2/28,2015/12/31,1,否,,
74,中国:产能利用率:电炉(短流程钢厂),S5715672,801040,开工率,比率,中游,3,弱候选,0.537093,0.319347,2040104202,线材:调查钢厂产能利用率,月,%,当期值,nan,Datayes!,getEcoDataIndSteel,2010/2/28,2015/12/31,1,否,,
74,中国:产能利用率:电炉(短流程钢厂),S5715672,801040,开工率,比率,中游,4,弱候选,0.532785,0.319347,2040104197,螺纹钢:调查钢厂产能利用率,月,%,当期值,nan,Datayes!,getEcoDataIndSteel,2010/2/28,2015/12/31,1,否,,
74,中国:产能利用率:电炉(短流程钢厂),S5715672,801040,开工率,比率,中游,5,弱候选,0.528797,0.319347,2040104217,冷轧卷板:调查钢厂产能利用率,月,%,当期值,nan,Datayes!,getEcoDataIndSteel,2010/2/28,2015/12/31,1,否,,
75,中国:产能利用率:电炉(长流程钢厂),S5715673,801040,开工率,比率,中游,1,弱候选,0.570278,0.319347,2040716205,高炉炼铁产能利用率:样本钢厂,周,%,当期值,nan,我的钢铁网,getEcoDataIndSteel,2018/3/2,2026/8/7,1,否,,
75,中国:产能利用率:电炉(长流程钢厂),S5715673,801040,开工率,比率,中游,2,弱候选,0.554324,0.319347,2040104212,中厚板:调查钢厂产能利用率,月,%,当期值,nan,Datayes!,getEcoDataIndSteel,2010/2/28,2015/12/31,1,否,,
75,中国:产能利用率:电炉(长流程钢厂),S5715673,801040,开工率,比率,中游,3,弱候选,0.537093,0.319347,2040104202,线材:调查钢厂产能利用率,月,%,当期值,nan,Datayes!,getEcoDataIndSteel,2010/2/28,2015/12/31,1,否,,
75,中国:产能利用率:电炉(长流程钢厂),S5715673,801040,开工率,比率,中游,4,弱候选,0.532785,0.319347,2040104197,螺纹钢:调查钢厂产能利用率,月,%,当期值,nan,Datayes!,getEcoDataIndSteel,2010/2/28,2015/12/31,1,否,,
75,中国:产能利用率:电炉(长流程钢厂),S5715673,801040,开工率,比率,中游,5,弱候选,0.528797,0.319347,2040104217,冷轧卷板:调查钢厂产能利用率,月,%,当期值,nan,Datayes!,getEcoDataIndSteel,2010/2/28,2015/12/31,1,否,,
77,中国:表观消费量:不锈钢冷轧板:当月值,S9987661,801040,需求,当期值,下游,1,弱候选,0.538919,0.329044,2040201908,出口数量:不锈钢冷成形或冷加工条、杆(722220):当月值,月,千克,当期值,nan,海关总署,getEcoDataIndSteel,2010/1/31,2026/6/30,1,否,,
77,中国:表观消费量:不锈钢冷轧板:当月值,S9987661,801040,需求,当期值,下游,2,弱候选,0.538919,0.329044,2040201054,进口数量:不锈钢冷成形或冷加工条、杆(722220):当月值,月,千克,当期值,nan,海关总署,getEcoDataIndSteel,2010/1/31,2026/6/30,1,否,,
77,中国:表观消费量:不锈钢冷轧板:当月值,S9987661,801040,需求,当期值,下游,3,弱候选,0.536317,0.329044,2040709013,进出口数量:不锈钢冷成形或冷加工条、杆(722220):当月值,月,千克,当期值,中国,海关总署,getEcoDataIndSteel,2015/1/31,2026/6/30,1,否,,
77,中国:表观消费量:不锈钢冷轧板:当月值,S9987661,801040,需求,当期值,下游,4,弱候选,0.517103,0.246066,2040201927,出口数量:不锈钢丝(7223):当月值,月,千克,当期值,nan,海关总署,getEcoDataIndSteel,2010/1/31,2026/6/30,1,否,,
77,中国:表观消费量:不锈钢冷轧板:当月值,S9987661,801040,需求,当期值,下游,5,弱候选,0.517103,0.246066,2040201073,进口数量:不锈钢丝(7223):当月值,月,千克,当期值,nan,海关总署,getEcoDataIndSteel,2010/1/31,2026/6/30,1,否,,
78,中国:出口数量:不锈钢:当月值,K1215458,801040,需求,当期值,下游,1,强候选,0.800207,0.676169,2040201927,出口数量:不锈钢丝(7223):当月值,月,千克,当期值,nan,海关总署,getEcoDataIndSteel,2010/1/31,2026/6/30,1,否,,
78,中国:出口数量:不锈钢:当月值,K1215458,801040,需求,当期值,下游,2,强候选,0.797185,0.685499,2040606558,日本:出口数量:特殊钢材:不锈钢:当月值,月,吨,当期值,日本,日本钢铁联盟,getEcoDataIndSteel,2012/9/30,2026/6/30,1,否,,
78,中国:出口数量:不锈钢:当月值,K1215458,801040,需求,当期值,下游,3,强候选,0.7928,0.676169,2040706535,进出口数量:不锈钢丝(7223):当月值,月,千克,当期值,中国,海关总署,getEcoDataIndSteel,2015/1/31,2026/6/30,1,否,,
78,中国:出口数量:不锈钢:当月值,K1215458,801040,需求,当期值,下游,4,中等候选,0.773445,0.676169,2040709837,出口数量:不锈钢制法兰(730721):当月值,月,千克,当期值,中国,海关总署,getEcoDataIndSteel,2015/1/31,2026/6/30,1,否,,
78,中国:出口数量:不锈钢:当月值,K1215458,801040,需求,当期值,下游,5,中等候选,0.7678,0.676169,2040709877,出口数量:不锈钢制对焊件(730723):当月值,月,千克,当期值,中国,海关总署,getEcoDataIndSteel,2015/1/31,2026/6/30,1,否,,
81,中国:库容比:水泥:当周值,V5932139,801710,库存,比率,中游,1,中等候选,0.614116,0.364076,2060809207,熟料库容比:全国:当周值,周,%,当期值,中国,Datayes!,getEcoDataIndBuildingmaterials,2013/8/2,2025/11/28,1,否,,
81,中国:库容比:水泥:当周值,V5932139,801710,库存,比率,中游,2,弱候选,0.465974,0.168029,2060809670,磨机运转率:全国:当周值,周,%,当期值,中国,Datayes!,getEcoDataIndBuildingmaterials,2012/2/10,2025/11/28,1,否,,
81,中国:库容比:水泥:当周值,V5932139,801710,库存,比率,中游,3,弱候选,0.402883,0.183286,2070000108,中国公路物流运价指数:当周值,周,2012年12月=1000,当期值,nan,中国物流与采购网,getEcoDataIndTraffictransport,2013/1/4,2026/8/7,1,否,,
81,中国:库容比:水泥:当周值,V5932139,801710,库存,比率,中游,4,弱候选,0.393144,0.183286,2160002865,中国公路物流运价指数:沈阳:当周值,周,点,当期值,中国大陆,中国公路物流运价指数,getEcoDataIndTraffictransport,2013/1/2,2020/6/24,1,否,,
81,中国:库容比:水泥:当周值,V5932139,801710,库存,比率,中游,5,弱候选,0.393144,0.183286,2160002864,中国公路物流运价指数:大连:当周值,周,点,当期值,中国大陆,中国公路物流运价指数,getEcoDataIndTraffictransport,2013/1/2,2020/6/24,1,否,,
82,中国:水泥价格指数,S5914515,801710,价格,指数,中游,1,强候选,0.812208,0.696187,2060709427,水泥价格指数:中原,日,点,当期值,nan,中国水泥网,getEcoDataIndBuildingmaterials,2017/1/3,2025/12/8,1,否,,
82,中国:水泥价格指数,S5914515,801710,价格,指数,中游,2,强候选,0.812208,0.696187,2060001061,水泥价格指数:全国,日,点,当期值,nan,中国水泥网,getEcoDataIndBuildingmaterials,2013/8/1,2026/8/6,1,否,,
82,中国:水泥价格指数,S5914515,801710,价格,指数,中游,3,强候选,0.799855,0.696187,2060709425,水泥价格指数:京津冀,日,点,当期值,nan,中国水泥网,getEcoDataIndBuildingmaterials,2017/1/3,2025/12/8,1,否,,
82,中国:水泥价格指数,S5914515,801710,价格,指数,中游,4,强候选,0.788874,0.696187,2060709426,水泥价格指数:珠江-西江,日,点,当期值,nan,中国水泥网,getEcoDataIndBuildingmaterials,2017/1/3,2025/12/8,1,否,,
82,中国:水泥价格指数,S5914515,801710,价格,指数,中游,5,中等候选,0.762208,0.696187,2060743303,水泥价格指数:长三角:上海指数,周,nan,当期值,上海市,数字水泥网,getEcoDataIndBuildingmaterials,2009/1/9,2026/7/31,1,否,,
83,中国:市场价:浮法平板玻璃(4.8/5mm),S5914490,801710,价格,原始值,中游,1,弱候选,0.541132,0.475996,2060704673,江苏:中准价:浮法平板玻璃(5mm),两月,元/平方米,当期值,江苏省,江苏工程造价信息网,getEcoDataIndBuildingmaterials,2013/4/30,2025/10/31,1,否,,
83,中国:市场价:浮法平板玻璃(4.8/5mm),S5914490,801710,价格,原始值,中游,2,弱候选,0.501921,0.392568,2060704675,江苏:中准价:浮法平板玻璃(8mm),两月,元/平方米,当期值,江苏省,江苏工程造价信息网,getEcoDataIndBuildingmaterials,2013/4/30,2025/10/31,1,否,,
83,中国:市场价:浮法平板玻璃(4.8/5mm),S5914490,801710,价格,原始值,中游,3,弱候选,0.48261,0.392568,2060704674,江苏:中准价:浮法平板玻璃(6mm),两月,元/平方米,当期值,江苏省,江苏工程造价信息网,getEcoDataIndBuildingmaterials,2013/4/30,2025/10/31,1,否,,
83,中国:市场价:浮法平板玻璃(4.8/5mm),S5914490,801710,价格,原始值,中游,4,弱候选,0.48261,0.392568,2060704672,江苏:中准价:浮法平板玻璃(3mm),两月,元/平方米,当期值,江苏省,江苏工程造价信息网,getEcoDataIndBuildingmaterials,2013/4/30,2025/10/31,1,否,,
83,中国:市场价:浮法平板玻璃(4.8/5mm),S5914490,801710,价格,原始值,中游,5,弱候选,0.439818,0.497109,1040005437,生产资料价格:建材:浮法平板玻璃:5mm:环比,月,%,当期环比,全国,发改委,getEcoDataChina,2015/5/31,2026/6/30,1,否,,
84,中国:表观消费量:平板玻璃:当月值,S9987670,801710,需求,当期值,下游,1,中等候选,0.643478,0.436478,2060001291,出厂价:平板玻璃:当月值,月,元/重量箱,当期值,nan,发改委,getEcoDataIndBuildingmaterials,2009/2/28,2022/2/28,1,否,,
84,中国:表观消费量:平板玻璃:当月值,S9987670,801710,需求,当期值,下游,2,弱候选,0.54057,0.287028,2060001294,出厂价:平板玻璃:重点建材企业:当月值,月,元/重量箱,当期值,nan,发改委,getEcoDataIndBuildingmaterials,2015/2/28,2015/10/31,1,否,,
84,中国:表观消费量:平板玻璃:当月值,S9987670,801710,需求,当期值,下游,3,弱候选,0.500338,0.287028,1020001570,平板玻璃:产量:当月值,月,万重量箱,当期值,全国,国家统计局,getEcoDataChina,1989/2/28,2026/6/30,1,否,,
84,中国:表观消费量:平板玻璃:当月值,S9987670,801710,需求,当期值,下游,4,弱候选,0.480672,0.287028,1040010614,平板玻璃产量:当月值:吉林省,月,万重量箱,当期值,吉林省,国家统计局,getEcoDataChinaRegion,2002/4/30,2026/6/30,1,否,,
84,中国:表观消费量:平板玻璃:当月值,S9987670,801710,需求,当期值,下游,5,弱候选,0.480672,0.287028,1040010613,平板玻璃产量:当月值:湖南省,月,万重量箱,当期值,湖南省,国家统计局,getEcoDataChinaRegion,2002/4/30,2026/6/30,1,否,,
85,"中国:出口金额:玻璃纤维(包括玻璃棉)及其制品(例如,玻璃纤维纱线及其织物)(7019):当月同比",C1628024,801710,需求,同比,下游,1,中等候选,0.636879,0.379304,2060811216,出口金额(美元):玻璃纤维及其制品(7019):当月同比,月,%,当期同比,中国,海关总署,getEcoDataIndBuildingmaterials,2016/1/31,2026/6/30,1,否,,
85,"中国:出口金额:玻璃纤维(包括玻璃棉)及其制品(例如,玻璃纤维纱线及其织物)(7019):当月同比",C1628024,801710,需求,同比,下游,2,中等候选,0.633918,0.379304,2060811218,进出口金额(美元):玻璃纤维及其制品(7019):当月同比,月,%,当期同比,中国,海关总署,getEcoDataIndBuildingmaterials,2016/1/31,2026/6/30,1,否,,
85,"中国:出口金额:玻璃纤维(包括玻璃棉)及其制品(例如,玻璃纤维纱线及其织物)(7019):当月同比",C1628024,801710,需求,同比,下游,3,中等候选,0.60411,0.346511,2060813286,出口金额(美元):玻璃棉及其制品(70199010):当月同比,月,%,当期同比,中国,海关总署,getEcoDataIndBuildingmaterials,2016/1/31,2022/1/31,1,否,,
85,"中国:出口金额:玻璃纤维(包括玻璃棉)及其制品(例如,玻璃纤维纱线及其织物)(7019):当月同比",C1628024,801710,需求,同比,下游,4,中等候选,0.603013,0.349619,2060812520,出口金额(美元):其他玻璃纤维制机织物(701959):当月同比,月,%,当期同比,中国,海关总署,getEcoDataIndBuildingmaterials,2016/1/31,2022/1/31,1,否,,
85,"中国:出口金额:玻璃纤维(包括玻璃棉)及其制品(例如,玻璃纤维纱线及其织物)(7019):当月同比",C1628024,801710,需求,同比,下游,5,中等候选,0.601553,0.346511,2060813288,进出口金额(美元):玻璃棉及其制品(70199010):当月同比,月,%,当期同比,中国,海关总署,getEcoDataIndBuildingmaterials,2016/1/31,2022/1/31,1,否,,
88,中国:商品零售额:限额以上单位:建筑及装潢材料类:当月同比,M0001463,801710,需求,同比,下游,1,弱候选,0.416197,0.197582,2200000456,全国百家重点大型零售企业商品零售额:服装:当月同比,月,%,当期同比,nan,中华全国商业信息中心,getEcoDataIndCommercialtrade,2007/4/30,2026/4/30,1,否,,
88,中国:商品零售额:限额以上单位:建筑及装潢材料类:当月同比,M0001463,801710,需求,同比,下游,2,弱候选,0.409603,0.197582,2200000454,全国百家重点大型零售企业商品零售额:当月同比,月,%,当期同比,nan,中华全国商业信息中心,getEcoDataIndCommercialtrade,2007/4/30,2026/6/30,1,否,,
88,中国:商品零售额:限额以上单位:建筑及装潢材料类:当月同比,M0001463,801710,需求,同比,下游,3,弱候选,0.40453,0.197582,2200000455,全国百家重点大型零售企业商品零售额:食品:当月同比,月,%,当期同比,nan,中华全国商业信息中心,getEcoDataIndCommercialtrade,2007/4/30,2026/4/30,1,否,,
88,中国:商品零售额:限额以上单位:建筑及装潢材料类:当月同比,M0001463,801710,需求,同比,下游,4,弱候选,0.402149,0.197582,2200000458,全国百家重点大型零售企业商品零售额:日用品:当月同比,月,%,当期同比,nan,中华全国商业信息中心,getEcoDataIndCommercialtrade,2011/3/31,2026/4/30,1,否,,
88,中国:商品零售额:限额以上单位:建筑及装潢材料类:当月同比,M0001463,801710,需求,同比,下游,5,弱候选,0.402149,0.197582,2200000457,全国百家重点大型零售企业商品零售额:化妆品:当月同比,月,%,当期同比,nan,中华全国商业信息中心,getEcoDataIndCommercialtrade,2011/3/31,2026/4/30,1,否,,
90,美国:新订单额:制造业:季调:同比,G1109320,801720,需求,同比,上游,1,弱候选,0.567439,0.451997,3080000182,德国:制造业新订单:国外:未季调:同比,月,%,当期同比,德国,德国统计局,getEcoDataGlobeRest,1992/1/31,2026/6/30,1,否,,
90,美国:新订单额:制造业:季调:同比,G1109320,801720,需求,同比,上游,2,弱候选,0.567439,0.451997,3080000178,德国:制造业新订单:国内:未季调:同比,月,%,当期同比,德国,德国统计局,getEcoDataGlobeRest,1992/1/31,2026/6/30,1,否,,
90,美国:新订单额:制造业:季调:同比,G1109320,801720,需求,同比,上游,3,弱候选,0.562999,0.493155,3010500036,美国:制造业新订单:核心资本品(剔除国防和飞机):季调:同比,月,%,同比(季调),nan,美国商务部,getEcoDataGlobeUsa,1993/2/28,2026/6/30,1,否,,
90,美国:新订单额:制造业:季调:同比,G1109320,801720,需求,同比,上游,4,弱候选,0.559414,0.493155,3010500039,x,月,%,当期同比,nan,美国商务部,getEcoDataGlobeUsa,1993/2/28,2026/6/30,1,否,,
90,美国:新订单额:制造业:季调:同比,G1109320,801720,需求,同比,上游,5,弱候选,0.533802,0.339579,3080000083,德国:工厂新订单:未季调:同比,月,%,当期同比,德国,德国统计局,getEcoDataGlobeRest,1992/1/31,2026/6/30,1,否,,
91,中国:非制造业PM1建筑业,M5207831,801720,情绪/预期,指数,中游,1,弱候选,0.526335,0.579244,1030000726,非制造业PMI:建筑业,月,%,当期值,全国,国家统计局,getEcoDataChina,2008/2/29,2026/7/31,1,否,,
91,中国:非制造业PM1建筑业,M5207831,801720,情绪/预期,指数,中游,2,弱候选,0.498844,0.579244,1030000727,非制造业PMI:建筑业:新订单,月,%,当期值,全国,国家统计局,getEcoDataChina,2008/2/29,2026/7/31,1,否,,
91,中国:非制造业PM1建筑业,M5207831,801720,情绪/预期,指数,中游,3,弱候选,0.491091,0.579244,1030002380,非制造业PMI:建筑业:土木工程,月,%,当期值,全国,国家统计局,getEcoDataChina,2016/8/31,2026/2/28,1,否,,
91,中国:非制造业PM1建筑业,M5207831,801720,情绪/预期,指数,中游,4,弱候选,0.491091,0.579244,1030000732,非制造业PMI:建筑业:从业人员,月,%,当期值,全国,国家统计局,getEcoDataChina,2011/5/31,2026/7/31,1,否,,
91,中国:非制造业PM1建筑业,M5207831,801720,情绪/预期,指数,中游,5,弱候选,0.491091,0.579244,1030000731,非制造业PMI:建筑业:销售价格,月,%,当期值,全国,国家统计局,getEcoDataChina,2008/2/29,2026/7/31,1,否,,
93,中国:利润总额:规模以上工业企业:当月值,M5207463,801890,盈利,当期值,下游,1,弱候选,0.533219,0.302594,1020001902,工业企业利润总额:当月值,月,亿元,当期值,全国,国家统计局,getEcoDataChina,2012/3/31,2026/6/30,1,否,,
93,中国:利润总额:规模以上工业企业:当月值,M5207463,801890,盈利,当期值,下游,2,弱候选,0.432354,0.478644,1200001242,北京:规模以上工业企业:利润总额,年,亿元,当期值,北京市,北京市统计局,getEcoDataChinaRegion,1975/12/31,2025/12/31,1,否,,
93,中国:利润总额:规模以上工业企业:当月值,M5207463,801890,盈利,当期值,下游,3,弱候选,0.432354,0.478644,1200027822,江西:规模以上工业企业利润总额,年,亿元,当期值,江西省,江西统计局,getEcoDataChinaRegion,1978/12/31,2025/12/31,1,否,,
93,中国:利润总额:规模以上工业企业:当月值,M5207463,801890,盈利,当期值,下游,4,弱候选,0.432354,0.478644,1200025788,福建:规模以上工业企业:利润总额,年,亿元,当期值,福建省,福建省统计局,getEcoDataChinaRegion,1978/12/31,2025/12/31,1,否,,
93,中国:利润总额:规模以上工业企业:当月值,M5207463,801890,盈利,当期值,下游,5,弱候选,0.432354,0.478644,1200023754,安徽:规模以上工业企业利润总额,年,亿元,当期值,安徽省,安徽省统计局,getEcoDataChinaRegion,1978/12/31,2025/12/31,1,否,,
94,中国:出口金额:机床:当月值,S0270271,801890,需求,当期值,下游,1,中等候选,0.70333,0.478072,2080619173,出口金额:机芯:电子:当月值,月,百万瑞士法郎,当期值,瑞士,瑞士钟表工业联合会,getEcoDataIndMachineryequipment,2012/7/31,2026/6/30,1,否,,
94,中国:出口金额:机床:当月值,S0270271,801890,需求,当期值,下游,2,中等候选,0.70333,0.478072,2080619172,出口金额:机芯:机械:当月值,月,百万瑞士法郎,当期值,瑞士,瑞士钟表工业联合会,getEcoDataIndMachineryequipment,2012/7/31,2026/6/30,1,否,,
94,中国:出口金额:机床:当月值,S0270271,801890,需求,当期值,下游,3,中等候选,0.70333,0.478072,2080619171,出口金额:机芯:合计:当月值,月,百万瑞士法郎,当期值,瑞士,瑞士钟表工业联合会,getEcoDataIndMachineryequipment,2012/7/31,2026/6/30,1,否,,
94,中国:出口金额:机床:当月值,S0270271,801890,需求,当期值,下游,4,中等候选,0.63946,0.336478,2080200996,氢:出口金额:当月值,月,美元,当期值,nan,Datayes!,getEcoDataIndMachineryequipment,2011/1/31,2018/2/28,1,否,,
94,中国:出口金额:机床:当月值,S0270271,801890,需求,当期值,下游,5,中等候选,0.63946,0.336478,2080200992,氩:出口金额:当月值,月,美元,当期值,nan,Datayes!,getEcoDataIndMachineryequipment,2011/1/31,2018/2/28,1,否,,
97,中国:存货:专用设备制造业:同比,M5786886,801890,库存,同比,中游,1,中等候选,0.769049,0.71729,1020006641,工业企业:存货:专用设备制造业:累计同比,月,%,累计同比,全国,国家统计局,getEcoDataChina,2012/2/29,2026/6/30,1,否,,
97,中国:存货:专用设备制造业:同比,M5786886,801890,库存,同比,中游,2,中等候选,0.74454,0.71729,1020006767,工业企业:产成品存货:专用设备制造业:累计同比,月,%,累计同比,全国,国家统计局,getEcoDataChina,2001/2/28,2026/6/30,1,否,,
97,中国:存货:专用设备制造业:同比,M5786886,801890,库存,同比,中游,3,中等候选,0.720962,0.511976,2080701213,中捷资源:库存量:专用设备制造业:期末同比,年,%,期末同比,nan,上市公司公告,getEcoDataIndMachineryequipment,2018/12/31,2024/12/31,1,否,,
97,中国:存货:专用设备制造业:同比,M5786886,801890,库存,同比,中游,4,中等候选,0.702295,0.511976,2080709644,赛象科技:库存量:专用设备制造业:期末同比,年,%,期末同比,nan,上市公司公告,getEcoDataIndMachineryequipment,2015/12/31,2025/12/31,1,否,,
97,中国:存货:专用设备制造业:同比,M5786886,801890,库存,同比,中游,5,中等候选,0.702295,0.511976,2080705548,弘宇股份:库存量:专用设备制造业:期末同比,年,%,期末同比,nan,上市公司公告,getEcoDataIndMachineryequipment,2017/12/31,2025/12/31,1,否,,
100,中国:出口价格指数:专用设备制造业:同比,M0045394,801890,价格,同比,下游,1,中等候选,0.58078,0.310171,2080617630,出口价格指数:装载机:同比,月,%,当期同比,全国,中国工程机械工业协会,getEcoDataIndMachineryequipment,2009/1/31,2018/3/31,1,否,,
100,中国:出口价格指数:专用设备制造业:同比,M0045394,801890,价格,同比,下游,2,弱候选,0.576637,0.389208,3010802133,美国:出口价格指数:发电设备:同比,月,%,当期同比,nan,美国劳工部,getEcoDataGlobeUsa,1981/12/31,2023/12/31,1,否,,
100,中国:出口价格指数:专用设备制造业:同比,M0045394,801890,价格,同比,下游,3,弱候选,0.575263,0.310171,2080617627,出口价格指数:电动叉车:同比,月,%,当期同比,全国,中国工程机械工业协会,getEcoDataIndMachineryequipment,2009/1/31,2018/3/31,1,否,,
100,中国:出口价格指数:专用设备制造业:同比,M0045394,801890,价格,同比,下游,4,弱候选,0.575263,0.310171,2080617628,出口价格指数:内燃叉车:同比,月,%,当期同比,全国,中国工程机械工业协会,getEcoDataIndMachineryequipment,2009/1/31,2018/3/31,1,否,,
100,中国:出口价格指数:专用设备制造业:同比,M0045394,801890,价格,同比,下游,5,弱候选,0.575263,0.310171,2080617622,出口价格指数:工程机械:同比,月,%,当期同比,全国,中国工程机械工业协会,getEcoDataIndMachineryequipment,2009/1/31,2018/3/31,1,否,,
101,中国:出口数量指数:专用设备制造业:同比,M0045439,801890,需求,同比,下游,1,中等候选,0.585255,0.433166,1020000283,出口交货值:专用设备制造业:累计同比,月,%,累计同比,全国,国家统计局,getEcoDataChina,2007/2/28,2026/6/30,1,否,,
101,中国:出口数量指数:专用设备制造业:同比,M0045439,801890,需求,同比,下游,2,中等候选,0.585255,0.433166,1020000200,出口交货值:专用设备制造业:当月同比,月,%,当期同比,全国,国家统计局,getEcoDataChina,2007/2/28,2026/6/30,1,否,,
101,中国:出口数量指数:专用设备制造业:同比,M0045439,801890,需求,同比,下游,3,弱候选,0.563807,0.409853,2080701215,中捷资源:销量:专用设备制造业:累计同比,年,%,累计同比,nan,上市公司公告,getEcoDataIndMachineryequipment,2015/12/31,2024/12/31,1,否,,
101,中国:出口数量指数:专用设备制造业:同比,M0045439,801890,需求,同比,下游,4,弱候选,0.563807,0.409853,2080701209,中捷资源:产量:专用设备制造业:累计同比,年,%,累计同比,nan,上市公司公告,getEcoDataIndMachineryequipment,2015/12/31,2024/12/31,1,否,,
101,中国:出口数量指数:专用设备制造业:同比,M0045439,801890,需求,同比,下游,5,弱候选,0.547337,0.409853,2080704409,大连重工:产量:专用设备制造业:累计同比,年,%,累计同比,nan,上市公司公告,getEcoDataIndMachineryequipment,2015/12/31,2025/12/31,1,否,,
104,中国:固定资产投资完成额:全国铁路:当月同比,S6426471,801890,需求,同比,下游,1,中等候选,0.618877,0.443602,1050000034,固定资产投资完成额:当月同比,月,%,当期同比,全国,Datayes!,getEcoDataChina,1993/4/30,2026/6/30,1,否,,
104,中国:固定资产投资完成额:全国铁路:当月同比,S6426471,801890,需求,同比,下游,2,中等候选,0.59016,0.443602,1050000039,固定资产投资完成额:第三产业:当月同比,月,%,当期同比,全国,Datayes!,getEcoDataChina,1993/7/31,2026/6/30,1,否,,
104,中国:固定资产投资完成额:全国铁路:当月同比,S6426471,801890,需求,同比,下游,3,中等候选,0.59016,0.443602,1050000038,固定资产投资完成额:第二产业:当月同比,月,%,当期同比,全国,Datayes!,getEcoDataChina,1994/4/30,2026/6/30,1,否,,
104,中国:固定资产投资完成额:全国铁路:当月同比,S6426471,801890,需求,同比,下游,4,中等候选,0.59016,0.443602,1050000037,固定资产投资完成额:第一产业:当月同比,月,%,当期同比,全国,Datayes!,getEcoDataChina,1993/7/31,2026/6/30,1,否,,
104,中国:固定资产投资完成额:全国铁路:当月同比,S6426471,801890,需求,同比,下游,5,中等候选,0.584138,0.443602,1050007870,城镇固定资产投资完成额:制造业:当月同比,月,%,当期同比,全国,Datayes!,getEcoDataChina,2004/3/31,2026/6/30,1,否,,
108,中国:出口数量:挖掘机:工程机械行业:当月同比,S6001315,801890,需求,同比,下游,1,中等候选,0.587877,0.281344,2080617293,出口金额:工程机械:当月同比,月,%,当期同比,全国,中国工程机械工业协会,getEcoDataIndMachineryequipment,2009/1/31,2024/2/29,1,否,,
108,中国:出口数量:挖掘机:工程机械行业:当月同比,S6001315,801890,需求,同比,下游,2,弱候选,0.577999,0.34047,2087014972,出口数量:其他机械铲、挖掘机及机铲装载机(842959):当月同比,月,%,当期同比,中国,海关总署,getEcoDataIndMachineryequipment,2016/1/31,2026/6/30,1,否,,
108,中国:出口数量:挖掘机:工程机械行业:当月同比,S6001315,801890,需求,同比,下游,3,弱候选,0.575021,0.34047,2087014974,进出口数量:其他机械铲、挖掘机及机铲装载机(842959):当月同比,月,%,当期同比,中国,海关总署,getEcoDataIndMachineryequipment,2016/1/31,2026/6/30,1,否,,
108,中国:出口数量:挖掘机:工程机械行业:当月同比,S6001315,801890,需求,同比,下游,4,弱候选,0.54509,0.307183,2087029708,出口数量:上部360度旋转的其他挖掘机(84295219):当月同比,月,%,当期同比,中国,海关总署,getEcoDataIndMachineryequipment,2016/2/29,2026/6/30,1,否,,
108,中国:出口数量:挖掘机:工程机械行业:当月同比,S6001315,801890,需求,同比,下游,5,弱候选,0.542576,0.307183,2087029710,进出口数量:上部360度旋转的其他挖掘机(84295219):当月同比,月,%,当期同比,中国,海关总署,getEcoDataIndMachineryequipment,2016/2/29,2026/6/30,1,否,,
109,中国:销量:装载机:主要企业:当月同比,S6002168,801890,需求,同比,下游,1,中等候选,0.682601,0.420428,2080111206,销量:装载机:当月同比,月,%,当期同比,全国,中国工程机械工业协会,getEcoDataIndMachineryequipment,2008/1/31,2026/6/30,1,否,,
109,中国:销量:装载机:主要企业:当月同比,S6002168,801890,需求,同比,下游,2,中等候选,0.666447,0.420428,2080111208,销量:装载机:国外:当月同比,月,%,当期同比,全国,中国工程机械工业协会,getEcoDataIndMachineryequipment,2008/1/31,2026/6/30,1,否,,
109,中国:销量:装载机:主要企业:当月同比,S6002168,801890,需求,同比,下游,3,中等候选,0.666447,0.420428,2080111207,销量:装载机:国内:当月同比,月,%,当期同比,全国,中国工程机械工业协会,getEcoDataIndMachineryequipment,2012/1/31,2026/6/30,1,否,,
109,中国:销量:装载机:主要企业:当月同比,S6002168,801890,需求,同比,下游,4,弱候选,0.564865,0.340138,2080110893,产量:装载机:当月同比,月,%,当期同比,全国,中国机经网,getEcoDataIndMachineryequipment,2009/2/28,2020/12/31,1,否,,
109,中国:销量:装载机:主要企业:当月同比,S6002168,801890,需求,同比,下游,5,弱候选,0.551807,0.330408,2080618902,销量:装载机:同比,年,%,当期同比,全国,中国工程机械工业年鉴,getEcoDataIndMachineryequipment,2002/12/31,2022/12/31,1,否,,
111,中国:销量:叉车:主要企业:当月同比,S6002171,801890,需求,同比,下游,1,中等候选,0.648551,0.361521,2080111236,销量:叉车:当月同比,月,%,当期同比,全国,中国工程机械工业协会,getEcoDataIndMachineryequipment,2008/1/31,2026/6/30,1,否,,
111,中国:销量:叉车:主要企业:当月同比,S6002171,801890,需求,同比,下游,2,中等候选,0.631582,0.361521,2080111237,销量:叉车:国内:当月同比,月,%,当期同比,全国,中国工程机械工业协会,getEcoDataIndMachineryequipment,2012/7/31,2026/6/30,1,否,,
111,中国:销量:叉车:主要企业:当月同比,S6002171,801890,需求,同比,下游,3,中等候选,0.631582,0.361521,2080111238,销量:叉车:国外:当月同比,月,%,当期同比,全国,中国工程机械工业协会,getEcoDataIndMachineryequipment,2012/1/31,2026/6/30,1,否,,
111,中国:销量:叉车:主要企业:当月同比,S6002171,801890,需求,同比,下游,4,中等候选,0.617223,0.361521,2080111155,日本:销量:叉车:合计:当月同比,月,%,当期同比,日本,日本工业车辆协会,getEcoDataIndMachineryequipment,1990/1/31,2026/6/30,1,否,,
111,中国:销量:叉车:主要企业:当月同比,S6002171,801890,需求,同比,下游,5,中等候选,0.610841,0.361521,2080111158,日本:销量:叉车:柴油式:当月同比,月,%,当期同比,日本,日本工业车辆协会,getEcoDataIndMachineryequipment,1990/1/31,2026/6/30,1,否,,
112,日本:订单金额:机械设备:工业机械:工业机器人:当月值,W7830855,801890,需求,当期值,下游,1,弱候选,0.519565,0.255575,2087011252,进口金额(美元):未列名工业机器人(847950):当月值,月,美元,当期值,中国,海关总署,getEcoDataIndMachineryequipment,2015/1/31,2026/6/30,1,否,,
112,日本:订单金额:机械设备:工业机械:工业机器人:当月值,W7830855,801890,需求,当期值,下游,2,弱候选,0.519565,0.255575,2087011251,出口金额(美元):未列名工业机器人(847950):当月值,月,美元,当期值,中国,海关总署,getEcoDataIndMachineryequipment,2015/1/31,2026/6/30,1,否,,
112,日本:订单金额:机械设备:工业机械:工业机器人:当月值,W7830855,801890,需求,当期值,下游,3,弱候选,0.516859,0.255575,2087011253,进出口金额(美元):未列名工业机器人(847950):当月值,月,美元,当期值,中国,海关总署,getEcoDataIndMachineryequipment,2015/1/31,2026/6/30,1,否,,
112,日本:订单金额:机械设备:工业机械:工业机器人:当月值,W7830855,801890,需求,当期值,下游,4,弱候选,0.514269,0.255575,2087036991,进口金额(美元):未列名工业机器人(84795090):当月值,月,美元,当期值,中国,海关总署,getEcoDataIndMachineryequipment,2015/1/31,2026/6/30,1,否,,
112,日本:订单金额:机械设备:工业机械:工业机器人:当月值,W7830855,801890,需求,当期值,下游,5,弱候选,0.514269,0.255575,2087036990,出口金额(美元):未列名工业机器人(84795090):当月值,月,美元,当期值,中国,海关总署,getEcoDataIndMachineryequipment,2015/1/31,2026/6/30,1,否,,
115,中国:产量:服务机器人:当月同比,F8591283,801890,产量,同比,中游,1,中等候选,0.630959,0.480763,1020008750,产量:工业机器人:当月同比,月,%,当期同比,全国,国家统计局,getEcoDataChina,2016/3/31,2026/6/30,1,否,,
115,中国:产量:服务机器人:当月同比,F8591283,801890,产量,同比,中游,2,弱候选,0.543316,0.173722,2080110909,产量:风机:当月同比,月,%,当期同比,全国,中国机经网,getEcoDataIndMachineryequipment,2003/11/30,2020/12/31,1,否,,
115,中国:产量:服务机器人:当月同比,F8591283,801890,产量,同比,中游,3,弱候选,0.534831,0.173722,2080110949,产量:互感器:当月同比,月,%,当期同比,全国,中国机经网,getEcoDataIndMachineryequipment,2009/2/28,2020/12/31,1,否,,
115,中国:产量:服务机器人:当月同比,F8591283,801890,产量,同比,中游,4,弱候选,0.534831,0.173722,2080110930,产量:减速机:当月同比,月,%,当期同比,全国,中国机经网,getEcoDataIndMachineryequipment,2003/11/30,2020/12/31,1,否,,
115,中国:产量:服务机器人:当月同比,F8591283,801890,产量,同比,中游,5,弱候选,0.534831,0.173722,2080110911,产量:鼓风机:当月同比,月,%,当期同比,全国,中国机经网,getEcoDataIndMachineryequipment,2009/2/28,2020/12/31,1,否,,
116,中国:中央本级一般公共预算支出:国防,M0065417,801740,需求,当期值,下游,1,弱候选,0.450323,0.599433,1060008211,工业和信息化部:预算支出:一般公共预算:项目支出:国防,年,万元,当期值,全国,工信部,getEcoDataChina,2011/12/31,2026/12/31,1,否,,
116,中国:中央本级一般公共预算支出:国防,M0065417,801740,需求,当期值,下游,2,弱候选,0.408181,0.389747,1060013427,中央本级公共财政支出:国防,年,亿元,当期值,全国,财政部,getEcoDataChina,2008/12/31,2025/12/31,1,否,,
116,中国:中央本级一般公共预算支出:国防,M0065417,801740,需求,当期值,下游,3,弱候选,0.397257,0.500783,1060039697,中国气象局:决算支出:一般公共预算财政拨款支出:外交支出:国际组织,年,万元,当期值,全国,中国气象局,getEcoDataChina,2011/12/31,2024/12/31,1,否,,
116,中国:中央本级一般公共预算支出:国防,M0065417,801740,需求,当期值,下游,4,弱候选,0.396455,0.492458,1202501472,上海:一般公共预算支出:市本级:累计值,季,亿元,累计值,上海市,上海财政局,getEcoDataChinaRegion,2018/3/31,2026/3/31,1,否,,
116,中国:中央本级一般公共预算支出:国防,M0065417,801740,需求,当期值,下游,5,弱候选,0.394281,0.500783,1060039199,中国红十字会:决算支出:一般公共预算财政拨款支出:外交支出:国际组织,年,万元,当期值,全国,中国红十字会,getEcoDataChina,2015/12/31,2024/12/31,1,否,,
118,中国:出口金额:航空器、航天器及其零件(HS88章):当月值,M0053738,801740,需求,当期值,下游,1,中等候选,0.777032,0.565081,2087005761,出口金额(美元):航空器、航天器及其零件(88):当月值,月,美元,当期值,中国,海关总署,getEcoDataIndMachineryequipment,2015/1/31,2026/6/30,1,否,,
118,中国:出口金额:航空器、航天器及其零件(HS88章):当月值,M0053738,801740,需求,当期值,下游,2,中等候选,0.771892,0.565081,2087005763,进出口金额(美元):航空器、航天器及其零件(88):当月值,月,美元,当期值,中国,海关总署,getEcoDataIndMachineryequipment,2015/1/31,2026/6/30,1,否,,
118,中国:出口金额:航空器、航天器及其零件(HS88章):当月值,M0053738,801740,需求,当期值,下游,3,中等候选,0.69342,0.493092,2087020683,出口金额(美元):航空器、航天器及其运载工具的未列名零件(880390):当月值,月,美元,当期值,中国,海关总署,getEcoDataIndMachineryequipment,2015/1/31,2021/12/31,1,否,,
118,中国:出口金额:航空器、航天器及其零件(HS88章):当月值,M0053738,801740,需求,当期值,下游,4,中等候选,0.690201,0.493092,2087020685,进出口金额(美元):航空器、航天器及其运载工具的未列名零件(880390):当月值,月,美元,当期值,中国,海关总署,getEcoDataIndMachineryequipment,2015/1/31,2021/12/31,1,否,,
118,中国:出口金额:航空器、航天器及其零件(HS88章):当月值,M0053738,801740,需求,当期值,下游,5,中等候选,0.648532,0.426471,2087020690,出口数量:航空器、航天器及其运载工具的未列名零件(880390):当月值,月,千克,当期值,中国,海关总署,getEcoDataIndMachineryequipment,2015/1/31,2021/12/31,1,否,,
119,中国:新接船舶订单量:累计值,S6000031,801740,需求,累计值,下游,1,中等候选,0.5851,0.415569,2160029362,全国造船新订单量:累计值,月,万载重吨,累计值,nan,中国船舶工业行业协会,getEcoDataIndTraffictransport,2013/12/31,2026/3/31,1,否,,
119,中国:新接船舶订单量:累计值,S6000031,801740,需求,累计值,下游,2,弱候选,0.576984,0.415569,2160029363,全国造船手持订单量:累计值,月,万载重吨,累计值,nan,中国船舶工业行业协会,getEcoDataIndTraffictransport,2013/12/31,2026/3/31,1,否,,
119,中国:新接船舶订单量:累计值,S6000031,801740,需求,累计值,下游,3,弱候选,0.538433,0.179219,2080701807,中国中车:新签订单金额:累计值,年,万元,累计值,nan,上市公司公告,getEcoDataIndMachineryequipment,2015/12/31,2019/12/31,1,否,,
119,中国:新接船舶订单量:累计值,S6000031,801740,需求,累计值,下游,4,弱候选,0.524981,0.262829,2080710275,*ST金灵:节能环保工程:新增订单数量:累计值,半年,个,累计值,nan,上市公司公告,getEcoDataIndMachineryequipment,2017/12/31,2025/6/30,1,否,,
119,中国:新接船舶订单量:累计值,S6000031,801740,需求,累计值,下游,5,弱候选,0.524981,0.262829,2080702184,南方泵业:节能环保工程:新签订单数量:累计值,半年,个,累计值,nan,上市公司公告,getEcoDataIndMachineryequipment,2017/12/31,2023/6/30,1,否,,
120,中国:手持船舶订单量:累计值,S6000033,801740,需求,累计值,中游,1,中等候选,0.622736,0.463269,2160029363,全国造船手持订单量:累计值,月,万载重吨,累计值,nan,中国船舶工业行业协会,getEcoDataIndTraffictransport,2013/12/31,2026/3/31,1,否,,
120,中国:手持船舶订单量:累计值,S6000033,801740,需求,累计值,中游,2,中等候选,0.582175,0.409346,2160029362,全国造船新订单量:累计值,月,万载重吨,累计值,nan,中国船舶工业行业协会,getEcoDataIndTraffictransport,2013/12/31,2026/3/31,1,否,,
120,中国:手持船舶订单量:累计值,S6000033,801740,需求,累计值,中游,3,弱候选,0.538386,0.31817,2160029354,全国造船手持订单量:出口:累计值,月,万载重吨,累计值,nan,中国船舶工业行业协会,getEcoDataIndTraffictransport,2013/12/31,2023/12/31,1,否,,
120,中国:手持船舶订单量:累计值,S6000033,801740,需求,累计值,中游,4,弱候选,0.514771,0.176535,2080701807,中国中车:新签订单金额:累计值,年,万元,累计值,nan,上市公司公告,getEcoDataIndMachineryequipment,2015/12/31,2019/12/31,1,否,,
120,中国:手持船舶订单量:累计值,S6000033,801740,需求,累计值,中游,5,弱候选,0.505067,0.258894,2080710275,*ST金灵:节能环保工程:新增订单数量:累计值,半年,个,累计值,nan,上市公司公告,getEcoDataIndMachineryequipment,2017/12/31,2025/6/30,1,否,,
122,"秦皇岛港:平仓价:动力末煤(Q5500,山西产)",S5101377,801160,价格,原始值,上游,1,弱候选,0.479116,0.622233,2020000052,[停]平仓价:动力煤(Q5500):秦皇岛港:山西优混煤,日,元/吨,当期值,nan,我的钢铁网,getEcoDataIndEnergy,2006/1/1,2022/5/9,0,否,,
122,"秦皇岛港:平仓价:动力末煤(Q5500,山西产)",S5101377,801160,价格,原始值,上游,2,弱候选,0.466476,0.449429,2020657630,现货交易平仓价:CCTD秦皇岛动力煤(Q5500),周,元/吨,当期值,全国,Datayes!,getEcoDataIndEnergy,2018/3/26,2026/8/7,1,否,,
122,"秦皇岛港:平仓价:动力末煤(Q5500,山西产)",S5101377,801160,价格,原始值,上游,3,弱候选,0.433207,0.362252,2020657634,年度长协价:CCTD秦皇岛动力煤(Q5500),月,元/吨,当期值,全国,Datayes!,getEcoDataIndEnergy,2017/1/31,2026/8/31,1,否,,
122,"秦皇岛港:平仓价:动力末煤(Q5500,山西产)",S5101377,801160,价格,原始值,上游,4,弱候选,0.433207,0.362252,2020657629,综合交易价:CCTD秦皇岛动力煤(Q5500),周,元/吨,当期值,全国,Datayes!,getEcoDataIndEnergy,1994/7/4,2026/8/7,1,否,,
122,"秦皇岛港:平仓价:动力末煤(Q5500,山西产)",S5101377,801160,价格,原始值,上游,5,弱候选,0.411844,0.362252,2020657631,现货交易平仓价:CCTD秦皇岛动力煤(Q5000),周,元/吨,当期值,全国,Datayes!,getEcoDataIndEnergy,2018/3/26,2026/8/7,1,否,,
124,欧盟27国(不含英国):HICP(调和CPI):住房、水、电、煤气和其他燃料:电、煤气和其他燃料:煤气,G0913390,801160,价格,指数,下游,1,弱候选,0.428934,0.46912,3020519032,欧盟27国:HICP:住房、水、电、气和其他燃料,年,2025年=100,当期值,欧盟27国,欧盟统计局,getEcoDataGlobeEu,2000/12/31,2025/12/31,1,否,,
124,欧盟27国(不含英国):HICP(调和CPI):住房、水、电、煤气和其他燃料:电、煤气和其他燃料:煤气,G0913390,801160,价格,指数,下游,2,弱候选,0.428934,0.46912,3020517164,欧盟27国:HICP:住房、水、电、气和其他燃料,月,2025年=100,当期值,欧盟27国,欧盟统计局,getEcoDataGlobeEu,1999/12/31,2026/6/30,1,否,,
124,欧盟27国(不含英国):HICP(调和CPI):住房、水、电、煤气和其他燃料:电、煤气和其他燃料:煤气,G0913390,801160,价格,指数,下游,3,弱候选,0.42282,0.46912,3020519499,欧盟27国:HICP:住房、水、电、气和其他燃料:同比,年,%,当期同比,欧盟27国,欧盟统计局,getEcoDataGlobeEu,2001/12/31,2025/12/31,1,否,,
124,欧盟27国(不含英国):HICP(调和CPI):住房、水、电、煤气和其他燃料:电、煤气和其他燃料:煤气,G0913390,801160,价格,指数,下游,4,弱候选,0.42282,0.46912,3020518098,欧盟27国:HICP:住房、水、电、气和其他燃料:同比,月,%,当期同比,欧盟27国,欧盟统计局,getEcoDataGlobeEu,2000/12/31,2026/6/30,1,否,,
124,欧盟27国(不含英国):HICP(调和CPI):住房、水、电、煤气和其他燃料:电、煤气和其他燃料:煤气,G0913390,801160,价格,指数,下游,5,弱候选,0.42282,0.46912,3020517631,欧盟27国:HICP:住房、水、电、气和其他燃料:环比,月,%,当期环比,欧盟27国,欧盟统计局,getEcoDataGlobeEu,2000/1/31,2026/6/30,1,否,,
127,中国:快递业务平均单价,S6500745,801170,价格,当期值,中游,1,弱候选,0.401124,0.31232,2160606355,快递:业务量,年,亿件,当期值,全国,国家邮政局,getEcoDataIndTraffictransport,1988/12/31,2025/12/31,1,否,,
127,中国:快递业务平均单价,S6500745,801170,价格,当期值,中游,2,弱候选,0.393212,0.327261,2160029077,中国快递发展指数:发展规模:业务量,月,亿件,当期值,全国,国家邮政局,getEcoDataIndTraffictransport,2015/3/31,2021/2/28,1,否,,
127,中国:快递业务平均单价,S6500745,801170,价格,当期值,中游,3,弱候选,0.39179,0.31232,2160606356,快递:业务收入,年,亿元,当期值,全国,国家邮政局,getEcoDataIndTraffictransport,2006/12/31,2025/12/31,1,否,,
127,中国:快递业务平均单价,S6500745,801170,价格,当期值,中游,4,弱候选,0.388043,0.327261,2160029078,中国快递发展指数:发展规模:业务收入,月,亿元,当期值,全国,国家邮政局,getEcoDataIndTraffictransport,2015/3/31,2021/2/28,1,否,,
127,中国:快递业务平均单价,S6500745,801170,价格,当期值,中游,5,弱候选,0.383555,0.31232,2160606382,快递:业务量:西部,年,亿件,当期值,西部,国家邮政局,getEcoDataIndTraffictransport,2008/12/31,2025/12/31,1,否,,
131,中国:民航货邮运输量:当月同比,S0036037,801170,运输/流通,同比,下游,1,强候选,0.785297,0.627474,2160702614,春秋航空:货邮运输量:当月同比,月,%,当期同比,nan,上市公司公告,getEcoDataIndTraffictransport,2016/2/29,2026/5/31,1,否,,
131,中国:民航货邮运输量:当月同比,S0036037,801170,运输/流通,同比,下游,2,强候选,0.785297,0.627474,2160028947,吉祥航空:货邮运输量:当月同比,月,%,当期同比,全国,上市公司公告,getEcoDataIndTraffictransport,2015/6/30,2026/6/30,1,否,,
131,中国:民航货邮运输量:当月同比,S0036037,801170,运输/流通,同比,下游,3,中等候选,0.700192,0.479132,2160702609,春秋航空:货邮运输量:地区:当月同比,月,%,当期同比,nan,上市公司公告,getEcoDataIndTraffictransport,2016/2/29,2026/5/31,1,否,,
131,中国:民航货邮运输量:当月同比,S0036037,801170,运输/流通,同比,下游,4,中等候选,0.700192,0.479132,2160702604,春秋航空:货邮运输量:国际:当月同比,月,%,当期同比,nan,上市公司公告,getEcoDataIndTraffictransport,2016/2/29,2026/5/31,1,否,,
131,中国:民航货邮运输量:当月同比,S0036037,801170,运输/流通,同比,下游,5,中等候选,0.700192,0.479132,2160702599,春秋航空:货邮运输量:国内:当月同比,月,%,当期同比,nan,上市公司公告,getEcoDataIndTraffictransport,2016/2/29,2026/5/31,1,否,,
140,南方航空:可用座公里:国内:当月值,S0044858,801170,产量,当期值,中游,1,强候选,0.826841,0.657818,2160001723,南方航空:可用客公里:国内航线:当月值,月,百万客公里,当期值,nan,上市公司公告,getEcoDataIndTraffictransport,2001/6/30,2026/6/30,1,否,,
140,南方航空:可用座公里:国内:当月值,S0044858,801170,产量,当期值,中游,2,强候选,0.826841,0.657818,2160001727,南方航空:可用吨公里:国内航线:当月值,月,百万吨公里,当期值,nan,上市公司公告,getEcoDataIndTraffictransport,2001/6/30,2026/6/30,1,否,,
140,南方航空:可用座公里:国内:当月值,S0044858,801170,产量,当期值,中游,3,强候选,0.811674,0.657818,2160001731,南方航空:可用货邮吨公里:国内航线:当月值,月,百万吨公里,当期值,nan,上市公司公告,getEcoDataIndTraffictransport,2003/7/31,2026/6/30,1,否,,
140,南方航空:可用座公里:国内:当月值,S0044858,801170,产量,当期值,中游,4,强候选,0.781047,0.60861,2160702437,春秋航空:可用吨公里:国内:当月值,月,万吨公里,当期值,nan,上市公司公告,getEcoDataIndTraffictransport,2016/1/31,2026/5/31,1,否,,
140,南方航空:可用座公里:国内:当月值,S0044858,801170,产量,当期值,中游,5,强候选,0.781047,0.60861,2160028876,吉祥航空:可用吨公里:国内:当月值,月,万吨公里,当期值,全国,上市公司公告,getEcoDataIndTraffictransport,2015/6/30,2026/6/30,1,否,,
141,东方航空:可用座公里:国内:当月值,S0048023,801170,产量,当期值,中游,1,强候选,0.781047,0.60861,2160702437,春秋航空:可用吨公里:国内:当月值,月,万吨公里,当期值,nan,上市公司公告,getEcoDataIndTraffictransport,2016/1/31,2026/5/31,1,否,,
141,东方航空:可用座公里:国内:当月值,S0048023,801170,产量,当期值,中游,2,强候选,0.781047,0.60861,2160028876,吉祥航空:可用吨公里:国内:当月值,月,万吨公里,当期值,全国,上市公司公告,getEcoDataIndTraffictransport,2015/6/30,2026/6/30,1,否,,
141,东方航空:可用座公里:国内:当月值,S0048023,801170,产量,当期值,中游,3,强候选,0.781047,0.60861,2160702457,春秋航空:可用客公里:国内:当月值,月,万人公里,当期值,nan,上市公司公告,getEcoDataIndTraffictransport,2016/1/31,2026/5/31,1,否,,
141,东方航空:可用座公里:国内:当月值,S0048023,801170,产量,当期值,中游,4,强候选,0.781047,0.60861,2160028880,吉祥航空:可用客公里:国内:当月值,月,万人公里,当期值,全国,上市公司公告,getEcoDataIndTraffictransport,2015/6/30,2026/6/30,1,否,,
141,东方航空:可用座公里:国内:当月值,S0048023,801170,产量,当期值,中游,5,中等候选,0.76638,0.60861,2160702477,春秋航空:可用货邮吨公里:国内:当月值,月,万吨公里,当期值,nan,上市公司公告,getEcoDataIndTraffictransport,2016/1/31,2026/5/31,1,否,,
145,波罗的海干散货指数(BDI),S0031550,801170,运输/流通,指数,中游,1,中等候选,0.586783,0.566806,2160000004,波罗的海运价指数:干散货(BDI),日,nan,当期值,nan,波罗的海航运交易所,getEcoDataIndTraffictransport,1988/10/19,2026/8/7,1,否,,
145,波罗的海干散货指数(BDI),S0031550,801170,运输/流通,指数,中游,2,弱候选,0.452203,0.32629,2160000009,波罗的海运价指数:原油(BDTI),日,nan,当期值,nan,波罗的海航运交易所,getEcoDataIndTraffictransport,2001/12/27,2026/8/7,1,否,,
145,波罗的海干散货指数(BDI),S0031550,801170,运输/流通,指数,中游,3,弱候选,0.409122,0.280456,2160000006,波罗的海运价指数:海岬型(BCI),日,nan,当期值,nan,波罗的海航运交易所,getEcoDataIndTraffictransport,1999/3/2,2026/8/7,1,否,,
145,波罗的海干散货指数(BDI),S0031550,801170,运输/流通,指数,中游,4,弱候选,0.40274,0.280456,2160000010,波罗的海运价指数:成品油(BCTI),日,nan,当期值,nan,波罗的海航运交易所,getEcoDataIndTraffictransport,2001/12/27,2026/8/7,1,否,,
145,波罗的海干散货指数(BDI),S0031550,801170,运输/流通,指数,中游,5,弱候选,0.40274,0.280456,2160000007,波罗的海运价指数:轻便型(BHSI),日,nan,当期值,nan,波罗的海航运交易所,getEcoDataIndTraffictransport,2006/10/25,2026/8/7,1,否,,
147,光伏行业综合价格指数(SPI):组件,S5125928,801730,价格,指数,中游,1,中等候选,0.667703,0.590858,2020656319,[停]光伏产品价格指数(SPI):组件,周,nan,当期值,全国,Datayes!,getEcoDataIndEnergy,2014/5/30,2018/6/1,0,否,,
147,光伏行业综合价格指数(SPI):组件,S5125928,801730,价格,指数,中游,2,中等候选,0.666022,0.448982,2020656318,光伏产品价格指数(SPI):综合,周,nan,当期值,全国,Datayes!,getEcoDataIndEnergy,2014/4/4,2026/8/3,1,否,,
147,光伏行业综合价格指数(SPI):组件,S5125928,801730,价格,指数,中游,3,弱候选,0.576301,0.414116,2040000215,钢材综合价格指数(CSPI),周,1994年4月=100,当期值,nan,中国钢铁工业协会,getEcoDataIndSteel,2003/11/28,2026/8/7,1,否,,
147,光伏行业综合价格指数(SPI):组件,S5125928,801730,价格,指数,中游,4,弱候选,0.557634,0.414116,2040000220,钢材综合价格指数(CSPI):角钢:5#,周,1994年4月=100,当期值,nan,中国钢铁工业协会,getEcoDataIndSteel,2010/9/30,2026/8/7,1,否,,
147,光伏行业综合价格指数(SPI):组件,S5125928,801730,价格,指数,中游,5,弱候选,0.552215,0.414116,2040000234,钢材综合价格指数(CSPI):普线:Φ6.5,周,1994年4月=100,当期值,nan,中国钢铁工业协会,getEcoDataIndSteel,2003/11/28,2010/9/24,1,否,,
148,光伏行业综合价格指数(SPI):电池片,S5125929,801730,价格,指数,中游,1,中等候选,0.686907,0.623207,2020656320,[停]光伏产品价格指数(SPI):电池片,周,nan,当期值,全国,Datayes!,getEcoDataIndEnergy,2014/5/30,2018/6/1,0,否,,
148,光伏行业综合价格指数(SPI):电池片,S5125929,801730,价格,指数,中游,2,中等候选,0.643131,0.413484,2020656318,光伏产品价格指数(SPI):综合,周,nan,当期值,全国,Datayes!,getEcoDataIndEnergy,2014/4/4,2026/8/3,1,否,,
148,光伏行业综合价格指数(SPI):电池片,S5125929,801730,价格,指数,中游,3,弱候选,0.554246,0.381374,2040000215,钢材综合价格指数(CSPI),周,1994年4月=100,当期值,nan,中国钢铁工业协会,getEcoDataIndSteel,2003/11/28,2026/8/7,1,否,,
148,光伏行业综合价格指数(SPI):电池片,S5125929,801730,价格,指数,中游,4,弱候选,0.541837,0.380285,2020656321,[停]光伏产品价格指数(SPI):硅片,周,nan,当期值,全国,Datayes!,getEcoDataIndEnergy,2014/5/30,2018/6/1,0,否,,
148,光伏行业综合价格指数(SPI):电池片,S5125929,801730,价格,指数,中游,5,弱候选,0.536827,0.381374,2040000220,钢材综合价格指数(CSPI):角钢:5#,周,1994年4月=100,当期值,nan,中国钢铁工业协会,getEcoDataIndSteel,2010/9/30,2026/8/7,1,否,,
149,光伏行业综合价格指数(SPI):硅片,S5125930,801730,价格,指数,中游,1,中等候选,0.667703,0.590858,2020656321,[停]光伏产品价格指数(SPI):硅片,周,nan,当期值,全国,Datayes!,getEcoDataIndEnergy,2014/5/30,2018/6/1,0,否,,
149,光伏行业综合价格指数(SPI):硅片,S5125930,801730,价格,指数,中游,2,中等候选,0.666022,0.448982,2020656318,光伏产品价格指数(SPI):综合,周,nan,当期值,全国,Datayes!,getEcoDataIndEnergy,2014/4/4,2026/8/3,1,否,,
149,光伏行业综合价格指数(SPI):硅片,S5125930,801730,价格,指数,中游,3,弱候选,0.576301,0.414116,2040000215,钢材综合价格指数(CSPI),周,1994年4月=100,当期值,nan,中国钢铁工业协会,getEcoDataIndSteel,2003/11/28,2026/8/7,1,否,,
149,光伏行业综合价格指数(SPI):硅片,S5125930,801730,价格,指数,中游,4,弱候选,0.557634,0.414116,2040000220,钢材综合价格指数(CSPI):角钢:5#,周,1994年4月=100,当期值,nan,中国钢铁工业协会,getEcoDataIndSteel,2010/9/30,2026/8/7,1,否,,
149,光伏行业综合价格指数(SPI):硅片,S5125930,801730,价格,指数,中游,5,弱候选,0.557182,0.412933,2020656322,[停]光伏产品价格指数(SPI):多晶硅,周,nan,当期值,全国,Datayes!,getEcoDataIndEnergy,2014/5/30,2018/6/1,0,否,,
150,光伏行业综合价格指数(SPI):多晶硅,S5125931,801730,价格,指数,上游,1,中等候选,0.687413,0.624283,2020656322,[停]光伏产品价格指数(SPI):多晶硅,周,nan,当期值,全国,Datayes!,getEcoDataIndEnergy,2014/5/30,2018/6/1,0,否,,
150,光伏行业综合价格指数(SPI):多晶硅,S5125931,801730,价格,指数,上游,2,中等候选,0.642575,0.412303,2020656318,光伏产品价格指数(SPI):综合,周,nan,当期值,全国,Datayes!,getEcoDataIndEnergy,2014/4/4,2026/8/3,1,否,,
150,光伏行业综合价格指数(SPI):多晶硅,S5125931,801730,价格,指数,上游,3,弱候选,0.553734,0.380285,2040000215,钢材综合价格指数(CSPI),周,1994年4月=100,当期值,nan,中国钢铁工业协会,getEcoDataIndSteel,2003/11/28,2026/8/7,1,否,,
150,光伏行业综合价格指数(SPI):多晶硅,S5125931,801730,价格,指数,上游,4,弱候选,0.541327,0.379198,2020656321,[停]光伏产品价格指数(SPI):硅片,周,nan,当期值,全国,Datayes!,getEcoDataIndEnergy,2014/5/30,2018/6/1,0,否,,
150,光伏行业综合价格指数(SPI):多晶硅,S5125931,801730,价格,指数,上游,5,弱候选,0.536314,0.380285,2040000220,钢材综合价格指数(CSPI):角钢:5#,周,1994年4月=100,当期值,nan,中国钢铁工业协会,getEcoDataIndSteel,2010/9/30,2026/8/7,1,否,,
151,中国:发电装机容量:光伏:累计值,C7916637,801730,产量,累计值,下游,1,中等候选,0.65045,0.386392,2020657645,发电设备装机容量:风电:累计值,月,万千瓦,累计值,全国,中国电力企业联合会,getEcoDataIndEnergy,2008/12/31,2026/6/30,1,否,,
151,中国:发电装机容量:光伏:累计值,C7916637,801730,产量,累计值,下游,2,中等候选,0.65045,0.386392,2020657644,发电设备装机容量:水电:累计值,月,万千瓦,累计值,全国,中国电力企业联合会,getEcoDataIndEnergy,2008/12/31,2026/6/30,1,否,,
151,中国:发电装机容量:光伏:累计值,C7916637,801730,产量,累计值,下游,3,中等候选,0.65045,0.386392,2020105036,发电设备装机容量:核电:累计值,月,万千瓦,累计值,全国,中国电力企业联合会,getEcoDataIndEnergy,2008/12/31,2026/6/30,1,否,,
151,中国:发电装机容量:光伏:累计值,C7916637,801730,产量,累计值,下游,4,中等候选,0.65045,0.386392,2020105035,发电设备装机容量:火电:累计值,月,万千瓦,累计值,全国,中国电力企业联合会,getEcoDataIndEnergy,2008/12/31,2026/6/30,1,否,,
151,中国:发电装机容量:光伏:累计值,C7916637,801730,产量,累计值,下游,5,中等候选,0.630397,0.386392,2020105037,发电设备装机容量:太阳能发电:累计值,月,万千瓦,累计值,全国,中国电力企业联合会,getEcoDataIndEnergy,2009/12/31,2026/6/30,1,否,,
152,中国:发电装机容量:光伏:累计同比,N7394634,801730,产量,同比,下游,1,中等候选,0.643907,0.418297,2020766483,并网容量:光伏发电:累计同比,季,%,累计同比,全国,国家能源局,getEcoDataIndEnergy,2014/12/31,2026/3/31,1,否,,
152,中国:发电装机容量:光伏:累计同比,N7394634,801730,产量,同比,下游,2,中等候选,0.6316,0.418297,2020766482,新增并网容量:光伏发电:累计同比,季,%,累计同比,全国,国家能源局,getEcoDataIndEnergy,2015/12/31,2026/3/31,1,否,,
152,中国:发电装机容量:光伏:累计同比,N7394634,801730,产量,同比,下游,3,中等候选,0.624664,0.423179,2030730142,ST亿利:销量:光伏:累计同比,年,%,累计同比,nan,上市公司公告,getEcoDataIndChemical,2018/12/31,2023/12/31,1,否,,
152,中国:发电装机容量:光伏:累计同比,N7394634,801730,产量,同比,下游,4,中等候选,0.624664,0.423179,2030730055,ST亿利:产量:光伏:累计同比,年,%,累计同比,nan,上市公司公告,getEcoDataIndChemical,2018/12/31,2023/12/31,1,否,,
152,中国:发电装机容量:光伏:累计同比,N7394634,801730,产量,同比,下游,5,中等候选,0.611249,0.374997,2020766481,新增并网容量:光伏电站:累计同比,季,%,累计同比,全国,国家能源局,getEcoDataIndEnergy,2015/12/31,2026/3/31,1,否,,
154,中国:发电装机容量:累计同比,S5151670,801730,产量,同比,下游,1,中等候选,0.674125,0.583244,2020642081,发电装机容量:福建:合计:同比,年,%,当期同比,全国,中国电力年鉴,getEcoDataIndEnergy,2005/12/31,2022/12/31,1,否,,
154,中国:发电装机容量:累计同比,S5151670,801730,产量,同比,下游,2,中等候选,0.674125,0.583244,2020642074,发电装机容量:安徽:合计:同比,年,%,当期同比,全国,中国电力年鉴,getEcoDataIndEnergy,2005/12/31,2022/12/31,1,否,,
154,中国:发电装机容量:累计同比,S5151670,801730,产量,同比,下游,3,中等候选,0.674125,0.583244,2020642067,发电装机容量:浙江:合计:同比,年,%,当期同比,全国,中国电力年鉴,getEcoDataIndEnergy,2005/12/31,2022/12/31,1,否,,
154,中国:发电装机容量:累计同比,S5151670,801730,产量,同比,下游,4,中等候选,0.674125,0.583244,2020642060,发电装机容量:江苏:合计:同比,年,%,当期同比,全国,中国电力年鉴,getEcoDataIndEnergy,2005/12/31,2022/12/31,1,否,,
154,中国:发电装机容量:累计同比,S5151670,801730,产量,同比,下游,5,中等候选,0.674125,0.583244,2020642053,发电装机容量:上海:合计:同比,年,%,当期同比,全国,中国电力年鉴,getEcoDataIndEnergy,2005/12/31,2022/12/31,1,否,,
155,"中国:价格:碳酸锂(99.5%电,国产)",S5811336,801730,价格,原始值,上游,1,弱候选,0.45325,0.313814,2030019785,[停]价格:正极材料:碳酸锂:电池级(99.5%min):新疆,日,元/吨,当期值,新疆维吾尔自治区,Datayes!,getEcoDataIndChemical,2018/3/14,2022/1/29,0,否,,
155,"中国:价格:碳酸锂(99.5%电,国产)",S5811336,801730,价格,原始值,上游,2,弱候选,0.45325,0.313814,2030019784,[停]价格:正极材料:碳酸锂:电池级(99.5%min):四川,日,元/吨,当期值,四川省,Datayes!,getEcoDataIndChemical,2018/3/14,2022/1/29,0,否,,
155,"中国:价格:碳酸锂(99.5%电,国产)",S5811336,801730,价格,原始值,上游,3,弱候选,0.45325,0.313814,2030019783,[停]价格:正极材料:碳酸锂:电池级(99.5%min):江西,日,元/吨,当期值,江西省,Datayes!,getEcoDataIndChemical,2018/3/14,2022/1/29,0,否,,
155,"中国:价格:碳酸锂(99.5%电,国产)",S5811336,801730,价格,原始值,上游,4,弱候选,0.45325,0.313814,2030019782,[停]价格:正极材料:碳酸锂:电池级(99.5%min):江苏,日,元/吨,当期值,江苏省,Datayes!,getEcoDataIndChemical,2018/3/14,2022/1/29,0,否,,
155,"中国:价格:碳酸锂(99.5%电,国产)",S5811336,801730,价格,原始值,上游,5,弱候选,0.394013,0.215986,2030019789,[停]价格:正极材料:碳酸锂:工业级(99%min):新疆,日,元/吨,当期值,新疆维吾尔自治区,Datayes!,getEcoDataIndChemical,2018/3/14,2022/1/29,0,否,,
157,中国:市场价(高端价):负极材料:天然石墨,S9980009,801730,价格,原始值,中游,1,弱候选,0.474003,0.58573,2030726142,[停]市场价:最高价:负极材料:天然石墨:国产高端,日,万元/吨,当期值,全国,中国化学与物理电源行业协会,getEcoDataIndChemical,2019/4/25,2022/2/17,0,否,,
157,中国:市场价(高端价):负极材料:天然石墨,S9980009,801730,价格,原始值,中游,2,弱候选,0.474003,0.58573,2030726128,[停]市场价:最低价:负极材料:天然石墨:国产高端,日,万元/吨,当期值,全国,中国化学与物理电源行业协会,getEcoDataIndChemical,2019/4/25,2022/2/17,0,否,,
157,中国:市场价(高端价):负极材料:天然石墨,S9980009,801730,价格,原始值,中游,3,弱候选,0.454774,0.544817,2030726144,[停]市场价:最高价:负极材料:天然石墨:国产低端,日,万元/吨,当期值,全国,中国化学与物理电源行业协会,getEcoDataIndChemical,2019/4/26,2022/2/17,0,否,,
157,中国:市场价(高端价):负极材料:天然石墨,S9980009,801730,价格,原始值,中游,4,弱候选,0.454774,0.544817,2030726143,[停]市场价:最高价:负极材料:天然石墨:国产中端,日,万元/吨,当期值,全国,中国化学与物理电源行业协会,getEcoDataIndChemical,2018/1/23,2022/2/17,0,否,,
157,中国:市场价(高端价):负极材料:天然石墨,S9980009,801730,价格,原始值,中游,5,弱候选,0.454774,0.544817,2030726130,[停]市场价:最低价:负极材料:天然石墨:国产低端,日,万元/吨,当期值,全国,中国化学与物理电源行业协会,getEcoDataIndChemical,2019/4/26,2022/2/17,0,否,,
158,"富宝:中国:价格:基膜(湿法,7ym)",Z5105326,801730,价格,原始值,中游,1,弱候选,0.251601,0.270546,2030726021,"[停]市场价:最高价:基膜(9μm,湿法):国产中端",日,元/平方米,当期值,全国,中国化学与物理电源行业协会,getEcoDataIndChemical,2019/3/21,2022/2/17,0,否,,
158,"富宝:中国:价格:基膜(湿法,7ym)",Z5105326,801730,价格,原始值,中游,2,弱候选,0.251601,0.270546,2030726020,"[停]市场价:最高价:基膜(7μm,湿法):国产高端",日,元/平方米,当期值,全国,中国化学与物理电源行业协会,getEcoDataIndChemical,2019/4/11,2021/11/29,0,否,,
158,"富宝:中国:价格:基膜(湿法,7ym)",Z5105326,801730,价格,原始值,中游,3,弱候选,0.251601,0.270546,2030726019,"[停]市场价:最高价:基膜(5μm,湿法):国产高端",日,元/平方米,当期值,全国,中国化学与物理电源行业协会,getEcoDataIndChemical,2019/3/21,2020/9/4,0,否,,
158,"富宝:中国:价格:基膜(湿法,7ym)",Z5105326,801730,价格,原始值,中游,4,弱候选,0.251601,0.270546,2030726014,"[停]市场价:最低价:基膜(9μm,湿法):国产中端",日,元/平方米,当期值,全国,中国化学与物理电源行业协会,getEcoDataIndChemical,2019/3/21,2022/2/17,0,否,,
158,"富宝:中国:价格:基膜(湿法,7ym)",Z5105326,801730,价格,原始值,中游,5,弱候选,0.251601,0.270546,2030726013,"[停]市场价:最低价:基膜(7μm,湿法):国产高端",日,元/平方米,当期值,全国,中国化学与物理电源行业协会,getEcoDataIndChemical,2019/4/11,2021/11/29,0,否,,
160,中国:价格:前驱体:三元前驱体(523),S5811586,801730,价格,原始值,中游,1,弱候选,0.486554,0.624363,2030726180,[停]市场价:最高价:三元前驱体(523):国产,日,万元/吨,当期值,全国,中国化学与物理电源行业协会,getEcoDataIndChemical,2018/1/23,2022/2/17,0,否,,
160,中国:价格:前驱体:三元前驱体(523),S5811586,801730,价格,原始值,中游,2,弱候选,0.486554,0.624363,2030726156,[停]市场价:最低价:三元前驱体(523):国产,日,万元/吨,当期值,全国,中国化学与物理电源行业协会,getEcoDataIndChemical,2018/1/23,2022/2/17,0,否,,
160,中国:价格:前驱体:三元前驱体(523),S5811586,801730,价格,原始值,中游,3,弱候选,0.451692,0.162083,2090715981,出口价格(元):未录制半导体媒体(85235910):当月值,月,元/千克,当期值,中国,海关总署,getEcoDataIndElectronic,2015/1/31,2026/6/30,1,否,,
160,中国:价格:前驱体:三元前驱体(523),S5811586,801730,价格,原始值,中游,4,弱候选,0.451692,0.162083,2090715976,进口价格(元):未录制半导体媒体(85235910):当月值,月,元/千克,当期值,中国,海关总署,getEcoDataIndElectronic,2015/1/31,2026/6/30,1,否,,
160,中国:价格:前驱体:三元前驱体(523),S5811586,801730,价格,原始值,中游,5,弱候选,0.449179,0.162083,2090715980,出口价格(美元):未录制半导体媒体(85235910):当月值,月,美元/千克,当期值,中国,海关总署,getEcoDataIndElectronic,2015/1/31,2026/6/30,1,否,,
161,中国:保有量:充电桩(公共),S6135847,801730,库存,当期值,下游,1,弱候选,0.373964,0.38503,2070910753,保有量:公用充电桩:中国,年,个,当期值,全国,国际能源署,getEcoDataIndAutomobile,2014/12/31,2025/12/31,1,否,,
161,中国:保有量:充电桩(公共),S6135847,801730,库存,当期值,下游,2,弱候选,0.36695,0.370106,2070910763,保有量:公用充电桩:挪威,年,个,当期值,挪威,国际能源署,getEcoDataIndAutomobile,2010/12/31,2025/12/31,1,否,,
161,中国:保有量:充电桩(公共),S6135847,801730,库存,当期值,下游,3,弱候选,0.36695,0.370106,2070910761,保有量:公用充电桩:荷兰,年,个,当期值,荷兰,国际能源署,getEcoDataIndAutomobile,2010/12/31,2025/12/31,1,否,,
161,中国:保有量:充电桩(公共),S6135847,801730,库存,当期值,下游,4,弱候选,0.36695,0.370106,2070910759,保有量:公用充电桩:韩国,年,个,当期值,韩国,国际能源署,getEcoDataIndAutomobile,2016/12/31,2025/12/31,1,否,,
161,中国:保有量:充电桩(公共),S6135847,801730,库存,当期值,下游,5,弱候选,0.36695,0.370106,2070910758,保有量:公用充电桩:日本,年,个,当期值,日本,国际能源署,getEcoDataIndAutomobile,2010/12/31,2025/12/31,1,否,,
162,中国:电网基本建设投资完成额:累计同比,S5108466,801730,需求,同比,下游,1,强候选,0.801726,0.615214,2020104982,电网基本建设工程投资完成:累计同比,月,%,累计同比,全国,中国电力企业联合会,getEcoDataIndEnergy,2009/12/31,2026/6/30,1,否,,
162,中国:电网基本建设投资完成额:累计同比,S5108466,801730,需求,同比,下游,2,中等候选,0.585105,0.290026,2020104977,电源工程投资完成:累计同比,月,%,累计同比,全国,中国电力企业联合会,getEcoDataIndEnergy,2009/12/31,2026/6/30,1,否,,
162,中国:电网基本建设投资完成额:累计同比,S5108466,801730,需求,同比,下游,3,弱候选,0.577185,0.467243,1050000013,房地产开发投资完成额:累计同比,月,%,累计同比,全国,国家统计局,getEcoDataChina,1992/2/29,2026/6/30,1,否,,
162,中国:电网基本建设投资完成额:累计同比,S5108466,801730,需求,同比,下游,4,弱候选,0.573893,0.290026,2020104980,电源工程投资完成:核电:累计同比,月,%,累计同比,全国,中国电力企业联合会,getEcoDataIndEnergy,2009/12/31,2023/12/31,1,否,,
162,中国:电网基本建设投资完成额:累计同比,S5108466,801730,需求,同比,下游,5,弱候选,0.573893,0.290026,2020104979,电源工程投资完成:火电:累计同比,月,%,累计同比,全国,中国电力企业联合会,getEcoDataIndEnergy,2009/12/31,2023/12/31,1,否,,
163,中国:保有量:换电站,O2653591,801730,库存,当期值,下游,1,弱候选,0.349581,0.392726,2070603253,全国:保有量:机动车,季,亿辆,期末值,全国,公安部,getEcoDataIndAutomobile,2019/6/30,2026/6/30,1,否,,
163,中国:保有量:换电站,O2653591,801730,库存,当期值,下游,2,弱候选,0.342915,0.392726,2070603259,全国:保有量:新能源汽车:纯电动,季,万辆,期末值,全国,公安部,getEcoDataIndAutomobile,2019/6/30,2026/6/30,1,否,,
163,中国:保有量:换电站,O2653591,801730,库存,当期值,下游,3,弱候选,0.334026,0.392726,2070603258,全国:保有量:新能源汽车,季,万辆,期末值,全国,公安部,getEcoDataIndAutomobile,2019/6/30,2026/6/30,1,否,,
163,中国:保有量:换电站,O2653591,801730,库存,当期值,下游,4,弱候选,0.334026,0.392726,2070603254,全国:保有量:机动车:汽车,季,亿辆,期末值,全国,公安部,getEcoDataIndAutomobile,2019/6/30,2026/6/30,1,否,,
163,中国:保有量:换电站,O2653591,801730,库存,当期值,下游,5,弱候选,0.326248,0.392726,2070603261,全国:保有量:纯电动占新能源汽车比例,季,%,期末占比,全国,公安部,getEcoDataIndAutomobile,2019/6/30,2026/6/30,1,否,,
164,中国:电源基本建设投资完成额:累计同比,S5108461,801730,需求,同比,下游,1,中等候选,0.715496,0.467851,2020104982,电网基本建设工程投资完成:累计同比,月,%,累计同比,全国,中国电力企业联合会,getEcoDataIndEnergy,2009/12/31,2026/6/30,1,否,,
164,中国:电源基本建设投资完成额:累计同比,S5108461,801730,需求,同比,下游,2,中等候选,0.624511,0.332782,2020104977,电源工程投资完成:累计同比,月,%,累计同比,全国,中国电力企业联合会,getEcoDataIndEnergy,2009/12/31,2026/6/30,1,否,,
164,中国:电源基本建设投资完成额:累计同比,S5108461,801730,需求,同比,下游,3,中等候选,0.612053,0.332782,2020104980,电源工程投资完成:核电:累计同比,月,%,累计同比,全国,中国电力企业联合会,getEcoDataIndEnergy,2009/12/31,2023/12/31,1,否,,
164,中国:电源基本建设投资完成额:累计同比,S5108461,801730,需求,同比,下游,4,中等候选,0.612053,0.332782,2020104979,电源工程投资完成:火电:累计同比,月,%,累计同比,全国,中国电力企业联合会,getEcoDataIndEnergy,2009/12/31,2023/12/31,1,否,,
164,中国:电源基本建设投资完成额:累计同比,S5108461,801730,需求,同比,下游,5,中等候选,0.612053,0.332782,2020104978,电源工程投资完成:水电:累计同比,月,%,累计同比,全国,中国电力企业联合会,getEcoDataIndEnergy,2009/12/31,2023/12/31,1,否,,
165,中国:电源基本建设投资完成额:太阳能:累计同比,A5699963,801730,需求,同比,下游,1,中等候选,0.652861,0.373699,2020104982,电网基本建设工程投资完成:累计同比,月,%,累计同比,全国,中国电力企业联合会,getEcoDataIndEnergy,2009/12/31,2026/6/30,1,否,,
165,中国:电源基本建设投资完成额:太阳能:累计同比,A5699963,801730,需求,同比,下游,2,弱候选,0.574931,0.265811,2020104977,电源工程投资完成:累计同比,月,%,累计同比,全国,中国电力企业联合会,getEcoDataIndEnergy,2009/12/31,2026/6/30,1,否,,
165,中国:电源基本建设投资完成额:太阳能:累计同比,A5699963,801730,需求,同比,下游,3,弱候选,0.564637,0.265811,2020104980,电源工程投资完成:核电:累计同比,月,%,累计同比,全国,中国电力企业联合会,getEcoDataIndEnergy,2009/12/31,2023/12/31,1,否,,
165,中国:电源基本建设投资完成额:太阳能:累计同比,A5699963,801730,需求,同比,下游,4,弱候选,0.564637,0.265811,2020104979,电源工程投资完成:火电:累计同比,月,%,累计同比,全国,中国电力企业联合会,getEcoDataIndEnergy,2009/12/31,2023/12/31,1,否,,
165,中国:电源基本建设投资完成额:太阳能:累计同比,A5699963,801730,需求,同比,下游,5,弱候选,0.564637,0.265811,2020104978,电源工程投资完成:水电:累计同比,月,%,累计同比,全国,中国电力企业联合会,getEcoDataIndEnergy,2009/12/31,2023/12/31,1,否,,
166,中国:电源基本建设投资完成额:风电:累计同比,S5108465,801730,需求,同比,下游,1,中等候选,0.670811,0.399598,2020104982,电网基本建设工程投资完成:累计同比,月,%,累计同比,全国,中国电力企业联合会,getEcoDataIndEnergy,2009/12/31,2026/6/30,1,否,,
166,中国:电源基本建设投资完成额:风电:累计同比,S5108465,801730,需求,同比,下游,2,中等候选,0.627831,0.35354,2020104980,电源工程投资完成:核电:累计同比,月,%,累计同比,全国,中国电力企业联合会,getEcoDataIndEnergy,2009/12/31,2023/12/31,1,否,,
166,中国:电源基本建设投资完成额:风电:累计同比,S5108465,801730,需求,同比,下游,3,中等候选,0.627831,0.35354,2020104979,电源工程投资完成:火电:累计同比,月,%,累计同比,全国,中国电力企业联合会,getEcoDataIndEnergy,2009/12/31,2023/12/31,1,否,,
166,中国:电源基本建设投资完成额:风电:累计同比,S5108465,801730,需求,同比,下游,4,中等候选,0.627831,0.35354,2020104978,电源工程投资完成:水电:累计同比,月,%,累计同比,全国,中国电力企业联合会,getEcoDataIndEnergy,2009/12/31,2023/12/31,1,否,,
166,中国:电源基本建设投资完成额:风电:累计同比,S5108465,801730,需求,同比,下游,5,中等候选,0.589235,0.284234,2020104977,电源工程投资完成:累计同比,月,%,累计同比,全国,中国电力企业联合会,getEcoDataIndEnergy,2009/12/31,2026/6/30,1,否,,
167,中国:30大中城市:成交面积:商品房,S2707380,801180,需求,当期值,中游,1,中等候选,0.603186,0.634439,2170926744,30大中城市:商品房成交面积,日,万平方米,当期值,nan,Datayes!,getEcoDataIndRealestate,2010/1/1,2026/8/6,1,否,,
167,中国:30大中城市:成交面积:商品房,S2707380,801180,需求,当期值,中游,2,中等候选,0.603186,0.634439,2170003774,30大中城市:商品房成交面积,日,万平方米,当期值,nan,Datayes!,getEcoDataIndRealestate,2004/2/29,2025/12/1,1,否,,
167,中国:30大中城市:成交面积:商品房,S2707380,801180,需求,当期值,中游,3,中等候选,0.589853,0.634439,2170800000,30大中城市:商品房成交面积:同比,日,%,当期同比,nan,Datayes!,getEcoDataIndRealestate,2005/3/1,2025/12/1,1,否,,
167,中国:30大中城市:成交面积:商品房,S2707380,801180,需求,当期值,中游,4,中等候选,0.583831,0.634439,2170926760,30大中城市:商品房成交面积:当月值,月,万平方米,当期值,nan,Datayes!,getEcoDataIndRealestate,2010/1/31,2026/7/31,1,否,,
167,中国:30大中城市:成交面积:商品房,S2707380,801180,需求,当期值,中游,5,中等候选,0.583831,0.634439,2170926752,30大中城市:商品房成交面积:当周值,周,万平方米,当期值,nan,Datayes!,getEcoDataIndRealestate,2010/1/3,2026/8/2,1,否,,
168,深圳:预计供应房源套数:商品房,X7769997,801180,产量,当期值,中游,1,弱候选,0.276735,0.202919,2170730924,商品房:成交套数:深圳,年,套,当期值,深圳市,中国房地产信息网,getEcoDataIndRealestate,2007/12/31,2023/12/31,1,否,,
168,深圳:预计供应房源套数:商品房,X7769997,801180,产量,当期值,中游,2,弱候选,0.276735,0.202919,2170730674,商品房:可售套数:深圳,年,套,当期值,深圳市,中国房地产信息网,getEcoDataIndRealestate,2009/12/31,2023/12/31,1,否,,
168,深圳:预计供应房源套数:商品房,X7769997,801180,产量,当期值,中游,3,弱候选,0.276735,0.202919,2170729747,商品房:成交套数:深圳,季,套,当期值,深圳市,中国房地产信息网,getEcoDataIndRealestate,2008/3/31,2024/3/31,1,否,,
168,深圳:预计供应房源套数:商品房,X7769997,801180,产量,当期值,中游,4,弱候选,0.276735,0.202919,2170729410,商品房:可售套数:深圳,季,套,当期值,深圳市,中国房地产信息网,getEcoDataIndRealestate,2009/3/31,2024/3/31,1,否,,
168,深圳:预计供应房源套数:商品房,X7769997,801180,产量,当期值,中游,5,弱候选,0.276735,0.202919,2170728118,商品房:成交套数:深圳,月,套,当期值,深圳市,中国房地产信息网,getEcoDataIndRealestate,2008/1/31,2024/3/31,1,否,,
173,中国:金融机构人民币贷款加权平均利率:一般贷款,M0058003,801780,价格,比率,中游,1,弱候选,0.290017,0.299091,1200032682,河南:金融机构人民币信贷资金运用,年,亿元,当期值,河南省,河南省统计局,getEcoDataChinaRegion,2000/12/31,2010/12/31,1,否,,
173,中国:金融机构人民币贷款加权平均利率:一般贷款,M0058003,801780,价格,比率,中游,2,弱候选,0.290017,0.299091,1200032675,河南:金融机构人民币信贷资金来源,年,亿元,当期值,河南省,河南省统计局,getEcoDataChinaRegion,2000/12/31,2010/12/31,1,否,,
173,中国:金融机构人民币贷款加权平均利率:一般贷款,M0058003,801780,价格,比率,中游,3,弱候选,0.290017,0.299091,1200028614,江西:金融机构人民币信贷资金运用,年,亿元,当期值,江西省,江西统计局,getEcoDataChinaRegion,2004/12/31,2010/12/31,1,否,,
173,中国:金融机构人民币贷款加权平均利率:一般贷款,M0058003,801780,价格,比率,中游,4,弱候选,0.290017,0.299091,1200028607,江西:金融机构人民币信贷资金来源,年,亿元,当期值,江西省,江西统计局,getEcoDataChinaRegion,2004/12/31,2010/12/31,1,否,,
173,中国:金融机构人民币贷款加权平均利率:一般贷款,M0058003,801780,价格,比率,中游,5,弱候选,0.290017,0.299091,1200024546,安徽:金融机构人民币信贷资金运用,年,亿元,当期值,安徽省,安徽省统计局,getEcoDataChinaRegion,2003/12/31,2024/12/31,1,否,,
174,中国:净息差:商业银行,M5201620,801780,盈利,比率,中游,1,弱候选,0.417545,0.29265,2211001849,中国银行:净息差,季,%,期末值,全国,上市公司公告,getEcoDataIndFinancialservices,2007/6/30,2026/3/31,1,否,,
174,中国:净息差:商业银行,M5201620,801780,盈利,比率,中游,2,弱候选,0.395395,0.394457,2211001745,兴业银行:净息差,半年,%,期末值,全国,上市公司公告,getEcoDataIndFinancialservices,2012/12/31,2026/3/31,1,否,,
174,中国:净息差:商业银行,M5201620,801780,盈利,比率,中游,3,弱候选,0.395395,0.394457,2211001628,农业银行:净息差,季,%,期末值,全国,上市公司公告,getEcoDataIndFinancialservices,2007/12/31,2026/3/31,1,否,,
174,中国:净息差:商业银行,M5201620,801780,盈利,比率,中游,4,弱候选,0.373322,0.273025,2211001862,中信银行:净息差,季,%,期末值,全国,上市公司公告,getEcoDataIndFinancialservices,2007/6/30,2026/3/31,1,否,,
174,中国:净息差:商业银行,M5201620,801780,盈利,比率,中游,5,弱候选,0.338322,0.273025,2211001576,交通银行:净息差,季,%,期末值,全国,上市公司公告,getEcoDataIndFinancialservices,2007/6/30,2026/3/31,1,否,,
175,中国:净息差:大型商业银行,M5650383,801780,盈利,比率,中游,1,弱候选,0.365669,0.223646,2211001849,中国银行:净息差,季,%,期末值,全国,上市公司公告,getEcoDataIndFinancialservices,2007/6/30,2026/3/31,1,否,,
175,中国:净息差:大型商业银行,M5650383,801780,盈利,比率,中游,2,弱候选,0.340014,0.301449,2211001745,兴业银行:净息差,半年,%,期末值,全国,上市公司公告,getEcoDataIndFinancialservices,2012/12/31,2026/3/31,1,否,,
175,中国:净息差:大型商业银行,M5650383,801780,盈利,比率,中游,3,弱候选,0.340014,0.301449,2211001628,农业银行:净息差,季,%,期末值,全国,上市公司公告,getEcoDataIndFinancialservices,2007/12/31,2026/3/31,1,否,,
175,中国:净息差:大型商业银行,M5650383,801780,盈利,比率,中游,4,弱候选,0.327509,0.208648,2211001862,中信银行:净息差,季,%,期末值,全国,上市公司公告,getEcoDataIndFinancialservices,2007/6/30,2026/3/31,1,否,,
175,中国:净息差:大型商业银行,M5650383,801780,盈利,比率,中游,5,弱候选,0.296398,0.208648,2211001576,交通银行:净息差,季,%,期末值,全国,上市公司公告,getEcoDataIndFinancialservices,2007/6/30,2026/3/31,1,否,,
176,中国:净息差:股份制商业银行,M5650384,801780,盈利,比率,中游,1,弱候选,0.382367,0.525946,2210907251,[停]动产融资登记:应收账款:股份制商业银行,月,笔,当期值,全国,中国人民银行,getEcoDataIndFinancialservices,2015/8/31,2021/12/31,0,否,,
176,中国:净息差:股份制商业银行,M5650384,801780,盈利,比率,中游,2,弱候选,0.345996,0.199208,2211001849,中国银行:净息差,季,%,期末值,全国,上市公司公告,getEcoDataIndFinancialservices,2007/6/30,2026/3/31,1,否,,
176,中国:净息差:股份制商业银行,M5650384,801780,盈利,比率,中游,3,弱候选,0.31962,0.268509,2211001745,兴业银行:净息差,半年,%,期末值,全国,上市公司公告,getEcoDataIndFinancialservices,2012/12/31,2026/3/31,1,否,,
176,中国:净息差:股份制商业银行,M5650384,801780,盈利,比率,中游,4,弱候选,0.31962,0.268509,2211001628,农业银行:净息差,季,%,期末值,全国,上市公司公告,getEcoDataIndFinancialservices,2007/12/31,2026/3/31,1,否,,
176,中国:净息差:股份制商业银行,M5650384,801780,盈利,比率,中游,5,弱候选,0.310244,0.185849,2211001862,中信银行:净息差,季,%,期末值,全国,上市公司公告,getEcoDataIndFinancialservices,2007/6/30,2026/3/31,1,否,,
177,中国:净息差:城市商业银行,M5650385,801780,盈利,比率,中游,1,弱候选,0.415052,0.466471,2210906947,其他支付系统支付业务量:城市商业银行汇票处理和支付清算,年,万笔,当期值,全国,中国人民银行,getEcoDataIndFinancialservices,2013/12/31,2025/12/31,1,否,,
177,中国:净息差:城市商业银行,M5650385,801780,盈利,比率,中游,2,弱候选,0.412662,0.466471,2210906957,其他支付系统支付业务金额:城市商业银行汇票处理和支付清算,年,亿元,当期值,全国,中国人民银行,getEcoDataIndFinancialservices,2013/12/31,2025/12/31,1,否,,
177,中国:净息差:城市商业银行,M5650385,801780,盈利,比率,中游,3,弱候选,0.410395,0.466471,2210907056,其他支付系统支付业务量:城市商业银行汇票处理和支付清算:同比,年,%,当期同比,全国,中国人民银行,getEcoDataIndFinancialservices,2013/12/31,2025/12/31,1,否,,
177,中国:净息差:城市商业银行,M5650385,801780,盈利,比率,中游,4,弱候选,0.410395,0.466471,2210906948,其他支付系统支付业务量:城市商业银行汇票处理和支付清算:日均,年,万笔,当期值,全国,中国人民银行,getEcoDataIndFinancialservices,2013/12/31,2025/12/31,1,否,,
177,中国:净息差:城市商业银行,M5650385,801780,盈利,比率,中游,5,弱候选,0.408241,0.466471,2210907062,其他支付系统支付业务金额:城市商业银行汇票处理和支付清算:同比,年,%,当期同比,全国,中国人民银行,getEcoDataIndFinancialservices,2013/12/31,2025/12/31,1,否,,
178,中国:占贷款比重:关注类贷款:商业银行,M5481815,801780,盈利,比率,中游,1,弱候选,0.246709,0.227314,3140002525,中国香港:特定分类贷款(净额):占贷款总额比率:零售银行,季,%,当期值,香港特别行政区,香港金融管理局,getEcoDataGlobeRest,1997/3/31,2026/3/31,1,否,,
178,中国:占贷款比重:关注类贷款:商业银行,M5481815,801780,盈利,比率,中游,2,弱候选,0.246709,0.227314,3140002521,中国香港:特定分类贷款(总额):占贷款总额比率:零售银行,季,%,当期值,香港特别行政区,香港金融管理局,getEcoDataGlobeRest,2015/12/31,2026/3/31,1,否,,
178,中国:占贷款比重:关注类贷款:商业银行,M5481815,801780,盈利,比率,中游,3,弱候选,0.241106,0.227314,3140002524,中国香港:特定分类贷款(总额):亏损:占贷款总额比率:零售银行,季,%,当期值,香港特别行政区,香港金融管理局,getEcoDataGlobeRest,1997/3/31,2026/3/31,1,否,,
178,中国:占贷款比重:关注类贷款:商业银行,M5481815,801780,盈利,比率,中游,4,弱候选,0.241106,0.227314,3140002523,中国香港:特定分类贷款(总额):呆滞:占贷款总额比率:零售银行,季,%,当期值,香港特别行政区,香港金融管理局,getEcoDataGlobeRest,1997/3/31,2026/3/31,1,否,,
178,中国:占贷款比重:关注类贷款:商业银行,M5481815,801780,盈利,比率,中游,5,弱候选,0.241106,0.227314,3140002522,中国香港:特定分类贷款(总额):次级:占贷款总额比率:零售银行,季,%,当期值,香港特别行政区,香港金融管理局,getEcoDataGlobeRest,1997/3/31,2026/3/31,1,否,,
179,中国:不良贷款比例:商业银行,M0002004,801780,盈利,比率,中游,1,弱候选,0.40792,0.304085,2211001851,中国银行:不良贷款率,季,%,期末值,全国,上市公司公告,getEcoDataIndFinancialservices,2007/6/30,2026/3/31,1,否,,
179,中国:不良贷款比例:商业银行,M0002004,801780,盈利,比率,中游,2,弱候选,0.388479,0.376197,2211001747,兴业银行:不良贷款率,季,%,期末值,全国,上市公司公告,getEcoDataIndFinancialservices,2007/6/30,2026/3/31,1,否,,
179,中国:不良贷款比例:商业银行,M0002004,801780,盈利,比率,中游,3,弱候选,0.388479,0.376197,2211001630,农业银行:不良贷款率,季,%,期末值,全国,上市公司公告,getEcoDataIndFinancialservices,2007/12/31,2026/3/31,1,否,,
179,中国:不良贷款比例:商业银行,M0002004,801780,盈利,比率,中游,4,弱候选,0.38232,0.304085,2211001855,中国银行:不良贷款拨备覆盖率,季,%,期末值,全国,上市公司公告,getEcoDataIndFinancialservices,2007/6/30,2026/3/31,1,否,,
179,中国:不良贷款比例:商业银行,M0002004,801780,盈利,比率,中游,5,弱候选,0.37472,0.290184,2211001864,中信银行:不良贷款率,季,%,期末值,全国,上市公司公告,getEcoDataIndFinancialservices,2007/6/30,2026/3/31,1,否,,
180,中国:不良贷款比例:大型商业银行,M0002012,801780,盈利,比率,中游,1,弱候选,0.368375,0.249548,2211001851,中国银行:不良贷款率,季,%,期末值,全国,上市公司公告,getEcoDataIndFinancialservices,2007/6/30,2026/3/31,1,否,,
180,中国:不良贷款比例:大型商业银行,M0002012,801780,盈利,比率,中游,2,弱候选,0.347493,0.308727,2211001747,兴业银行:不良贷款率,季,%,期末值,全国,上市公司公告,getEcoDataIndFinancialservices,2007/6/30,2026/3/31,1,否,,
180,中国:不良贷款比例:大型商业银行,M0002012,801780,盈利,比率,中游,3,弱候选,0.347493,0.308727,2211001630,农业银行:不良贷款率,季,%,期末值,全国,上市公司公告,getEcoDataIndFinancialservices,2007/12/31,2026/3/31,1,否,,
180,中国:不良贷款比例:大型商业银行,M0002012,801780,盈利,比率,中游,4,弱候选,0.346732,0.249548,2211001855,中国银行:不良贷款拨备覆盖率,季,%,期末值,全国,上市公司公告,getEcoDataIndFinancialservices,2007/6/30,2026/3/31,1,否,,
180,中国:不良贷款比例:大型商业银行,M0002012,801780,盈利,比率,中游,5,弱候选,0.338665,0.23814,2211001864,中信银行:不良贷款率,季,%,期末值,全国,上市公司公告,getEcoDataIndFinancialservices,2007/6/30,2026/3/31,1,否,,
181,中国:不良贷款比例:股份制商业银行,M0002014,801780,盈利,比率,中游,1,弱候选,0.352277,0.22825,2211001851,中国银行:不良贷款率,季,%,期末值,全国,上市公司公告,getEcoDataIndFinancialservices,2007/6/30,2026/3/31,1,否,,
181,中国:不良贷款比例:股份制商业银行,M0002014,801780,盈利,比率,中游,2,弱候选,0.333073,0.410794,2210907251,[停]动产融资登记:应收账款:股份制商业银行,月,笔,当期值,全国,中国人民银行,getEcoDataIndFinancialservices,2015/8/31,2021/12/31,0,否,,
181,中国:不良贷款比例:股份制商业银行,M0002014,801780,盈利,比率,中游,3,弱候选,0.332277,0.22825,2211001855,中国银行:不良贷款拨备覆盖率,季,%,期末值,全国,上市公司公告,getEcoDataIndFinancialservices,2007/6/30,2026/3/31,1,否,,
181,中国:不良贷款比例:股份制商业银行,M0002014,801780,盈利,比率,中游,4,弱候选,0.331818,0.217816,2211000403,工商银行:不良贷款率:制造业,半年,%,期末值,全国,上市公司公告,getEcoDataIndFinancialservices,2005/12/31,2025/6/30,1,否,,
181,中国:不良贷款比例:股份制商业银行,M0002014,801780,盈利,比率,中游,5,弱候选,0.331051,0.282378,2211001747,兴业银行:不良贷款率,季,%,期末值,全国,上市公司公告,getEcoDataIndFinancialservices,2007/6/30,2026/3/31,1,否,,
182,中国:不良贷款比例:城市商业银行,M0002016,801780,盈利,比率,中游,1,弱候选,0.368596,0.250019,2211001851,中国银行:不良贷款率,季,%,期末值,全国,上市公司公告,getEcoDataIndFinancialservices,2007/6/30,2026/3/31,1,否,,
182,中国:不良贷款比例:城市商业银行,M0002016,801780,盈利,比率,中游,2,弱候选,0.355662,0.3546,2210906947,其他支付系统支付业务量:城市商业银行汇票处理和支付清算,年,万笔,当期值,全国,中国人民银行,getEcoDataIndFinancialservices,2013/12/31,2025/12/31,1,否,,
182,中国:不良贷款比例:城市商业银行,M0002016,801780,盈利,比率,中游,3,弱候选,0.353613,0.3546,2210906957,其他支付系统支付业务金额:城市商业银行汇票处理和支付清算,年,亿元,当期值,全国,中国人民银行,getEcoDataIndFinancialservices,2013/12/31,2025/12/31,1,否,,
182,中国:不良贷款比例:城市商业银行,M0002016,801780,盈利,比率,中游,4,弱候选,0.351662,0.3546,2210907056,其他支付系统支付业务量:城市商业银行汇票处理和支付清算:同比,年,%,当期同比,全国,中国人民银行,getEcoDataIndFinancialservices,2013/12/31,2025/12/31,1,否,,
182,中国:不良贷款比例:城市商业银行,M0002016,801780,盈利,比率,中游,5,弱候选,0.351662,0.3546,2210906948,其他支付系统支付业务量:城市商业银行汇票处理和支付清算:日均,年,万笔,当期值,全国,中国人民银行,getEcoDataIndFinancialservices,2013/12/31,2025/12/31,1,否,,
183,中国:新增投资者数量,W2239126,801790,情绪/预期,当期值,下游,1,弱候选,0.400623,0.208364,3010900370,"美国:三方回购:投资者现金率,中位数:股票",月,%,当期值,nan,美国证券业及金融市场协会,getEcoDataGlobeUsa,2010/5/31,2026/6/30,1,否,,
183,中国:新增投资者数量,W2239126,801790,情绪/预期,当期值,下游,2,弱候选,0.394477,0.225838,3010200004,美国:外国投资者持有美国国债:中国,月,十亿美元,当期值,nan,美国财政部,getEcoDataGlobeUsa,2000/4/30,2026/5/31,1,否,,
183,中国:新增投资者数量,W2239126,801790,情绪/预期,当期值,下游,3,弱候选,0.392931,0.208364,3010900372,"美国:三方回购:投资者现金率,中位数:市政债务",月,%,当期值,nan,美国证券业及金融市场协会,getEcoDataGlobeUsa,2010/5/31,2026/6/30,1,否,,
183,中国:新增投资者数量,W2239126,801790,情绪/预期,当期值,下游,4,弱候选,0.389483,0.208364,3010900368,"美国:三方回购:投资者现金率,中位数:企业投资级",月,%,当期值,nan,美国证券业及金融市场协会,getEcoDataGlobeUsa,2010/5/31,2026/6/30,1,否,,
183,中国:新增投资者数量,W2239126,801790,情绪/预期,当期值,下游,5,弱候选,0.389483,0.208364,3010900365,"美国:三方回购:投资者现金率,中位数:机构MBS",月,%,当期值,nan,美国证券业及金融市场协会,getEcoDataGlobeUsa,2010/5/31,2026/6/30,1,否,,
184,沪深300指数:涨跌幅,M0020215,801790,情绪/预期,比率,宏观,1,弱候选,0.339527,0.410186,2020747868,中国兰炭产业景气指数:涨跌幅,月,%,环比增减,全国,发改委,getEcoDataIndEnergy,2021/10/31,2026/2/28,1,否,,
184,沪深300指数:涨跌幅,M0020215,801790,情绪/预期,比率,宏观,2,弱候选,0.329787,0.410186,2220100165,上海钢联大宗商品价格指数:涨跌幅,月,%,期末环比增减,全国,发改委,getEcoDataIndOthers,2019/3/31,2026/7/31,1,否,,
184,沪深300指数:涨跌幅,M0020215,801790,情绪/预期,比率,宏观,3,弱候选,0.321491,0.410186,2220100169,上海钢联大宗商品价格指数:涨跌幅:钢铁,月,%,期末环比增减,全国,发改委,getEcoDataIndOthers,2019/3/31,2026/7/31,1,否,,
184,沪深300指数:涨跌幅,M0020215,801790,情绪/预期,比率,宏观,4,弱候选,0.321491,0.410186,2220100168,上海钢联大宗商品价格指数:涨跌幅:建材,月,%,期末环比增减,全国,发改委,getEcoDataIndOthers,2019/3/31,2026/7/31,1,否,,
184,沪深300指数:涨跌幅,M0020215,801790,情绪/预期,比率,宏观,5,弱候选,0.321491,0.410186,2220100167,上海钢联大宗商品价格指数:涨跌幅:化工,月,%,期末环比增减,全国,发改委,getEcoDataIndOthers,2019/3/31,2026/7/31,1,否,,
185,中国:保费收入:保险公司:累计值,M0012260,801790,需求,累计值,中游,1,中等候选,0.735753,0.570751,1070005736,原保险保费收入:财产保险公司:意外险:累计值,月,亿元,累计值,中国,中国银行保险监督管理委员会,getEcoDataIndFinancialservices,2019/1/31,2026/6/30,1,否,,
185,中国:保费收入:保险公司:累计值,M0012260,801790,需求,累计值,中游,2,中等候选,0.735753,0.570751,1070005735,原保险保费收入:财产保险公司:健康险:累计值,月,亿元,累计值,中国,中国银行保险监督管理委员会,getEcoDataIndFinancialservices,2019/1/31,2026/6/30,1,否,,
185,中国:保费收入:保险公司:累计值,M0012260,801790,需求,累计值,中游,3,中等候选,0.72992,0.570751,1070005733,原保险保费收入:财产保险公司:责任保险:累计值,月,亿元,累计值,中国,中国银行保险监督管理委员会,getEcoDataIndFinancialservices,2019/1/31,2026/6/30,1,否,,
185,中国:保费收入:保险公司:累计值,M0012260,801790,需求,累计值,中游,4,中等候选,0.719253,0.570751,1070005731,原保险保费收入:财产保险公司:机动车辆保险:累计值,月,亿元,累计值,中国,中国银行保险监督管理委员会,getEcoDataIndFinancialservices,2019/1/31,2026/6/30,1,否,,
185,中国:保费收入:保险公司:累计值,M0012260,801790,需求,累计值,中游,5,中等候选,0.672661,0.379853,1070005226,保费收入:原保险:累计值,月,万元,累计值,全国,中国保险业监督管理委员会,getEcoDataIndFinancialservices,1999/1/31,2026/6/30,1,否,,
188,中债国债到期收益率:10年,S0059749,801790,价格,比率,宏观,1,弱候选,0.469262,0.56226,3020500593,欧元区:零息国债即期收益率:10年期,月,%,当期值,欧元区,欧盟统计局,getEcoDataGlobeEu,2004/9/30,2026/7/31,1,否,,
188,中债国债到期收益率:10年,S0059749,801790,价格,比率,宏观,2,弱候选,0.469262,0.56226,3020500411,欧元区:零息国债即期收益率:10年期,季,%,当期值,欧元区,欧盟统计局,getEcoDataGlobeEu,2004/9/30,2026/6/30,1,否,,
188,中债国债到期收益率:10年,S0059749,801790,价格,比率,宏观,3,弱候选,0.469262,0.56226,3020500229,欧元区:零息国债即期收益率:10年期,日,%,当期值,欧元区,欧洲央行,getEcoDataGlobeEu,2004/9/6,2026/8/6,1,否,,
188,中债国债到期收益率:10年,S0059749,801790,价格,比率,宏观,4,弱候选,0.469262,0.56226,3020500047,欧元区:零息国债即期收益率:10年期,年,%,当期值,欧元区,欧盟统计局,getEcoDataGlobeEu,2004/12/31,2025/12/31,1,否,,
188,中债国债到期收益率:10年,S0059749,801790,价格,比率,宏观,5,弱候选,0.463055,0.56226,3020500713,欧元区:国债远期的即期收益率:10年期,月,%,当期值,欧元区,欧盟统计局,getEcoDataGlobeEu,2004/9/30,2026/7/31,1,否,,
190,"中国:日均销量(当周,厂家零售):乘用车:同比",S6126414,801880,需求,同比,下游,1,中等候选,0.672693,0.473816,2070928297,当周日均销量:乘用车:厂家零售:同比,周,%,当期同比,全国,全国乘用车市场信息联席会,getEcoDataIndAutomobile,2010/11/5,2026/7/31,1,否,,
190,"中国:日均销量(当周,厂家零售):乘用车:同比",S6126414,801880,需求,同比,下游,2,中等候选,0.591561,0.338427,2070928298,当周日均销量:乘用车:厂家批发:同比,周,%,当期同比,全国,全国乘用车市场信息联席会,getEcoDataIndAutomobile,2015/3/6,2026/7/31,1,否,,
190,"中国:日均销量(当周,厂家零售):乘用车:同比",S6126414,801880,需求,同比,下游,3,弱候选,0.554751,0.458336,2070928295,当周日均销量:乘用车:厂家零售,周,辆,当期值,全国,全国乘用车市场信息联席会,getEcoDataIndAutomobile,2015/3/6,2026/7/31,1,否,,
190,"中国:日均销量(当周,厂家零售):乘用车:同比",S6126414,801880,需求,同比,下游,4,弱候选,0.478277,0.163459,2070936194,销量:新能源乘用车:零售:累计同比,月,%,累计同比,全国,全国乘用车市场信息联席会,getEcoDataIndAutomobile,2018/5/31,2026/6/30,1,否,,
190,"中国:日均销量(当周,厂家零售):乘用车:同比",S6126414,801880,需求,同比,下游,5,弱候选,0.478277,0.163459,2070936193,销量:新能源乘用车:零售:当月同比,月,%,当期同比,全国,全国乘用车市场信息联席会,getEcoDataIndAutomobile,2019/1/31,2026/6/30,1,否,,
191,"中国:日均销量(当周,厂家批发):乘用车:同比",S6126412,801880,需求,同比,下游,1,中等候选,0.674844,0.478393,2070928298,当周日均销量:乘用车:厂家批发:同比,周,%,当期同比,全国,全国乘用车市场信息联席会,getEcoDataIndAutomobile,2015/3/6,2026/7/31,1,否,,
191,"中国:日均销量(当周,厂家批发):乘用车:同比",S6126412,801880,需求,同比,下游,2,中等候选,0.590177,0.335483,2070928297,当周日均销量:乘用车:厂家零售:同比,周,%,当期同比,全国,全国乘用车市场信息联席会,getEcoDataIndAutomobile,2010/11/5,2026/7/31,1,否,,
191,"中国:日均销量(当周,厂家批发):乘用车:同比",S6126412,801880,需求,同比,下游,3,弱候选,0.556965,0.463047,2070928296,当周日均销量:乘用车:厂家批发,周,辆,当期值,全国,全国乘用车市场信息联席会,getEcoDataIndAutomobile,2015/3/6,2026/7/31,1,否,,
191,"中国:日均销量(当周,厂家批发):乘用车:同比",S6126412,801880,需求,同比,下游,4,弱候选,0.471131,0.320137,2070928295,当周日均销量:乘用车:厂家零售,周,辆,当期值,全国,全国乘用车市场信息联席会,getEcoDataIndAutomobile,2015/3/6,2026/7/31,1,否,,
191,"中国:日均销量(当周,厂家批发):乘用车:同比",S6126412,801880,需求,同比,下游,5,弱候选,0.452645,0.202749,2070113023,汽车销量:乘用车:汽油汽车销量:当月同比,月,%,当期同比,全国,Datayes!,getEcoDataIndAutomobile,2016/1/31,2023/12/31,1,否,,
196,中国:出口数量:乘用车:当月值,S0270095,801880,需求,当期值,下游,1,强候选,0.793351,0.626279,2070807133,韩国:汽车出口量:乘用车:当月值,月,辆,当期值,nan,Datayes!,getEcoDataIndAutomobile,1999/1/31,2026/6/30,1,否,,
196,中国:出口数量:乘用车:当月值,S0270095,801880,需求,当期值,下游,2,中等候选,0.776809,0.670515,2070201016,出口数量:汽车:乘用车:交叉型乘用车:当月值,月,辆,当期值,全国,Datayes!,getEcoDataIndAutomobile,2016/1/31,2023/12/31,1,否,,
196,中国:出口数量:乘用车:当月值,S0270095,801880,需求,当期值,下游,3,中等候选,0.760485,0.607416,2070201006,出口数量:汽车:乘用车:汽油汽车:当月值,月,辆,当期值,全国,Datayes!,getEcoDataIndAutomobile,2016/1/31,2023/12/31,1,否,,
196,中国:出口数量:乘用车:当月值,S0270095,801880,需求,当期值,下游,4,中等候选,0.760485,0.607416,2070201005,出口数量:汽车:乘用车:柴油汽车:当月值,月,辆,当期值,全国,Datayes!,getEcoDataIndAutomobile,2016/1/31,2023/12/31,1,否,,
196,中国:出口数量:乘用车:当月值,S0270095,801880,需求,当期值,下游,5,中等候选,0.735485,0.607416,2070201013,出口数量:汽车:乘用车:基本型乘用车(轿车):当月值,月,辆,当期值,全国,Datayes!,getEcoDataIndAutomobile,2016/1/31,2023/12/31,1,否,,
197,中国:出口金额:汽车零配件:当月同比,M7071823,801880,需求,同比,上游,1,中等候选,0.639627,0.422768,2070200136,汽车零件:出口金额:当月同比,月,%,当期同比,nan,海关总署,getEcoDataIndAutomobile,1999/1/31,2026/6/30,1,否,,
197,中国:出口金额:汽车零配件:当月同比,M7071823,801880,需求,同比,上游,2,中等候选,0.63937,0.55185,2070200699,[停]出口金额:汽车电子电器零部件:当月同比,月,%,当期同比,nan,Datayes!,getEcoDataIndAutomobile,2010/2/28,2016/5/31,0,否,,
197,中国:出口金额:汽车零配件:当月同比,M7071823,801880,需求,同比,上游,3,中等候选,0.615555,0.469267,2040200363,出口金额:钢铁管配件:当月同比,月,%,当期同比,nan,海关总署,getEcoDataIndSteel,1999/1/31,2019/12/31,1,否,,
197,中国:出口金额:汽车零配件:当月同比,M7071823,801880,需求,同比,上游,4,弱候选,0.571951,0.373087,2020202679,出口金额:汽油:当月同比,月,%,当期同比,nan,海关总署,getEcoDataIndEnergy,2004/1/31,2026/6/30,1,否,,
197,中国:出口金额:汽车零配件:当月同比,M7071823,801880,需求,同比,上游,5,弱候选,0.570652,0.321565,2070200116,汽车(包括整套散件):出口金额:当月同比,月,%,当期同比,nan,海关总署,getEcoDataIndAutomobile,1999/1/31,2026/6/30,1,否,,
198,中国:出口数量:汽车轮胎:当月值,S0270100,801880,需求,当期值,上游,1,中等候选,0.711112,0.498963,2070201003,出口数量:汽车:CKD:当月值,月,辆,当期值,全国,Datayes!,getEcoDataIndAutomobile,2016/1/31,2023/12/31,1,否,,
198,中国:出口数量:汽车轮胎:当月值,S0270100,801880,需求,当期值,上游,2,中等候选,0.703359,0.498963,2070201002,出口数量:汽车:国内制造:当月值,月,辆,当期值,全国,Datayes!,getEcoDataIndAutomobile,2016/1/31,2023/12/31,1,否,,
198,中国:出口数量:汽车轮胎:当月值,S0270100,801880,需求,当期值,上游,3,中等候选,0.696179,0.498963,2070201027,出口数量:汽车:商用车:货车:当月值,月,辆,当期值,全国,Datayes!,getEcoDataIndAutomobile,2016/1/31,2023/12/31,1,否,,
198,中国:出口数量:汽车轮胎:当月值,S0270100,801880,需求,当期值,上游,4,中等候选,0.696179,0.498963,2070201026,出口数量:汽车:商用车:客车:当月值,月,辆,当期值,全国,Datayes!,getEcoDataIndAutomobile,2016/1/31,2023/12/31,1,否,,
198,中国:出口数量:汽车轮胎:当月值,S0270100,801880,需求,当期值,上游,5,中等候选,0.696179,0.498963,2070201017,出口数量:汽车:商用车:总计:当月值,月,辆,当期值,全国,Datayes!,getEcoDataIndAutomobile,2016/1/31,2023/12/31,1,否,,
200,中国:出口数量:车用发动机:当月值,S0270099,801880,需求,当期值,上游,1,中等候选,0.640741,0.60796,2087013505,"出口数量:车用往复活塞发动机,排量≤50ml(840731):当月值",月,台,当期值,中国,海关总署,getEcoDataIndMachineryequipment,2015/1/31,2026/6/30,1,否,,
200,中国:出口数量:车用发动机:当月值,S0270099,801880,需求,当期值,上游,2,中等候选,0.63702,0.60796,2087013507,"进出口数量:车用往复活塞发动机,排量≤50ml(840731):当月值",月,台,当期值,中国,海关总署,getEcoDataIndMachineryequipment,2015/1/31,2026/6/30,1,否,,
200,中国:出口数量:车用发动机:当月值,S0270099,801880,需求,当期值,上游,3,中等候选,0.625274,0.394825,2070934182,出口数量:发动机罩盖(87082953):当月值,月,千克,当期值,中国,海关总署,getEcoDataIndAutomobile,2015/1/31,2026/6/30,1,否,,
200,中国:出口数量:车用发动机:当月值,S0270099,801880,需求,当期值,上游,4,中等候选,0.62372,0.60796,2087013525,"出口数量:车用往复活塞发动机,50ml<排量≤250ml(840732):当月值",月,台,当期值,中国,海关总署,getEcoDataIndMachineryequipment,2015/1/31,2026/6/30,1,否,,
200,中国:出口数量:车用发动机:当月值,S0270099,801880,需求,当期值,上游,5,中等候选,0.620741,0.60796,2087013527,"进出口数量:车用往复活塞发动机,50ml<排量≤250ml(840732):当月值",月,台,当期值,中国,海关总署,getEcoDataIndMachineryequipment,2015/1/31,2026/6/30,1,否,,
201,中国:出口金额:汽车轮胎:当月值,S0270299,801880,需求,当期值,上游,1,中等候选,0.608667,0.495791,2030715835,出口金额:小客车用新充气轮胎:当月值:江西,月,万美元,当期值,江西省,Datayes!,getEcoDataIndChemical,2019/1/31,2026/6/30,1,否,,
201,中国:出口金额:汽车轮胎:当月值,S0270299,801880,需求,当期值,上游,2,中等候选,0.608667,0.495791,2030715834,出口金额:小客车用新充气轮胎:当月值:福建,月,万美元,当期值,福建省,Datayes!,getEcoDataIndChemical,2019/1/31,2026/6/30,1,否,,
201,中国:出口金额:汽车轮胎:当月值,S0270299,801880,需求,当期值,上游,3,中等候选,0.608667,0.495791,2030715833,出口金额:小客车用新充气轮胎:当月值:安徽,月,万美元,当期值,安徽省,Datayes!,getEcoDataIndChemical,2019/1/31,2026/6/30,1,否,,
201,中国:出口金额:汽车轮胎:当月值,S0270299,801880,需求,当期值,上游,4,中等候选,0.608667,0.495791,2030715832,出口金额:小客车用新充气轮胎:当月值:浙江,月,万美元,当期值,浙江省,Datayes!,getEcoDataIndChemical,2019/1/31,2026/6/30,1,否,,
201,中国:出口金额:汽车轮胎:当月值,S0270299,801880,需求,当期值,上游,5,中等候选,0.608667,0.495791,2030715831,出口金额:小客车用新充气轮胎:当月值:江苏,月,万美元,当期值,江苏省,Datayes!,getEcoDataIndChemical,2019/1/31,2026/6/30,1,否,,
203,中国:出口金额:车用发动机:当月值,S0270298,801880,需求,当期值,上游,1,中等候选,0.61504,0.392521,2070934175,出口金额(美元):发动机罩盖(87082953):当月值,月,美元,当期值,中国,海关总署,getEcoDataIndAutomobile,2015/1/31,2026/6/30,1,否,,
203,中国:出口金额:车用发动机:当月值,S0270298,801880,需求,当期值,上游,2,中等候选,0.610836,0.392521,2070934177,进出口金额(美元):发动机罩盖(87082953):当月值,月,美元,当期值,中国,海关总署,getEcoDataIndAutomobile,2015/1/31,2026/6/30,1,否,,
203,中国:出口金额:车用发动机:当月值,S0270298,801880,需求,当期值,上游,3,中等候选,0.603074,0.392521,2070929746,出口金额(美元):装有发动机的机动车辆底盘(8706):当月值,月,美元,当期值,中国,海关总署,getEcoDataIndAutomobile,2015/1/31,2026/6/30,1,否,,
203,中国:出口金额:车用发动机:当月值,S0270298,801880,需求,当期值,上游,4,中等候选,0.60274,0.392521,2070817500,出口金额(美元):其他车辆装有发动机的底盘(87060090):当月值,月,美元,当期值,全国,海关总署,getEcoDataIndAutomobile,2015/2/28,2026/6/30,1,否,,
203,中国:出口金额:车用发动机:当月值,S0270298,801880,需求,当期值,上游,5,中等候选,0.60274,0.392521,2070817499,"出口金额(美元):汽车起重车底盘,装有发动机(87060040):当月值",月,美元,当期值,全国,海关总署,getEcoDataIndAutomobile,2015/8/31,2026/6/30,1,否,,
204,中国:销量:二轮摩托车(150-250mL),S6000822,801880,需求,当期值,下游,1,强候选,0.815675,0.692108,2070814407,销量:摩托车:二轮摩托车:150ml<排量≤250ml,年,辆,当期值,nan,中国汽车工业年鉴,getEcoDataIndAutomobile,1996/12/31,2024/12/31,1,否,,
204,中国:销量:二轮摩托车(150-250mL),S6000822,801880,需求,当期值,下游,2,强候选,0.805169,0.692108,2070814438,销量:摩托车:二轮摩托车:150ml<排量≤250ml:增速,年,%,当期同比,nan,中国汽车工业年鉴,getEcoDataIndAutomobile,1997/12/31,2024/12/31,1,否,,
204,中国:销量:二轮摩托车(150-250mL),S6000822,801880,需求,当期值,下游,3,中等候选,0.752528,0.618854,2070814406,销量:摩托车:二轮摩托车:125ml<排量≤150ml,年,辆,当期值,nan,中国汽车工业年鉴,getEcoDataIndAutomobile,1996/12/31,2024/12/31,1,否,,
204,中国:销量:二轮摩托车(150-250mL),S6000822,801880,需求,当期值,下游,4,中等候选,0.743422,0.618854,2070814437,销量:摩托车:二轮摩托车:125ml<排量≤150ml:增速,年,%,当期同比,nan,中国汽车工业年鉴,getEcoDataIndAutomobile,1997/12/31,2024/12/31,1,否,,
204,中国:销量:二轮摩托车(150-250mL),S6000822,801880,需求,当期值,下游,5,中等候选,0.715816,0.507646,2070814418,销量:摩托车:三轮摩托:150<排量≤250ml,年,辆,当期值,nan,中国汽车工业年鉴,getEcoDataIndAutomobile,2010/12/31,2024/12/31,1,否,,
205,中国:销量:二轮摩托车(250-400mL),S6137433,801880,需求,当期值,下游,1,强候选,0.819525,0.7003,2070814408,销量:摩托车:二轮摩托车:250ml<排量≤400ml,年,辆,当期值,nan,中国汽车工业年鉴,getEcoDataIndAutomobile,2010/12/31,2024/12/31,1,否,,
205,中国:销量:二轮摩托车(250-400mL),S6137433,801880,需求,当期值,下游,2,强候选,0.809019,0.7003,2070814439,销量:摩托车:二轮摩托车:250ml<排量≤400ml:增速,年,%,当期同比,nan,中国汽车工业年鉴,getEcoDataIndAutomobile,2011/12/31,2024/12/31,1,否,,
205,中国:销量:二轮摩托车(250-400mL),S6137433,801880,需求,当期值,下游,3,中等候选,0.721973,0.520745,2070814419,销量:摩托车:三轮摩托:250<排量≤400ml,年,辆,当期值,nan,中国汽车工业年鉴,getEcoDataIndAutomobile,2010/12/31,2024/12/31,1,否,,
205,中国:销量:二轮摩托车(250-400mL),S6137433,801880,需求,当期值,下游,4,中等候选,0.711329,0.520745,2070814450,销量:摩托车:三轮摩托:250<排量≤400ml:增速,年,%,当期同比,nan,中国汽车工业年鉴,getEcoDataIndAutomobile,2011/12/31,2024/12/31,1,否,,
205,中国:销量:二轮摩托车(250-400mL),S6137433,801880,需求,当期值,下游,5,中等候选,0.69292,0.522579,2070814409,销量:摩托车:二轮摩托车:400ml<排量≤750ml,年,辆,当期值,nan,中国汽车工业年鉴,getEcoDataIndAutomobile,2010/12/31,2022/12/31,1,否,,
209,中国:新注册民用汽车数量:载货汽车(重型),S0041869,801880,需求,当期值,下游,1,弱候选,0.572334,0.557449,2070601566,民用汽车注册量:载货汽车:重型,年,万辆,当期值,nan,国家统计局,getEcoDataIndAutomobile,2002/12/31,2024/12/31,1,否,,
209,中国:新注册民用汽车数量:载货汽车(重型),S0041869,801880,需求,当期值,下游,2,弱候选,0.555796,0.522261,2070601539,民用汽车拥有量:载货汽车:重型,年,万辆,当期值,nan,国家统计局,getEcoDataIndAutomobile,2002/12/31,2024/12/31,1,否,,
209,中国:新注册民用汽车数量:载货汽车(重型),S0041869,801880,需求,当期值,下游,3,弱候选,0.487514,0.416696,2070601569,民用汽车注册量:载货汽车:微型,年,万辆,当期值,nan,国家统计局,getEcoDataIndAutomobile,2002/12/31,2024/12/31,1,否,,
209,中国:新注册民用汽车数量:载货汽车(重型),S0041869,801880,需求,当期值,下游,4,弱候选,0.487514,0.416696,2070601568,民用汽车注册量:载货汽车:轻型,年,万辆,当期值,nan,国家统计局,getEcoDataIndAutomobile,2002/12/31,2024/12/31,1,否,,
209,中国:新注册民用汽车数量:载货汽车(重型),S0041869,801880,需求,当期值,下游,5,弱候选,0.487514,0.416696,2070601567,民用汽车注册量:载货汽车:中型,年,万辆,当期值,nan,国家统计局,getEcoDataIndAutomobile,2002/12/31,2024/12/31,1,否,,
214,中国:出口数量:商用车:当月同比,S6119113,801880,需求,同比,下游,1,强候选,0.795777,0.639951,2070201114,出口数量:汽车:商用车:货车:当月同比,月,%,当期同比,全国,Datayes!,getEcoDataIndAutomobile,2016/1/31,2023/12/31,1,否,,
214,中国:出口数量:商用车:当月同比,S6119113,801880,需求,同比,下游,2,强候选,0.795777,0.639951,2070201113,出口数量:汽车:商用车:客车:当月同比,月,%,当期同比,全国,Datayes!,getEcoDataIndAutomobile,2016/1/31,2023/12/31,1,否,,
214,中国:出口数量:商用车:当月同比,S6119113,801880,需求,同比,下游,3,强候选,0.78111,0.639951,2070201106,出口数量:汽车:商用车:汽油汽车:当月同比,月,%,当期同比,全国,Datayes!,getEcoDataIndAutomobile,2016/1/31,2023/12/31,1,否,,
214,中国:出口数量:商用车:当月同比,S6119113,801880,需求,同比,下游,4,强候选,0.78111,0.639951,2070201105,出口数量:汽车:商用车:柴油汽车:当月同比,月,%,当期同比,全国,Datayes!,getEcoDataIndAutomobile,2016/1/31,2023/12/31,1,否,,
214,中国:出口数量:商用车:当月同比,S6119113,801880,需求,同比,下游,5,中等候选,0.774487,0.639951,2070201115,出口数量:汽车:商用车:半挂牵引车:当月同比,月,%,当期同比,全国,Datayes!,getEcoDataIndAutomobile,2016/1/31,2023/12/31,1,否,,
215,中国:销量:大型客车,S6136074,801880,需求,当期值,下游,1,强候选,0.831294,0.786441,2070914030,中通客车:销量:大型客车:累计值,月,辆,累计值,nan,上市公司公告,getEcoDataIndAutomobile,2016/1/31,2025/12/31,1,否,,
215,中国:销量:大型客车,S6136074,801880,需求,当期值,下游,2,强候选,0.831294,0.786441,2070914028,中通客车:销量:大型客车:当月值,月,辆,当期值,nan,上市公司公告,getEcoDataIndAutomobile,2016/1/31,2025/12/31,1,否,,
215,中国:销量:大型客车,S6136074,801880,需求,当期值,下游,3,强候选,0.831294,0.786441,2070115683,客车销量:大型客车:环比,月,%,当期环比,全国,Datayes!,getEcoDataIndAutomobile,2003/1/31,2023/12/31,1,否,,
215,中国:销量:大型客车,S6136074,801880,需求,当期值,下游,4,强候选,0.822809,0.786441,2070914029,中通客车:销量:大型客车:累计同比,月,%,累计同比,nan,上市公司公告,getEcoDataIndAutomobile,2016/1/31,2025/12/31,1,否,,
215,中国:销量:大型客车,S6136074,801880,需求,当期值,下游,5,强候选,0.812627,0.786441,2070115700,客车销量:大型客车:校车:环比,月,%,当期环比,全国,Datayes!,getEcoDataIndAutomobile,2013/1/31,2023/11/30,1,否,,
216,中国:销量:客车(中型),S6103712,801880,需求,当期值,下游,1,强候选,0.791806,0.788764,2070920637,*ST亚星:销量:客车:中型客车:累计值,年,辆,累计值,nan,上市公司公告,getEcoDataIndAutomobile,2015/12/31,2023/12/31,1,否,,
216,中国:销量:客车(中型),S6103712,801880,需求,当期值,下游,2,强候选,0.791806,0.788764,2070913923,*ST亚星:销量:客车:中型客车:累计值,月,辆,累计值,nan,上市公司公告,getEcoDataIndAutomobile,2015/9/30,2024/8/31,1,否,,
216,中国:销量:客车(中型),S6103712,801880,需求,当期值,下游,3,强候选,0.791806,0.788764,2070913574,金龙汽车:销量:客车:中型客车:累计值,月,辆,累计值,nan,上市公司公告,getEcoDataIndAutomobile,2015/9/30,2026/3/31,1,否,,
216,中国:销量:客车(中型),S6103712,801880,需求,当期值,下游,4,强候选,0.791806,0.788764,2070913572,金龙汽车:销量:客车:中型客车:当月值,月,辆,当期值,nan,上市公司公告,getEcoDataIndAutomobile,2015/9/30,2026/3/31,1,否,,
216,中国:销量:客车(中型),S6103712,801880,需求,当期值,下游,5,强候选,0.785719,0.788764,2070920639,*ST亚星:销量:客车:中型客车:累计同比,年,%,累计同比,nan,上市公司公告,getEcoDataIndAutomobile,2015/12/31,2023/12/31,1,否,,
217,中国:销售金额:大家电:白电:冰箱:线下:当月值:同比,Q9633070,801110,需求,同比,中游,1,弱候选,0.40537,0.177884,2090702431,TCL科技:销量:家电:冰箱:当月值,月,台,当期值,nan,上市公司公告,getEcoDataIndElectronic,2015/1/31,2017/1/31,1,否,,
217,中国:销售金额:大家电:白电:冰箱:线下:当月值:同比,Q9633070,801110,需求,同比,中游,2,弱候选,0.392016,0.160776,2090102487,总销售额:陈列柜:当月值,月,万元,当期值,nan,Datayes!,getEcoDataIndElectronic,2012/1/31,2016/10/31,1,否,,
217,中国:销售金额:大家电:白电:冰箱:线下:当月值:同比,Q9633070,801110,需求,同比,中游,3,弱候选,0.392016,0.160776,2090102486,总销售额:多联机:当月值,月,亿元,当期值,nan,Datayes!,getEcoDataIndElectronic,2012/1/31,2016/10/31,1,否,,
217,中国:销售金额:大家电:白电:冰箱:线下:当月值:同比,Q9633070,801110,需求,同比,中游,4,弱候选,0.391973,0.169091,2090715930,销售金额:半导体:中国:当月值,月,十亿美元,当期值,中国,美国半导体行业协会,getEcoDataIndElectronic,2014/3/31,2026/6/30,1,否,,
217,中国:销售金额:大家电:白电:冰箱:线下:当月值:同比,Q9633070,801110,需求,同比,中游,5,弱候选,0.388065,0.160776,2090102485,总销售额:中央空调:当月值,月,亿元,当期值,nan,Datayes!,getEcoDataIndElectronic,2012/1/31,2016/10/31,1,否,,
218,中国:销售金额:大家电:白电:空调:线下:当月值:同比,O4783302,801110,需求,同比,中游,1,弱候选,0.442652,0.176499,2090102508,总销售额:中央空调:当月同比,月,%,当期同比,nan,Datayes!,getEcoDataIndElectronic,2012/1/31,2016/7/31,1,否,,
218,中国:销售金额:大家电:白电:空调:线下:当月值:同比,O4783302,801110,需求,同比,中游,2,弱候选,0.438633,0.1939,2090102485,总销售额:中央空调:当月值,月,亿元,当期值,nan,Datayes!,getEcoDataIndElectronic,2012/1/31,2016/10/31,1,否,,
218,中国:销售金额:大家电:白电:空调:线下:当月值:同比,O4783302,801110,需求,同比,中游,3,弱候选,0.411275,0.163317,2090102607,总销售额:中央空调:同比,年,%,当期同比,nan,Datayes!,getEcoDataIndElectronic,2012/12/31,2015/12/31,1,否,,
218,中国:销售金额:大家电:白电:空调:线下:当月值:同比,O4783302,801110,需求,同比,中游,4,弱候选,0.40537,0.177884,2090702435,TCL科技:销量:家电:空调:当月值,月,台,当期值,nan,上市公司公告,getEcoDataIndElectronic,2015/1/31,2017/1/31,1,否,,
218,中国:销售金额:大家电:白电:空调:线下:当月值:同比,O4783302,801110,需求,同比,中游,5,弱候选,0.392016,0.160776,2090102487,总销售额:陈列柜:当月值,月,万元,当期值,nan,Datayes!,getEcoDataIndElectronic,2012/1/31,2016/10/31,1,否,,
219,中国:销售金额:大家电:白电:洗衣机:线下:当月值:同比,P7355605,801110,需求,同比,中游,1,弱候选,0.437613,0.228964,2090702433,TCL科技:销量:家电:洗衣机:当月值,月,台,当期值,nan,上市公司公告,getEcoDataIndElectronic,2015/1/31,2017/1/31,1,否,,
219,中国:销售金额:大家电:白电:洗衣机:线下:当月值:同比,P7355605,801110,需求,同比,中游,2,弱候选,0.406632,0.200281,2090727494,工业库存:家电:洗衣机:同比,年,%,当期同比,中国,产业在线,getEcoDataIndElectronic,2013/12/31,2025/12/31,1,否,,
219,中国:销售金额:大家电:白电:洗衣机:线下:当月值:同比,P7355605,801110,需求,同比,中游,3,弱候选,0.329513,0.198217,2090715944,[停]中国:销售额:集成电路产业:当季同比,季,%,当期同比,全国,中国半导体行业协会,getEcoDataIndElectronic,2009/9/30,2021/12/31,0,否,,
219,中国:销售金额:大家电:白电:洗衣机:线下:当月值:同比,P7355605,801110,需求,同比,中游,4,弱候选,0.318162,0.198217,2090715950,[停]中国:销售额:集成电路产业:制造业:当季同比,季,%,当期同比,全国,中国半导体行业协会,getEcoDataIndElectronic,2012/3/31,2021/12/31,0,否,,
219,中国:销售金额:大家电:白电:洗衣机:线下:当月值:同比,P7355605,801110,需求,同比,中游,5,弱候选,0.318162,0.198217,2090715948,[停]中国:销售额:集成电路产业:设计业:当季同比,季,%,当期同比,全国,中国半导体行业协会,getEcoDataIndElectronic,2012/3/31,2021/12/31,0,否,,
220,中国:出口数量:冰箱:当月值,S0072043,801110,需求,当期值,下游,1,强候选,0.802171,0.634213,2090200914,出口数量:冰箱:非洲:当月值,月,台,当期值,nan,Datayes!,getEcoDataIndElectronic,2012/1/31,2016/8/31,1,否,,
220,中国:出口数量:冰箱:当月值,S0072043,801110,需求,当期值,下游,2,强候选,0.802171,0.634213,2090200912,出口数量:冰箱:亚洲:当月值,月,台,当期值,nan,Datayes!,getEcoDataIndElectronic,2012/1/31,2016/8/31,1,否,,
220,中国:出口数量:冰箱:当月值,S0072043,801110,需求,当期值,下游,3,强候选,0.802171,0.634213,2090200911,出口数量:冰箱:美洲:当月值,月,台,当期值,nan,Datayes!,getEcoDataIndElectronic,2012/1/31,2016/8/31,1,否,,
220,中国:出口数量:冰箱:当月值,S0072043,801110,需求,当期值,下游,4,中等候选,0.77468,0.634213,2090201094,出口数量:冰箱压缩机:非洲:当月值,月,台,当期值,nan,Datayes!,getEcoDataIndElectronic,2012/1/31,2016/8/31,1,否,,
220,中国:出口数量:冰箱:当月值,S0072043,801110,需求,当期值,下游,5,中等候选,0.77468,0.634213,2090201093,出口数量:冰箱压缩机:欧洲:当月值,月,台,当期值,nan,Datayes!,getEcoDataIndElectronic,2012/1/31,2016/8/31,1,否,,
221,中国:出口数量:空调:当月值,S0072018,801110,需求,当期值,下游,1,强候选,0.78308,0.634213,2090201064,出口数量:空调电机:非洲:当月值,月,台,当期值,nan,Datayes!,getEcoDataIndElectronic,2012/1/31,2016/8/31,1,否,,
221,中国:出口数量:空调:当月值,S0072018,801110,需求,当期值,下游,2,强候选,0.78308,0.634213,2090201063,出口数量:空调电机:欧洲:当月值,月,台,当期值,nan,Datayes!,getEcoDataIndElectronic,2012/1/31,2016/8/31,1,否,,
221,中国:出口数量:空调:当月值,S0072018,801110,需求,当期值,下游,3,强候选,0.78308,0.634213,2090201062,出口数量:空调电机:亚洲:当月值,月,台,当期值,nan,Datayes!,getEcoDataIndElectronic,2012/1/31,2016/8/31,1,否,,
221,中国:出口数量:空调:当月值,S0072018,801110,需求,当期值,下游,4,强候选,0.78308,0.634213,2090201061,出口数量:空调电机:美洲:当月值,月,台,当期值,nan,Datayes!,getEcoDataIndElectronic,2012/1/31,2016/8/31,1,否,,
221,中国:出口数量:空调:当月值,S0072018,801110,需求,当期值,下游,5,中等候选,0.77468,0.634213,2090201084,出口数量:空调压缩机:非洲:当月值,月,台,当期值,nan,Datayes!,getEcoDataIndElectronic,2012/1/31,2016/8/31,1,否,,
222,中国:出口数量:洗衣机:当月值,S0072044,801110,需求,当期值,下游,1,强候选,0.835043,0.695128,2090200934,出口数量:洗衣机:非洲:当月值,月,台,当期值,nan,Datayes!,getEcoDataIndElectronic,2012/1/31,2016/8/31,1,否,,
222,中国:出口数量:洗衣机:当月值,S0072044,801110,需求,当期值,下游,2,强候选,0.835043,0.695128,2090200933,出口数量:洗衣机:欧洲:当月值,月,台,当期值,nan,Datayes!,getEcoDataIndElectronic,2012/1/31,2016/8/31,1,否,,
222,中国:出口数量:洗衣机:当月值,S0072044,801110,需求,当期值,下游,3,强候选,0.835043,0.695128,2090200932,出口数量:洗衣机:亚洲:当月值,月,台,当期值,nan,Datayes!,getEcoDataIndElectronic,2012/1/31,2016/8/31,1,否,,
222,中国:出口数量:洗衣机:当月值,S0072044,801110,需求,当期值,下游,4,强候选,0.835043,0.695128,2090200931,出口数量:洗衣机:美洲:当月值,月,台,当期值,nan,Datayes!,getEcoDataIndElectronic,2012/1/31,2016/8/31,1,否,,
222,中国:出口数量:洗衣机:当月值,S0072044,801110,需求,当期值,下游,5,强候选,0.82571,0.695128,2090200935,出口数量:洗衣机:大洋洲:当月值,月,台,当期值,nan,Datayes!,getEcoDataIndElectronic,2012/1/31,2016/8/31,1,否,,
223,中国:销售金额:大家电:黑电:彩电:线下:当月值:同比,W5704008,801110,需求,同比,中游,1,弱候选,0.39097,0.166958,2090715930,销售金额:半导体:中国:当月值,月,十亿美元,当期值,中国,美国半导体行业协会,getEcoDataIndElectronic,2014/3/31,2026/6/30,1,否,,
223,中国:销售金额:大家电:黑电:彩电:线下:当月值:同比,W5704008,801110,需求,同比,中游,2,弱候选,0.381337,0.168802,2090727388,国内家电线下市场:零售额:彩电:同比,月,%,当期同比,nan,Datayes!,getEcoDataIndElectronic,2019/1/31,2025/7/31,1,否,,
223,中国:销售金额:大家电:黑电:彩电:线下:当月值:同比,W5704008,801110,需求,同比,中游,3,弱候选,0.37627,0.163833,2090727495,国内家电线下市场:零售额:空调:高端品占比:当月值,月,%,当期值,nan,Datayes!,getEcoDataIndElectronic,2018/3/31,2025/7/31,1,否,,
223,中国:销售金额:大家电:黑电:彩电:线下:当月值:同比,W5704008,801110,需求,同比,中游,4,弱候选,0.37627,0.163833,2090727479,国内家电线下市场:零售额:冰箱:高端品占比:当月值,月,%,当期值,nan,Datayes!,getEcoDataIndElectronic,2018/3/31,2025/7/31,1,否,,
223,中国:销售金额:大家电:黑电:彩电:线下:当月值:同比,W5704008,801110,需求,同比,中游,5,弱候选,0.373668,0.163833,2090727522,国内家电线下市场:零售额:净水器:高端品占比:当月值,月,%,当期值,nan,Datayes!,getEcoDataIndElectronic,2018/3/31,2025/7/31,1,否,,
224,价格:液晶电视面板:65寸:60Hz Open Cell:UHD,S5622088,801110,价格,原始值,上游,1,弱候选,0.470203,0.216743,2100007449,手机屏幕价格:LTPS(in-cell):6.5寸:预测值,月,美元,预测值,nan,群智咨询,getEcoDataIndElectronic,2020/12/31,2021/11/30,1,否,,
224,价格:液晶电视面板:65寸:60Hz Open Cell:UHD,S5622088,801110,价格,原始值,上游,2,弱候选,0.470203,0.216743,2100007448,手机屏幕价格:LTPS(in-cell):6.5寸:当期值,月,美元,当期值,nan,群智咨询,getEcoDataIndElectronic,2020/11/30,2021/10/31,1,否,,
224,价格:液晶电视面板:65寸:60Hz Open Cell:UHD,S5622088,801110,价格,原始值,上游,3,弱候选,0.452441,0.175206,2100007447,手机屏幕价格:HIAA LTPS(in-cell):6.53寸:预测值,月,美元,预测值,nan,群智咨询,getEcoDataIndElectronic,2020/12/31,2021/12/31,1,否,,
224,价格:液晶电视面板:65寸:60Hz Open Cell:UHD,S5622088,801110,价格,原始值,上游,4,弱候选,0.452441,0.175206,2100007446,手机屏幕价格:HIAA LTPS(in-cell):6.53寸:当期值,月,美元,当期值,nan,群智咨询,getEcoDataIndElectronic,2020/11/30,2021/11/30,1,否,,
224,价格:液晶电视面板:65寸:60Hz Open Cell:UHD,S5622088,801110,价格,原始值,上游,5,弱候选,0.43421,0.175206,2100007451,手机屏幕价格:a-Si LCM(in-cell):6.52寸:预测值,月,美元,预测值,nan,群智咨询,getEcoDataIndElectronic,2021/8/31,2025/5/31,1,否,,
225,中国:销售金额:小家电:厨房小家电:线上:当月值:同比,B3388236,801110,需求,同比,中游,1,弱候选,0.48305,0.341317,2090727367,国内家电线上市场:零售额:小家电:当月值,月,亿元,当期值,nan,Datayes!,getEcoDataIndElectronic,2019/1/31,2024/9/30,1,否,,
225,中国:销售金额:小家电:厨房小家电:线上:当月值:同比,B3388236,801110,需求,同比,中游,2,弱候选,0.457144,0.310771,2090727341,国内家电线上市场:零售额:小家电:同比,月,%,当期同比,nan,Datayes!,getEcoDataIndElectronic,2019/1/31,2025/7/31,1,否,,
225,中国:销售金额:小家电:厨房小家电:线上:当月值:同比,B3388236,801110,需求,同比,中游,3,弱候选,0.450934,0.310771,2090727355,国内家电线上市场:零售额:小家电:累计同比,月,%,累计同比,nan,Datayes!,getEcoDataIndElectronic,2019/1/31,2025/7/31,1,否,,
225,中国:销售金额:小家电:厨房小家电:线上:当月值:同比,B3388236,801110,需求,同比,中游,4,弱候选,0.423706,0.239628,2090727340,国内家电线下市场:零售额:小家电:同比,月,%,当期同比,nan,Datayes!,getEcoDataIndElectronic,2019/1/31,2025/7/31,1,否,,
225,中国:销售金额:小家电:厨房小家电:线上:当月值:同比,B3388236,801110,需求,同比,中游,5,弱候选,0.417497,0.239628,2090727347,国内家电线下市场:零售额:小家电:累计同比,月,%,累计同比,nan,Datayes!,getEcoDataIndElectronic,2019/2/28,2025/7/31,1,否,,
226,中国:销售金额:小家电:厨房小家电:线下:当月值:同比,X6324382,801110,需求,同比,中游,1,弱候选,0.45647,0.309338,2090727340,国内家电线下市场:零售额:小家电:同比,月,%,当期同比,nan,Datayes!,getEcoDataIndElectronic,2019/1/31,2025/7/31,1,否,,
226,中国:销售金额:小家电:厨房小家电:线下:当月值:同比,X6324382,801110,需求,同比,中游,2,弱候选,0.453307,0.278032,2090727367,国内家电线上市场:零售额:小家电:当月值,月,亿元,当期值,nan,Datayes!,getEcoDataIndElectronic,2019/1/31,2024/9/30,1,否,,
226,中国:销售金额:小家电:厨房小家电:线下:当月值:同比,X6324382,801110,需求,同比,中游,3,弱候选,0.450261,0.309338,2090727347,国内家电线下市场:零售额:小家电:累计同比,月,%,累计同比,nan,Datayes!,getEcoDataIndElectronic,2019/2/28,2025/7/31,1,否,,
226,中国:销售金额:小家电:厨房小家电:线下:当月值:同比,X6324382,801110,需求,同比,中游,4,弱候选,0.426982,0.246599,2090727341,国内家电线上市场:零售额:小家电:同比,月,%,当期同比,nan,Datayes!,getEcoDataIndElectronic,2019/1/31,2025/7/31,1,否,,
226,中国:销售金额:小家电:厨房小家电:线下:当月值:同比,X6324382,801110,需求,同比,中游,5,弱候选,0.420773,0.246599,2090727355,国内家电线上市场:零售额:小家电:累计同比,月,%,累计同比,nan,Datayes!,getEcoDataIndElectronic,2019/1/31,2025/7/31,1,否,,
227,中国:销售金额:生活电器:清洁电器(含清洁电器):线下:当月值:同比,R9203174,801110,需求,同比,中游,1,弱候选,0.31871,0.169105,2010720512,唐人神:销售金额:生猪:当月同比,月,%,当期同比,nan,上市公司公告,getEcoDataIndAgricultural,2019/3/31,2026/6/30,1,否,,
227,中国:销售金额:生活电器:清洁电器(含清洁电器):线下:当月值:同比,R9203174,801110,需求,同比,中游,2,弱候选,0.315479,0.169105,2110701430,ST龙大:销售金额:生猪:当月同比,月,%,当期同比,nan,上市公司公告,getEcoDataIndFoodbeverage,2017/3/31,2022/3/31,1,否,,
227,中国:销售金额:生活电器:清洁电器(含清洁电器):线下:当月值:同比,R9203174,801110,需求,同比,中游,3,弱候选,0.315479,0.169105,2010720541,正邦科技:销售金额:生猪:当月同比,月,%,当期同比,nan,上市公司公告,getEcoDataIndAgricultural,2017/4/30,2026/6/30,1,否,,
227,中国:销售金额:生活电器:清洁电器(含清洁电器):线下:当月值:同比,R9203174,801110,需求,同比,中游,4,弱候选,0.315479,0.169105,2010720536,正虹科技:销售金额:生猪:当月同比,月,%,当期同比,nan,上市公司公告,getEcoDataIndAgricultural,2020/3/31,2026/7/31,1,否,,
227,中国:销售金额:生活电器:清洁电器(含清洁电器):线下:当月值:同比,R9203174,801110,需求,同比,中游,5,弱候选,0.313818,0.182816,2010720511,唐人神:销售金额:生猪:当月值,月,万元,当期值,nan,上市公司公告,getEcoDataIndAgricultural,2019/3/31,2026/6/30,1,否,,
230,中国:存货:纺织服装、服饰业:同比,M5786869,801130,库存,同比,中游,1,中等候选,0.775996,0.732071,1020006590,工业企业:存货:纺织服装、服饰业:累计同比,月,%,累计同比,全国,国家统计局,getEcoDataChina,2012/2/29,2026/6/30,1,否,,
230,中国:存货:纺织服装、服饰业:同比,M5786869,801130,库存,同比,中游,2,中等候选,0.751487,0.732071,1020006716,工业企业:产成品存货:纺织服装、服饰业:累计同比,月,%,累计同比,全国,国家统计局,getEcoDataChina,2001/2/28,2026/6/30,1,否,,
230,中国:存货:纺织服装、服饰业:同比,M5786869,801130,库存,同比,中游,3,中等候选,0.636265,0.541699,1040005542,PPI:纺织服装、服饰业:累计同比,月,%,累计同比,全国,国家统计局,getEcoDataChina,2014/1/31,2026/6/30,1,否,,
230,中国:存货:纺织服装、服饰业:同比,M5786869,801130,库存,同比,中游,4,中等候选,0.636265,0.541699,1040005492,PPI:纺织服装、服饰业:当月同比,月,%,当期同比,全国,国家统计局,getEcoDataChina,2013/8/31,2026/6/30,1,否,,
230,中国:存货:纺织服装、服饰业:同比,M5786869,801130,库存,同比,中游,5,中等候选,0.629598,0.541699,1020010223,工业企业:营业利润:纺织服装、服饰业:累计同比,月,%,累计同比,全国,国家统计局,getEcoDataChina,2018/2/28,2026/6/30,1,否,,
231,中国:出口金额:纺织制品:当月同比,M7071536,801130,需求,同比,上游,1,中等候选,0.74395,0.564497,2120200275,出口金额(美元):纺织纱线、织物及制品:当月同比,月,%,当期同比,全国,海关总署,getEcoDataIndTextileclothing,1999/1/31,2025/10/31,1,否,,
231,中国:出口金额:纺织制品:当月同比,M7071536,801130,需求,同比,上游,2,中等候选,0.732314,0.564497,2120604298,广州:出口金额(美元):纺织纱线、织物及制品:当月同比,月,%,当期同比,广州市,广州海关,getEcoDataIndTextileclothing,2010/1/31,2026/6/30,1,否,,
231,中国:出口金额:纺织制品:当月同比,M7071536,801130,需求,同比,上游,3,中等候选,0.72698,0.564497,2120604170,广州:出口金额(人民币):纺织纱线、织物及制品:当月同比,月,%,当期同比,广州市,广州海关,getEcoDataIndTextileclothing,2014/1/31,2026/6/30,1,否,,
231,中国:出口金额:纺织制品:当月同比,M7071536,801130,需求,同比,上游,4,中等候选,0.652761,0.515694,2030701665,出口金额:橡胶制品:当月同比,月,%,当期同比,全国,Datayes!,getEcoDataIndChemical,2019/1/31,2026/6/30,1,否,,
231,中国:出口金额:纺织制品:当月同比,M7071536,801130,需求,同比,上游,5,中等候选,0.642739,0.421366,2120604042,广州:出口数量:纺织纱线、织物及制品:当月同比,月,%,当期同比,广州市,广州海关,getEcoDataIndTextileclothing,2012/4/30,2026/6/30,1,否,,
232,中国:商品零售额:限额以上单位:服装鞋帽针纺织品类:当月同比(1-2月合并),M0001456,801130,需求,同比,下游,1,弱候选,0.403228,0.178264,2200000456,全国百家重点大型零售企业商品零售额:服装:当月同比,月,%,当期同比,nan,中华全国商业信息中心,getEcoDataIndCommercialtrade,2007/4/30,2026/4/30,1,否,,
232,中国:商品零售额:限额以上单位:服装鞋帽针纺织品类:当月同比(1-2月合并),M0001456,801130,需求,同比,下游,2,弱候选,0.383455,0.167343,2200800010,销售额:重点监测零售企业:针纺织品:当月同比,月,%,当期同比,全国,商务部,getEcoDataIndCommercialtrade,2016/3/31,2021/2/28,1,否,,
232,中国:商品零售额:限额以上单位:服装鞋帽针纺织品类:当月同比(1-2月合并),M0001456,801130,需求,同比,下游,3,弱候选,0.366956,0.171335,1020000183,出口交货值:纺织服装、鞋、帽制造业:当月同比,月,%,当期同比,全国,国家统计局,getEcoDataChina,2007/2/28,2026/6/30,1,否,,
232,中国:商品零售额:限额以上单位:服装鞋帽针纺织品类:当月同比(1-2月合并),M0001456,801130,需求,同比,下游,4,弱候选,0.300072,0.205826,1200200140,天津:社会消费品零售总额:限额以上通过网络实现的零售额:累计同比,月,%,累计同比,天津市,天津市统计局,getEcoDataChinaRegion,2019/2/28,2026/6/30,1,否,,
233,中国:出口金额:服装:当月值,S0270252,801130,需求,当期值,下游,1,中等候选,0.724244,0.630888,2120604284,广州:出口金额(美元):服装及衣着附件:裘皮服装:当月值,月,万美元,当期值,广州市,广州海关,getEcoDataIndTextileclothing,2010/1/31,2026/6/30,1,否,,
233,中国:出口金额:服装:当月值,S0270252,801130,需求,当期值,下游,2,中等候选,0.719753,0.630888,2120604156,广州:出口金额(人民币):服装及衣着附件:裘皮服装:当月值,月,万元,当期值,广州市,广州海关,getEcoDataIndTextileclothing,2015/1/31,2026/6/30,1,否,,
233,中国:出口金额:服装:当月值,S0270252,801130,需求,当期值,下游,3,中等候选,0.695608,0.630888,2120606424,[停]出口金额:服装:荷兰:当月值,月,万美元,当期值,荷兰,中国棉花信息网,getEcoDataIndTextileclothing,2016/1/31,2019/11/30,0,否,,
233,中国:出口金额:服装:当月值,S0270252,801130,需求,当期值,下游,4,中等候选,0.695608,0.630888,2120606423,[停]出口金额:服装:法国:当月值,月,万美元,当期值,法国,中国棉花信息网,getEcoDataIndTextileclothing,2016/1/31,2019/11/30,0,否,,
233,中国:出口金额:服装:当月值,S0270252,801130,需求,当期值,下游,5,中等候选,0.695608,0.630888,2120606420,[停]出口金额:服装:巴西:当月值,月,万美元,当期值,巴西,中国棉花信息网,getEcoDataIndTextileclothing,2016/1/31,2019/11/30,0,否,,
234,中国:市场均价:白卡纸,S9976178,801140,价格,原始值,中游,1,弱候选,0.429356,0.404161,2130000050,市场均价:华东包装纸:白卡:博汇社会卡,月,元/吨,均值,nan,Datayes!,getEcoDataIndLightmanufactue,2008/10/31,2018/2/28,1,否,,
234,中国:市场均价:白卡纸,S9976178,801140,价格,原始值,中游,2,弱候选,0.378723,0.323371,2130000066,市场均价:华东文化纸:双胶纸:银鸽,月,元/吨,均值,nan,Datayes!,getEcoDataIndLightmanufactue,2006/1/31,2016/11/30,1,否,,
234,中国:市场均价:白卡纸,S9976178,801140,价格,原始值,中游,3,弱候选,0.378723,0.323371,2130000065,市场均价:华东文化纸:双胶纸:博汇,月,元/吨,均值,nan,Datayes!,getEcoDataIndLightmanufactue,2006/1/31,2016/11/30,1,否,,
234,中国:市场均价:白卡纸,S9976178,801140,价格,原始值,中游,4,弱候选,0.378723,0.323371,2130000059,市场均价:华东文化纸:铜版纸:大宇,月,元/吨,均值,nan,Datayes!,getEcoDataIndLightmanufactue,2006/1/31,2016/11/30,1,否,,
234,中国:市场均价:白卡纸,S9976178,801140,价格,原始值,中游,5,弱候选,0.372846,0.323371,2130000049,市场均价:华东包装纸:灰底白纸板:永泰(浙江永泰),月,元/吨,均值,nan,Datayes!,getEcoDataIndLightmanufactue,2008/10/31,2018/2/28,1,否,,
235,中国:市场均价:双胶纸,S9976174,801140,价格,原始值,中游,1,弱候选,0.533364,0.548785,2130000066,市场均价:华东文化纸:双胶纸:银鸽,月,元/吨,均值,nan,Datayes!,getEcoDataIndLightmanufactue,2006/1/31,2016/11/30,1,否,,
235,中国:市场均价:双胶纸,S9976174,801140,价格,原始值,中游,2,弱候选,0.533364,0.548785,2130000065,市场均价:华东文化纸:双胶纸:博汇,月,元/吨,均值,nan,Datayes!,getEcoDataIndLightmanufactue,2006/1/31,2016/11/30,1,否,,
235,中国:市场均价:双胶纸,S9976174,801140,价格,原始值,中游,3,弱候选,0.519729,0.548785,2130000064,市场均价:华东文化纸:双胶纸:江西华劲,月,元/吨,均值,nan,Datayes!,getEcoDataIndLightmanufactue,2006/12/31,2016/11/30,1,否,,
235,中国:市场均价:双胶纸,S9976174,801140,价格,原始值,中游,4,弱候选,0.519729,0.548785,2130000061,市场均价:华东文化纸:双胶纸:芬欧汇川,月,元/吨,均值,nan,Datayes!,getEcoDataIndLightmanufactue,2006/1/31,2018/2/28,1,否,,
235,中国:市场均价:双胶纸,S9976174,801140,价格,原始值,中游,5,弱候选,0.502929,0.548785,2130000063,市场均价:华东文化纸:双胶纸:金球(苏州金华盛),月,元/吨,均值,nan,Datayes!,getEcoDataIndLightmanufactue,2006/1/31,2018/2/28,1,否,,
236,中国:产量:自卡纸:当月值,S9986880,801140,产量,当期值,中游,1,中等候选,0.59972,0.29373,2130100016,产量:新闻纸:当月值,月,万吨,当期值,全国,国家统计局,getEcoDataIndLightmanufactue,1989/2/28,2023/12/31,1,否,,
236,中国:产量:自卡纸:当月值,S9986880,801140,产量,当期值,中游,2,弱候选,0.573053,0.29373,2130100024,产量:卫生用纸原纸:当月值,月,万吨,当期值,全国,国家统计局,getEcoDataIndLightmanufactue,2008/1/31,2015/10/31,1,否,,
236,中国:产量:自卡纸:当月值,S9986880,801140,产量,当期值,中游,3,弱候选,0.553053,0.29373,2130100028,产量:未涂布印刷书写用纸:当月值,月,万吨,当期值,全国,国家统计局,getEcoDataIndLightmanufactue,2009/1/31,2015/10/31,1,否,,
236,中国:产量:自卡纸:当月值,S9986880,801140,产量,当期值,中游,4,弱候选,0.505975,0.304202,2080100975,重庆:产量:自行车:当月值,月,辆,当期值,重庆市,国家统计局,getEcoDataIndMachineryequipment,2004/12/31,2015/10/31,1,否,,
236,中国:产量:自卡纸:当月值,S9986880,801140,产量,当期值,中游,5,弱候选,0.505975,0.304202,2080100974,广东:产量:自行车:当月值,月,辆,当期值,广东省,国家统计局,getEcoDataIndMachineryequipment,2002/4/30,2015/10/31,1,否,,
237,中国:产量:双胶纸:当月值,S9986948,801140,产量,当期值,中游,1,中等候选,0.601181,0.296838,2130100016,产量:新闻纸:当月值,月,万吨,当期值,全国,国家统计局,getEcoDataIndLightmanufactue,1989/2/28,2023/12/31,1,否,,
237,中国:产量:双胶纸:当月值,S9986948,801140,产量,当期值,中游,2,弱候选,0.574514,0.296838,2130100024,产量:卫生用纸原纸:当月值,月,万吨,当期值,全国,国家统计局,getEcoDataIndLightmanufactue,2008/1/31,2015/10/31,1,否,,
237,中国:产量:双胶纸:当月值,S9986948,801140,产量,当期值,中游,3,弱候选,0.554514,0.296838,2130100028,产量:未涂布印刷书写用纸:当月值,月,万吨,当期值,全国,国家统计局,getEcoDataIndLightmanufactue,2009/1/31,2015/10/31,1,否,,
237,中国:产量:双胶纸:当月值,S9986948,801140,产量,当期值,中游,4,弱候选,0.481974,0.24888,2130101189,中国:产量:纸浆,年,万吨,当期值,nan,中国造纸年鉴,getEcoDataIndLightmanufactue,1996/12/31,2024/12/31,1,否,,
237,中国:产量:双胶纸:当月值,S9986948,801140,产量,当期值,中游,5,弱候选,0.462529,0.24888,2130101080,中国:产量:纸及纸板,年,万吨,当期值,nan,中国造纸协会,getEcoDataIndLightmanufactue,1996/12/31,2025/12/31,1,否,,
238,中国:参考价:阔叶浆,S9976069,801140,价格,原始值,上游,1,弱候选,0.348894,0.268084,2130000128,天津均价:漂白阔叶浆(金鱼),日,元/吨,均值,nan,国际浆纸网,getEcoDataIndLightmanufactue,2012/8/15,2015/9/25,1,否,,
238,中国:参考价:阔叶浆,S9976069,801140,价格,原始值,上游,2,弱候选,0.348894,0.268084,2130000127,天津均价:漂白阔叶浆(鹦鹉),日,元/吨,均值,nan,国际浆纸网,getEcoDataIndLightmanufactue,2012/8/15,2015/9/25,1,否,,
238,中国:参考价:阔叶浆,S9976069,801140,价格,原始值,上游,3,弱候选,0.348894,0.268084,2130000126,天津均价:漂白阔叶浆(明星),日,元/吨,均值,nan,国际浆纸网,getEcoDataIndLightmanufactue,2012/8/15,2015/9/25,1,否,,
238,中国:参考价:阔叶浆,S9976069,801140,价格,原始值,上游,4,弱候选,0.348894,0.268084,2130000124,天津均价:漂白阔叶浆(布阔),日,元/吨,均值,nan,国际浆纸网,getEcoDataIndLightmanufactue,2013/9/11,2015/9/25,1,否,,
238,中国:参考价:阔叶浆,S9976069,801140,价格,原始值,上游,5,弱候选,0.348894,0.268084,2130000121,山东均价:漂白阔叶浆(金鱼),日,元/吨,均值,nan,国际浆纸网,getEcoDataIndLightmanufactue,2012/8/15,2015/9/25,1,否,,
239,中国:社会消费品零售总额:当月同比(1-2月合并),M0001428,801140,需求,同比,宏观,1,中等候选,0.700325,0.632607,1200900630,上海:社会消费品零售总额:当月同比,月,%,当期同比,上海市,上海市统计局,getEcoDataChinaRegion,2014/2/28,2026/6/30,1,否,,
239,中国:社会消费品零售总额:当月同比(1-2月合并),M0001428,801140,需求,同比,宏观,2,中等候选,0.651192,0.528068,2200000050,社会消费品零售总额:四川:当月同比,月,%,当期同比,四川省,国家统计局,getEcoDataIndCommercialtrade,1995/1/31,2026/6/30,1,否,,
239,中国:社会消费品零售总额:当月同比(1-2月合并),M0001428,801140,需求,同比,宏观,3,中等候选,0.651192,0.528068,2200000049,社会消费品零售总额:海南:当月同比,月,%,当期同比,海南省,国家统计局,getEcoDataIndCommercialtrade,1995/1/31,2025/7/31,1,否,,
239,中国:社会消费品零售总额:当月同比(1-2月合并),M0001428,801140,需求,同比,宏观,4,中等候选,0.651192,0.528068,2200000048,社会消费品零售总额:广东:当月同比,月,%,当期同比,广东省,国家统计局,getEcoDataIndCommercialtrade,1995/1/31,2026/5/31,1,否,,
239,中国:社会消费品零售总额:当月同比(1-2月合并),M0001428,801140,需求,同比,宏观,5,中等候选,0.651192,0.528068,2200000047,社会消费品零售总额:湖南:当月同比,月,%,当期同比,湖南省,国家统计局,getEcoDataIndCommercialtrade,1995/1/31,2025/9/30,1,否,,
240,中国:市场均价:白板纸,S9976179,801140,价格,原始值,中游,1,弱候选,0.378723,0.323371,2130000066,市场均价:华东文化纸:双胶纸:银鸽,月,元/吨,均值,nan,Datayes!,getEcoDataIndLightmanufactue,2006/1/31,2016/11/30,1,否,,
240,中国:市场均价:白板纸,S9976179,801140,价格,原始值,中游,2,弱候选,0.378723,0.323371,2130000065,市场均价:华东文化纸:双胶纸:博汇,月,元/吨,均值,nan,Datayes!,getEcoDataIndLightmanufactue,2006/1/31,2016/11/30,1,否,,
240,中国:市场均价:白板纸,S9976179,801140,价格,原始值,中游,3,弱候选,0.378723,0.323371,2130000059,市场均价:华东文化纸:铜版纸:大宇,月,元/吨,均值,nan,Datayes!,getEcoDataIndLightmanufactue,2006/1/31,2016/11/30,1,否,,
240,中国:市场均价:白板纸,S9976179,801140,价格,原始值,中游,4,弱候选,0.372846,0.323371,2130000049,市场均价:华东包装纸:灰底白纸板:永泰(浙江永泰),月,元/吨,均值,nan,Datayes!,getEcoDataIndLightmanufactue,2008/10/31,2018/2/28,1,否,,
240,中国:市场均价:白板纸,S9976179,801140,价格,原始值,中游,5,弱候选,0.372846,0.323371,2130000048,市场均价:华东包装纸:灰底白纸板:玖龙(东莞玖龙),月,元/吨,均值,nan,Datayes!,getEcoDataIndLightmanufactue,2008/10/31,2018/2/28,1,否,,
241,中国:市场均价:箱板纸,S9976172,801140,价格,原始值,中游,1,弱候选,0.377024,0.319756,2130000066,市场均价:华东文化纸:双胶纸:银鸽,月,元/吨,均值,nan,Datayes!,getEcoDataIndLightmanufactue,2006/1/31,2016/11/30,1,否,,
241,中国:市场均价:箱板纸,S9976172,801140,价格,原始值,中游,2,弱候选,0.377024,0.319756,2130000065,市场均价:华东文化纸:双胶纸:博汇,月,元/吨,均值,nan,Datayes!,getEcoDataIndLightmanufactue,2006/1/31,2016/11/30,1,否,,
241,中国:市场均价:箱板纸,S9976172,801140,价格,原始值,中游,3,弱候选,0.377024,0.319756,2130000059,市场均价:华东文化纸:铜版纸:大宇,月,元/吨,均值,nan,Datayes!,getEcoDataIndLightmanufactue,2006/1/31,2016/11/30,1,否,,
241,中国:市场均价:箱板纸,S9976172,801140,价格,原始值,中游,4,弱候选,0.367285,0.319756,2130000064,市场均价:华东文化纸:双胶纸:江西华劲,月,元/吨,均值,nan,Datayes!,getEcoDataIndLightmanufactue,2006/12/31,2016/11/30,1,否,,
241,中国:市场均价:箱板纸,S9976172,801140,价格,原始值,中游,5,弱候选,0.367285,0.319756,2130000061,市场均价:华东文化纸:双胶纸:芬欧汇川,月,元/吨,均值,nan,Datayes!,getEcoDataIndLightmanufactue,2006/1/31,2018/2/28,1,否,,
242,中国:市场均价:瓦楞纸,S9976177,801140,价格,原始值,中游,1,弱候选,0.376189,0.317979,2130000066,市场均价:华东文化纸:双胶纸:银鸽,月,元/吨,均值,nan,Datayes!,getEcoDataIndLightmanufactue,2006/1/31,2016/11/30,1,否,,
242,中国:市场均价:瓦楞纸,S9976177,801140,价格,原始值,中游,2,弱候选,0.376189,0.317979,2130000065,市场均价:华东文化纸:双胶纸:博汇,月,元/吨,均值,nan,Datayes!,getEcoDataIndLightmanufactue,2006/1/31,2016/11/30,1,否,,
242,中国:市场均价:瓦楞纸,S9976177,801140,价格,原始值,中游,3,弱候选,0.376189,0.317979,2130000059,市场均价:华东文化纸:铜版纸:大宇,月,元/吨,均值,nan,Datayes!,getEcoDataIndLightmanufactue,2006/1/31,2016/11/30,1,否,,
242,中国:市场均价:瓦楞纸,S9976177,801140,价格,原始值,中游,4,弱候选,0.36645,0.317979,2130000064,市场均价:华东文化纸:双胶纸:江西华劲,月,元/吨,均值,nan,Datayes!,getEcoDataIndLightmanufactue,2006/12/31,2016/11/30,1,否,,
242,中国:市场均价:瓦楞纸,S9976177,801140,价格,原始值,中游,5,弱候选,0.36645,0.317979,2130000061,市场均价:华东文化纸:双胶纸:芬欧汇川,月,元/吨,均值,nan,Datayes!,getEcoDataIndLightmanufactue,2006/1/31,2018/2/28,1,否,,
246,中国:出口金额:家具及其零件:当月值,S0071022,801140,需求,当期值,下游,1,中等候选,0.693751,0.630912,2087008113,出口金额(美元):其他家具及其零件(9403):当月值,月,美元,当期值,中国,海关总署,getEcoDataIndMachineryequipment,2015/1/31,2026/6/30,1,否,,
246,中国:出口金额:家具及其零件:当月值,S0071022,801140,需求,当期值,下游,2,中等候选,0.688286,0.630912,2087008115,进出口金额(美元):其他家具及其零件(9403):当月值,月,美元,当期值,中国,海关总署,getEcoDataIndMachineryequipment,2015/1/31,2026/6/30,1,否,,
246,中国:出口金额:家具及其零件:当月值,S0071022,801140,需求,当期值,下游,3,中等候选,0.673529,0.630912,2087023600,出口金额(美元):其他医用家具及其零件(940290):当月值,月,美元,当期值,中国,海关总署,getEcoDataIndMachineryequipment,2015/1/31,2026/6/30,1,否,,
246,中国:出口金额:家具及其零件:当月值,S0071022,801140,需求,当期值,下游,4,中等候选,0.66909,0.630912,2087023602,进出口金额(美元):其他医用家具及其零件(940290):当月值,月,美元,当期值,中国,海关总署,getEcoDataIndMachineryequipment,2015/1/31,2026/6/30,1,否,,
246,中国:出口金额:家具及其零件:当月值,S0071022,801140,需求,当期值,下游,5,中等候选,0.661611,0.437095,2190822294,出口金额(美元):乐器及其零件、附件(92):当月值,月,美元,当期值,中国,海关总署,getEcoDataIndCulture,2015/1/31,2026/6/30,1,否,,
247,中国:商品零售额:限额以上单位:体育、娱乐用品类:当月同比(1-2月合并),M0001459,801140,需求,同比,下游,1,弱候选,0.456474,0.275977,2200800021,销售额:重点监测零售企业:体育娱乐用品:当月同比,月,%,当期同比,全国,商务部,getEcoDataIndCommercialtrade,2016/3/31,2021/2/28,1,否,,
247,中国:商品零售额:限额以上单位:体育、娱乐用品类:当月同比(1-2月合并),M0001459,801140,需求,同比,下游,2,弱候选,0.447609,0.168671,2190822453,进口金额(美元):节日用品或其他娱乐用品(9505):当月同比,月,%,当期同比,中国,海关总署,getEcoDataIndCulture,2016/1/31,2026/6/30,1,否,,
247,中国:商品零售额:限额以上单位:体育、娱乐用品类:当月同比(1-2月合并),M0001459,801140,需求,同比,下游,3,弱候选,0.447609,0.168671,2190822452,出口金额(美元):节日用品或其他娱乐用品(9505):当月同比,月,%,当期同比,中国,海关总署,getEcoDataIndCulture,2016/1/31,2026/6/30,1,否,,
247,中国:商品零售额:限额以上单位:体育、娱乐用品类:当月同比(1-2月合并),M0001459,801140,需求,同比,下游,4,弱候选,0.445912,0.168671,2190822454,进出口金额(美元):节日用品或其他娱乐用品(9505):当月同比,月,%,当期同比,中国,海关总署,getEcoDataIndCulture,2016/1/31,2026/6/30,1,否,,
247,中国:商品零售额:限额以上单位:体育、娱乐用品类:当月同比(1-2月合并),M0001459,801140,需求,同比,下游,5,弱候选,0.436899,0.168671,2190823283,"进口金额(美元):其他节日或娱乐用品,包括魔术道具等(950590):当月同比",月,%,当期同比,中国,海关总署,getEcoDataIndCulture,2016/1/31,2026/6/30,1,否,,
249,中国:社会消费品零售总额:商品零售:当月同比(1-2月合并),M0061659,801200,需求,同比,中游,1,中等候选,0.673829,0.45141,2200000051,社会消费品零售总额:甘肃:当月同比,月,%,当期同比,甘肃省,国家统计局,getEcoDataIndCommercialtrade,1995/1/31,2023/11/30,1,否,,
249,中国:社会消费品零售总额:商品零售:当月同比(1-2月合并),M0061659,801200,需求,同比,中游,2,中等候选,0.673829,0.45141,2200000050,社会消费品零售总额:四川:当月同比,月,%,当期同比,四川省,国家统计局,getEcoDataIndCommercialtrade,1995/1/31,2026/6/30,1,否,,
249,中国:社会消费品零售总额:商品零售:当月同比(1-2月合并),M0061659,801200,需求,同比,中游,3,中等候选,0.673829,0.45141,2200000049,社会消费品零售总额:海南:当月同比,月,%,当期同比,海南省,国家统计局,getEcoDataIndCommercialtrade,1995/1/31,2025/7/31,1,否,,
249,中国:社会消费品零售总额:商品零售:当月同比(1-2月合并),M0061659,801200,需求,同比,中游,4,中等候选,0.673829,0.45141,2200000048,社会消费品零售总额:广东:当月同比,月,%,当期同比,广东省,国家统计局,getEcoDataIndCommercialtrade,1995/1/31,2026/5/31,1,否,,
249,中国:社会消费品零售总额:商品零售:当月同比(1-2月合并),M0061659,801200,需求,同比,中游,5,中等候选,0.673829,0.45141,2200000047,社会消费品零售总额:湖南:当月同比,月,%,当期同比,湖南省,国家统计局,getEcoDataIndCommercialtrade,1995/1/31,2025/9/30,1,否,,
251,中国:实物商品网上零售额,Q9273735,801200,需求,当期值,中游,1,弱候选,0.299053,0.174581,2200000461,全国百家重点大型零售企业商品零售额:同比,年,%,当期同比,nan,中华全国商业信息中心,getEcoDataIndCommercialtrade,2004/12/31,2020/12/31,1,否,,
251,中国:实物商品网上零售额,Q9273735,801200,需求,当期值,中游,2,弱候选,0.29544,0.174581,2200000446,全国50家重点大型零售企业商品零售额:同比,年,%,当期同比,nan,中华全国商业信息中心,getEcoDataIndCommercialtrade,2013/12/31,2017/12/31,1,否,,
251,中国:实物商品网上零售额,Q9273735,801200,需求,当期值,中游,3,弱候选,0.292053,0.174581,2200000463,全国百家重点大型零售企业商品零售额:服装:同比,年,%,当期同比,nan,中华全国商业信息中心,getEcoDataIndCommercialtrade,2011/12/31,2015/12/31,1,否,,
251,中国:实物商品网上零售额,Q9273735,801200,需求,当期值,中游,4,弱候选,0.292053,0.174581,2200000462,全国百家重点大型零售企业商品零售额:食品:同比,年,%,当期同比,nan,中华全国商业信息中心,getEcoDataIndCommercialtrade,2012/12/31,2016/12/31,1,否,,
251,中国:实物商品网上零售额,Q9273735,801200,需求,当期值,中游,5,弱候选,0.292053,0.174581,2200000454,全国百家重点大型零售企业商品零售额:当月同比,月,%,当期同比,nan,中华全国商业信息中心,getEcoDataIndCommercialtrade,2007/4/30,2026/6/30,1,否,,
252,海南:离岛免税购物金额:当月值,K8415957,801200,需求,当期值,中游,1,弱候选,0.51507,0.62827,2180708533,海南离岛免税:购物人次,月,万人,当期值,海南省,海口海关,getEcoDataIndCateringtourism,2011/4/30,2026/6/30,1,否,,
252,海南:离岛免税购物金额:当月值,K8415957,801200,需求,当期值,中游,2,弱候选,0.454297,0.226744,3190000017,南非:进口金额:当月值,月,百万兰特,当期值,南非,南非税务服务部,getEcoDataGlobeRest,2004/1/31,2026/6/30,1,否,,
252,海南:离岛免税购物金额:当月值,K8415957,801200,需求,当期值,中游,3,弱候选,0.454297,0.226744,3190000016,南非:出口金额:当月值,月,百万兰特,当期值,南非,南非税务服务部,getEcoDataGlobeRest,2004/1/31,2026/6/30,1,否,,
252,海南:离岛免税购物金额:当月值,K8415957,801200,需求,当期值,中游,4,弱候选,0.43597,0.226744,2140200110,矿物性药材:出口金额:当月值,月,万美元,当期值,nan,海关总署,getEcoDataIndBiologicalmedicine,2012/1/31,2025/10/31,1,否,,
252,海南:离岛免税购物金额:当月值,K8415957,801200,需求,当期值,中游,5,弱候选,0.43597,0.226744,2140200106,植物性药材:出口金额:当月值,月,万美元,当期值,nan,海关总署,getEcoDataIndBiologicalmedicine,2012/1/31,2019/12/31,1,否,,
253,中国:出口金额:一般贸易:当月值,M0009821,801200,需求,当期值,下游,1,中等候选,0.731403,0.683017,1200900666,上海:出口总额:一般贸易:当月值,月,亿元,当期值,上海市,上海市统计局,getEcoDataChinaRegion,2015/2/28,2026/6/30,1,否,,
253,中国:出口金额:一般贸易:当月值,M0009821,801200,需求,当期值,下游,2,中等候选,0.690322,0.891798,2030200472,[停]甲基丙烯酸甲酯(MMA):出口金额:一般贸易:当月值,月,美元,当期值,nan,Datayes!,getEcoDataIndChemical,2014/5/31,2018/2/28,0,否,,
253,中国:出口金额:一般贸易:当月值,M0009821,801200,需求,当期值,下游,3,中等候选,0.685963,0.716943,2090725961,出口金额:无线耳机、无线耳塞(85176294):一般贸易:当月值,月,美元,当期值,nan,海关总署,getEcoDataIndElectronic,2015/1/31,2026/6/30,1,否,,
253,中国:出口金额:一般贸易:当月值,M0009821,801200,需求,当期值,下游,4,中等候选,0.640033,0.716943,2087048507,出口金额:测试或检验半导体晶圆或器件(包括集成电路)用仪器及装置(90308200):一般贸易:当月值,月,美元,当期值,nan,海关总署,getEcoDataIndMachineryequipment,2015/1/31,2026/6/30,1,否,,
253,中国:出口金额:一般贸易:当月值,M0009821,801200,需求,当期值,下游,5,中等候选,0.58723,0.566447,2090725964,出口数量:无线耳机、无线耳塞(85176294):一般贸易:当月值,月,个,当期值,nan,海关总署,getEcoDataIndElectronic,2015/1/31,2026/6/30,1,否,,
254,中国:社会消费品零售总额:餐饮收入:当月同比(1-2月合并),M0061660,801210,需求,同比,中游,1,中等候选,0.596647,0.448378,1200900632,上海:社会消费品零售总额:住宿餐饮业:当月同比,月,%,当期同比,上海市,上海市统计局,getEcoDataChinaRegion,2014/2/28,2024/12/31,1,否,,
254,中国:社会消费品零售总额:餐饮收入:当月同比(1-2月合并),M0061660,801210,需求,同比,中游,2,弱候选,0.579659,0.42126,2200000049,社会消费品零售总额:海南:当月同比,月,%,当期同比,海南省,国家统计局,getEcoDataIndCommercialtrade,1995/1/31,2025/7/31,1,否,,
254,中国:社会消费品零售总额:餐饮收入:当月同比(1-2月合并),M0061660,801210,需求,同比,中游,3,弱候选,0.579659,0.42126,2200000048,社会消费品零售总额:广东:当月同比,月,%,当期同比,广东省,国家统计局,getEcoDataIndCommercialtrade,1995/1/31,2026/5/31,1,否,,
254,中国:社会消费品零售总额:餐饮收入:当月同比(1-2月合并),M0061660,801210,需求,同比,中游,4,弱候选,0.579659,0.42126,2200000047,社会消费品零售总额:湖南:当月同比,月,%,当期同比,湖南省,国家统计局,getEcoDataIndCommercialtrade,1995/1/31,2025/9/30,1,否,,
254,中国:社会消费品零售总额:餐饮收入:当月同比(1-2月合并),M0061660,801210,需求,同比,中游,5,弱候选,0.579659,0.42126,2200000046,社会消费品零售总额:湖北:当月同比,月,%,当期同比,湖北省,国家统计局,getEcoDataIndCommercialtrade,1995/1/31,2026/6/30,1,否,,
255,中国:高考录取人数,T1018684,801210,需求,当期值,中游,1,弱候选,0.242076,0.245229,2210908532,全国企业年金待遇领取:领取人数,季,万人,当期值,nan,人力资源和社会保障部,getEcoDataIndFinancialservices,2012/12/31,2026/3/31,1,否,,
255,中国:高考录取人数,T1018684,801210,需求,当期值,中游,2,弱候选,0.228679,0.245229,2170012748,郑州:住房公积金提取人数,年,万人,当期值,郑州市,郑州市住房公积金管理中心,getEcoDataIndRealestate,2007/12/31,2025/12/31,1,否,,
255,中国:高考录取人数,T1018684,801210,需求,当期值,中游,3,弱候选,0.226411,0.245229,2210908534,全国企业年金待遇领取:领取人数:分期领取,季,万人,当期值,nan,人力资源和社会保障部,getEcoDataIndFinancialservices,2012/12/31,2026/3/31,1,否,,
255,中国:高考录取人数,T1018684,801210,需求,当期值,中游,4,弱候选,0.223221,0.245229,2210908533,全国企业年金待遇领取:领取人数:一次性领取,季,万人,当期值,nan,人力资源和社会保障部,getEcoDataIndFinancialservices,2012/12/31,2026/3/31,1,否,,
255,中国:高考录取人数,T1018684,801210,需求,当期值,中游,5,弱候选,0.115258,0.245229,2170012753,[停]郑州:住房公积金累计提取人数,年,万人,期末值,郑州市,郑州市住房公积金管理中心,getEcoDataIndRealestate,2006/12/31,2013/12/31,0,否,,
256,中国:招生数:高等教育:普通本专科,M6630861,801210,需求,当期值,中游,1,弱候选,0.304552,0.371387,1050026658,固定资产投资完成额:教育:高等教育:普通高等教育,年,亿元,当期值,全国,国家统计局,getEcoDataChina,2003/12/31,2017/12/31,1,否,,
256,中国:招生数:高等教育:普通本专科,M6630861,801210,需求,当期值,中游,2,弱候选,0.292885,0.371387,1050029004,固定资产投资完成额:其他费用:教育:高等教育:普通高等教育,年,亿元,当期值,全国,国家统计局,getEcoDataChina,2003/12/31,2017/12/31,1,否,,
256,中国:招生数:高等教育:普通本专科,M6630861,801210,需求,当期值,中游,3,弱候选,0.290363,0.371387,1050033246,固定资产投资完成额:在建净规模:教育:高等教育:普通高等教育,年,亿元,当期值,全国,国家统计局,getEcoDataChina,2005/12/31,2012/12/31,1,否,,
256,中国:招生数:高等教育:普通本专科,M6630861,801210,需求,当期值,中游,4,弱候选,0.290363,0.371387,1050031705,固定资产投资完成额:在建总规模:教育:高等教育:普通高等教育,年,亿元,当期值,全国,国家统计局,getEcoDataChina,2005/12/31,2012/12/31,1,否,,
256,中国:招生数:高等教育:普通本专科,M6630861,801210,需求,当期值,中游,5,弱候选,0.290363,0.371387,1050030416,固定资产投资完成额:建设总规模:教育:高等教育:普通高等教育,年,亿元,当期值,全国,国家统计局,getEcoDataChina,2005/12/31,2012/12/31,1,否,,
258,"中国:出厂价:茅台(53度,500ml)",S5200008,801120,价格,原始值,中游,1,中等候选,0.663893,0.78152,2110734936,经销商出厂价:白酒:21年飞天茅台(53度):500ml,日,元/瓶,当期值,全国,Datayes!,getEcoDataIndFoodbeverage,2021/1/23,2026/8/6,1,否,,
258,"中国:出厂价:茅台(53度,500ml)",S5200008,801120,价格,原始值,中游,2,中等候选,0.588634,0.664942,2110734946,批发参考价:飞天茅台:五星茅台(53度):500ml,日,元,当期值,全国,Datayes!,getEcoDataIndFoodbeverage,2022/10/15,2026/3/31,1,否,,
258,"中国:出厂价:茅台(53度,500ml)",S5200008,801120,价格,原始值,中游,3,弱候选,0.579628,0.664942,2110734938,直营店零售价:白酒:21年飞天茅台(53度):500ml,日,元/瓶,当期值,全国,Datayes!,getEcoDataIndFoodbeverage,2021/1/23,2026/8/6,1,否,,
258,"中国:出厂价:茅台(53度,500ml)",S5200008,801120,价格,原始值,中游,4,弱候选,0.579628,0.664942,2110734937,专卖店零售价:白酒:21年飞天茅台(53度):500ml,日,元/瓶,当期值,全国,Datayes!,getEcoDataIndFoodbeverage,2021/1/23,2026/8/6,1,否,,
258,"中国:出厂价:茅台(53度,500ml)",S5200008,801120,价格,原始值,中游,5,弱候选,0.579062,0.62316,2110735109,批发参考价:茅台集团:台源(53度):500ml,日,元,当期值,全国,Datayes!,getEcoDataIndFoodbeverage,2023/4/18,2026/8/6,1,否,,
259,中国:批发参考价:五粮液:1618,C0182527,801120,价格,原始值,中游,1,弱候选,0.550621,0.550968,2110731589,行情价:五粮液:1618,日,元/瓶,当期值,中国,Datayes!,getEcoDataIndFoodbeverage,2020/9/21,2026/6/7,1,否,,
259,中国:批发参考价:五粮液:1618,C0182527,801120,价格,原始值,中游,2,弱候选,0.505975,0.505621,2110713182,五粮液:1618:批发价,日,元,当期值,nan,Datayes!,getEcoDataIndFoodbeverage,2020/7/14,2021/8/3,1,否,,
259,中国:批发参考价:五粮液:1618,C0182527,801120,价格,原始值,中游,3,弱候选,0.49455,0.466203,2110713201,五粮液:1618:市场价,日,元,当期值,nan,Datayes!,getEcoDataIndFoodbeverage,2020/7/14,2021/8/3,1,否,,
259,中国:批发参考价:五粮液:1618,C0182527,801120,价格,原始值,中游,4,弱候选,0.491234,0.523902,2110734981,批发参考价:五粮液:十年(50度):500ml,日,元,当期值,全国,Datayes!,getEcoDataIndFoodbeverage,2022/10/15,2024/4/19,1,否,,
259,中国:批发参考价:五粮液:1618,C0182527,801120,价格,原始值,中游,5,弱候选,0.491234,0.523902,2110734980,批发参考价:五粮液:金装(52度):500ml,日,元,当期值,全国,Datayes!,getEcoDataIndFoodbeverage,2022/10/15,2026/8/6,1,否,,
260,中国:出厂价:国窖1573:泸州老窖,S5200010,801120,价格,原始值,中游,1,弱候选,0.465004,0.557456,2110718055,批发价:泸州老窖系列:国窖1573(52%vol 500ml),日,元,当期值,中国,今日酒价,getEcoDataIndFoodbeverage,2021/2/20,2026/8/7,1,否,,
260,中国:出厂价:国窖1573:泸州老窖,S5200010,801120,价格,原始值,中游,2,弱候选,0.285533,0.200807,2110706643,泸州老窖:销量:酒类:累计值,年,吨,累计值,nan,上市公司公告,getEcoDataIndFoodbeverage,2015/12/31,2025/12/31,1,否,,
260,中国:出厂价:国窖1573:泸州老窖,S5200010,801120,价格,原始值,中游,3,弱候选,0.285533,0.200807,2110706635,泸州老窖:库存量:酒类:期末值,年,吨,期末值,nan,上市公司公告,getEcoDataIndFoodbeverage,2015/12/31,2025/12/31,1,否,,
260,中国:出厂价:国窖1573:泸州老窖,S5200010,801120,价格,原始值,中游,4,弱候选,0.285533,0.200807,2110706627,泸州老窖:产量:酒类:累计值,年,吨,累计值,nan,上市公司公告,getEcoDataIndFoodbeverage,2015/12/31,2025/12/31,1,否,,
260,中国:出厂价:国窖1573:泸州老窖,S5200010,801120,价格,原始值,中游,5,弱候选,0.282342,0.200807,2110706645,泸州老窖:销量:酒类:累计同比,年,%,累计同比,nan,上市公司公告,getEcoDataIndFoodbeverage,2015/12/31,2025/12/31,1,否,,
261,中国:商品零售额:限额以上单位:烟酒类:当月同比(1-2月合并),M0073702,801120,需求,同比,下游,1,弱候选,0.465359,0.166722,2110200038,进口金额:酒类:当月同比,月,%,当期同比,nan,海关总署,getEcoDataIndFoodbeverage,2009/1/31,2019/12/31,1,否,,
261,中国:商品零售额:限额以上单位:烟酒类:当月同比(1-2月合并),M0073702,801120,需求,同比,下游,2,弱候选,0.449359,0.166722,2110200004,进口数量:酒类:当月同比,月,%,当期同比,nan,海关总署,getEcoDataIndFoodbeverage,2009/1/31,2019/12/31,1,否,,
261,中国:商品零售额:限额以上单位:烟酒类:当月同比(1-2月合并),M0073702,801120,需求,同比,下游,3,弱候选,0.415863,0.210902,2200000454,全国百家重点大型零售企业商品零售额:当月同比,月,%,当期同比,nan,中华全国商业信息中心,getEcoDataIndCommercialtrade,2007/4/30,2026/6/30,1,否,,
261,中国:商品零售额:限额以上单位:烟酒类:当月同比(1-2月合并),M0073702,801120,需求,同比,下游,4,弱候选,0.410791,0.210902,2200000456,全国百家重点大型零售企业商品零售额:服装:当月同比,月,%,当期同比,nan,中华全国商业信息中心,getEcoDataIndCommercialtrade,2007/4/30,2026/4/30,1,否,,
261,中国:商品零售额:限额以上单位:烟酒类:当月同比(1-2月合并),M0073702,801120,需求,同比,下游,5,弱候选,0.410791,0.210902,2200000455,全国百家重点大型零售企业商品零售额:食品:当月同比,月,%,当期同比,nan,中华全国商业信息中心,getEcoDataIndCommercialtrade,2007/4/30,2026/4/30,1,否,,
262,中国:进口平均单价:大麦:当月值,S0117045,801120,价格,当期值,上游,1,中等候选,0.714833,0.489006,2110200051,进口平均单价:食糖:当月值,月,美元/吨,均值,nan,Datayes!,getEcoDataIndFoodbeverage,1998/2/28,2026/6/30,1,否,,
262,中国:进口平均单价:大麦:当月值,S0117045,801120,价格,当期值,上游,2,中等候选,0.714833,0.489006,2110200048,进口平均单价:纸烟:当月值,月,美元/条,均值,nan,Datayes!,getEcoDataIndFoodbeverage,1998/1/31,2019/12/31,1,否,,
262,中国:进口平均单价:大麦:当月值,S0117045,801120,价格,当期值,上游,3,中等候选,0.714833,0.489006,2110200042,进口平均单价:啤酒:当月值,月,美元/千升,均值,nan,Datayes!,getEcoDataIndFoodbeverage,2008/1/31,2026/6/30,1,否,,
262,中国:进口平均单价:大麦:当月值,S0117045,801120,价格,当期值,上游,4,中等候选,0.714833,0.489006,2110200039,进口平均单价:酒类:当月值,月,美元/千升,均值,nan,Datayes!,getEcoDataIndFoodbeverage,2008/1/31,2019/12/31,1,否,,
262,中国:进口平均单价:大麦:当月值,S0117045,801120,价格,当期值,上游,5,中等候选,0.706433,0.489006,2110200045,进口平均单价:葡萄酒:当月值,月,美元/千升,均值,nan,Datayes!,getEcoDataIndFoodbeverage,2008/1/31,2026/6/30,1,否,,
263,中国:主产区:平均价:生鲜乳,S0143880,801120,价格,原始值,上游,1,弱候选,0.396169,0.476171,2010001849,市场价:生鲜乳:主产省(区),月,元/公斤,当期值,nan,中国农业农村部,getEcoDataIndAgricultural,2010/2/28,2026/6/30,1,否,,
263,中国:主产区:平均价:生鲜乳,S0143880,801120,价格,原始值,上游,2,弱候选,0.396169,0.476171,2010001824,市场价:生鲜乳:主产省(区),周,元/公斤,均值,nan,中国农业农村部,getEcoDataIndAgricultural,2010/9/8,2026/7/30,1,否,,
263,中国:主产区:平均价:生鲜乳,S0143880,801120,价格,原始值,上游,3,弱候选,0.382134,0.476171,2010001885,市场价:生鲜乳:主产省(区):环比,月,%,当期环比,nan,中国农业农村部,getEcoDataIndAgricultural,2010/2/28,2026/6/30,1,否,,
263,中国:主产区:平均价:生鲜乳,S0143880,801120,价格,原始值,上游,4,弱候选,0.382134,0.476171,2010001826,市场价:生鲜乳:主产省(区):同比,周,%,当期同比,nan,中国农业农村部,getEcoDataIndAgricultural,2010/9/8,2026/7/30,1,否,,
263,中国:主产区:平均价:生鲜乳,S0143880,801120,价格,原始值,上游,5,弱候选,0.376073,0.476171,2010001825,市场价:生鲜乳:主产省(区):周环比,周,%,当期环比,nan,中国农业农村部,getEcoDataIndAgricultural,2010/9/8,2026/7/30,1,否,,
265,中国:平均价:棕榈油,S0142919,801120,价格,原始值,上游,1,中等候选,0.589255,0.753735,1040002085,国内期货价格:棕榈油,月,元/吨,当期值,全国,商务部,getEcoDataChina,2009/7/31,2026/7/31,1,否,,
265,中国:平均价:棕榈油,S0142919,801120,价格,原始值,上游,2,中等候选,0.589255,0.753735,1040001922,国内期货价格:棕榈油,周,元/吨,当期值,全国,商务部,getEcoDataChina,2009/7/31,2026/7/31,1,否,,
265,中国:平均价:棕榈油,S0142919,801120,价格,原始值,上游,3,弱候选,0.565922,0.753735,2010002732,现货价:棕榈油(24度),日,元/吨,均值,nan,Datayes!,getEcoDataIndAgricultural,2013/6/25,2025/11/17,1,否,,
265,中国:平均价:棕榈油,S0142919,801120,价格,原始值,上游,4,弱候选,0.543961,0.753735,2010002738,现货价:棕榈油(24度):福建,日,元/吨,当期值,福建省,Datayes!,getEcoDataIndAgricultural,2013/6/25,2025/11/17,1,否,,
265,中国:平均价:棕榈油,S0142919,801120,价格,原始值,上游,5,弱候选,0.543961,0.753735,2010002737,现货价:棕榈油(24度):宁波,日,元/吨,当期值,宁波市,Datayes!,getEcoDataIndAgricultural,2013/6/25,2025/11/17,1,否,,
266,中国:社会消费品零售总额:餐饮收入:当月同比(1-2月合并),M0061660,801120,需求,同比,下游,1,中等候选,0.596647,0.448378,1200900632,上海:社会消费品零售总额:住宿餐饮业:当月同比,月,%,当期同比,上海市,上海市统计局,getEcoDataChinaRegion,2014/2/28,2024/12/31,1,否,,
266,中国:社会消费品零售总额:餐饮收入:当月同比(1-2月合并),M0061660,801120,需求,同比,下游,2,弱候选,0.579659,0.42126,2200000049,社会消费品零售总额:海南:当月同比,月,%,当期同比,海南省,国家统计局,getEcoDataIndCommercialtrade,1995/1/31,2025/7/31,1,否,,
266,中国:社会消费品零售总额:餐饮收入:当月同比(1-2月合并),M0061660,801120,需求,同比,下游,3,弱候选,0.579659,0.42126,2200000048,社会消费品零售总额:广东:当月同比,月,%,当期同比,广东省,国家统计局,getEcoDataIndCommercialtrade,1995/1/31,2026/5/31,1,否,,
266,中国:社会消费品零售总额:餐饮收入:当月同比(1-2月合并),M0061660,801120,需求,同比,下游,4,弱候选,0.579659,0.42126,2200000047,社会消费品零售总额:湖南:当月同比,月,%,当期同比,湖南省,国家统计局,getEcoDataIndCommercialtrade,1995/1/31,2025/9/30,1,否,,
266,中国:社会消费品零售总额:餐饮收入:当月同比(1-2月合并),M0061660,801120,需求,同比,下游,5,弱候选,0.579659,0.42126,2200000046,社会消费品零售总额:湖北:当月同比,月,%,当期同比,湖北省,国家统计局,getEcoDataIndCommercialtrade,1995/1/31,2026/6/30,1,否,,
267,期货结算价(活跃合约):CBOT玉米,S0180935,801010,价格,原始值,中游,1,弱候选,0.414398,0.393518,2010300884,CBOT:玉米:总计持仓:其他,周,5000蒲式耳,当期值,全球,CFTC,getEcoDataIndAgricultural,2010/1/5,2026/7/28,1,否,,
267,期货结算价(活跃合约):CBOT玉米,S0180935,801010,价格,原始值,中游,2,弱候选,0.414398,0.393518,2010300852,CBOT:玉米:总计持仓:所有,周,5000蒲式耳,当期值,全球,CFTC,getEcoDataIndAgricultural,2010/1/5,2026/7/28,1,否,,
267,期货结算价(活跃合约):CBOT玉米,S0180935,801010,价格,原始值,中游,3,弱候选,0.410523,0.423098,1040001957,国际期货价格:CBOT:玉米,周,美分/56磅,当期值,全国,商务部,getEcoDataChina,2005/4/8,2026/7/31,1,否,,
267,期货结算价(活跃合约):CBOT玉米,S0180935,801010,价格,原始值,中游,4,弱候选,0.405816,0.393518,2010300868,CBOT:玉米:总计持仓:原有持仓,周,5000蒲式耳,当期值,全球,CFTC,getEcoDataIndAgricultural,2010/1/5,2026/7/28,1,否,,
267,期货结算价(活跃合约):CBOT玉米,S0180935,801010,价格,原始值,中游,5,弱候选,0.401954,0.393518,2010300899,CBOT:玉米:非报告头寸:空头:其他,周,5000蒲式耳,当期值,全球,CFTC,getEcoDataIndAgricultural,2010/1/5,2026/7/28,1,否,,
268,泰国:国际现货价:大米(25%),S5007746,801010,价格,原始值,中游,1,中等候选,0.58878,0.697851,1040002101,国际现货价格:大米(25%),月,美元/吨,当期值,全国,商务部,getEcoDataChina,2005/4/30,2026/7/31,1,否,,
268,泰国:国际现货价:大米(25%),S5007746,801010,价格,原始值,中游,2,中等候选,0.58878,0.697851,1040001935,国际现货价格:大米(25%),周,美元/吨,当期值,全国,商务部,getEcoDataChina,2005/4/8,2026/7/31,1,否,,
268,泰国:国际现货价:大米(25%),S5007746,801010,价格,原始值,中游,3,弱候选,0.458993,0.460032,1040002102,国际现货价格:大米(5%),月,美元/吨,当期值,全国,商务部,getEcoDataChina,2005/4/30,2026/7/31,1,否,,
268,泰国:国际现货价:大米(25%),S5007746,801010,价格,原始值,中游,4,弱候选,0.458993,0.460032,1040001936,国际现货价格:大米(5%),周,美元/吨,当期值,全国,商务部,getEcoDataChina,2005/4/8,2026/7/31,1,否,,
268,泰国:国际现货价:大米(25%),S5007746,801010,价格,原始值,中游,5,弱候选,0.418057,0.460032,1040002089,国际现货价格:大米(10%),月,美元/吨,当期值,全国,商务部,getEcoDataChina,2005/1/31,2026/7/31,1,否,,
269,中国:平均价:生猪饲料,S5063761,801010,价格,原始值,上游,1,弱候选,0.441087,0.397349,2010711926,价格:生猪:外三元,日,元/公斤,当期值,全国,博亚和讯,getEcoDataIndAgricultural,2016/1/4,2026/8/7,1,否,,
269,中国:平均价:生猪饲料,S5063761,801010,价格,原始值,上游,2,弱候选,0.431754,0.397349,2010001700,盈利价格:生猪:江西,日,元/头,当期值,江西省,Datayes!,getEcoDataIndAgricultural,2013/5/23,2025/11/17,1,否,,
269,中国:平均价:生猪饲料,S5063761,801010,价格,原始值,上游,3,弱候选,0.431754,0.397349,2010001699,盈利价格:生猪:广东,日,元/头,当期值,广东省,Datayes!,getEcoDataIndAgricultural,2013/5/23,2025/11/17,1,否,,
269,中国:平均价:生猪饲料,S5063761,801010,价格,原始值,上游,4,弱候选,0.431754,0.397349,2010001698,盈利价格:生猪:湖北,日,元/头,当期值,湖北省,Datayes!,getEcoDataIndAgricultural,2013/5/23,2025/11/17,1,否,,
269,中国:平均价:生猪饲料,S5063761,801010,价格,原始值,上游,5,弱候选,0.431754,0.397349,2010001697,盈利价格:生猪:四川,日,元/头,当期值,四川省,Datayes!,getEcoDataIndAgricultural,2013/5/23,2025/11/17,1,否,,
270,中国:存栏数:生猪:同比,S0109325,801010,库存,同比,中游,1,弱候选,0.519632,0.170056,2010101473,全国:生猪存栏:同比,月,%,当期同比,nan,中国农业农村部,getEcoDataIndAgricultural,2009/12/31,2026/6/30,1,否,,
270,中国:存栏数:生猪:同比,S0109325,801010,库存,同比,中游,2,弱候选,0.486691,0.170056,2010730597,生猪存栏:累计同比,季,%,期末同比,nan,国家统计局,getEcoDataIndAgricultural,2007/12/31,2026/6/30,1,否,,
270,中国:存栏数:生猪:同比,S0109325,801010,库存,同比,中游,3,弱候选,0.475235,0.187733,2010001773,市场价:活猪:同比,周,%,当期同比,nan,中国农业农村部,getEcoDataIndAgricultural,2010/9/8,2026/7/30,1,否,,
270,中国:存栏数:生猪:同比,S0109325,801010,库存,同比,中游,4,弱候选,0.475235,0.187733,2010001772,市场价:仔猪:同比,周,%,当期同比,nan,中国农业农村部,getEcoDataIndAgricultural,2010/9/8,2026/7/30,1,否,,
270,中国:存栏数:生猪:同比,S0109325,801010,库存,同比,中游,5,弱候选,0.320531,0.220279,2010728669,价格指数:生猪,日,2015年=100,当期值,nan,新牧网,getEcoDataIndAgricultural,2013/4/1,2026/8/7,1,否,,
271,期货结算价(活跃合约):黄玉米/期货结算价(1月交割连续):玉米,S0181377,801010,价格,原始值,中游,1,弱候选,0.311765,0.195517,2010723912,结算价:大商所:玉米期货价格指数,年,点,当期值,全国,大连商品交易所,getEcoDataIndAgricultural,2013/12/31,2025/12/31,1,否,,
271,期货结算价(活跃合约):黄玉米/期货结算价(1月交割连续):玉米,S0181377,801010,价格,原始值,中游,2,弱候选,0.311765,0.195517,2010723819,结算价:大商所:玉米期货价格指数,月,点,当期值,全国,大连商品交易所,getEcoDataIndAgricultural,2013/1/31,2026/7/31,1,否,,
271,期货结算价(活跃合约):黄玉米/期货结算价(1月交割连续):玉米,S0181377,801010,价格,原始值,中游,3,弱候选,0.311765,0.195517,2010723726,结算价:大商所:玉米期货价格指数,周,点,当期值,全国,大连商品交易所,getEcoDataIndAgricultural,2013/1/4,2026/8/7,1,否,,
271,期货结算价(活跃合约):黄玉米/期货结算价(1月交割连续):玉米,S0181377,801010,价格,原始值,中游,4,弱候选,0.311765,0.195517,2010723633,结算价:大商所:玉米期货价格指数,日,点,当期值,全国,大连商品交易所,getEcoDataIndAgricultural,2013/1/4,2026/8/7,1,否,,
271,期货结算价(活跃合约):黄玉米/期货结算价(1月交割连续):玉米,S0181377,801010,价格,原始值,中游,5,弱候选,0.310501,0.215563,2010723919,结算价:大商所:玉米期货主力合约价格指数,年,点,当期值,全国,大连商品交易所,getEcoDataIndAgricultural,2013/12/31,2025/12/31,1,否,,
272,期货结算价(活跃合约):豆粕,S0181371,801010,价格,原始值,中游,1,弱候选,0.472275,0.534628,2130700003,期货结算价(活跃):纸浆,日,元/吨,当期值,全国,上海期货交易所,getEcoDataIndLightmanufactue,2018/11/27,2026/8/7,1,否,,
272,期货结算价(活跃合约):豆粕,S0181371,801010,价格,原始值,中游,2,弱候选,0.416275,0.534628,2020751735,新交所苯对石脑油价差期货:结算价(活跃),日,美元/吨,当期值,nan,新加坡期货交易所,getEcoDataIndEnergy,2017/3/27,2026/8/7,1,否,,
272,期货结算价(活跃合约):豆粕,S0181371,801010,价格,原始值,中游,3,弱候选,0.416275,0.534628,2020751726,新交所新加坡粘度油差期货:结算价(活跃),日,美元/吨,当期值,nan,新加坡期货交易所,getEcoDataIndEnergy,2013/4/8,2026/8/7,1,否,,
272,期货结算价(活跃合约):豆粕,S0181371,801010,价格,原始值,中游,4,弱候选,0.402727,0.534628,2020751738,新交所对二甲苯对石脑油价差期货:结算价(活跃),日,美元/吨,当期值,nan,新加坡期货交易所,getEcoDataIndEnergy,2017/3/27,2026/8/7,1,否,,
272,期货结算价(活跃合约):豆粕,S0181371,801010,价格,原始值,中游,5,弱候选,0.395063,0.534628,2020751732,新交所普氏石脑油CFR日本指数期货:结算价(活跃),日,美元/吨,当期值,nan,新加坡期货交易所,getEcoDataIndEnergy,2013/4/8,2026/8/7,1,否,,
273,期货结算价(活跃合约):CBOT大豆,S0180962,801010,价格,原始值,中游,1,弱候选,0.415315,0.395469,2010302842,CBOT:大豆:总计持仓:其他,周,5000蒲式耳,当期值,全球,CFTC,getEcoDataIndAgricultural,2010/1/5,2026/7/28,1,否,,
273,期货结算价(活跃合约):CBOT大豆,S0180962,801010,价格,原始值,中游,2,弱候选,0.415315,0.395469,2010302810,CBOT:大豆:总计持仓:所有,周,5000蒲式耳,当期值,全球,CFTC,getEcoDataIndAgricultural,2010/1/5,2026/7/28,1,否,,
273,期货结算价(活跃合约):CBOT大豆,S0180962,801010,价格,原始值,中游,3,弱候选,0.411395,0.424953,1040001958,国际期货价格:CBOT:大豆,周,美分/60磅,当期值,全国,商务部,getEcoDataChina,2005/4/8,2026/7/31,1,否,,
273,期货结算价(活跃合约):CBOT大豆,S0180962,801010,价格,原始值,中游,4,弱候选,0.406733,0.395469,2010302826,CBOT:大豆:总计持仓:原有持仓,周,5000蒲式耳,当期值,全球,CFTC,getEcoDataIndAgricultural,2010/1/5,2026/7/28,1,否,,
273,期货结算价(活跃合约):CBOT大豆,S0180962,801010,价格,原始值,中游,5,弱候选,0.402871,0.395469,2010302857,CBOT:大豆:非报告头寸:空头:其他,周,5000蒲式耳,当期值,全球,CFTC,getEcoDataIndAgricultural,2010/1/5,2026/7/28,1,否,,
274,期货结算价(活跃合约):白砂糖,S0181366,801010,价格,原始值,中游,1,弱候选,0.432546,0.469955,2130700003,期货结算价(活跃):纸浆,日,元/吨,当期值,全国,上海期货交易所,getEcoDataIndLightmanufactue,2018/11/27,2026/8/7,1,否,,
274,期货结算价(活跃合约):白砂糖,S0181366,801010,价格,原始值,中游,2,弱候选,0.381051,0.469955,2020751735,新交所苯对石脑油价差期货:结算价(活跃),日,美元/吨,当期值,nan,新加坡期货交易所,getEcoDataIndEnergy,2017/3/27,2026/8/7,1,否,,
274,期货结算价(活跃合约):白砂糖,S0181366,801010,价格,原始值,中游,3,弱候选,0.381051,0.469955,2020751726,新交所新加坡粘度油差期货:结算价(活跃),日,美元/吨,当期值,nan,新加坡期货交易所,getEcoDataIndEnergy,2013/4/8,2026/8/7,1,否,,
274,期货结算价(活跃合约):白砂糖,S0181366,801010,价格,原始值,中游,4,弱候选,0.368379,0.469955,2020751738,新交所对二甲苯对石脑油价差期货:结算价(活跃),日,美元/吨,当期值,nan,新加坡期货交易所,getEcoDataIndEnergy,2017/3/27,2026/8/7,1,否,,
274,期货结算价(活跃合约):白砂糖,S0181366,801010,价格,原始值,中游,5,弱候选,0.361173,0.469955,2020751732,新交所普氏石脑油CFR日本指数期货:结算价(活跃),日,美元/吨,当期值,nan,新加坡期货交易所,getEcoDataIndEnergy,2013/4/8,2026/8/7,1,否,,
275,中国:存栏数:能繁母猪,S0114187,801010,库存,当期值,中游,1,弱候选,0.474078,0.434835,2010101474,全国:能繁母猪存栏,月,万头,期末值,nan,中国种猪信息网,getEcoDataIndAgricultural,2009/1/31,2026/6/30,1,否,,
275,中国:存栏数:能繁母猪,S0114187,801010,库存,当期值,中游,2,弱候选,0.456741,0.434835,2010101476,全国:能繁母猪存栏:同比,月,%,当期同比,nan,中国农业农村部,getEcoDataIndAgricultural,2009/12/31,2026/6/30,1,否,,
275,中国:存栏数:能繁母猪,S0114187,801010,库存,当期值,中游,3,弱候选,0.456741,0.434835,2010101475,全国:能繁母猪存栏:环比,月,%,当期环比,nan,中国农业农村部,getEcoDataIndAgricultural,2009/1/31,2026/6/30,1,否,,
275,中国:存栏数:能繁母猪,S0114187,801010,库存,当期值,中游,4,弱候选,0.433817,0.434835,2010730598,能繁母猪存栏:期末值,季,万头,期末值,nan,国家统计局,getEcoDataIndAgricultural,2020/3/31,2026/6/30,1,否,,
275,中国:存栏数:能繁母猪,S0114187,801010,库存,当期值,中游,5,弱候选,0.427267,0.434835,2010730599,能繁母猪存栏:期末同比,季,%,期末同比,nan,国家统计局,getEcoDataIndAgricultural,2007/12/31,2026/6/30,1,否,,
276,中国:养殖利润:自繁自养生猪,S5021738,801010,盈利,当期值,中游,1,弱候选,0.479182,0.243791,2010723882,最低价:大商所:蛋鸡养殖利润指数,年,点,当期值,全国,大连商品交易所,getEcoDataIndAgricultural,2019/12/31,2025/12/31,1,否,,
276,中国:养殖利润:自繁自养生猪,S5021738,801010,盈利,当期值,中游,2,弱候选,0.479182,0.243791,2010723859,最高价:大商所:蛋鸡养殖利润指数,年,点,当期值,全国,大连商品交易所,getEcoDataIndAgricultural,2019/12/31,2025/12/31,1,否,,
276,中国:养殖利润:自繁自养生猪,S5021738,801010,盈利,当期值,中游,3,弱候选,0.479182,0.243791,2010723789,最低价:大商所:蛋鸡养殖利润指数,月,点,当期值,全国,大连商品交易所,getEcoDataIndAgricultural,2019/12/31,2026/7/31,1,否,,
276,中国:养殖利润:自繁自养生猪,S5021738,801010,盈利,当期值,中游,4,弱候选,0.479182,0.243791,2010723766,最高价:大商所:蛋鸡养殖利润指数,月,点,当期值,全国,大连商品交易所,getEcoDataIndAgricultural,2019/12/31,2026/7/31,1,否,,
276,中国:养殖利润:自繁自养生猪,S5021738,801010,盈利,当期值,中游,5,弱候选,0.479182,0.243791,2010723696,最低价:大商所:蛋鸡养殖利润指数,周,点,当期值,全国,大连商品交易所,getEcoDataIndAgricultural,2019/12/13,2026/8/7,1,否,,
277,中国:大中城市:出场价格:生猪,S0114183,801010,价格,原始值,中游,1,弱候选,0.542899,0.272126,2010401661,大中城市蔬菜:成本收益:平均出售价格,年,元/50公斤主产品,当期值,全国,全国农产品成本收益资料汇编,getEcoDataIndAgricultural,2004/12/31,2024/12/31,1,否,,
277,中国:大中城市:出场价格:生猪,S0114183,801010,价格,原始值,中游,2,弱候选,0.494819,0.216859,2010711926,价格:生猪:外三元,日,元/公斤,当期值,全国,博亚和讯,getEcoDataIndAgricultural,2016/1/4,2026/8/7,1,否,,
277,中国:大中城市:出场价格:生猪,S0114183,801010,价格,原始值,中游,3,弱候选,0.488924,0.216859,2010001700,盈利价格:生猪:江西,日,元/头,当期值,江西省,Datayes!,getEcoDataIndAgricultural,2013/5/23,2025/11/17,1,否,,
277,中国:大中城市:出场价格:生猪,S0114183,801010,价格,原始值,中游,4,弱候选,0.488924,0.216859,2010001699,盈利价格:生猪:广东,日,元/头,当期值,广东省,Datayes!,getEcoDataIndAgricultural,2013/5/23,2025/11/17,1,否,,
277,中国:大中城市:出场价格:生猪,S0114183,801010,价格,原始值,中游,5,弱候选,0.488924,0.216859,2010001698,盈利价格:生猪:湖北,日,元/头,当期值,湖北省,Datayes!,getEcoDataIndAgricultural,2013/5/23,2025/11/17,1,否,,
278,山东:烟台:出场价(棚前):白羽肉毛鸡(二类厂),S5021677,801010,价格,原始值,中游,1,弱候选,0.414627,0.389735,2010622882,出厂价:全国白羽肉毛鸡:山东:烟台,日,元/斤,当期值,烟台市,博亚和讯,getEcoDataIndAgricultural,2011/8/15,2026/8/7,1,否,,
278,山东:烟台:出场价(棚前):白羽肉毛鸡(二类厂),S5021677,801010,价格,原始值,中游,2,弱候选,0.353569,0.259824,2010622884,出厂价:全国白羽肉毛鸡:山东:青岛,日,元/斤,当期值,青岛市,博亚和讯,getEcoDataIndAgricultural,2011/8/15,2026/8/7,1,否,,
278,山东:烟台:出场价(棚前):白羽肉毛鸡(二类厂),S5021677,801010,价格,原始值,中游,3,弱候选,0.353569,0.259824,2010622883,出厂价:全国白羽肉毛鸡:山东:菏泽,日,元/斤,当期值,菏泽市,博亚和讯,getEcoDataIndAgricultural,2011/8/15,2026/8/7,1,否,,
278,山东:烟台:出场价(棚前):白羽肉毛鸡(二类厂),S5021677,801010,价格,原始值,中游,4,弱候选,0.353569,0.259824,2010622881,出厂价:全国白羽肉毛鸡:山东:潍坊,日,元/斤,当期值,潍坊市,博亚和讯,getEcoDataIndAgricultural,2011/8/15,2026/8/7,1,否,,
278,山东:烟台:出场价(棚前):白羽肉毛鸡(二类厂),S5021677,801010,价格,原始值,中游,5,弱候选,0.353569,0.259824,2010622880,出厂价:全国白羽肉毛鸡:山东:枣庄,日,元/斤,当期值,枣庄市,博亚和讯,getEcoDataIndAgricultural,2011/8/15,2026/8/7,1,否,,
279,中国:预期盈利:肉鸡养殖,S5065118,801010,盈利,当期值,中游,1,弱候选,0.553367,0.55681,2010004191,预期盈利:肉鸡(活鸡),周,元/只,当期值,全国,发改委,getEcoDataIndAgricultural,2016/1/13,2026/6/24,1,否,,
279,中国:预期盈利:肉鸡养殖,S5065118,801010,盈利,当期值,中游,2,弱候选,0.425389,0.309339,2010004200,预期盈利:鸡蛋,周,元/只,当期值,全国,发改委,getEcoDataIndAgricultural,2016/1/13,2026/6/24,1,否,,
279,中国:预期盈利:肉鸡养殖,S5065118,801010,盈利,当期值,中游,3,弱候选,0.390389,0.309339,2010004183,预期盈利:生猪,周,元/头,当期值,全国,发改委,getEcoDataIndAgricultural,2016/1/13,2026/7/1,1,否,,
279,中国:预期盈利:肉鸡养殖,S5065118,801010,盈利,当期值,中游,4,弱候选,0.263243,0.181275,2010723882,最低价:大商所:蛋鸡养殖利润指数,年,点,当期值,全国,大连商品交易所,getEcoDataIndAgricultural,2019/12/31,2025/12/31,1,否,,
279,中国:预期盈利:肉鸡养殖,S5065118,801010,盈利,当期值,中游,5,弱候选,0.263243,0.181275,2010723859,最高价:大商所:蛋鸡养殖利润指数,年,点,当期值,全国,大连商品交易所,getEcoDataIndAgricultural,2019/12/31,2025/12/31,1,否,,
280,中国:单价:布洛芬,S6205724,801150,价格,原始值,上游,1,弱候选,0.349741,0.30409,2140817608,仿制药通过一致性评价数:布洛芬片,不定期,个,期末值,全国,国家药品监督管理局,getEcoDataIndBiologicalmedicine,2019/12/2,2023/1/6,1,否,,
280,中国:单价:布洛芬,S6205724,801150,价格,原始值,上游,2,弱候选,0.345314,0.30409,2140817607,仿制药通过一致性评价数:布洛芬颗粒,不定期,个,期末值,全国,国家药品监督管理局,getEcoDataIndBiologicalmedicine,2019/10/18,2022/12/26,1,否,,
280,中国:单价:布洛芬,S6205724,801150,价格,原始值,上游,3,弱候选,0.341256,0.30409,2140817609,仿制药通过一致性评价数:布洛芬注射液,不定期,个,期末值,全国,国家药品监督管理局,getEcoDataIndBiologicalmedicine,2018/7/31,2023/11/14,1,否,,
280,中国:单价:布洛芬,S6205724,801150,价格,原始值,上游,4,弱候选,0.337522,0.30409,2140817606,仿制药通过一致性评价数:布洛芬缓释胶囊,不定期,个,期末值,全国,国家药品监督管理局,getEcoDataIndBiologicalmedicine,1990/12/20,2024/3/5,1,否,,
280,中国:单价:布洛芬,S6205724,801150,价格,原始值,上游,5,弱候选,0.325704,0.506817,2140817271,[停]集中采购中标价:布洛芬颗粒(0.2g):河北康芝制药有限公司,不定期,元/袋,当期值,全国,上海阳光医药采购网,getEcoDataIndBiologicalmedicine,2020/8/24,2020/8/24,0,否,,
281,中国:参考价:维生素E,S9974731,801150,价格,原始值,上游,1,弱候选,0.510622,0.512589,2140000058,单价:维生素E:国产,日,元/千克,当期值,nan,中国饲料工业协会,getEcoDataIndBiologicalmedicine,2012/3/16,2026/8/5,1,否,,
281,中国:参考价:维生素E,S9974731,801150,价格,原始值,上游,2,弱候选,0.410167,0.384517,2140808112,需求量:维生素E:中国,年,吨,当期值,全国,博亚和讯,getEcoDataIndBiologicalmedicine,2015/12/31,2025/12/31,1,否,,
281,中国:参考价:维生素E,S9974731,801150,价格,原始值,上游,3,弱候选,0.408848,0.366135,2140808041,产量:维生素E:合计,年,吨,当期值,全国,博亚和讯,getEcoDataIndBiologicalmedicine,2015/12/31,2025/12/31,1,否,,
281,中国:参考价:维生素E,S9974731,801150,价格,原始值,上游,4,弱候选,0.408848,0.366135,2140000056,单价:维生素A:国产,日,元/千克,当期值,nan,中国饲料工业协会,getEcoDataIndBiologicalmedicine,2012/3/16,2026/8/5,1,否,,
281,中国:参考价:维生素E,S9974731,801150,价格,原始值,上游,5,弱候选,0.401528,0.366135,2140808111,需求量:维生素E:全球,年,吨,当期值,全国,博亚和讯,getEcoDataIndBiologicalmedicine,2015/12/31,2025/12/31,1,否,,
282,"中国:市场报价:维生素E(50%,国产)",S0106875,801150,价格,原始值,上游,1,弱候选,0.434902,0.322809,2140000058,单价:维生素E:国产,日,元/千克,当期值,nan,中国饲料工业协会,getEcoDataIndBiologicalmedicine,2012/3/16,2026/8/5,1,否,,
282,"中国:市场报价:维生素E(50%,国产)",S0106875,801150,价格,原始值,上游,2,弱候选,0.39099,0.279803,2140006267,维生素:VE:50%:25kg:国产:最高价,日,元/千克,最高,全国,博亚和讯,getEcoDataIndBiologicalmedicine,2008/3/10,2026/8/7,1,否,,
282,"中国:市场报价:维生素E(50%,国产)",S0106875,801150,价格,原始值,上游,3,弱候选,0.39099,0.279803,2140006266,维生素:VE:50%:25kg:国产:最低价,日,元/千克,最低,全国,博亚和讯,getEcoDataIndBiologicalmedicine,2008/3/10,2026/8/7,1,否,,
282,"中国:市场报价:维生素E(50%,国产)",S0106875,801150,价格,原始值,上游,4,弱候选,0.370257,0.239426,2140000056,单价:维生素A:国产,日,元/千克,当期值,nan,中国饲料工业协会,getEcoDataIndBiologicalmedicine,2012/3/16,2026/8/5,1,否,,
282,"中国:市场报价:维生素E(50%,国产)",S0106875,801150,价格,原始值,上游,5,弱候选,0.363617,0.239426,2140000062,单价:维生素B6:国产,日,元/千克,当期值,nan,中国饲料工业协会,getEcoDataIndBiologicalmedicine,2012/3/16,2026/8/5,1,否,,
283,中国:单价:阿司匹林,S6205728,801150,价格,原始值,上游,1,弱候选,0.410746,0.42139,2140826066,仿制药通过一致性评价数:阿司匹林肠溶片,不定期,个,当期值,全国,国家药品监督管理局,getEcoDataIndBiologicalmedicine,2021/8/12,2024/2/26,1,否,,
283,中国:单价:阿司匹林,S6205728,801150,价格,原始值,上游,2,弱候选,0.291387,0.42139,2140806412,[停]舒泰神:库存:阿司匹林肠溶片(50mg),年,盒,期末值,全国,上市公司公告,getEcoDataIndBiologicalmedicine,2013/12/31,2022/12/31,0,否,,
283,中国:单价:阿司匹林,S6205728,801150,价格,原始值,上游,3,弱候选,0.291387,0.42139,2140806408,[停]舒泰神:销量:阿司匹林肠溶片(50mg),年,盒,累计值,全国,上市公司公告,getEcoDataIndBiologicalmedicine,2013/12/31,2022/12/31,0,否,,
283,中国:单价:阿司匹林,S6205728,801150,价格,原始值,上游,4,弱候选,0.291387,0.42139,2140806404,[停]舒泰神:产量:阿司匹林肠溶片(50mg),年,盒,累计值,全国,上市公司公告,getEcoDataIndBiologicalmedicine,2013/12/31,2022/12/31,0,否,,
283,中国:单价:阿司匹林,S6205728,801150,价格,原始值,上游,5,弱候选,0.284207,0.42139,2140806424,[停]舒泰神:库存:阿司匹林肠溶片(50mg):增速,年,%,期末同比,全国,上市公司公告,getEcoDataIndBiologicalmedicine,2014/12/31,2022/12/31,0,否,,
284,中国:出口金额:医药材及药品:当月值,S0270235,801150,需求,当期值,中游,1,弱候选,0.575046,0.255417,2140906142,出口金额(美元):药品(30):当月值,月,美元,当期值,中国,海关总署,getEcoDataIndBiologicalmedicine,2015/1/31,2026/6/30,1,否,,
284,中国:出口金额:医药材及药品:当月值,S0270235,801150,需求,当期值,中游,2,弱候选,0.574283,0.303156,2140200086,医药品:出口金额:当月值,月,万美元,当期值,nan,海关总署,getEcoDataIndBiologicalmedicine,1998/1/31,2022/12/31,1,否,,
284,中国:出口金额:医药材及药品:当月值,S0270235,801150,需求,当期值,中游,3,弱候选,0.571615,0.258756,2140906328,出口金额(美元):医药用品(3006):当月值,月,美元,当期值,中国,海关总署,getEcoDataIndBiologicalmedicine,2015/1/31,2026/6/30,1,否,,
284,中国:出口金额:医药材及药品:当月值,S0270235,801150,需求,当期值,中游,4,弱候选,0.568839,0.255417,2140906144,进出口金额(美元):药品(30):当月值,月,美元,当期值,中国,海关总署,getEcoDataIndBiologicalmedicine,2015/1/31,2026/6/30,1,否,,
284,中国:出口金额:医药材及药品:当月值,S0270235,801150,需求,当期值,中游,5,弱候选,0.566312,0.258756,2140906330,进出口金额(美元):医药用品(3006):当月值,月,美元,当期值,中国,海关总署,getEcoDataIndBiologicalmedicine,2015/1/31,2026/6/30,1,否,,
285,中国:商品零售额:限额以上单位:中西药品类:当月同比(1-2月合并),M0073705,801150,需求,同比,下游,1,弱候选,0.408924,0.201649,2200800024,销售额:重点监测零售企业:中西药品:当月同比,月,%,当期同比,全国,商务部,getEcoDataIndCommercialtrade,2016/3/31,2021/2/28,1,否,,
285,中国:商品零售额:限额以上单位:中西药品类:当月同比(1-2月合并),M0073705,801150,需求,同比,下游,2,弱候选,0.408096,0.191267,2200000455,全国百家重点大型零售企业商品零售额:食品:当月同比,月,%,当期同比,nan,中华全国商业信息中心,getEcoDataIndCommercialtrade,2007/4/30,2026/4/30,1,否,,
285,中国:商品零售额:限额以上单位:中西药品类:当月同比(1-2月合并),M0073705,801150,需求,同比,下游,3,弱候选,0.40568,0.191267,2200000458,全国百家重点大型零售企业商品零售额:日用品:当月同比,月,%,当期同比,nan,中华全国商业信息中心,getEcoDataIndCommercialtrade,2011/3/31,2026/4/30,1,否,,
285,中国:商品零售额:限额以上单位:中西药品类:当月同比(1-2月合并),M0073705,801150,需求,同比,下游,4,弱候选,0.40568,0.191267,2200000457,全国百家重点大型零售企业商品零售额:化妆品:当月同比,月,%,当期同比,nan,中华全国商业信息中心,getEcoDataIndCommercialtrade,2011/3/31,2026/4/30,1,否,,
285,中国:商品零售额:限额以上单位:中西药品类:当月同比(1-2月合并),M0073705,801150,需求,同比,下游,5,弱候选,0.401562,0.191267,2200000454,全国百家重点大型零售企业商品零售额:当月同比,月,%,当期同比,nan,中华全国商业信息中心,getEcoDataIndCommercialtrade,2007/4/30,2026/6/30,1,否,,
286,销售额:精制中药材,S9901435,801150,需求,当期值,中游,1,弱候选,0.478216,0.46046,2140100643,药品流通行业销售额:中药材类:湖北,年,万元,当期值,湖北省,商务部,getEcoDataIndBiologicalmedicine,2010/12/31,2024/12/31,1,否,,
286,销售额:精制中药材,S9901435,801150,需求,当期值,中游,2,弱候选,0.478216,0.46046,2140100642,药品流通行业销售额:中药材类:河南,年,万元,当期值,河南省,商务部,getEcoDataIndBiologicalmedicine,2010/12/31,2024/12/31,1,否,,
286,销售额:精制中药材,S9901435,801150,需求,当期值,中游,3,弱候选,0.478216,0.46046,2140100641,药品流通行业销售额:中药材类:天津,年,万元,当期值,天津市,商务部,getEcoDataIndBiologicalmedicine,2010/12/31,2024/12/31,1,否,,
286,销售额:精制中药材,S9901435,801150,需求,当期值,中游,4,弱候选,0.478216,0.46046,2140100640,药品流通行业销售额:中药材类:重庆,年,万元,当期值,重庆市,商务部,getEcoDataIndBiologicalmedicine,2010/12/31,2024/12/31,1,否,,
286,销售额:精制中药材,S9901435,801150,需求,当期值,中游,5,弱候选,0.478216,0.46046,2140100639,药品流通行业销售额:中药材类:山东,年,万元,当期值,山东省,商务部,getEcoDataIndBiologicalmedicine,2010/12/31,2024/12/31,1,否,,
287,中药材价格指数:综合200,S6273295,801150,价格,指数,上游,1,中等候选,0.753832,0.637515,2140000919,市场价格指数:中药材:综合200,年,点,当期值,nan,中药材天地网,getEcoDataIndBiologicalmedicine,2007/12/31,2023/12/31,1,否,,
287,中药材价格指数:综合200,S6273295,801150,价格,指数,上游,2,中等候选,0.753832,0.637515,2140000911,市场价格指数:中药材:综合200,月,点,当期值,nan,中药材天地网,getEcoDataIndBiologicalmedicine,2007/1/31,2024/4/30,1,否,,
287,中药材价格指数:综合200,S6273295,801150,价格,指数,上游,3,中等候选,0.753832,0.637515,2140000561,市场价格指数:中药材:综合200,日,点,当期值,nan,中药材天地网,getEcoDataIndBiologicalmedicine,2007/1/1,2026/8/6,1,否,,
287,中药材价格指数:综合200,S6273295,801150,价格,指数,上游,4,中等候选,0.723965,0.637515,2140000926,市场价格指数:中药材:综合200:比上年增长,年,%,当期值,nan,中药材天地网,getEcoDataIndBiologicalmedicine,2008/12/31,2023/12/31,1,否,,
287,中药材价格指数:综合200,S6273295,801150,价格,指数,上游,5,中等候选,0.677771,0.494333,2140000980,中药材价格指数:皮类:定基,周,2012年8月=1000,当期值,nan,康美中国中药材指数网,getEcoDataIndBiologicalmedicine,2012/9/1,2026/8/2,1,否,,
288,中国:出口金额:人用疫苗:当月值,M7079239,801150,需求,当期值,中游,1,中等候选,0.723771,0.545257,2140906664,出口金额(美元):人用疫苗(300220):当月值,月,美元,当期值,中国,海关总署,getEcoDataIndBiologicalmedicine,2015/1/31,2021/12/31,1,否,,
288,中国:出口金额:人用疫苗:当月值,M7079239,801150,需求,当期值,中游,2,中等候选,0.717938,0.545257,2140906666,进出口金额(美元):人用疫苗(300220):当月值,月,美元,当期值,中国,海关总署,getEcoDataIndBiologicalmedicine,2015/1/31,2021/12/31,1,否,,
288,中国:出口金额:人用疫苗:当月值,M7079239,801150,需求,当期值,中游,3,中等候选,0.651862,0.429494,2140906684,出口金额(美元):兽用疫苗(300230):当月值,月,美元,当期值,中国,海关总署,getEcoDataIndBiologicalmedicine,2015/1/31,2021/12/31,1,否,,
288,中国:出口金额:人用疫苗:当月值,M7079239,801150,需求,当期值,中游,4,中等候选,0.646559,0.429494,2140906686,进出口金额(美元):兽用疫苗(300230):当月值,月,美元,当期值,中国,海关总署,getEcoDataIndBiologicalmedicine,2015/1/31,2021/12/31,1,否,,
288,中国:出口金额:人用疫苗:当月值,M7079239,801150,需求,当期值,中游,5,中等候选,0.629028,0.395803,2140906671,出口数量:人用疫苗(300220):当月值,月,千克,当期值,中国,海关总署,getEcoDataIndBiologicalmedicine,2015/1/31,2021/12/31,1,否,,
291,中国:销售额:半导体:当月同比,S5622083,801080,需求,同比,中游,1,强候选,0.842189,0.702693,2090715929,销售金额:半导体:中国:当月同比,月,%,当期同比,中国,美国半导体行业协会,getEcoDataIndElectronic,2015/3/31,2026/6/30,1,否,,
291,中国:销售额:半导体:当月同比,S5622083,801080,需求,同比,中游,2,强候选,0.834952,0.687296,2090100276,销售金额:半导体:亚太:当月同比,月,%,当期同比,nan,美国半导体行业协会,getEcoDataIndElectronic,1985/1/31,2026/6/30,1,否,,
291,中国:销售额:半导体:当月同比,S5622083,801080,需求,同比,中游,3,强候选,0.834952,0.687296,2090100275,销售金额:半导体:日本:当月同比,月,%,当期同比,nan,美国半导体行业协会,getEcoDataIndElectronic,1985/3/31,2026/6/30,1,否,,
291,中国:销售额:半导体:当月同比,S5622083,801080,需求,同比,中游,4,强候选,0.834952,0.687296,2090100274,销售金额:半导体:欧洲:当月同比,月,%,当期同比,nan,美国半导体行业协会,getEcoDataIndElectronic,1985/1/31,2026/6/30,1,否,,
291,中国:销售额:半导体:当月同比,S5622083,801080,需求,同比,中游,5,强候选,0.834952,0.687296,2090100273,销售金额:半导体:美洲:当月同比,月,%,当期同比,nan,美国半导体行业协会,getEcoDataIndElectronic,1985/1/31,2026/6/30,1,否,,
292,美洲:销售额:半导体:当月同比,S5616804,801080,需求,同比,中游,1,强候选,0.829856,0.676453,2090100273,销售金额:半导体:美洲:当月同比,月,%,当期同比,nan,美国半导体行业协会,getEcoDataIndElectronic,1985/1/31,2026/6/30,1,否,,
292,美洲:销售额:半导体:当月同比,S5616804,801080,需求,同比,中游,2,强候选,0.802019,0.617226,2090715929,销售金额:半导体:中国:当月同比,月,%,当期同比,中国,美国半导体行业协会,getEcoDataIndElectronic,2015/3/31,2026/6/30,1,否,,
292,美洲:销售额:半导体:当月同比,S5616804,801080,需求,同比,中游,3,强候选,0.802019,0.617226,2090100276,销售金额:半导体:亚太:当月同比,月,%,当期同比,nan,美国半导体行业协会,getEcoDataIndElectronic,1985/1/31,2026/6/30,1,否,,
292,美洲:销售额:半导体:当月同比,S5616804,801080,需求,同比,中游,4,强候选,0.802019,0.617226,2090100275,销售金额:半导体:日本:当月同比,月,%,当期同比,nan,美国半导体行业协会,getEcoDataIndElectronic,1985/3/31,2026/6/30,1,否,,
292,美洲:销售额:半导体:当月同比,S5616804,801080,需求,同比,中游,5,强候选,0.802019,0.617226,2090100274,销售金额:半导体:欧洲:当月同比,月,%,当期同比,nan,美国半导体行业协会,getEcoDataIndElectronic,1985/1/31,2026/6/30,1,否,,
293,日本:销售额:半导体:当月同比,S5616806,801080,需求,同比,中游,1,强候选,0.828771,0.674145,2090100275,销售金额:半导体:日本:当月同比,月,%,当期同比,nan,美国半导体行业协会,getEcoDataIndElectronic,1985/3/31,2026/6/30,1,否,,
293,日本:销售额:半导体:当月同比,S5616806,801080,需求,同比,中游,2,强候选,0.804089,0.621629,2090715929,销售金额:半导体:中国:当月同比,月,%,当期同比,中国,美国半导体行业协会,getEcoDataIndElectronic,2015/3/31,2026/6/30,1,否,,
293,日本:销售额:半导体:当月同比,S5616806,801080,需求,同比,中游,3,强候选,0.804089,0.621629,2090100276,销售金额:半导体:亚太:当月同比,月,%,当期同比,nan,美国半导体行业协会,getEcoDataIndElectronic,1985/1/31,2026/6/30,1,否,,
293,日本:销售额:半导体:当月同比,S5616806,801080,需求,同比,中游,4,强候选,0.804089,0.621629,2090100274,销售金额:半导体:欧洲:当月同比,月,%,当期同比,nan,美国半导体行业协会,getEcoDataIndElectronic,1985/1/31,2026/6/30,1,否,,
293,日本:销售额:半导体:当月同比,S5616806,801080,需求,同比,中游,5,强候选,0.804089,0.621629,2090100273,销售金额:半导体:美洲:当月同比,月,%,当期同比,nan,美国半导体行业协会,getEcoDataIndElectronic,1985/1/31,2026/6/30,1,否,,
294,全球:销售额:半导体:当月同比,S5616803,801080,需求,同比,中游,1,强候选,0.827671,0.671804,2090100272,销售金额:半导体:全球:当月同比,月,%,当期同比,nan,美国半导体行业协会,getEcoDataIndElectronic,1985/1/31,2026/6/30,1,否,,
294,全球:销售额:半导体:当月同比,S5616803,801080,需求,同比,中游,2,强候选,0.806188,0.626095,2090715929,销售金额:半导体:中国:当月同比,月,%,当期同比,中国,美国半导体行业协会,getEcoDataIndElectronic,2015/3/31,2026/6/30,1,否,,
294,全球:销售额:半导体:当月同比,S5616803,801080,需求,同比,中游,3,强候选,0.806188,0.626095,2090100276,销售金额:半导体:亚太:当月同比,月,%,当期同比,nan,美国半导体行业协会,getEcoDataIndElectronic,1985/1/31,2026/6/30,1,否,,
294,全球:销售额:半导体:当月同比,S5616803,801080,需求,同比,中游,4,强候选,0.806188,0.626095,2090100275,销售金额:半导体:日本:当月同比,月,%,当期同比,nan,美国半导体行业协会,getEcoDataIndElectronic,1985/3/31,2026/6/30,1,否,,
294,全球:销售额:半导体:当月同比,S5616803,801080,需求,同比,中游,5,强候选,0.806188,0.626095,2090100274,销售金额:半导体:欧洲:当月同比,月,%,当期同比,nan,美国半导体行业协会,getEcoDataIndElectronic,1985/1/31,2026/6/30,1,否,,
295,中国:出口数量:印刷电路:当月同比,M7071788,801080,需求,同比,中游,1,中等候选,0.721037,0.582402,2090723373,出口数量:四层以上的印刷电路(85340010):当月同比,月,%,当期同比,中国,海关总署,getEcoDataIndElectronic,2018/1/31,2026/6/30,1,否,,
295,中国:出口数量:印刷电路:当月同比,M7071788,801080,需求,同比,中游,2,中等候选,0.721037,0.582402,2090200482,印刷电路:出口数量:当月同比,月,%,当期同比,nan,海关总署,getEcoDataIndElectronic,2008/1/31,2026/6/30,1,否,,
295,中国:出口数量:印刷电路:当月同比,M7071788,801080,需求,同比,中游,3,中等候选,0.716729,0.582402,2090723393,出口数量:四层及以下的印刷电路(85340090):当月同比,月,%,当期同比,中国,海关总署,getEcoDataIndElectronic,2018/1/31,2026/6/30,1,否,,
295,中国:出口数量:印刷电路:当月同比,M7071788,801080,需求,同比,中游,4,中等候选,0.716729,0.582402,2090723375,进出口数量:四层以上的印刷电路(85340010):当月同比,月,%,当期同比,中国,海关总署,getEcoDataIndElectronic,2018/1/31,2026/6/30,1,否,,
295,中国:出口数量:印刷电路:当月同比,M7071788,801080,需求,同比,中游,5,中等候选,0.712631,0.582402,2090723395,进出口数量:四层及以下的印刷电路(85340090):当月同比,月,%,当期同比,中国,海关总署,getEcoDataIndElectronic,2018/1/31,2026/6/30,1,否,,
296,台股营收:IC设计:累计同比,S5616732,801080,盈利,同比,中游,1,弱候选,0.543164,0.223044,2090702485,鹏鼎控股:营业收入:累计同比,月,%,累计同比,nan,上市公司公告,getEcoDataIndElectronic,2018/9/30,2021/7/31,1,否,,
296,台股营收:IC设计:累计同比,S5616732,801080,盈利,同比,中游,2,弱候选,0.52624,0.296254,2090727227,日本:产值:印刷电路板(PCB):合计:累计同比,月,%,累计同比,nan,日本经济产业省,getEcoDataIndElectronic,2008/1/31,2026/5/31,1,否,,
296,台股营收:IC设计:累计同比,S5616732,801080,盈利,同比,中游,3,弱候选,0.52624,0.296254,2090727226,日本:产量:印刷电路板(PCB):合计:累计同比,月,%,累计同比,nan,日本经济产业省,getEcoDataIndElectronic,2008/1/31,2026/5/31,1,否,,
296,台股营收:IC设计:累计同比,S5616732,801080,盈利,同比,中游,4,弱候选,0.515003,0.223044,2090727129,PCB产商:营收:合计:中国台湾:累计同比,月,%,累计同比,台湾省,台湾电路板协会,getEcoDataIndElectronic,2009/12/31,2026/6/30,1,否,,
296,台股营收:IC设计:累计同比,S5616732,801080,盈利,同比,中游,5,弱候选,0.513319,0.232103,2090705237,豪威集团:电源IC:销量:累计同比,年,%,累计同比,nan,上市公司公告,getEcoDataIndElectronic,2017/12/31,2022/12/31,1,否,,
297,台股营收:IC封装测试:累计同比,S5616734,801080,盈利,同比,中游,1,中等候选,0.614004,0.380859,2090703901,太极实业:封装测试:产量:累计同比,年,%,累计同比,nan,上市公司公告,getEcoDataIndElectronic,2016/12/31,2017/12/31,1,否,,
297,台股营收:IC封装测试:累计同比,S5616734,801080,盈利,同比,中游,2,中等候选,0.594004,0.380859,2090705111,通富微电:集成电路封装测试:销量:累计同比,年,%,累计同比,nan,上市公司公告,getEcoDataIndElectronic,2015/12/31,2022/12/31,1,否,,
297,台股营收:IC封装测试:累计同比,S5616734,801080,盈利,同比,中游,3,中等候选,0.594004,0.380859,2090705107,通富微电:集成电路封装测试:产量:累计同比,年,%,累计同比,nan,上市公司公告,getEcoDataIndElectronic,2015/12/31,2022/12/31,1,否,,
297,台股营收:IC封装测试:累计同比,S5616734,801080,盈利,同比,中游,4,弱候选,0.51493,0.380859,2090607959,[停]销售额:封装测试业:累计同比,季,%,累计同比,nan,中国半导体行业协会,getEcoDataIndElectronic,2009/6/30,2021/12/31,0,否,,
297,台股营收:IC封装测试:累计同比,S5616734,801080,盈利,同比,中游,5,弱候选,0.511053,0.181456,2090702485,鹏鼎控股:营业收入:累计同比,月,%,累计同比,nan,上市公司公告,getEcoDataIndElectronic,2018/9/30,2021/7/31,1,否,,
298,台股营收:DRAM:累计同比,S5616753,801080,盈利,同比,中游,1,弱候选,0.550091,0.347002,2090101466,日本:出货量:国内汽车导航系统:DVD-ROM:累计同比,月,%,累计同比,nan,日本电子信息技术产业协会,getEcoDataIndElectronic,2010/1/31,2015/3/31,1,否,,
298,台股营收:DRAM:累计同比,S5616753,801080,盈利,同比,中游,2,弱候选,0.541222,0.218912,2090702485,鹏鼎控股:营业收入:累计同比,月,%,累计同比,nan,上市公司公告,getEcoDataIndElectronic,2018/9/30,2021/7/31,1,否,,
298,台股营收:DRAM:累计同比,S5616753,801080,盈利,同比,中游,3,弱候选,0.498797,0.178291,2090702481,环旭电子:营业收入:累计同比,月,%,累计同比,nan,上市公司公告,getEcoDataIndElectronic,2015/6/30,2026/2/28,1,否,,
298,台股营收:DRAM:累计同比,S5616753,801080,盈利,同比,中游,4,弱候选,0.493751,0.218912,2090727178,PCB产商:营收:软板:中国台湾:累计同比,月,%,累计同比,台湾省,台湾电路板协会,getEcoDataIndElectronic,2009/12/31,2026/6/30,1,否,,
298,台股营收:DRAM:累计同比,S5616753,801080,盈利,同比,中游,5,弱候选,0.493751,0.218912,2090727129,PCB产商:营收:合计:中国台湾:累计同比,月,%,累计同比,台湾省,台湾电路板协会,getEcoDataIndElectronic,2009/12/31,2026/6/30,1,否,,
299,日本:出货额:半导体制造设备:当月同比,S5600229,801080,需求,同比,上游,1,强候选,0.807298,0.648506,2090715942,日本:半导体制造设备:出货额:当月同比,月,%,当期同比,日本,日本半导体协会,getEcoDataIndElectronic,2005/1/31,2026/6/30,1,否,,
299,日本:出货额:半导体制造设备:当月同比,S5600229,801080,需求,同比,上游,2,中等候选,0.706381,0.520669,2090700239,日本:出货额:国内消费电子设备:当月同比,月,%,当期同比,日本,日本电子信息技术产业协会,getEcoDataIndElectronic,2000/1/31,2026/6/30,1,否,,
299,日本:出货额:半导体制造设备:当月同比,S5600229,801080,需求,同比,上游,3,中等候选,0.686201,0.520669,2090700240,日本:出货额:国内消费电子设备:视讯设备:当月同比,月,%,当期同比,日本,日本电子信息技术产业协会,getEcoDataIndElectronic,2000/1/31,2026/6/30,1,否,,
299,日本:出货额:半导体制造设备:当月同比,S5600229,801080,需求,同比,上游,4,中等候选,0.677663,0.520669,2090700241,日本:出货额:国内消费电子设备:音响相关设备:当月同比,月,%,当期同比,日本,日本电子信息技术产业协会,getEcoDataIndElectronic,2016/4/30,2026/6/30,1,否,,
299,日本:出货额:半导体制造设备:当月同比,S5600229,801080,需求,同比,上游,5,中等候选,0.673714,0.520669,2090700242,日本:出货额:国内消费电子设备:车载AVC设备:当月同比,月,%,当期同比,日本,日本电子信息技术产业协会,getEcoDataIndElectronic,2000/1/31,2026/6/30,1,否,,
300,台积电:营业收入:当月同比,S0182641,801080,盈利,同比,中游,1,强候选,0.783245,0.615138,2090702478,环旭电子:营业收入:当月同比,月,%,当期同比,nan,上市公司公告,getEcoDataIndElectronic,2015/6/30,2026/2/28,1,否,,
300,台积电:营业收入:当月同比,S0182641,801080,盈利,同比,中游,2,中等候选,0.758897,0.615138,2090702483,鹏鼎控股:营业收入:当月同比,月,%,当期同比,nan,上市公司公告,getEcoDataIndElectronic,2018/9/30,2025/12/31,1,否,,
300,台积电:营业收入:当月同比,S0182641,801080,盈利,同比,中游,3,中等候选,0.678897,0.615138,2160702375,圆通速递:营业收入:当月同比,月,%,当期同比,nan,上市公司公告,getEcoDataIndTraffictransport,2018/4/30,2026/5/31,1,否,,
300,台积电:营业收入:当月同比,S0182641,801080,盈利,同比,中游,4,弱候选,0.573897,0.615138,2160700308,[停]顺丰控股:营业收入:当月同比,月,%,当期同比,全国,上市公司公告,getEcoDataIndTraffictransport,2017/10/31,2026/6/30,0,否,,
300,台积电:营业收入:当月同比,S0182641,801080,盈利,同比,中游,5,弱候选,0.549552,0.435964,1020021006,工业企业:营业收入:当季同比,季,%,当期同比,全国,Datayes!,getEcoDataChina,2017/3/31,2026/6/30,1,否,,
302,北美:出货量:PCB:当月同比,S5616792,801080,需求,同比,中游,1,弱候选,0.570037,0.299052,2090727304,新加坡:国内出口额:PCB组装:当月同比,月,%,当期同比,nan,新加坡统计局,getEcoDataIndElectronic,1998/1/31,2026/2/28,1,否,,
302,北美:出货量:PCB:当月同比,S5616792,801080,需求,同比,中游,2,弱候选,0.564888,0.299052,2090727237,日本:产量:印刷电路板(PCB):软板:当月同比,月,%,当期同比,nan,日本经济产业省,getEcoDataIndElectronic,2008/1/31,2026/5/31,1,否,,
302,北美:出货量:PCB:当月同比,S5616792,801080,需求,同比,中游,3,弱候选,0.564888,0.299052,2090727223,日本:产量:印刷电路板(PCB):硬板:当月同比,月,%,当期同比,nan,日本经济产业省,getEcoDataIndElectronic,2008/1/31,2026/5/31,1,否,,
302,北美:出货量:PCB:当月同比,S5616792,801080,需求,同比,中游,4,弱候选,0.564888,0.299052,2090727204,日本:产量:印刷电路板(PCB):合计:当月同比,月,%,当期同比,nan,日本经济产业省,getEcoDataIndElectronic,2008/1/31,2026/5/31,1,否,,
302,北美:出货量:PCB:当月同比,S5616792,801080,需求,同比,中游,5,弱候选,0.564888,0.299052,2090727203,日本:产量:印刷电路板(PCB):载板:当月同比,月,%,当期同比,nan,日本经济产业省,getEcoDataIndElectronic,2008/1/31,2026/5/31,1,否,,
303,中国:出口数量:印刷电路:当月同比,M7071770,801080,需求,同比,中游,1,中等候选,0.721037,0.582402,2090723373,出口数量:四层以上的印刷电路(85340010):当月同比,月,%,当期同比,中国,海关总署,getEcoDataIndElectronic,2018/1/31,2026/6/30,1,否,,
303,中国:出口数量:印刷电路:当月同比,M7071770,801080,需求,同比,中游,2,中等候选,0.721037,0.582402,2090200482,印刷电路:出口数量:当月同比,月,%,当期同比,nan,海关总署,getEcoDataIndElectronic,2008/1/31,2026/6/30,1,否,,
303,中国:出口数量:印刷电路:当月同比,M7071770,801080,需求,同比,中游,3,中等候选,0.716729,0.582402,2090723393,出口数量:四层及以下的印刷电路(85340090):当月同比,月,%,当期同比,中国,海关总署,getEcoDataIndElectronic,2018/1/31,2026/6/30,1,否,,
303,中国:出口数量:印刷电路:当月同比,M7071770,801080,需求,同比,中游,4,中等候选,0.716729,0.582402,2090723375,进出口数量:四层以上的印刷电路(85340010):当月同比,月,%,当期同比,中国,海关总署,getEcoDataIndElectronic,2018/1/31,2026/6/30,1,否,,
303,中国:出口数量:印刷电路:当月同比,M7071770,801080,需求,同比,中游,5,中等候选,0.712631,0.582402,2090723395,进出口数量:四层及以下的印刷电路(85340090):当月同比,月,%,当期同比,中国,海关总署,getEcoDataIndElectronic,2018/1/31,2026/6/30,1,否,,
304,台股营收:被动元件:当月值,S5616589,801080,盈利,当期值,中游,1,中等候选,0.696425,0.575863,2090100294,日本电子元件产值:被动元件:当月值,月,百万日元,当期值,nan,日本经济产业省,getEcoDataIndElectronic,2000/1/31,2026/5/31,1,否,,
304,台股营收:被动元件:当月值,S5616589,801080,盈利,当期值,中游,2,中等候选,0.676322,0.575863,2090200671,日本:进口金额(日元):电子元件:被动元件:当月值,月,百万日元,当期值,nan,日本财务省,getEcoDataIndElectronic,2000/1/31,2026/4/30,1,否,,
304,台股营收:被动元件:当月值,S5616589,801080,盈利,当期值,中游,3,中等候选,0.676322,0.575863,2090200574,日本:出口金额(日元):电子元件:被动元件:当月值,月,百万日元,当期值,nan,日本财务省,getEcoDataIndElectronic,2000/1/31,2026/5/31,1,否,,
304,台股营收:被动元件:当月值,S5616589,801080,盈利,当期值,中游,4,弱候选,0.575734,0.452625,2080110965,产量:气动元件:当月值,月,件,当期值,全国,中国机经网,getEcoDataIndMachineryequipment,2004/2/29,2020/12/31,1,否,,
304,台股营收:被动元件:当月值,S5616589,801080,盈利,当期值,中游,5,弱候选,0.560461,0.452625,2080103342,广东:产量:气动元件:当月值,月,万件,当期值,广东省,国家统计局,getEcoDataIndMachineryequipment,2005/1/31,2015/10/31,1,否,,
305,台股营收:面板:当月值,S5616602,801080,盈利,当期值,下游,1,弱候选,0.562581,0.406445,2090727212,日本:产值:印刷电路板(PCB):软板:单面板:当月值,月,百万日元,当期值,nan,日本经济产业省,getEcoDataIndElectronic,2007/1/31,2026/5/31,1,否,,
305,台股营收:面板:当月值,S5616602,801080,盈利,当期值,下游,2,弱候选,0.562581,0.406445,2090727211,日本:产值:印刷电路板(PCB):硬板:双面板:当月值,月,百万日元,当期值,nan,日本经济产业省,getEcoDataIndElectronic,2007/1/31,2026/5/31,1,否,,
305,台股营收:面板:当月值,S5616602,801080,盈利,当期值,下游,3,弱候选,0.562581,0.406445,2090727210,日本:产值:印刷电路板(PCB):硬板:单面板:当月值,月,百万日元,当期值,nan,日本经济产业省,getEcoDataIndElectronic,2007/1/31,2026/5/31,1,否,,
305,台股营收:面板:当月值,S5616602,801080,盈利,当期值,下游,4,弱候选,0.562581,0.406445,2090727195,日本:产量:印刷电路板(PCB):软板:单面板:当月值,月,千平方米,当期值,nan,日本经济产业省,getEcoDataIndElectronic,2007/1/31,2026/5/31,1,否,,
305,台股营收:面板:当月值,S5616602,801080,盈利,当期值,下游,5,弱候选,0.562581,0.406445,2090727184,日本:产量:印刷电路板(PCB):硬板:双面板:当月值,月,千平方米,当期值,nan,日本经济产业省,getEcoDataIndElectronic,2007/1/31,2026/5/31,1,否,,
306,台股营收:发光二极管:当月值,S5616571,801080,盈利,当期值,中游,1,中等候选,0.632521,0.46281,2090724491,进口数量:发光二极管(85414010):当月值,月,个,当期值,中国,海关总署,getEcoDataIndElectronic,2015/1/31,2021/12/31,1,否,,
306,台股营收:发光二极管:当月值,S5616571,801080,盈利,当期值,中游,2,中等候选,0.632521,0.46281,2090724490,出口数量:发光二极管(85414010):当月值,月,个,当期值,中国,海关总署,getEcoDataIndElectronic,2015/1/31,2022/1/31,1,否,,
306,台股营收:发光二极管:当月值,S5616571,801080,盈利,当期值,中游,3,中等候选,0.628278,0.46281,2090724492,进出口数量:发光二极管(85414010):当月值,月,个,当期值,中国,海关总署,getEcoDataIndElectronic,2015/1/31,2022/1/31,1,否,,
306,台股营收:发光二极管:当月值,S5616571,801080,盈利,当期值,中游,4,中等候选,0.624285,0.46281,2090724486,贸易差额(美元):发光二极管(85414010):当月值,月,美元,当期值,中国,海关总署,getEcoDataIndElectronic,2017/1/31,2022/1/31,1,否,,
306,台股营收:发光二极管:当月值,S5616571,801080,盈利,当期值,中游,5,中等候选,0.624285,0.46281,2090724484,进口金额(美元):发光二极管(85414010):当月值,月,美元,当期值,中国,海关总署,getEcoDataIndElectronic,2015/1/31,2021/12/31,1,否,,
307,台股营收:光学:当月同比,S5616635,801080,盈利,同比,中游,1,弱候选,0.565234,0.238409,2090702483,鹏鼎控股:营业收入:当月同比,月,%,当期同比,nan,上市公司公告,getEcoDataIndElectronic,2018/9/30,2025/12/31,1,否,,
307,台股营收:光学:当月同比,S5616635,801080,盈利,同比,中游,2,弱候选,0.513635,0.182782,2090702478,环旭电子:营业收入:当月同比,月,%,当期同比,nan,上市公司公告,getEcoDataIndElectronic,2015/6/30,2026/2/28,1,否,,
307,台股营收:光学:当月同比,S5616635,801080,盈利,同比,中游,3,弱候选,0.511497,0.238409,2090727137,PCB产商:营收:软板:中国台湾:当月同比,月,%,当期同比,台湾省,台湾电路板协会,getEcoDataIndElectronic,2009/12/31,2026/6/30,1,否,,
307,台股营收:光学:当月同比,S5616635,801080,盈利,同比,中游,4,弱候选,0.511497,0.238409,2090727120,PCB产商:营收:合计:中国台湾:当月同比,月,%,当期同比,台湾省,台湾电路板协会,getEcoDataIndElectronic,2009/12/31,2026/6/30,1,否,,
307,台股营收:光学:当月同比,S5616635,801080,盈利,同比,中游,5,弱候选,0.505491,0.259795,2090719254,进口数量:未录制光学媒体(852341):当月同比,月,%,当期同比,中国,海关总署,getEcoDataIndElectronic,2018/1/31,2026/6/30,1,否,,
308,价格:平板电脑面板:10.1寸:1280*800:IPS/FFS,S5621920,801080,价格,原始值,下游,1,弱候选,0.195748,0.17795,2030702139,出口均价:硝酸;磺硝酸(28080000):累计值,月,美元/吨,累计值,全国,Datayes!,getEcoDataIndChemical,2019/1/31,2026/6/30,1,否,,
308,价格:平板电脑面板:10.1寸:1280*800:IPS/FFS,S5621920,801080,价格,原始值,下游,2,弱候选,0.195748,0.17795,2030702124,进口均价:硝酸;磺硝酸(28080000):累计值,月,美元/吨,累计值,全国,Datayes!,getEcoDataIndChemical,2019/1/31,2026/6/30,1,否,,
308,价格:平板电脑面板:10.1寸:1280*800:IPS/FFS,S5621920,801080,价格,原始值,下游,3,弱候选,0.195748,0.17795,2030702109,出口均价:硝酸;磺硝酸(28080000):当月值,月,美元/吨,当期值,全国,Datayes!,getEcoDataIndChemical,2019/1/31,2026/6/30,1,否,,
308,价格:平板电脑面板:10.1寸:1280*800:IPS/FFS,S5621920,801080,价格,原始值,下游,4,弱候选,0.195748,0.17795,2030702094,进口均价:硝酸;磺硝酸(28080000):当月值,月,美元/吨,当期值,全国,Datayes!,getEcoDataIndChemical,2019/1/31,2026/6/30,1,否,,
308,价格:平板电脑面板:10.1寸:1280*800:IPS/FFS,S5621920,801080,价格,原始值,下游,5,弱候选,0.193854,0.17795,2030702199,出口均价:硝酸;磺硝酸(28080000):累计同比,月,%,累计同比,全国,Datayes!,getEcoDataIndChemical,2019/1/31,2026/6/30,1,否,,
309,中国:出货量:手机(国内品牌):当月值,S6504082,801080,需求,当期值,下游,1,中等候选,0.615282,0.311565,2090101592,出货量:数码相机:国内:当月值,月,台,当期值,nan,日本相机影像器材工业协会,getEcoDataIndElectronic,2001/8/31,2026/6/30,1,否,,
309,中国:出货量:手机(国内品牌):当月值,S6504082,801080,需求,当期值,下游,2,中等候选,0.595229,0.311565,2090101599,出货量:一体化数码相机:国内:当月值,月,台,当期值,nan,日本相机影像器材工业协会,getEcoDataIndElectronic,2006/1/31,2026/6/30,1,否,,
309,中国:出货量:手机(国内品牌):当月值,S6504082,801080,需求,当期值,下游,3,中等候选,0.589436,0.311565,2090101606,出货量:可换镜头数码相机:国内:当月值,月,台,当期值,nan,日本相机影像器材工业协会,getEcoDataIndElectronic,2006/1/31,2026/6/30,1,否,,
309,中国:出货量:手机(国内品牌):当月值,S6504082,801080,需求,当期值,下游,4,弱候选,0.578936,0.311565,2090101613,出货量:单反可换镜头数码相机:国内:当月值,月,台,当期值,nan,日本相机影像器材工业协会,getEcoDataIndElectronic,2012/1/31,2026/6/30,1,否,,
309,中国:出货量:手机(国内品牌):当月值,S6504082,801080,需求,当期值,下游,5,弱候选,0.574163,0.311565,2090101620,出货量:非单反可换镜头数码相机:国内:当月值,月,台,当期值,nan,日本相机影像器材工业协会,getEcoDataIndElectronic,2012/1/31,2026/6/30,1,否,,
310,全球:出货量:智能手机:苹果,Y6215371,801080,需求,当期值,下游,1,弱候选,0.424297,0.381482,2090714995,产量:智能手机:累计值,月,万台,累计值,全国,国家统计局,getEcoDataIndElectronic,2015/12/31,2026/6/30,1,否,,
310,全球:出货量:智能手机:苹果,Y6215371,801080,需求,当期值,下游,2,弱候选,0.424297,0.381482,2090714994,产量:智能手机:当月值,月,万台,当期值,全国,国家统计局,getEcoDataIndElectronic,2016/3/31,2026/6/30,1,否,,
310,全球:出货量:智能手机:苹果,Y6215371,801080,需求,当期值,下游,3,弱候选,0.424175,0.33867,2090726013,全球:可穿戴设备出货量(含预测):智能手表,年,百万个,预测值,全国,Datayes!,getEcoDataIndElectronic,2016/12/31,2021/12/31,1,否,,
310,全球:出货量:智能手机:苹果,Y6215371,801080,需求,当期值,下游,4,弱候选,0.41763,0.381482,2090714997,产量:智能手机:累计同比,月,%,累计同比,全国,国家统计局,getEcoDataIndElectronic,2015/12/31,2026/6/30,1,否,,
310,全球:出货量:智能手机:苹果,Y6215371,801080,需求,当期值,下游,5,弱候选,0.41763,0.381482,2090714996,产量:智能手机:当月同比,月,%,当期同比,全国,国家统计局,getEcoDataIndElectronic,2016/3/31,2026/6/30,1,否,,
311,全球:出货量:平板电脑:苹果,B2615184,801080,需求,当期值,下游,1,弱候选,0.421669,0.4994,2090715462,中关村电子产品价格指数:电脑整机:平板电脑:苹果/APPLE平板电脑,周,2008年8月=100,当期值,nan,北京中关村电子产品贸易商会,getEcoDataIndElectronic,2013/3/9,2024/6/29,1,否,,
311,全球:出货量:平板电脑:苹果,B2615184,801080,需求,当期值,下游,2,弱候选,0.374915,0.260738,2090605141,销量:国内平板电脑,年,万台,当期值,全国,产业在线,getEcoDataIndElectronic,2010/12/31,2015/12/31,1,否,,
311,全球:出货量:平板电脑:苹果,B2615184,801080,需求,当期值,下游,3,弱候选,0.374168,0.28674,2090101423,日本:出货量:国内平板电视:累计值,月,千件,累计值,nan,日本电子信息技术产业协会,getEcoDataIndElectronic,2009/1/31,2026/6/30,1,否,,
311,全球:出货量:平板电脑:苹果,B2615184,801080,需求,当期值,下游,4,弱候选,0.374168,0.28674,2090101371,日本:出货量:国内平板电视:当月值,月,千件,当期值,nan,日本电子信息技术产业协会,getEcoDataIndElectronic,2009/1/31,2026/6/30,1,否,,
311,全球:出货量:平板电脑:苹果,B2615184,801080,需求,当期值,下游,5,弱候选,0.368999,0.28674,2090101449,日本:出货量:国内平板电视:累计同比,月,%,累计同比,nan,日本电子信息技术产业协会,getEcoDataIndElectronic,2010/1/31,2026/6/30,1,否,,
313,台股营收:被动元件:电容:多层陶瓷电容:当月值,S5616592,801080,盈利,当期值,中游,1,弱候选,0.482193,0.195529,2090100294,日本电子元件产值:被动元件:当月值,月,百万日元,当期值,nan,日本经济产业省,getEcoDataIndElectronic,2000/1/31,2026/5/31,1,否,,
313,台股营收:被动元件:电容:多层陶瓷电容:当月值,S5616592,801080,盈利,当期值,中游,2,弱候选,0.470057,0.195529,2090200671,日本:进口金额(日元):电子元件:被动元件:当月值,月,百万日元,当期值,nan,日本财务省,getEcoDataIndElectronic,2000/1/31,2026/4/30,1,否,,
313,台股营收:被动元件:电容:多层陶瓷电容:当月值,S5616592,801080,盈利,当期值,中游,3,弱候选,0.470057,0.195529,2090200574,日本:出口金额(日元):电子元件:被动元件:当月值,月,百万日元,当期值,nan,日本财务省,getEcoDataIndElectronic,2000/1/31,2026/5/31,1,否,,
313,台股营收:被动元件:电容:多层陶瓷电容:当月值,S5616592,801080,盈利,当期值,中游,4,弱候选,0.17872,0.219243,2090000564,[停]华强北价格指数:电子元件:被动元件:电感器,年,nan,当期值,nan,深圳市华强北电子市场价格指数有限公司,getEcoDataIndElectronic,2015/12/31,2017/12/31,0,否,,
313,台股营收:被动元件:电容:多层陶瓷电容:当月值,S5616592,801080,盈利,当期值,中游,5,弱候选,0.17872,0.219243,2090000065,[停]华强北价格指数:电子元件:被动元件:电感器,季,nan,当期值,nan,深圳市华强北电子市场价格指数有限公司,getEcoDataIndElectronic,2010/12/31,2017/12/31,0,否,,
314,台股营收:半导体材料:当月同比,S5616642,801080,盈利,同比,上游,1,弱候选,0.547674,0.259373,2090726763,韩国:进口金额:半导体:当月同比,月,%,当期同比,nan,Datayes!,getEcoDataIndElectronic,2017/1/31,2026/7/31,1,否,,
314,台股营收:半导体材料:当月同比,S5616642,801080,盈利,同比,上游,2,弱候选,0.547674,0.259373,2090715929,销售金额:半导体:中国:当月同比,月,%,当期同比,中国,美国半导体行业协会,getEcoDataIndElectronic,2015/3/31,2026/6/30,1,否,,
314,台股营收:半导体材料:当月同比,S5616642,801080,盈利,同比,上游,3,弱候选,0.547674,0.259373,2090100276,销售金额:半导体:亚太:当月同比,月,%,当期同比,nan,美国半导体行业协会,getEcoDataIndElectronic,1985/1/31,2026/6/30,1,否,,
314,台股营收:半导体材料:当月同比,S5616642,801080,盈利,同比,上游,4,弱候选,0.547674,0.259373,2090100275,销售金额:半导体:日本:当月同比,月,%,当期同比,nan,美国半导体行业协会,getEcoDataIndElectronic,1985/3/31,2026/6/30,1,否,,
314,台股营收:半导体材料:当月同比,S5616642,801080,盈利,同比,上游,5,弱候选,0.547674,0.259373,2090100274,销售金额:半导体:欧洲:当月同比,月,%,当期同比,nan,美国半导体行业协会,getEcoDataIndElectronic,1985/1/31,2026/6/30,1,否,,
315,出货量:移动PC面板:当月值,S5600449,801750,需求,当期值,上游,1,弱候选,0.561253,0.311177,2090727195,日本:产量:印刷电路板(PCB):软板:单面板:当月值,月,千平方米,当期值,nan,日本经济产业省,getEcoDataIndElectronic,2007/1/31,2026/5/31,1,否,,
315,出货量:移动PC面板:当月值,S5600449,801750,需求,当期值,上游,2,弱候选,0.561253,0.311177,2090727184,日本:产量:印刷电路板(PCB):硬板:双面板:当月值,月,千平方米,当期值,nan,日本经济产业省,getEcoDataIndElectronic,2007/1/31,2026/5/31,1,否,,
315,出货量:移动PC面板:当月值,S5600449,801750,需求,当期值,上游,3,弱候选,0.561253,0.311177,2090727183,日本:产量:印刷电路板(PCB):硬板:单面板:当月值,月,千平方米,当期值,nan,日本经济产业省,getEcoDataIndElectronic,2007/1/31,2026/5/31,1,否,,
315,出货量:移动PC面板:当月值,S5600449,801750,需求,当期值,上游,4,弱候选,0.543753,0.311177,2090727212,日本:产值:印刷电路板(PCB):软板:单面板:当月值,月,百万日元,当期值,nan,日本经济产业省,getEcoDataIndElectronic,2007/1/31,2026/5/31,1,否,,
315,出货量:移动PC面板:当月值,S5600449,801750,需求,当期值,上游,5,弱候选,0.543753,0.311177,2090727211,日本:产值:印刷电路板(PCB):硬板:双面板:当月值,月,百万日元,当期值,nan,日本经济产业省,getEcoDataIndElectronic,2007/1/31,2026/5/31,1,否,,
316,出货量:笔记本电脑面板:当月值,S5617375,801750,需求,当期值,上游,1,弱候选,0.509232,0.223408,2090101089,笔记本计算机:产量:广东:当月值,月,万台,当期值,广东省,国家统计局,getEcoDataIndElectronic,2005/1/31,2015/10/31,1,否,,
316,出货量:笔记本电脑面板:当月值,S5617375,801750,需求,当期值,上游,2,弱候选,0.509232,0.223408,2090101088,笔记本计算机:产量:福建:当月值,月,万台,当期值,福建省,国家统计局,getEcoDataIndElectronic,2005/1/31,2015/10/31,1,否,,
316,出货量:笔记本电脑面板:当月值,S5617375,801750,需求,当期值,上游,3,弱候选,0.509232,0.223408,2090101087,笔记本计算机:产量:浙江:当月值,月,万台,当期值,浙江省,国家统计局,getEcoDataIndElectronic,2005/1/31,2015/10/31,1,否,,
316,出货量:笔记本电脑面板:当月值,S5617375,801750,需求,当期值,上游,4,弱候选,0.509232,0.223408,2090101086,笔记本计算机:产量:江苏:当月值,月,万台,当期值,江苏省,国家统计局,getEcoDataIndElectronic,2005/1/31,2015/10/31,1,否,,
316,出货量:笔记本电脑面板:当月值,S5617375,801750,需求,当期值,上游,5,弱候选,0.509232,0.223408,2090101085,笔记本计算机:产量:上海:当月值,月,万台,当期值,上海市,国家统计局,getEcoDataIndElectronic,2005/1/31,2015/10/31,1,否,,
317,出货量:平板电脑面板:当月值,S5617378,801750,需求,当期值,上游,1,中等候选,0.641886,0.36817,2090101371,日本:出货量:国内平板电视:当月值,月,千件,当期值,nan,日本电子信息技术产业协会,getEcoDataIndElectronic,2009/1/31,2026/6/30,1,否,,
317,出货量:平板电脑面板:当月值,S5617378,801750,需求,当期值,上游,2,中等候选,0.61604,0.36817,2090700248,日本:出货量:国内平板电视:有机EL:当月值,月,千件,当期值,日本,日本电子信息技术产业协会,getEcoDataIndElectronic,2018/4/30,2026/6/30,1,否,,
317,出货量:平板电脑面板:当月值,S5617378,801750,需求,当期值,上游,3,中等候选,0.61604,0.36817,2090700246,日本:出货量:国内平板电视:4K兼容:当月值,月,千件,当期值,日本,日本电子信息技术产业协会,getEcoDataIndElectronic,2018/1/31,2026/6/30,1,否,,
317,出货量:平板电脑面板:当月值,S5617378,801750,需求,当期值,上游,4,中等候选,0.600767,0.36817,2090700247,日本:出货量:国内平板电视:混合演员表支持:当月值,月,千件,当期值,日本,日本电子信息技术产业协会,getEcoDataIndElectronic,2018/1/31,2026/6/30,1,否,,
317,出货量:平板电脑面板:当月值,S5617378,801750,需求,当期值,上游,5,中等候选,0.596275,0.36817,2090700245,日本:出货量:国内平板电视:屏幕超过50英寸:当月值,月,千件,当期值,日本,日本电子信息技术产业协会,getEcoDataIndElectronic,2018/1/31,2026/6/30,1,否,,
319,中国:软件业务收入:软件产业:累计同比,S6500002,801750,盈利,同比,下游,1,弱候选,0.529437,0.386617,2110705132,广州酒家:主营业务收入:餐饮业:累计同比,季,%,累计同比,nan,上市公司公告,getEcoDataIndFoodbeverage,2019/3/31,2023/9/30,1,否,,
319,中国:软件业务收入:软件产业:累计同比,S6500002,801750,盈利,同比,下游,2,弱候选,0.52071,0.386617,1200100741,北京:主营业务收入:造纸和纸制品业:累计同比,月,%,累计同比,北京市,北京市统计局,getEcoDataChinaRegion,2006/2/28,2018/12/31,1,否,,
319,中国:软件业务收入:软件产业:累计同比,S6500002,801750,盈利,同比,下游,3,弱候选,0.51886,0.306086,2160703216,中储股份:业务收入:累计同比,半年,%,累计同比,nan,上市公司公告,getEcoDataIndTraffictransport,2017/6/30,2023/6/30,1,否,,
319,中国:软件业务收入:软件产业:累计同比,S6500002,801750,盈利,同比,下游,4,弱候选,0.51671,0.386617,2110705686,日辰股份:主营业务收入:直营:餐饮企业:累计同比,季,%,累计同比,nan,上市公司公告,getEcoDataIndFoodbeverage,2019/12/31,2023/9/30,1,否,,
319,中国:软件业务收入:软件产业:累计同比,S6500002,801750,盈利,同比,下游,5,弱候选,0.511168,0.306086,2160606107,快递:业务收入:累计同比,月,%,累计同比,全国,国家邮政局,getEcoDataIndTraffictransport,2008/2/29,2026/6/30,1,否,,
320,中国:实际销售收入:游戏市场:同比,H3825236,801760,需求,同比,下游,1,弱候选,0.435352,0.213514,2110720522,全国乳品加工:销售收入:累计同比,月,%,累计同比,全国,中国奶业协会,getEcoDataIndFoodbeverage,2017/11/30,2021/12/31,1,否,,
320,中国:实际销售收入:游戏市场:同比,H3825236,801760,需求,同比,下游,2,弱候选,0.429752,0.213514,2080111296,销售收入:摊铺机:累计同比,月,%,累计同比,全国,中国工程机械工业协会,getEcoDataIndMachineryequipment,2011/4/30,2017/12/31,1,否,,
320,中国:实际销售收入:游戏市场:同比,H3825236,801760,需求,同比,下游,3,弱候选,0.429752,0.213514,2080111295,销售收入:压路机:累计同比,月,%,累计同比,全国,中国工程机械工业协会,getEcoDataIndMachineryequipment,2011/3/31,2017/12/31,1,否,,
320,中国:实际销售收入:游戏市场:同比,H3825236,801760,需求,同比,下游,4,弱候选,0.429752,0.213514,2080111291,销售收入:平地机:累计同比,月,%,累计同比,全国,中国工程机械工业协会,getEcoDataIndMachineryequipment,2011/3/31,2017/12/31,1,否,,
320,中国:实际销售收入:游戏市场:同比,H3825236,801760,需求,同比,下游,5,弱候选,0.429752,0.213514,2080111290,销售收入:推土机:累计同比,月,%,累计同比,全国,中国工程机械工业协会,getEcoDataIndMachineryequipment,2011/3/31,2017/12/31,1,否,,
321,中国:电影观影人次:当周值,S6623763,801760,需求,当期值,下游,1,中等候选,0.730943,0.536822,2100001815,全国电影票房人次:当周值,周,万人,当期值,全国,艺恩数据,getEcoDataIndCulture,2008/1/13,2025/7/6,1,否,,
321,中国:电影观影人次:当周值,S6623763,801760,需求,当期值,下游,2,中等候选,0.650887,0.420649,2100001813,全国电影票房场次:当周值,周,场,当期值,全国,艺恩数据,getEcoDataIndCulture,2008/1/13,2025/7/6,1,否,,
321,中国:电影观影人次:当周值,S6623763,801760,需求,当期值,下游,3,弱候选,0.574494,0.619812,2190809008,全国电影观影人次:浙江省,周,万人,当期值,浙江省,中国电影发行放映协会,getEcoDataIndCulture,2018/7/8,2026/8/2,1,否,,
321,中国:电影观影人次:当周值,S6623763,801760,需求,当期值,下游,4,弱候选,0.574494,0.619812,2190809007,全国电影观影人次:湖南省,周,万人,当期值,湖南省,中国电影发行放映协会,getEcoDataIndCulture,2018/7/8,2026/8/2,1,否,,
321,中国:电影观影人次:当周值,S6623763,801760,需求,当期值,下游,5,弱候选,0.574494,0.619812,2190809006,全国电影观影人次:福建省,周,万人,当期值,福建省,中国电影发行放映协会,getEcoDataIndCulture,2018/7/8,2026/8/2,1,否,,
323,中国:备案、立项公示数量:电影剧本:故事片,S6623940,801760,产量,当期值,上游,1,弱候选,0.354539,0.233062,2190817035,全国电影剧本(梗概)备案数:故事影片,旬,部,当期值,全国,国家电影局,getEcoDataIndCulture,2011/1/31,2026/6/30,1,否,,
323,中国:备案、立项公示数量:电影剧本:故事片,S6623940,801760,产量,当期值,上游,2,弱候选,0.303571,0.199088,2190817043,全国电影剧本(梗概)备案数:特种影片,旬,部,当期值,全国,国家电影局,getEcoDataIndCulture,2011/5/31,2026/5/31,1,否,,
323,中国:备案、立项公示数量:电影剧本:故事片,S6623940,801760,产量,当期值,上游,3,弱候选,0.303571,0.199088,2190817042,全国电影剧本(梗概)备案数:科教影片,旬,部,当期值,全国,国家电影局,getEcoDataIndCulture,2011/4/10,2026/5/31,1,否,,
323,中国:备案、立项公示数量:电影剧本:故事片,S6623940,801760,产量,当期值,上游,4,弱候选,0.303571,0.199088,2190817041,全国电影剧本(梗概)备案数:纪录影片,旬,部,当期值,全国,国家电影局,getEcoDataIndCulture,2011/1/31,2026/5/31,1,否,,
323,中国:备案、立项公示数量:电影剧本:故事片,S6623940,801760,产量,当期值,上游,5,弱候选,0.303571,0.199088,2190817040,全国电影剧本(梗概)备案数:动画影片,旬,部,当期值,全国,国家电影局,getEcoDataIndCulture,2011/1/31,2026/5/31,1,否,,
324,中国:电视剧制作备案公示数量,S6623313,801760,产量,当期值,上游,1,弱候选,0.530589,0.533167,2100001848,全国电视剧拍摄制作备案数量:集数:同意公示,月,集,当期值,全国,国家广播电影电视总局,getEcoDataIndCulture,2006/5/31,2025/7/31,1,否,,
324,中国:电视剧制作备案公示数量,S6623313,801760,产量,当期值,上游,2,弱候选,0.530589,0.533167,2100001847,全国电视剧拍摄制作备案数量:集数:申报公示,月,集,当期值,nan,国家广播电影电视总局,getEcoDataIndCulture,2006/5/31,2025/7/31,1,否,,
324,中国:电视剧制作备案公示数量,S6623313,801760,产量,当期值,上游,3,弱候选,0.530589,0.533167,2100001836,全国电视剧拍摄制作备案数量:剧目:同意公示,月,部,当期值,全国,国家广播电影电视总局,getEcoDataIndCulture,2006/5/31,2025/7/31,1,否,,
324,中国:电视剧制作备案公示数量,S6623313,801760,产量,当期值,上游,4,弱候选,0.530589,0.533167,2100001835,全国电视剧拍摄制作备案数量:剧目:申报公示,月,部,当期值,nan,国家广播电影电视总局,getEcoDataIndCulture,2006/5/31,2025/7/31,1,否,,
324,中国:电视剧制作备案公示数量,S6623313,801760,产量,当期值,上游,5,弱候选,0.509689,0.488701,2100001852,全国电视剧拍摄制作备案数量:集数:古代题材,月,集,当期值,nan,国家广播电影电视总局,getEcoDataIndCulture,2006/5/31,2025/7/31,1,否,,
325,中国:电信主营业务收入:当月值,S6504990,801770,盈利,当期值,中游,1,中等候选,0.599521,0.293308,2090702477,环旭电子:营业收入:当月值,月,万元,当期值,nan,上市公司公告,getEcoDataIndElectronic,2015/1/31,2026/2/28,1,否,,
325,中国:电信主营业务收入:当月值,S6504990,801770,盈利,当期值,中游,2,弱候选,0.57976,0.439527,2100000039,邮政业务收入:当月值,月,亿元,当期值,nan,国家邮政局,getEcoDataIndTraffictransport,2002/1/31,2026/6/30,1,否,,
325,中国:电信主营业务收入:当月值,S6504990,801770,盈利,当期值,中游,3,弱候选,0.57976,0.439527,2160606101,快递:业务收入:当月值,月,亿元,当期值,全国,国家邮政局,getEcoDataIndTraffictransport,2008/1/31,2026/6/30,1,否,,
325,中国:电信主营业务收入:当月值,S6504990,801770,盈利,当期值,中游,4,弱候选,0.576188,0.293308,2090702482,鹏鼎控股:营业收入:当月值,月,万元,当期值,nan,上市公司公告,getEcoDataIndElectronic,2018/9/30,2025/12/31,1,否,,
325,中国:电信主营业务收入:当月值,S6504990,801770,盈利,当期值,中游,5,弱候选,0.564911,0.439527,2160712303,快递:业务收入:当月值:江苏,月,万元,当期值,nan,国家邮政局,getEcoDataIndTraffictransport,2012/8/31,2025/12/31,1,否,,
326,中国移动:资本开支:累计值,S0205519,801770,需求,累计值,上游,1,弱候选,0.479178,0.186195,2090100782,产量:移动通信基站设备:累计值,月,万信道,累计值,全国,国家统计局,getEcoDataIndElectronic,1990/2/28,2026/6/30,1,否,,
326,中国移动:资本开支:累计值,S0205519,801770,需求,累计值,上游,2,弱候选,0.474511,0.186195,2090702476,TCL科技:销量:移动通讯:累计值,月,台,累计值,nan,上市公司公告,getEcoDataIndElectronic,2015/1/31,2017/12/31,1,否,,
326,中国移动:资本开支:累计值,S0205519,801770,需求,累计值,上游,3,弱候选,0.474511,0.186195,2090103620,产量:移动通信手持机(手机):累计值,月,万部,累计值,全国,国家统计局,getEcoDataIndElectronic,1998/2/28,2026/6/30,1,否,,
326,中国移动:资本开支:累计值,S0205519,801770,需求,累计值,上游,4,弱候选,0.470204,0.186195,2090100957,移动通信基站设备:产量:重庆:累计值,月,万信道,累计值,重庆市,国家统计局,getEcoDataIndElectronic,2005/4/30,2021/12/31,1,否,,
326,中国移动:资本开支:累计值,S0205519,801770,需求,累计值,上游,5,弱候选,0.470204,0.186195,2090100956,移动通信基站设备:产量:广东:累计值,月,万信道,累计值,广东省,国家统计局,getEcoDataIndElectronic,2006/3/31,2026/6/30,1,否,,
327,中国电信:资本开支:累计值,S0205532,801770,需求,累计值,上游,1,弱候选,0.482357,0.192958,2090704056,工业富联:电信设备:销量:累计值,年,台,累计值,nan,上市公司公告,getEcoDataIndElectronic,2018/12/31,2025/12/31,1,否,,
327,中国电信:资本开支:累计值,S0205532,801770,需求,累计值,上游,2,弱候选,0.482357,0.192958,2090704050,工业富联:电信设备:产量:累计值,年,台,累计值,nan,上市公司公告,getEcoDataIndElectronic,2018/12/31,2025/12/31,1,否,,
327,中国电信:资本开支:累计值,S0205532,801770,需求,累计值,上游,3,弱候选,0.462242,0.192958,2090703815,大唐电信:行业终端及应用平台:销量:累计值,年,万元,累计值,nan,上市公司公告,getEcoDataIndElectronic,2018/12/31,2022/12/31,1,否,,
327,中国电信:资本开支:累计值,S0205532,801770,需求,累计值,上游,4,弱候选,0.462242,0.192958,2090703811,大唐电信:行业终端及应用平台:产量:累计值,年,万元,累计值,nan,上市公司公告,getEcoDataIndElectronic,2018/12/31,2022/12/31,1,否,,
327,中国电信:资本开支:累计值,S0205532,801770,需求,累计值,上游,5,弱候选,0.462242,0.192958,2090703797,大唐电信:汽车电子与工业芯片:销量:累计值,年,万元,累计值,nan,上市公司公告,getEcoDataIndElectronic,2015/12/31,2020/12/31,1,否,,
328,中国:出货量:手机:当月值,S6504042,801770,需求,当期值,下游,1,中等候选,0.672207,0.428101,2090101591,出货量:数码相机:当月值,月,台,当期值,nan,日本相机影像器材工业协会,getEcoDataIndElectronic,2001/8/31,2026/6/30,1,否,,
328,中国:出货量:手机:当月值,S6504042,801770,需求,当期值,下游,2,中等候选,0.646642,0.428101,2090101598,出货量:一体化数码相机:当月值,月,台,当期值,nan,日本相机影像器材工业协会,getEcoDataIndElectronic,2006/1/31,2026/6/30,1,否,,
328,中国:出货量:手机:当月值,S6504042,801770,需求,当期值,下游,3,中等候选,0.639541,0.428101,2090101605,出货量:可换镜头数码相机:当月值,月,台,当期值,nan,日本相机影像器材工业协会,getEcoDataIndElectronic,2006/1/31,2026/6/30,1,否,,
328,中国:出货量:手机:当月值,S6504042,801770,需求,当期值,下游,4,中等候选,0.638067,0.396223,2090714994,产量:智能手机:当月值,月,万台,当期值,全国,国家统计局,getEcoDataIndElectronic,2016/3/31,2026/6/30,1,否,,
328,中国:出货量:手机:当月值,S6504042,801770,需求,当期值,下游,5,中等候选,0.633007,0.428101,2090700252,日本:出货量:国内立体声耳机:当月值,月,千件,当期值,日本,日本电子信息技术产业协会,getEcoDataIndElectronic,2018/1/31,2026/6/30,1,否,,
329,全球:出货量:智能手机:当季值,S5615837,801770,需求,当期值,下游,1,中等候选,0.624819,0.419344,2090726018,出货量:可穿戴设备:腕戴设备:智能手表:中国:当季值,季,万台,当期值,全国,IDC,getEcoDataIndElectronic,2021/6/30,2025/9/30,1,否,,
329,全球:出货量:智能手机:当季值,S5615837,801770,需求,当期值,下游,2,中等候选,0.616091,0.419344,2090726022,出货量:可穿戴设备:腕戴设备:儿童智能手表:中国:当季值,季,万台,当期值,全国,IDC,getEcoDataIndElectronic,2021/9/30,2025/3/31,1,否,,
329,全球:出货量:智能手机:当季值,S5615837,801770,需求,当期值,下游,3,中等候选,0.616091,0.419344,2090726020,出货量:可穿戴设备:腕戴设备:成人智能手表:中国:当季值,季,万台,当期值,全国,IDC,getEcoDataIndElectronic,2021/9/30,2025/3/31,1,否,,
329,全球:出货量:智能手机:当季值,S5615837,801770,需求,当期值,下游,4,弱候选,0.538376,0.249552,2090607934,出口数量:洗涤电机:当季值,季,万台,当期值,全国,产业在线,getEcoDataIndElectronic,2015/12/31,2021/9/30,1,否,,
329,全球:出货量:智能手机:当季值,S5615837,801770,需求,当期值,下游,5,弱候选,0.532289,0.249552,2090727562,销量:干衣机:当季值,季,万台,当期值,全国,产业在线,getEcoDataIndElectronic,2017/3/31,2026/3/31,1,否,,