industry_code,industry_name,industry_rank,uqer_indic_id,uqer_name,name_en,frequency_old_list,unit_old_list,stat_type,region_old_list,country_old_list,source,api,begin_date,end_date,is_update,selection_score,indicID,indicName,nameEN,dyCD,parentID,isList,frequency_new_uqer,unit_new_uqer,statType,accuracy,region_new_uqer,country_new_uqer,currency,importance,infoSource,memoCN,dataApiID,dataApiName,beginDate,endDate,isUpdate,__source_api,__downloaded_at_utc,old_uqer_name,new_uqer_name,changed_uqer_name,old_name_en,new_name_en,changed_name_en,old_frequency,new_frequency,changed_frequency,old_unit,new_unit,changed_unit,old_stat_type,new_stat_type,changed_stat_type,old_region,new_region,changed_region,old_country,new_country,changed_country,old_source,new_source,changed_source,old_api,new_api,changed_api,old_begin_date,new_begin_date,changed_begin_date,old_end_date,new_end_date,changed_end_date,old_is_update,new_is_update,changed_is_update,exists_in_new_uqer,any_field_changed,snapshot_20260812_uqer_name,snapshot_20260812_name_en,snapshot_20260812_frequency,snapshot_20260812_unit,snapshot_20260812_stat_type,snapshot_20260812_region,snapshot_20260812_country,snapshot_20260812_source,snapshot_20260812_api,snapshot_20260812_begin_date,snapshot_20260812_end_date,snapshot_20260812_is_update,changed_since_20260812_uqer_name,changed_since_20260812_name_en,changed_since_20260812_frequency,changed_since_20260812_unit,changed_since_20260812_stat_type,changed_since_20260812_region,changed_since_20260812_country,changed_since_20260812_source,changed_since_20260812_api,changed_since_20260812_begin_date,changed_since_20260812_end_date,changed_since_20260812_is_update,any_change_since_20260812
801010,农林牧渔,1,2010711979,价格:仔猪:外三元(15kg),Price: Piglet: Foreign Mixed Breed (15kg),日,元/公斤,当期值,全国,中国,博亚和讯,getEcoDataIndAgricultural,2016-09-28,2026-08-07,1,150.0,2010711979,价格:仔猪:外三元(15kg),Price: Piglet: Foreign Mixed Breed (15kg),S010711979,S010001661,0,日,元/公斤,当期值,2.0,全国,中国,人民币元,不重要,博亚和讯,,2976,getEcoDataIndAgricultural,2016-09-28,2026-08-12,1,EcoInfoProGet,2026-08-13T01:09:36.711019+00:00,价格:仔猪:外三元(15kg),价格:仔猪:外三元(15kg),False,Price: Piglet: Foreign Mixed Breed (15kg),Price: Piglet: Foreign Mixed Breed (15kg),False,日,日,False,元/公斤,元/公斤,False,当期值,当期值,False,全国,全国,False,中国,中国,False,博亚和讯,博亚和讯,False,getEcoDataIndAgricultural,getEcoDataIndAgricultural,False,2016-09-28,2016-09-28,False,2026-08-07,2026-08-12,True,1,1,False,True,True,价格:仔猪:外三元(15kg),Price: Piglet: Foreign Mixed Breed (15kg),日,元/公斤,当期值,全国,中国,博亚和讯,getEcoDataIndAgricultural,2016-09-28,2026-08-11,1,False,False,False,False,False,False,False,False,False,False,True,False,True
801010,农林牧渔,2,2010712032,价格:仔猪:外三元(20kg),Price: Piglet: Foreign Mixed Breed (20kg),日,元/公斤,当期值,全国,中国,博亚和讯,getEcoDataIndAgricultural,2016-01-04,2026-08-07,1,150.0,2010712032,价格:仔猪:外三元(20kg),Price: Piglet: Foreign Mixed Breed (20kg),S010712032,S010001661,0,日,元/公斤,当期值,2.0,全国,中国,人民币元,不重要,博亚和讯,,2976,getEcoDataIndAgricultural,2016-01-04,2026-08-12,1,EcoInfoProGet,2026-08-13T01:09:36.711019+00:00,价格:仔猪:外三元(20kg),价格:仔猪:外三元(20kg),False,Price: Piglet: Foreign Mixed Breed (20kg),Price: Piglet: Foreign Mixed Breed (20kg),False,日,日,False,元/公斤,元/公斤,False,当期值,当期值,False,全国,全国,False,中国,中国,False,博亚和讯,博亚和讯,False,getEcoDataIndAgricultural,getEcoDataIndAgricultural,False,2016-01-04,2016-01-04,False,2026-08-07,2026-08-12,True,1,1,False,True,True,价格:仔猪:外三元(20kg),Price: Piglet: Foreign Mixed Breed (20kg),日,元/公斤,当期值,全国,中国,博亚和讯,getEcoDataIndAgricultural,2016-01-04,2026-08-11,1,False,False,False,False,False,False,False,False,False,False,True,False,True
801010,农林牧渔,3,2010711926,价格:生猪:外三元,Price: Pig: Foreign Mixed Breed,日,元/公斤,当期值,全国,中国,博亚和讯,getEcoDataIndAgricultural,2016-01-04,2026-08-07,1,150.0,2010711926,价格:生猪:外三元,Price: Pig: Foreign Mixed Breed,S010711926,S010001661,0,日,元/公斤,当期值,2.0,全国,中国,人民币元,不重要,博亚和讯,,2976,getEcoDataIndAgricultural,2016-01-04,2026-08-12,1,EcoInfoProGet,2026-08-13T01:09:36.711019+00:00,价格:生猪:外三元,价格:生猪:外三元,False,Price: Pig: Foreign Mixed Breed,Price: Pig: Foreign Mixed Breed,False,日,日,False,元/公斤,元/公斤,False,当期值,当期值,False,全国,全国,False,中国,中国,False,博亚和讯,博亚和讯,False,getEcoDataIndAgricultural,getEcoDataIndAgricultural,False,2016-01-04,2016-01-04,False,2026-08-07,2026-08-12,True,1,1,False,True,True,价格:生猪:外三元,Price: Pig: Foreign Mixed Breed,日,元/公斤,当期值,全国,中国,博亚和讯,getEcoDataIndAgricultural,2016-01-04,2026-08-11,1,False,False,False,False,False,False,False,False,False,False,True,False,True
801010,农林牧渔,4,2010000983,农产品批发价格200指数,Wholesale Price Index of Agricultural Products,日,2015年=100,定基,全国,中国,中国农业农村部,getEcoDataIndAgricultural,2015-01-19,2026-08-07,1,150.0,2010000983,农产品批发价格200指数,Wholesale Price Index of Agricultural Products,S010000983,S010000982,0,日,2015年=100,定基,2.0,全国,中国,,一般重要,中国农业农村部,,2976,getEcoDataIndAgricultural,2015-01-19,2026-08-12,1,EcoInfoProGet,2026-08-13T01:09:36.711019+00:00,农产品批发价格200指数,农产品批发价格200指数,False,Wholesale Price Index of Agricultural Products,Wholesale Price Index of Agricultural Products,False,日,日,False,2015年=100,2015年=100,False,定基,定基,False,全国,全国,False,中国,中国,False,中国农业农村部,中国农业农村部,False,getEcoDataIndAgricultural,getEcoDataIndAgricultural,False,2015-01-19,2015-01-19,False,2026-08-07,2026-08-12,True,1,1,False,True,True,农产品批发价格200指数,Wholesale Price Index of Agricultural Products,日,2015年=100,定基,全国,中国,中国农业农村部,getEcoDataIndAgricultural,2015-01-19,2026-08-11,1,False,False,False,False,False,False,False,False,False,False,True,False,True
801010,农林牧渔,5,2010000984,农产品批发价格200指数:菜篮子,Wholesale Price Index of Agricultural Products 200: Vegetable Basket,日,2015年=100,定基,全国,中国,中国农业农村部,getEcoDataIndAgricultural,2015-01-19,2026-08-07,1,150.0,2010000984,农产品批发价格200指数:菜篮子,Wholesale Price Index of Agricultural Products 200: Vegetable Basket,S010000984,S010000982,0,日,2015年=100,定基,2.0,全国,中国,,一般重要,中国农业农村部,,2976,getEcoDataIndAgricultural,2015-01-19,2026-08-12,1,EcoInfoProGet,2026-08-13T01:09:36.711019+00:00,农产品批发价格200指数:菜篮子,农产品批发价格200指数:菜篮子,False,Wholesale Price Index of Agricultural Products 200: Vegetable Basket,Wholesale Price Index of Agricultural Products 200: Vegetable Basket,False,日,日,False,2015年=100,2015年=100,False,定基,定基,False,全国,全国,False,中国,中国,False,中国农业农村部,中国农业农村部,False,getEcoDataIndAgricultural,getEcoDataIndAgricultural,False,2015-01-19,2015-01-19,False,2026-08-07,2026-08-12,True,1,1,False,True,True,农产品批发价格200指数:菜篮子,Wholesale Price Index of Agricultural Products 200: Vegetable Basket,日,2015年=100,定基,全国,中国,中国农业农村部,getEcoDataIndAgricultural,2015-01-19,2026-08-11,1,False,False,False,False,False,False,False,False,False,False,True,False,True
801010,农林牧渔,6,2010723605,收盘价:大商所:农产品期货价格指数,Closing Price: Dalian Commodity Exchange: Agricultural Futures Price Index,日,点,当期值,全国,中国,大连商品交易所,getEcoDataIndAgricultural,2013-01-04,2026-08-07,1,150.0,2010723605,收盘价:大商所:农产品期货价格指数,Closing Price: Dalian Commodity Exchange: Agricultural Futures Price Index,S010723605,S010723558,0,日,点,当期值,2.0,全国,中国,,不重要,大连商品交易所,,2976,getEcoDataIndAgricultural,2013-01-04,2026-08-12,1,EcoInfoProGet,2026-08-13T01:09:36.711019+00:00,收盘价:大商所:农产品期货价格指数,收盘价:大商所:农产品期货价格指数,False,Closing Price: Dalian Commodity Exchange: Agricultural Futures Price Index,Closing Price: Dalian Commodity Exchange: Agricultural Futures Price Index,False,日,日,False,点,点,False,当期值,当期值,False,全国,全国,False,中国,中国,False,大连商品交易所,大连商品交易所,False,getEcoDataIndAgricultural,getEcoDataIndAgricultural,False,2013-01-04,2013-01-04,False,2026-08-07,2026-08-12,True,1,1,False,True,True,收盘价:大商所:农产品期货价格指数,Closing Price: Dalian Commodity Exchange: Agricultural Futures Price Index,日,点,当期值,全国,中国,大连商品交易所,getEcoDataIndAgricultural,2013-01-04,2026-08-11,1,False,False,False,False,False,False,False,False,False,False,True,False,True
801010,农林牧渔,7,2010723606,收盘价:大商所:农产品期货价格综合指数,Closing Price: Dalian Commodity Exchange: Agricultural Futures Price Composite Index,日,点,当期值,全国,中国,大连商品交易所,getEcoDataIndAgricultural,2013-01-04,2026-08-07,1,150.0,2010723606,收盘价:大商所:农产品期货价格综合指数,Closing Price: Dalian Commodity Exchange: Agricultural Futures Price Composite Index,S010723606,S010723558,0,日,点,当期值,2.0,全国,中国,,不重要,大连商品交易所,,2976,getEcoDataIndAgricultural,2013-01-04,2026-08-12,1,EcoInfoProGet,2026-08-13T01:09:36.711019+00:00,收盘价:大商所:农产品期货价格综合指数,收盘价:大商所:农产品期货价格综合指数,False,Closing Price: Dalian Commodity Exchange: Agricultural Futures Price Composite Index,Closing Price: Dalian Commodity Exchange: Agricultural Futures Price Composite Index,False,日,日,False,点,点,False,当期值,当期值,False,全国,全国,False,中国,中国,False,大连商品交易所,大连商品交易所,False,getEcoDataIndAgricultural,getEcoDataIndAgricultural,False,2013-01-04,2013-01-04,False,2026-08-07,2026-08-12,True,1,1,False,True,True,收盘价:大商所:农产品期货价格综合指数,Closing Price: Dalian Commodity Exchange: Agricultural Futures Price Composite Index,日,点,当期值,全国,中国,大连商品交易所,getEcoDataIndAgricultural,2013-01-04,2026-08-11,1,False,False,False,False,False,False,False,False,False,False,True,False,True
801010,农林牧渔,8,2010723608,收盘价:大商所:大豆类期货价格指数,Closing Price: Dalian Commodity Exchange: Soybean Futures Price Index,日,点,当期值,全国,中国,大连商品交易所,getEcoDataIndAgricultural,2013-01-04,2026-08-07,1,150.0,2010723608,收盘价:大商所:大豆类期货价格指数,Closing Price: Dalian Commodity Exchange: Soybean Futures Price Index,S010723608,S010723558,0,日,点,当期值,2.0,全国,中国,,不重要,大连商品交易所,,2976,getEcoDataIndAgricultural,2013-01-04,2026-08-12,1,EcoInfoProGet,2026-08-13T01:09:36.711019+00:00,收盘价:大商所:大豆类期货价格指数,收盘价:大商所:大豆类期货价格指数,False,Closing Price: Dalian Commodity Exchange: Soybean Futures Price Index,Closing Price: Dalian Commodity Exchange: Soybean Futures Price Index,False,日,日,False,点,点,False,当期值,当期值,False,全国,全国,False,中国,中国,False,大连商品交易所,大连商品交易所,False,getEcoDataIndAgricultural,getEcoDataIndAgricultural,False,2013-01-04,2013-01-04,False,2026-08-07,2026-08-12,True,1,1,False,True,True,收盘价:大商所:大豆类期货价格指数,Closing Price: Dalian Commodity Exchange: Soybean Futures Price Index,日,点,当期值,全国,中国,大连商品交易所,getEcoDataIndAgricultural,2013-01-04,2026-08-11,1,False,False,False,False,False,False,False,False,False,False,True,False,True
801010,农林牧渔,9,2010723617,收盘价:大商所:玉米期货主力合约价格指数,Closing Price: Dalian Commodity Exchange: Corn Futures Main Contract Price Index,日,点,当期值,全国,中国,大连商品交易所,getEcoDataIndAgricultural,2013-01-04,2026-08-07,1,150.0,2010723617,收盘价:大商所:玉米期货主力合约价格指数,Closing Price: Dalian Commodity Exchange: Corn Futures Main Contract Price Index,S010723617,S010723558,0,日,点,当期值,2.0,全国,中国,,不重要,大连商品交易所,,2976,getEcoDataIndAgricultural,2013-01-04,2026-08-12,1,EcoInfoProGet,2026-08-13T01:09:36.711019+00:00,收盘价:大商所:玉米期货主力合约价格指数,收盘价:大商所:玉米期货主力合约价格指数,False,Closing Price: Dalian Commodity Exchange: Corn Futures Main Contract Price Index,Closing Price: Dalian Commodity Exchange: Corn Futures Main Contract Price Index,False,日,日,False,点,点,False,当期值,当期值,False,全国,全国,False,中国,中国,False,大连商品交易所,大连商品交易所,False,getEcoDataIndAgricultural,getEcoDataIndAgricultural,False,2013-01-04,2013-01-04,False,2026-08-07,2026-08-12,True,1,1,False,True,True,收盘价:大商所:玉米期货主力合约价格指数,Closing Price: Dalian Commodity Exchange: Corn Futures Main Contract Price Index,日,点,当期值,全国,中国,大连商品交易所,getEcoDataIndAgricultural,2013-01-04,2026-08-11,1,False,False,False,False,False,False,False,False,False,False,True,False,True
801010,农林牧渔,10,2010723610,收盘价:大商所:玉米期货价格指数,Closing Price: Dalian Commodity Exchange: Corn Futures Price Index,日,点,当期值,全国,中国,大连商品交易所,getEcoDataIndAgricultural,2013-01-04,2026-08-07,1,150.0,2010723610,收盘价:大商所:玉米期货价格指数,Closing Price: Dalian Commodity Exchange: Corn Futures Price Index,S010723610,S010723558,0,日,点,当期值,2.0,全国,中国,,不重要,大连商品交易所,,2976,getEcoDataIndAgricultural,2013-01-04,2026-08-12,1,EcoInfoProGet,2026-08-13T01:09:36.711019+00:00,收盘价:大商所:玉米期货价格指数,收盘价:大商所:玉米期货价格指数,False,Closing Price: Dalian Commodity Exchange: Corn Futures Price Index,Closing Price: Dalian Commodity Exchange: Corn Futures Price Index,False,日,日,False,点,点,False,当期值,当期值,False,全国,全国,False,中国,中国,False,大连商品交易所,大连商品交易所,False,getEcoDataIndAgricultural,getEcoDataIndAgricultural,False,2013-01-04,2013-01-04,False,2026-08-07,2026-08-12,True,1,1,False,True,True,收盘价:大商所:玉米期货价格指数,Closing Price: Dalian Commodity Exchange: Corn Futures Price Index,日,点,当期值,全国,中国,大连商品交易所,getEcoDataIndAgricultural,2013-01-04,2026-08-11,1,False,False,False,False,False,False,False,False,False,False,True,False,True
801010,农林牧渔,11,2010723625,收盘价:大商所:玉米淀粉加工利润指数,Closing Price: Dalian Commodity Exchange: Corn Starch Processing Profit Index,日,点,当期值,全国,中国,大连商品交易所,getEcoDataIndAgricultural,2014-12-19,2026-08-07,1,150.0,2010723625,收盘价:大商所:玉米淀粉加工利润指数,Closing Price: Dalian Commodity Exchange: Corn Starch Processing Profit Index,S010723625,S010723558,0,日,点,当期值,2.0,全国,中国,,不重要,大连商品交易所,,2976,getEcoDataIndAgricultural,2014-12-19,2026-08-12,1,EcoInfoProGet,2026-08-13T01:09:36.711019+00:00,收盘价:大商所:玉米淀粉加工利润指数,收盘价:大商所:玉米淀粉加工利润指数,False,Closing Price: Dalian Commodity Exchange: Corn Starch Processing Profit Index,Closing Price: Dalian Commodity Exchange: Corn Starch Processing Profit Index,False,日,日,False,点,点,False,当期值,当期值,False,全国,全国,False,中国,中国,False,大连商品交易所,大连商品交易所,False,getEcoDataIndAgricultural,getEcoDataIndAgricultural,False,2014-12-19,2014-12-19,False,2026-08-07,2026-08-12,True,1,1,False,True,True,收盘价:大商所:玉米淀粉加工利润指数,Closing Price: Dalian Commodity Exchange: Corn Starch Processing Profit Index,日,点,当期值,全国,中国,大连商品交易所,getEcoDataIndAgricultural,2014-12-19,2026-08-11,1,False,False,False,False,False,False,False,False,False,False,True,False,True
801010,农林牧渔,12,2010723618,收盘价:大商所:玉米淀粉期货主力合约价格指数,Closing Price: Dalian Commodity Exchange: Corn Starch Futures Main Contract Price Index,日,点,当期值,全国,中国,大连商品交易所,getEcoDataIndAgricultural,2014-12-19,2026-08-07,1,150.0,2010723618,收盘价:大商所:玉米淀粉期货主力合约价格指数,Closing Price: Dalian Commodity Exchange: Corn Starch Futures Main Contract Price Index,S010723618,S010723558,0,日,点,当期值,2.0,全国,中国,,不重要,大连商品交易所,,2976,getEcoDataIndAgricultural,2014-12-19,2026-08-12,1,EcoInfoProGet,2026-08-13T01:09:36.711019+00:00,收盘价:大商所:玉米淀粉期货主力合约价格指数,收盘价:大商所:玉米淀粉期货主力合约价格指数,False,Closing Price: Dalian Commodity Exchange: Corn Starch Futures Main Contract Price Index,Closing Price: Dalian Commodity Exchange: Corn Starch Futures Main Contract Price Index,False,日,日,False,点,点,False,当期值,当期值,False,全国,全国,False,中国,中国,False,大连商品交易所,大连商品交易所,False,getEcoDataIndAgricultural,getEcoDataIndAgricultural,False,2014-12-19,2014-12-19,False,2026-08-07,2026-08-12,True,1,1,False,True,True,收盘价:大商所:玉米淀粉期货主力合约价格指数,Closing Price: Dalian Commodity Exchange: Corn Starch Futures Main Contract Price Index,日,点,当期值,全国,中国,大连商品交易所,getEcoDataIndAgricultural,2014-12-19,2026-08-11,1,False,False,False,False,False,False,False,False,False,False,True,False,True
801010,农林牧渔,13,2010723611,收盘价:大商所:玉米淀粉期货价格指数,Closing Price: Dalian Commodity Exchange: Corn Starch Futures Price Index,日,点,当期值,全国,中国,大连商品交易所,getEcoDataIndAgricultural,2014-12-19,2026-08-07,1,150.0,2010723611,收盘价:大商所:玉米淀粉期货价格指数,Closing Price: Dalian Commodity Exchange: Corn Starch Futures Price Index,S010723611,S010723558,0,日,点,当期值,2.0,全国,中国,,不重要,大连商品交易所,,2976,getEcoDataIndAgricultural,2014-12-19,2026-08-12,1,EcoInfoProGet,2026-08-13T01:09:36.711019+00:00,收盘价:大商所:玉米淀粉期货价格指数,收盘价:大商所:玉米淀粉期货价格指数,False,Closing Price: Dalian Commodity Exchange: Corn Starch Futures Price Index,Closing Price: Dalian Commodity Exchange: Corn Starch Futures Price Index,False,日,日,False,点,点,False,当期值,当期值,False,全国,全国,False,中国,中国,False,大连商品交易所,大连商品交易所,False,getEcoDataIndAgricultural,getEcoDataIndAgricultural,False,2014-12-19,2014-12-19,False,2026-08-07,2026-08-12,True,1,1,False,True,True,收盘价:大商所:玉米淀粉期货价格指数,Closing Price: Dalian Commodity Exchange: Corn Starch Futures Price Index,日,点,当期值,全国,中国,大连商品交易所,getEcoDataIndAgricultural,2014-12-19,2026-08-11,1,False,False,False,False,False,False,False,False,False,False,True,False,True
801010,农林牧渔,14,2010723620,收盘价:大商所:豆粕期货主力合约价格指数,Closing Price: Dalian Commodity Exchange: Soybean Meal Main Contract Price Index,日,点,当期值,全国,中国,大连商品交易所,getEcoDataIndAgricultural,2013-01-04,2026-08-07,1,150.0,2010723620,收盘价:大商所:豆粕期货主力合约价格指数,Closing Price: Dalian Commodity Exchange: Soybean Meal Main Contract Price Index,S010723620,S010723558,0,日,点,当期值,2.0,全国,中国,,不重要,大连商品交易所,,2976,getEcoDataIndAgricultural,2013-01-04,2026-08-12,1,EcoInfoProGet,2026-08-13T01:09:36.711019+00:00,收盘价:大商所:豆粕期货主力合约价格指数,收盘价:大商所:豆粕期货主力合约价格指数,False,Closing Price: Dalian Commodity Exchange: Soybean Meal Main Contract Price Index,Closing Price: Dalian Commodity Exchange: Soybean Meal Main Contract Price Index,False,日,日,False,点,点,False,当期值,当期值,False,全国,全国,False,中国,中国,False,大连商品交易所,大连商品交易所,False,getEcoDataIndAgricultural,getEcoDataIndAgricultural,False,2013-01-04,2013-01-04,False,2026-08-07,2026-08-12,True,1,1,False,True,True,收盘价:大商所:豆粕期货主力合约价格指数,Closing Price: Dalian Commodity Exchange: Soybean Meal Main Contract Price Index,日,点,当期值,全国,中国,大连商品交易所,getEcoDataIndAgricultural,2013-01-04,2026-08-11,1,False,False,False,False,False,False,False,False,False,False,True,False,True
801010,农林牧渔,15,2010723613,收盘价:大商所:豆粕期货价格指数,Closing Price: Dalian Commodity Exchange: Soybean Meal Futures Price Index,日,点,当期值,全国,中国,大连商品交易所,getEcoDataIndAgricultural,2013-01-04,2026-08-07,1,150.0,2010723613,收盘价:大商所:豆粕期货价格指数,Closing Price: Dalian Commodity Exchange: Soybean Meal Futures Price Index,S010723613,S010723558,0,日,点,当期值,2.0,全国,中国,,不重要,大连商品交易所,,2976,getEcoDataIndAgricultural,2013-01-04,2026-08-12,1,EcoInfoProGet,2026-08-13T01:09:36.711019+00:00,收盘价:大商所:豆粕期货价格指数,收盘价:大商所:豆粕期货价格指数,False,Closing Price: Dalian Commodity Exchange: Soybean Meal Futures Price Index,Closing Price: Dalian Commodity Exchange: Soybean Meal Futures Price Index,False,日,日,False,点,点,False,当期值,当期值,False,全国,全国,False,中国,中国,False,大连商品交易所,大连商品交易所,False,getEcoDataIndAgricultural,getEcoDataIndAgricultural,False,2013-01-04,2013-01-04,False,2026-08-07,2026-08-12,True,1,1,False,True,True,收盘价:大商所:豆粕期货价格指数,Closing Price: Dalian Commodity Exchange: Soybean Meal Futures Price Index,日,点,当期值,全国,中国,大连商品交易所,getEcoDataIndAgricultural,2013-01-04,2026-08-11,1,False,False,False,False,False,False,False,False,False,False,True,False,True
801010,农林牧渔,16,2010723609,收盘价:大商所:饲料类期货价格指数,Closing Price: Dalian Commodity Exchange: Feed Futures Price Index,日,点,当期值,全国,中国,大连商品交易所,getEcoDataIndAgricultural,2013-01-04,2026-08-07,1,150.0,2010723609,收盘价:大商所:饲料类期货价格指数,Closing Price: Dalian Commodity Exchange: Feed Futures Price Index,S010723609,S010723558,0,日,点,当期值,2.0,全国,中国,,不重要,大连商品交易所,,2976,getEcoDataIndAgricultural,2013-01-04,2026-08-12,1,EcoInfoProGet,2026-08-13T01:09:36.711019+00:00,收盘价:大商所:饲料类期货价格指数,收盘价:大商所:饲料类期货价格指数,False,Closing Price: Dalian Commodity Exchange: Feed Futures Price Index,Closing Price: Dalian Commodity Exchange: Feed Futures Price Index,False,日,日,False,点,点,False,当期值,当期值,False,全国,全国,False,中国,中国,False,大连商品交易所,大连商品交易所,False,getEcoDataIndAgricultural,getEcoDataIndAgricultural,False,2013-01-04,2013-01-04,False,2026-08-07,2026-08-12,True,1,1,False,True,True,收盘价:大商所:饲料类期货价格指数,Closing Price: Dalian Commodity Exchange: Feed Futures Price Index,日,点,当期值,全国,中国,大连商品交易所,getEcoDataIndAgricultural,2013-01-04,2026-08-11,1,False,False,False,False,False,False,False,False,False,False,True,False,True
801010,农林牧渔,17,2010723623,收盘价:大商所:鸡蛋期货主力合约价格指数,Closing Price: Dalian Commodity Exchange: Egg Futures Price Main Contract Index,日,点,当期值,全国,中国,大连商品交易所,getEcoDataIndAgricultural,2013-11-08,2026-08-07,1,150.0,2010723623,收盘价:大商所:鸡蛋期货主力合约价格指数,Closing Price: Dalian Commodity Exchange: Egg Futures Price Main Contract Index,S010723623,S010723558,0,日,点,当期值,2.0,全国,中国,,不重要,大连商品交易所,,2976,getEcoDataIndAgricultural,2013-11-08,2026-08-12,1,EcoInfoProGet,2026-08-13T01:09:36.711019+00:00,收盘价:大商所:鸡蛋期货主力合约价格指数,收盘价:大商所:鸡蛋期货主力合约价格指数,False,Closing Price: Dalian Commodity Exchange: Egg Futures Price Main Contract Index,Closing Price: Dalian Commodity Exchange: Egg Futures Price Main Contract Index,False,日,日,False,点,点,False,当期值,当期值,False,全国,全国,False,中国,中国,False,大连商品交易所,大连商品交易所,False,getEcoDataIndAgricultural,getEcoDataIndAgricultural,False,2013-11-08,2013-11-08,False,2026-08-07,2026-08-12,True,1,1,False,True,True,收盘价:大商所:鸡蛋期货主力合约价格指数,Closing Price: Dalian Commodity Exchange: Egg Futures Price Main Contract Index,日,点,当期值,全国,中国,大连商品交易所,getEcoDataIndAgricultural,2013-11-08,2026-08-11,1,False,False,False,False,False,False,False,False,False,False,True,False,True
801010,农林牧渔,18,2010723616,收盘价:大商所:鸡蛋期货价格指数,Closing Price: Dalian Commodity Exchange: Egg Futures Price Index,日,点,当期值,全国,中国,大连商品交易所,getEcoDataIndAgricultural,2013-11-08,2026-08-07,1,150.0,2010723616,收盘价:大商所:鸡蛋期货价格指数,Closing Price: Dalian Commodity Exchange: Egg Futures Price Index,S010723616,S010723558,0,日,点,当期值,2.0,全国,中国,,不重要,大连商品交易所,,2976,getEcoDataIndAgricultural,2013-11-08,2026-08-12,1,EcoInfoProGet,2026-08-13T01:09:36.711019+00:00,收盘价:大商所:鸡蛋期货价格指数,收盘价:大商所:鸡蛋期货价格指数,False,Closing Price: Dalian Commodity Exchange: Egg Futures Price Index,Closing Price: Dalian Commodity Exchange: Egg Futures Price Index,False,日,日,False,点,点,False,当期值,当期值,False,全国,全国,False,中国,中国,False,大连商品交易所,大连商品交易所,False,getEcoDataIndAgricultural,getEcoDataIndAgricultural,False,2013-11-08,2013-11-08,False,2026-08-07,2026-08-12,True,1,1,False,True,True,收盘价:大商所:鸡蛋期货价格指数,Closing Price: Dalian Commodity Exchange: Egg Futures Price Index,日,点,当期值,全国,中国,大连商品交易所,getEcoDataIndAgricultural,2013-11-08,2026-08-11,1,False,False,False,False,False,False,False,False,False,False,True,False,True
801010,农林牧渔,19,1040015395,农产品生产价格指数:渔业产品:海水养殖(上年同期=100),Price Index of Agricultural Produce: Fishery: Mariculture (CPPY=100),季,上年同期=100,当期值,全国,中国,国家统计局,getEcoDataChina,2011-03-31,2026-06-30,1,147.0,1040015395,农产品生产价格指数:渔业产品:海水养殖(上年同期=100),Price Index of Agricultural Produce: Fishery: Mariculture (CPPY=100),M040015395,M040001659,0,季,上年同期=100,当期值,2.0,全国,中国,,不重要,国家统计局,,2975,getEcoDataChina,2011-03-31,2026-06-30,1,EcoInfoProGet,2026-08-13T01:09:36.711019+00:00,农产品生产价格指数:渔业产品:海水养殖(上年同期=100),农产品生产价格指数:渔业产品:海水养殖(上年同期=100),False,Price Index of Agricultural Produce: Fishery: Mariculture (CPPY=100),Price Index of Agricultural Produce: Fishery: Mariculture (CPPY=100),False,季,季,False,上年同期=100,上年同期=100,False,当期值,当期值,False,全国,全国,False,中国,中国,False,国家统计局,国家统计局,False,getEcoDataChina,getEcoDataChina,False,2011-03-31,2011-03-31,False,2026-06-30,2026-06-30,False,1,1,False,True,False,农产品生产价格指数:渔业产品:海水养殖(上年同期=100),Price Index of Agricultural Produce: Fishery: Mariculture (CPPY=100),季,上年同期=100,当期值,全国,中国,国家统计局,getEcoDataChina,2011-03-31,2026-06-30,1,False,False,False,False,False,False,False,False,False,False,False,False,False
801010,农林牧渔,20,1040015396,农产品生产价格指数:渔业产品:淡水养殖(上年同期=100),Price Index of Agricultural Produce: Fishery: Freshwater Aquaculture (CPPY=100),季,上年同期=100,当期值,全国,中国,国家统计局,getEcoDataChina,2011-03-31,2026-06-30,1,147.0,1040015396,农产品生产价格指数:渔业产品:淡水养殖(上年同期=100),Price Index of Agricultural Produce: Fishery: Freshwater Aquaculture (CPPY=100),M040015396,M040001659,0,季,上年同期=100,当期值,2.0,全国,中国,,不重要,国家统计局,,2975,getEcoDataChina,2011-03-31,2026-06-30,1,EcoInfoProGet,2026-08-13T01:09:36.711019+00:00,农产品生产价格指数:渔业产品:淡水养殖(上年同期=100),农产品生产价格指数:渔业产品:淡水养殖(上年同期=100),False,Price Index of Agricultural Produce: Fishery: Freshwater Aquaculture (CPPY=100),Price Index of Agricultural Produce: Fishery: Freshwater Aquaculture (CPPY=100),False,季,季,False,上年同期=100,上年同期=100,False,当期值,当期值,False,全国,全国,False,中国,中国,False,国家统计局,国家统计局,False,getEcoDataChina,getEcoDataChina,False,2011-03-31,2011-03-31,False,2026-06-30,2026-06-30,False,1,1,False,True,False,农产品生产价格指数:渔业产品:淡水养殖(上年同期=100),Price Index of Agricultural Produce: Fishery: Freshwater Aquaculture (CPPY=100),季,上年同期=100,当期值,全国,中国,国家统计局,getEcoDataChina,2011-03-31,2026-06-30,1,False,False,False,False,False,False,False,False,False,False,False,False,False
801010,农林牧渔,21,1040001914,国内期货价格:强小麦,Domestic Futures Prices: Wheat Wh,周,元/吨,当期值,全国,中国,商务部,getEcoDataChina,2005-04-08,2026-07-31,1,147.0,1040001914,国内期货价格:强小麦,Domestic Futures Prices: Wheat Wh,M040001914,M040001911,0,周,元/吨,当期值,0.0,全国,中国,人民币元,不重要,商务部,,2975,getEcoDataChina,2005-04-08,2026-08-07,1,EcoInfoProGet,2026-08-13T01:09:36.711019+00:00,国内期货价格:强小麦,国内期货价格:强小麦,False,Domestic Futures Prices: Wheat Wh,Domestic Futures Prices: Wheat Wh,False,周,周,False,元/吨,元/吨,False,当期值,当期值,False,全国,全国,False,中国,中国,False,商务部,商务部,False,getEcoDataChina,getEcoDataChina,False,2005-04-08,2005-04-08,False,2026-07-31,2026-08-07,True,1,1,False,True,True,国内期货价格:强小麦,Domestic Futures Prices: Wheat Wh,周,元/吨,当期值,全国,中国,商务部,getEcoDataChina,2005-04-08,2026-08-07,1,False,False,False,False,False,False,False,False,False,False,False,False,False
801010,农林牧渔,22,1040001913,国内期货价格:棉花,Domestic Futures Prices: Cotton,周,元/吨,当期值,全国,中国,商务部,getEcoDataChina,2005-04-08,2026-07-31,1,147.0,1040001913,国内期货价格:棉花,Domestic Futures Prices: Cotton,M040001913,M040001911,0,周,元/吨,当期值,0.0,全国,中国,人民币元,不重要,商务部,,2975,getEcoDataChina,2005-04-08,2026-08-07,1,EcoInfoProGet,2026-08-13T01:09:36.711019+00:00,国内期货价格:棉花,国内期货价格:棉花,False,Domestic Futures Prices: Cotton,Domestic Futures Prices: Cotton,False,周,周,False,元/吨,元/吨,False,当期值,当期值,False,全国,全国,False,中国,中国,False,商务部,商务部,False,getEcoDataChina,getEcoDataChina,False,2005-04-08,2005-04-08,False,2026-07-31,2026-08-07,True,1,1,False,True,True,国内期货价格:棉花,Domestic Futures Prices: Cotton,周,元/吨,当期值,全国,中国,商务部,getEcoDataChina,2005-04-08,2026-08-07,1,False,False,False,False,False,False,False,False,False,False,False,False,False
801010,农林牧渔,23,1040001918,国内期货价格:玉米,Domestic Futures Prices: Corn,周,元/吨,当期值,全国,中国,商务部,getEcoDataChina,2004-12-31,2026-07-31,1,147.0,1040001918,国内期货价格:玉米,Domestic Futures Prices: Corn,M040001918,M040001911,0,周,元/吨,当期值,0.0,全国,中国,人民币元,不重要,商务部,,2975,getEcoDataChina,2004-12-31,2026-08-07,1,EcoInfoProGet,2026-08-13T01:09:36.711019+00:00,国内期货价格:玉米,国内期货价格:玉米,False,Domestic Futures Prices: Corn,Domestic Futures Prices: Corn,False,周,周,False,元/吨,元/吨,False,当期值,当期值,False,全国,全国,False,中国,中国,False,商务部,商务部,False,getEcoDataChina,getEcoDataChina,False,2004-12-31,2004-12-31,False,2026-07-31,2026-08-07,True,1,1,False,True,True,国内期货价格:玉米,Domestic Futures Prices: Corn,周,元/吨,当期值,全国,中国,商务部,getEcoDataChina,2004-12-31,2026-08-07,1,False,False,False,False,False,False,False,False,False,False,False,False,False
801010,农林牧渔,24,1040001912,国内期货价格:白糖,Domestic Futures Prices: White Sugar,周,元/吨,当期值,全国,中国,商务部,getEcoDataChina,2006-03-03,2026-07-31,1,147.0,1040001912,国内期货价格:白糖,Domestic Futures Prices: White Sugar,M040001912,M040001911,0,周,元/吨,当期值,0.0,全国,中国,人民币元,不重要,商务部,,2975,getEcoDataChina,2006-03-03,2026-08-07,1,EcoInfoProGet,2026-08-13T01:09:36.711019+00:00,国内期货价格:白糖,国内期货价格:白糖,False,Domestic Futures Prices: White Sugar,Domestic Futures Prices: White Sugar,False,周,周,False,元/吨,元/吨,False,当期值,当期值,False,全国,全国,False,中国,中国,False,商务部,商务部,False,getEcoDataChina,getEcoDataChina,False,2006-03-03,2006-03-03,False,2026-07-31,2026-08-07,True,1,1,False,True,True,国内期货价格:白糖,Domestic Futures Prices: White Sugar,周,元/吨,当期值,全国,中国,商务部,getEcoDataChina,2006-03-03,2026-08-07,1,False,False,False,False,False,False,False,False,False,False,False,False,False
801010,农林牧渔,25,1040001915,国内期货价格:硬小麦,Domestic Futures Prices: Wheat Pm,周,元/吨,当期值,全国,中国,商务部,getEcoDataChina,2005-04-08,2026-07-31,1,147.0,1040001915,国内期货价格:硬小麦,Domestic Futures Prices: Wheat Pm,M040001915,M040001911,0,周,元/吨,当期值,0.0,全国,中国,人民币元,不重要,商务部,,2975,getEcoDataChina,2005-04-08,2026-08-07,1,EcoInfoProGet,2026-08-13T01:09:36.711019+00:00,国内期货价格:硬小麦,国内期货价格:硬小麦,False,Domestic Futures Prices: Wheat Pm,Domestic Futures Prices: Wheat Pm,False,周,周,False,元/吨,元/吨,False,当期值,当期值,False,全国,全国,False,中国,中国,False,商务部,商务部,False,getEcoDataChina,getEcoDataChina,False,2005-04-08,2005-04-08,False,2026-07-31,2026-08-07,True,1,1,False,True,True,国内期货价格:硬小麦,Domestic Futures Prices: Wheat Pm,周,元/吨,当期值,全国,中国,商务部,getEcoDataChina,2005-04-08,2026-08-07,1,False,False,False,False,False,False,False,False,False,False,False,False,False
801010,农林牧渔,26,1040001919,国内期货价格:豆粕,Domestic Futures Prices: Soybean Meal,周,元/吨,当期值,全国,中国,商务部,getEcoDataChina,2004-12-31,2026-07-31,1,147.0,1040001919,国内期货价格:豆粕,Domestic Futures Prices: Soybean Meal,M040001919,M040001911,0,周,元/吨,当期值,0.0,全国,中国,人民币元,不重要,商务部,,2975,getEcoDataChina,2004-12-31,2026-08-07,1,EcoInfoProGet,2026-08-13T01:09:36.711019+00:00,国内期货价格:豆粕,国内期货价格:豆粕,False,Domestic Futures Prices: Soybean Meal,Domestic Futures Prices: Soybean Meal,False,周,周,False,元/吨,元/吨,False,当期值,当期值,False,全国,全国,False,中国,中国,False,商务部,商务部,False,getEcoDataChina,getEcoDataChina,False,2004-12-31,2004-12-31,False,2026-07-31,2026-08-07,True,1,1,False,True,True,国内期货价格:豆粕,Domestic Futures Prices: Soybean Meal,周,元/吨,当期值,全国,中国,商务部,getEcoDataChina,2004-12-31,2026-08-07,1,False,False,False,False,False,False,False,False,False,False,False,False,False
801010,农林牧渔,27,1040001861,国内现货价格:零售价:小包装大米,Domestic Spot Price: Retail Price: Small-Packaged Rice,周,元/公斤,当期值,全国,中国,商务部,getEcoDataChina,2004-01-02,2026-07-31,1,147.0,1040001861,国内现货价格:零售价:小包装大米,Domestic Spot Price: Retail Price: Small-Packaged Rice,M040001861,M040001860,0,周,元/公斤,当期值,2.0,全国,中国,人民币元,不重要,商务部,,2975,getEcoDataChina,2004-01-02,2026-08-07,1,EcoInfoProGet,2026-08-13T01:09:36.711019+00:00,国内现货价格:零售价:小包装大米,国内现货价格:零售价:小包装大米,False,Domestic Spot Price: Retail Price: Small-Packaged Rice,Domestic Spot Price: Retail Price: Small-Packaged Rice,False,周,周,False,元/公斤,元/公斤,False,当期值,当期值,False,全国,全国,False,中国,中国,False,商务部,商务部,False,getEcoDataChina,getEcoDataChina,False,2004-01-02,2004-01-02,False,2026-07-31,2026-08-07,True,1,1,False,True,True,国内现货价格:零售价:小包装大米,Domestic Spot Price: Retail Price: Small-Packaged Rice,周,元/公斤,当期值,全国,中国,商务部,getEcoDataChina,2004-01-02,2026-07-31,1,False,False,False,False,False,False,False,False,False,False,True,False,True
801010,农林牧渔,28,1040001870,国内现货价格:零售价:鸡蛋,Domestic Spot Price: Retail Price: Egg,周,元/公斤,当期值,全国,中国,商务部,getEcoDataChina,2004-01-02,2026-07-31,1,147.0,1040001870,国内现货价格:零售价:鸡蛋,Domestic Spot Price: Retail Price: Egg,M040001870,M040001860,0,周,元/公斤,当期值,2.0,全国,中国,人民币元,不重要,商务部,,2975,getEcoDataChina,2004-01-02,2026-08-07,1,EcoInfoProGet,2026-08-13T01:09:36.711019+00:00,国内现货价格:零售价:鸡蛋,国内现货价格:零售价:鸡蛋,False,Domestic Spot Price: Retail Price: Egg,Domestic Spot Price: Retail Price: Egg,False,周,周,False,元/公斤,元/公斤,False,当期值,当期值,False,全国,全国,False,中国,中国,False,商务部,商务部,False,getEcoDataChina,getEcoDataChina,False,2004-01-02,2004-01-02,False,2026-07-31,2026-08-07,True,1,1,False,True,True,国内现货价格:零售价:鸡蛋,Domestic Spot Price: Retail Price: Egg,周,元/公斤,当期值,全国,中国,商务部,getEcoDataChina,2004-01-02,2026-07-31,1,False,False,False,False,False,False,False,False,False,False,True,False,True
801010,农林牧渔,29,1040001943,国际期货价格:CBOT:小麦,International Futures Prices: Wheat (CBOT),周,美分/60磅,当期值,全国,中国,商务部,getEcoDataChina,2005-01-21,2026-07-31,1,147.0,1040001943,国际期货价格:CBOT:小麦,International Futures Prices: Wheat (CBOT),M040001943,M040001942,0,周,美分/60磅,当期值,2.0,全国,中国,,不重要,商务部,,2975,getEcoDataChina,2005-01-21,2026-07-31,1,EcoInfoProGet,2026-08-13T01:09:36.711019+00:00,国际期货价格:CBOT:小麦,国际期货价格:CBOT:小麦,False,International Futures Prices: Wheat (CBOT),International Futures Prices: Wheat (CBOT),False,周,周,False,美分/60磅,美分/60磅,False,当期值,当期值,False,全国,全国,False,中国,中国,False,商务部,商务部,False,getEcoDataChina,getEcoDataChina,False,2005-01-21,2005-01-21,False,2026-07-31,2026-07-31,False,1,1,False,True,False,国际期货价格:CBOT:小麦,International Futures Prices: Wheat (CBOT),周,美分/60磅,当期值,全国,中国,商务部,getEcoDataChina,2005-01-21,2026-07-31,1,False,False,False,False,False,False,False,False,False,False,False,False,False
801010,农林牧渔,30,1040001948,国际期货价格:CBOT:豆粕,International Futures Prices: Soybean Meal (CBOT),周,美元/短吨,当期值,全国,中国,商务部,getEcoDataChina,2005-01-21,2026-07-31,1,147.0,1040001948,国际期货价格:CBOT:豆粕,International Futures Prices: Soybean Meal (CBOT),M040001948,M040001942,0,周,美元/短吨,当期值,2.0,全国,中国,美元,不重要,商务部,,2975,getEcoDataChina,2005-01-21,2026-07-31,1,EcoInfoProGet,2026-08-13T01:09:36.711019+00:00,国际期货价格:CBOT:豆粕,国际期货价格:CBOT:豆粕,False,International Futures Prices: Soybean Meal (CBOT),International Futures Prices: Soybean Meal (CBOT),False,周,周,False,美元/短吨,美元/短吨,False,当期值,当期值,False,全国,全国,False,中国,中国,False,商务部,商务部,False,getEcoDataChina,getEcoDataChina,False,2005-01-21,2005-01-21,False,2026-07-31,2026-07-31,False,1,1,False,True,False,国际期货价格:CBOT:豆粕,International Futures Prices: Soybean Meal (CBOT),周,美元/短吨,当期值,全国,中国,商务部,getEcoDataChina,2005-01-21,2026-07-31,1,False,False,False,False,False,False,False,False,False,False,False,False,False
801030,基础化工,1,2030019739,中国塑料城价格指数:聚丙烯(PP),China Plastics City Price Index: Polypropylene (PP),日,点,当期值,全国,中国,中塑在线,getEcoDataIndChemical,2010-01-04,2026-08-07,1,150.0,2030019739,中国塑料城价格指数:聚丙烯(PP),China Plastics City Price Index: Polypropylene (PP),S030019739,S030019737,0,日,点,当期值,2.0,全国,中国,,不重要,中塑在线,,2981,getEcoDataIndChemical,2010-01-04,2026-08-12,1,EcoInfoProGet,2026-08-13T01:09:36.711019+00:00,中国塑料城价格指数:聚丙烯(PP),中国塑料城价格指数:聚丙烯(PP),False,China Plastics City Price Index: Polypropylene (PP),China Plastics City Price Index: Polypropylene (PP),False,日,日,False,点,点,False,当期值,当期值,False,全国,全国,False,中国,中国,False,中塑在线,中塑在线,False,getEcoDataIndChemical,getEcoDataIndChemical,False,2010-01-04,2010-01-04,False,2026-08-07,2026-08-12,True,1,1,False,True,True,中国塑料城价格指数:聚丙烯(PP),China Plastics City Price Index: Polypropylene (PP),日,点,当期值,全国,中国,中塑在线,getEcoDataIndChemical,2010-01-04,2026-08-11,1,False,False,False,False,False,False,False,False,False,False,True,False,True
801030,基础化工,2,2030019742,中国塑料城价格指数:聚乙烯(PE),China Plastics City Price Index: Polyethylene (PE),日,点,当期值,全国,中国,中塑在线,getEcoDataIndChemical,2010-01-04,2026-08-07,1,150.0,2030019742,中国塑料城价格指数:聚乙烯(PE),China Plastics City Price Index: Polyethylene (PE),S030019742,S030019737,0,日,点,当期值,2.0,全国,中国,,不重要,中塑在线,,2981,getEcoDataIndChemical,2010-01-04,2026-08-12,1,EcoInfoProGet,2026-08-13T01:09:36.711019+00:00,中国塑料城价格指数:聚乙烯(PE),中国塑料城价格指数:聚乙烯(PE),False,China Plastics City Price Index: Polyethylene (PE),China Plastics City Price Index: Polyethylene (PE),False,日,日,False,点,点,False,当期值,当期值,False,全国,全国,False,中国,中国,False,中塑在线,中塑在线,False,getEcoDataIndChemical,getEcoDataIndChemical,False,2010-01-04,2010-01-04,False,2026-08-07,2026-08-12,True,1,1,False,True,True,中国塑料城价格指数:聚乙烯(PE),China Plastics City Price Index: Polyethylene (PE),日,点,当期值,全国,中国,中塑在线,getEcoDataIndChemical,2010-01-04,2026-08-11,1,False,False,False,False,False,False,False,False,False,False,True,False,True
801030,基础化工,3,1040015380,生产资料价格:化肥:尿素:周环比,Spot Price: Chemical Fertilizer: Urea: WoW,周,%,当期环比,全国,中国,商务部,getEcoDataChina,2017-03-19,2026-08-02,1,149.0,1040015380,生产资料价格:化肥:尿素:周环比,Spot Price: Chemical Fertilizer: Urea: WoW,M040015380,M040015364,0,周,%,当期环比,1.0,全国,中国,,不重要,商务部,,2975,getEcoDataChina,2017-03-19,2026-08-02,1,EcoInfoProGet,2026-08-13T01:09:36.711019+00:00,生产资料价格:化肥:尿素:周环比,生产资料价格:化肥:尿素:周环比,False,Spot Price: Chemical Fertilizer: Urea: WoW,Spot Price: Chemical Fertilizer: Urea: WoW,False,周,周,False,%,%,False,当期环比,当期环比,False,全国,全国,False,中国,中国,False,商务部,商务部,False,getEcoDataChina,getEcoDataChina,False,2017-03-19,2017-03-19,False,2026-08-02,2026-08-02,False,1,1,False,True,False,生产资料价格:化肥:尿素:周环比,Spot Price: Chemical Fertilizer: Urea: WoW,周,%,当期环比,全国,中国,商务部,getEcoDataChina,2017-03-19,2026-08-02,1,False,False,False,False,False,False,False,False,False,False,False,False,False
801030,基础化工,4,1040001999,国内现货价格:国产尿素,Domestic Spot Price: Domestic Urea,周,元/吨,当期值,全国,中国,商务部,getEcoDataChina,2003-07-01,2026-07-31,1,147.0,1040001999,国内现货价格:国产尿素,Domestic Spot Price: Domestic Urea,M040001999,M040001959,0,周,元/吨,当期值,0.0,全国,中国,人民币元,不重要,商务部,2016年之前频度为半月,2975,getEcoDataChina,2003-07-01,2026-08-07,1,EcoInfoProGet,2026-08-13T01:09:36.711019+00:00,国内现货价格:国产尿素,国内现货价格:国产尿素,False,Domestic Spot Price: Domestic Urea,Domestic Spot Price: Domestic Urea,False,周,周,False,元/吨,元/吨,False,当期值,当期值,False,全国,全国,False,中国,中国,False,商务部,商务部,False,getEcoDataChina,getEcoDataChina,False,2003-07-01,2003-07-01,False,2026-07-31,2026-08-07,True,1,1,False,True,True,国内现货价格:国产尿素,Domestic Spot Price: Domestic Urea,周,元/吨,当期值,全国,中国,商务部,getEcoDataChina,2003-07-01,2026-07-31,1,False,False,False,False,False,False,False,False,False,False,True,False,True
801030,基础化工,5,1040005412,生产资料价格:化工产品:聚氯乙烯:电石法生产:当月值,Price of Means of Production: Chemical Products: PVC: Calcium Carbide Production: Current,月,元/吨,当期值,全国,中国,发改委,getEcoDataChina,2015-05-31,2026-06-30,1,147.0,1040005412,生产资料价格:化工产品:聚氯乙烯:电石法生产:当月值,Price of Means of Production: Chemical Products: PVC: Calcium Carbide Production: Current,M040005412,M040015365,0,月,元/吨,当期值,0.0,全国,中国,人民币元,不重要,发改委,,2975,getEcoDataChina,2015-05-31,2026-06-30,1,EcoInfoProGet,2026-08-13T01:09:36.711019+00:00,生产资料价格:化工产品:聚氯乙烯:电石法生产:当月值,生产资料价格:化工产品:聚氯乙烯:电石法生产:当月值,False,Price of Means of Production: Chemical Products: PVC: Calcium Carbide Production: Current,Price of Means of Production: Chemical Products: PVC: Calcium Carbide Production: Current,False,月,月,False,元/吨,元/吨,False,当期值,当期值,False,全国,全国,False,中国,中国,False,发改委,发改委,False,getEcoDataChina,getEcoDataChina,False,2015-05-31,2015-05-31,False,2026-06-30,2026-06-30,False,1,1,False,True,False,生产资料价格:化工产品:聚氯乙烯:电石法生产:当月值,Price of Means of Production: Chemical Products: PVC: Calcium Carbide Production: Current,月,元/吨,当期值,全国,中国,发改委,getEcoDataChina,2015-05-31,2026-06-30,1,False,False,False,False,False,False,False,False,False,False,False,False,False
801030,基础化工,6,1040024019,生产资料价格:基础化学:聚丙烯:周环比,,周,%,当期环比,全国,中国,商务部,getEcoDataChina,2006-09-01,2026-07-31,1,147.0,1040024019,生产资料价格:基础化学:聚丙烯:周环比,,M040024019,M040015364,0,周,%,当期环比,2.0,全国,中国,,一般重要,商务部,,2975,getEcoDataChina,2006-09-01,2026-08-07,1,EcoInfoProGet,2026-08-13T01:09:36.711019+00:00,生产资料价格:基础化学:聚丙烯:周环比,生产资料价格:基础化学:聚丙烯:周环比,False,,,False,周,周,False,%,%,False,当期环比,当期环比,False,全国,全国,False,中国,中国,False,商务部,商务部,False,getEcoDataChina,getEcoDataChina,False,2006-09-01,2006-09-01,False,2026-07-31,2026-08-07,True,1,1,False,True,True,生产资料价格:基础化学:聚丙烯:周环比,,周,%,当期环比,全国,中国,商务部,getEcoDataChina,2006-09-01,2026-07-31,1,False,False,False,False,False,False,False,False,False,False,True,False,True
801030,基础化工,7,1040015375,生产资料价格:基础化学原料:甲醇:周环比,Spot Price: Basic Chemical Raw Materials: Methanol: WoW,周,%,当期环比,全国,中国,商务部,getEcoDataChina,2017-03-19,2026-08-02,1,147.0,1040015375,生产资料价格:基础化学原料:甲醇:周环比,Spot Price: Basic Chemical Raw Materials: Methanol: WoW,M040015375,M040015364,0,周,%,当期环比,1.0,全国,中国,,不重要,商务部,,2975,getEcoDataChina,2017-03-19,2026-08-02,1,EcoInfoProGet,2026-08-13T01:09:36.711019+00:00,生产资料价格:基础化学原料:甲醇:周环比,生产资料价格:基础化学原料:甲醇:周环比,False,Spot Price: Basic Chemical Raw Materials: Methanol: WoW,Spot Price: Basic Chemical Raw Materials: Methanol: WoW,False,周,周,False,%,%,False,当期环比,当期环比,False,全国,全国,False,中国,中国,False,商务部,商务部,False,getEcoDataChina,getEcoDataChina,False,2017-03-19,2017-03-19,False,2026-08-02,2026-08-02,False,1,1,False,True,False,生产资料价格:基础化学原料:甲醇:周环比,Spot Price: Basic Chemical Raw Materials: Methanol: WoW,周,%,当期环比,全国,中国,商务部,getEcoDataChina,2017-03-19,2026-08-02,1,False,False,False,False,False,False,False,False,False,False,False,False,False
801030,基础化工,8,1040015378,生产资料价格:基础化学原料:纯碱:周环比,Spot Price: Basic Chemical Raw Materials: Soda Ash: WoW,周,%,当期环比,全国,中国,商务部,getEcoDataChina,2017-03-19,2026-08-02,1,147.0,1040015378,生产资料价格:基础化学原料:纯碱:周环比,Spot Price: Basic Chemical Raw Materials: Soda Ash: WoW,M040015378,M040015364,0,周,%,当期环比,1.0,全国,中国,,不重要,商务部,,2975,getEcoDataChina,2017-03-19,2026-08-02,1,EcoInfoProGet,2026-08-13T01:09:36.711019+00:00,生产资料价格:基础化学原料:纯碱:周环比,生产资料价格:基础化学原料:纯碱:周环比,False,Spot Price: Basic Chemical Raw Materials: Soda Ash: WoW,Spot Price: Basic Chemical Raw Materials: Soda Ash: WoW,False,周,周,False,%,%,False,当期环比,当期环比,False,全国,全国,False,中国,中国,False,商务部,商务部,False,getEcoDataChina,getEcoDataChina,False,2017-03-19,2017-03-19,False,2026-08-02,2026-08-02,False,1,1,False,True,False,生产资料价格:基础化学原料:纯碱:周环比,Spot Price: Basic Chemical Raw Materials: Soda Ash: WoW,周,%,当期环比,全国,中国,商务部,getEcoDataChina,2017-03-19,2026-08-02,1,False,False,False,False,False,False,False,False,False,False,False,False,False
801030,基础化工,9,2030637303,中价柴达木纯碱价格指数(CSI)价格指数:全国轻质纯碱:定基,Mid-Price Qaidam Soda Ash Price Index (CSI) Price Index: National Light Soda Ash: Fixed Base Index,旬,元/吨,当期值,全国,中国,发改委,getEcoDataIndChemical,2018-04-05,2026-06-15,1,145.0,2030637303,中价柴达木纯碱价格指数(CSI)价格指数:全国轻质纯碱:定基,Mid-Price Qaidam Soda Ash Price Index (CSI) Price Index: National Light Soda Ash: Fixed Base Index,S030637303,S030637301,0,旬,元/吨,当期值,2.0,全国,中国,人民币元,不重要,发改委,,2981,getEcoDataIndChemical,2018-04-05,2026-06-15,1,EcoInfoProGet,2026-08-13T01:09:36.711019+00:00,中价柴达木纯碱价格指数(CSI)价格指数:全国轻质纯碱:定基,中价柴达木纯碱价格指数(CSI)价格指数:全国轻质纯碱:定基,False,Mid-Price Qaidam Soda Ash Price Index (CSI) Price Index: National Light Soda Ash: Fixed Base Index,Mid-Price Qaidam Soda Ash Price Index (CSI) Price Index: National Light Soda Ash: Fixed Base Index,False,旬,旬,False,元/吨,元/吨,False,当期值,当期值,False,全国,全国,False,中国,中国,False,发改委,发改委,False,getEcoDataIndChemical,getEcoDataIndChemical,False,2018-04-05,2018-04-05,False,2026-06-15,2026-06-15,False,1,1,False,True,False,中价柴达木纯碱价格指数(CSI)价格指数:全国轻质纯碱:定基,Mid-Price Qaidam Soda Ash Price Index (CSI) Price Index: National Light Soda Ash: Fixed Base Index,旬,元/吨,当期值,全国,中国,发改委,getEcoDataIndChemical,2018-04-05,2026-06-15,1,False,False,False,False,False,False,False,False,False,False,False,False,False
801030,基础化工,10,2030637307,中价柴达木纯碱价格指数(CSI)价格指数:全国轻质纯碱:环比,Mid-Price Qaidam Soda Ash Price Index (CSI) Price Index: National Light Soda Ash: Percent Change from Preceding Period,旬,%,环比指数,全国,中国,发改委,getEcoDataIndChemical,2018-04-15,2026-06-15,1,145.0,2030637307,中价柴达木纯碱价格指数(CSI)价格指数:全国轻质纯碱:环比,Mid-Price Qaidam Soda Ash Price Index (CSI) Price Index: National Light Soda Ash: Percent Change from Preceding Period,S030637307,S030637301,0,旬,%,环比指数,2.0,全国,中国,,不重要,发改委,,2981,getEcoDataIndChemical,2018-04-15,2026-06-15,1,EcoInfoProGet,2026-08-13T01:09:36.711019+00:00,中价柴达木纯碱价格指数(CSI)价格指数:全国轻质纯碱:环比,中价柴达木纯碱价格指数(CSI)价格指数:全国轻质纯碱:环比,False,Mid-Price Qaidam Soda Ash Price Index (CSI) Price Index: National Light Soda Ash: Percent Change from Preceding Period,Mid-Price Qaidam Soda Ash Price Index (CSI) Price Index: National Light Soda Ash: Percent Change from Preceding Period,False,旬,旬,False,%,%,False,环比指数,环比指数,False,全国,全国,False,中国,中国,False,发改委,发改委,False,getEcoDataIndChemical,getEcoDataIndChemical,False,2018-04-15,2018-04-15,False,2026-06-15,2026-06-15,False,1,1,False,True,False,中价柴达木纯碱价格指数(CSI)价格指数:全国轻质纯碱:环比,Mid-Price Qaidam Soda Ash Price Index (CSI) Price Index: National Light Soda Ash: Percent Change from Preceding Period,旬,%,环比指数,全国,中国,发改委,getEcoDataIndChemical,2018-04-15,2026-06-15,1,False,False,False,False,False,False,False,False,False,False,False,False,False
801030,基础化工,11,2030637302,中价柴达木纯碱价格指数(CSI)价格指数:全国重质纯碱:定基,Mid-Price Qaidam Soda Ash Price Index (CSI) Price Index: National Heavy Soda Ash: Fixed Base Index,旬,元/吨,当期值,全国,中国,发改委,getEcoDataIndChemical,2018-04-05,2026-06-15,1,145.0,2030637302,中价柴达木纯碱价格指数(CSI)价格指数:全国重质纯碱:定基,Mid-Price Qaidam Soda Ash Price Index (CSI) Price Index: National Heavy Soda Ash: Fixed Base Index,S030637302,S030637301,0,旬,元/吨,当期值,2.0,全国,中国,人民币元,不重要,发改委,,2981,getEcoDataIndChemical,2018-04-05,2026-06-15,1,EcoInfoProGet,2026-08-13T01:09:36.711019+00:00,中价柴达木纯碱价格指数(CSI)价格指数:全国重质纯碱:定基,中价柴达木纯碱价格指数(CSI)价格指数:全国重质纯碱:定基,False,Mid-Price Qaidam Soda Ash Price Index (CSI) Price Index: National Heavy Soda Ash: Fixed Base Index,Mid-Price Qaidam Soda Ash Price Index (CSI) Price Index: National Heavy Soda Ash: Fixed Base Index,False,旬,旬,False,元/吨,元/吨,False,当期值,当期值,False,全国,全国,False,中国,中国,False,发改委,发改委,False,getEcoDataIndChemical,getEcoDataIndChemical,False,2018-04-05,2018-04-05,False,2026-06-15,2026-06-15,False,1,1,False,True,False,中价柴达木纯碱价格指数(CSI)价格指数:全国重质纯碱:定基,Mid-Price Qaidam Soda Ash Price Index (CSI) Price Index: National Heavy Soda Ash: Fixed Base Index,旬,元/吨,当期值,全国,中国,发改委,getEcoDataIndChemical,2018-04-05,2026-06-15,1,False,False,False,False,False,False,False,False,False,False,False,False,False
801030,基础化工,12,2030637306,中价柴达木纯碱价格指数(CSI)价格指数:全国重质纯碱:环比,Mid-Price Qaidam Soda Ash Price Index (CSI) Price Index: National Heavy Soda Ash: Percent Change from Preceding Period,旬,%,环比指数,全国,中国,发改委,getEcoDataIndChemical,2018-04-15,2026-06-15,1,145.0,2030637306,中价柴达木纯碱价格指数(CSI)价格指数:全国重质纯碱:环比,Mid-Price Qaidam Soda Ash Price Index (CSI) Price Index: National Heavy Soda Ash: Percent Change from Preceding Period,S030637306,S030637301,0,旬,%,环比指数,2.0,全国,中国,,不重要,发改委,,2981,getEcoDataIndChemical,2018-04-15,2026-06-15,1,EcoInfoProGet,2026-08-13T01:09:36.711019+00:00,中价柴达木纯碱价格指数(CSI)价格指数:全国重质纯碱:环比,中价柴达木纯碱价格指数(CSI)价格指数:全国重质纯碱:环比,False,Mid-Price Qaidam Soda Ash Price Index (CSI) Price Index: National Heavy Soda Ash: Percent Change from Preceding Period,Mid-Price Qaidam Soda Ash Price Index (CSI) Price Index: National Heavy Soda Ash: Percent Change from Preceding Period,False,旬,旬,False,%,%,False,环比指数,环比指数,False,全国,全国,False,中国,中国,False,发改委,发改委,False,getEcoDataIndChemical,getEcoDataIndChemical,False,2018-04-15,2018-04-15,False,2026-06-15,2026-06-15,False,1,1,False,True,False,中价柴达木纯碱价格指数(CSI)价格指数:全国重质纯碱:环比,Mid-Price Qaidam Soda Ash Price Index (CSI) Price Index: National Heavy Soda Ash: Percent Change from Preceding Period,旬,%,环比指数,全国,中国,发改委,getEcoDataIndChemical,2018-04-15,2026-06-15,1,False,False,False,False,False,False,False,False,False,False,False,False,False
801030,基础化工,13,1040005421,生产资料价格:化工产品:烧碱:液碱(离子膜法)含量≥30%:当月值,Price of Means of Production: Chemical Products: Caustic Soda: Caustic Soda Liquid (Ion-exchange Membrane Process) Content of ≥30%: Current,月,元/吨,当期值,全国,中国,发改委,getEcoDataChina,2015-05-31,2026-06-30,1,145.0,1040005421,生产资料价格:化工产品:烧碱:液碱(离子膜法)含量≥30%:当月值,Price of Means of Production: Chemical Products: Caustic Soda: Caustic Soda Liquid (Ion-exchange Membrane Process) Content of ≥30%: Current,M040005421,M040015365,0,月,元/吨,当期值,0.0,全国,中国,人民币元,不重要,发改委,,2975,getEcoDataChina,2015-05-31,2026-06-30,1,EcoInfoProGet,2026-08-13T01:09:36.711019+00:00,生产资料价格:化工产品:烧碱:液碱(离子膜法)含量≥30%:当月值,生产资料价格:化工产品:烧碱:液碱(离子膜法)含量≥30%:当月值,False,Price of Means of Production: Chemical Products: Caustic Soda: Caustic Soda Liquid (Ion-exchange Membrane Process) Content of ≥30%: Current,Price of Means of Production: Chemical Products: Caustic Soda: Caustic Soda Liquid (Ion-exchange Membrane Process) Content of ≥30%: Current,False,月,月,False,元/吨,元/吨,False,当期值,当期值,False,全国,全国,False,中国,中国,False,发改委,发改委,False,getEcoDataChina,getEcoDataChina,False,2015-05-31,2015-05-31,False,2026-06-30,2026-06-30,False,1,1,False,True,False,生产资料价格:化工产品:烧碱:液碱(离子膜法)含量≥30%:当月值,Price of Means of Production: Chemical Products: Caustic Soda: Caustic Soda Liquid (Ion-exchange Membrane Process) Content of ≥30%: Current,月,元/吨,当期值,全国,中国,发改委,getEcoDataChina,2015-05-31,2026-06-30,1,False,False,False,False,False,False,False,False,False,False,False,False,False
801030,基础化工,14,1040005406,生产资料价格:化工产品:甲醇:精甲醇:当月值,Price of Means of Production: Chemical Products: Methanol: Refined Methanol: Current,月,元/吨,当期值,全国,中国,发改委,getEcoDataChina,2015-05-31,2026-06-30,1,145.0,1040005406,生产资料价格:化工产品:甲醇:精甲醇:当月值,Price of Means of Production: Chemical Products: Methanol: Refined Methanol: Current,M040005406,M040015365,0,月,元/吨,当期值,0.0,全国,中国,人民币元,不重要,发改委,,2975,getEcoDataChina,2015-05-31,2026-06-30,1,EcoInfoProGet,2026-08-13T01:09:36.711019+00:00,生产资料价格:化工产品:甲醇:精甲醇:当月值,生产资料价格:化工产品:甲醇:精甲醇:当月值,False,Price of Means of Production: Chemical Products: Methanol: Refined Methanol: Current,Price of Means of Production: Chemical Products: Methanol: Refined Methanol: Current,False,月,月,False,元/吨,元/吨,False,当期值,当期值,False,全国,全国,False,中国,中国,False,发改委,发改委,False,getEcoDataChina,getEcoDataChina,False,2015-05-31,2015-05-31,False,2026-06-30,2026-06-30,False,1,1,False,True,False,生产资料价格:化工产品:甲醇:精甲醇:当月值,Price of Means of Production: Chemical Products: Methanol: Refined Methanol: Current,月,元/吨,当期值,全国,中国,发改委,getEcoDataChina,2015-05-31,2026-06-30,1,False,False,False,False,False,False,False,False,False,False,False,False,False
801030,基础化工,15,1040005427,生产资料价格:化工产品:线性低压聚乙烯:注塑级:当月值,Price of Means of Production: Chemical Products: Linear Low-pressure Polyethylene: Injection Molding Grade: Current,月,元/吨,当期值,全国,中国,发改委,getEcoDataChina,2015-05-31,2026-06-30,1,145.0,1040005427,生产资料价格:化工产品:线性低压聚乙烯:注塑级:当月值,Price of Means of Production: Chemical Products: Linear Low-pressure Polyethylene: Injection Molding Grade: Current,M040005427,M040015365,0,月,元/吨,当期值,0.0,全国,中国,人民币元,不重要,发改委,,2975,getEcoDataChina,2015-05-31,2026-06-30,1,EcoInfoProGet,2026-08-13T01:09:36.711019+00:00,生产资料价格:化工产品:线性低压聚乙烯:注塑级:当月值,生产资料价格:化工产品:线性低压聚乙烯:注塑级:当月值,False,Price of Means of Production: Chemical Products: Linear Low-pressure Polyethylene: Injection Molding Grade: Current,Price of Means of Production: Chemical Products: Linear Low-pressure Polyethylene: Injection Molding Grade: Current,False,月,月,False,元/吨,元/吨,False,当期值,当期值,False,全国,全国,False,中国,中国,False,发改委,发改委,False,getEcoDataChina,getEcoDataChina,False,2015-05-31,2015-05-31,False,2026-06-30,2026-06-30,False,1,1,False,True,False,生产资料价格:化工产品:线性低压聚乙烯:注塑级:当月值,Price of Means of Production: Chemical Products: Linear Low-pressure Polyethylene: Injection Molding Grade: Current,月,元/吨,当期值,全国,中国,发改委,getEcoDataChina,2015-05-31,2026-06-30,1,False,False,False,False,False,False,False,False,False,False,False,False,False
801030,基础化工,16,1040005409,生产资料价格:化工产品:聚丙烯:拉丝:当月值,Price of Means of Production: Chemical Products: Polypropylene: Drawing: Current,月,元/吨,当期值,全国,中国,发改委,getEcoDataChina,2015-05-31,2026-06-30,1,145.0,1040005409,生产资料价格:化工产品:聚丙烯:拉丝:当月值,Price of Means of Production: Chemical Products: Polypropylene: Drawing: Current,M040005409,M040015365,0,月,元/吨,当期值,0.0,全国,中国,人民币元,不重要,发改委,,2975,getEcoDataChina,2015-05-31,2026-06-30,1,EcoInfoProGet,2026-08-13T01:09:36.711019+00:00,生产资料价格:化工产品:聚丙烯:拉丝:当月值,生产资料价格:化工产品:聚丙烯:拉丝:当月值,False,Price of Means of Production: Chemical Products: Polypropylene: Drawing: Current,Price of Means of Production: Chemical Products: Polypropylene: Drawing: Current,False,月,月,False,元/吨,元/吨,False,当期值,当期值,False,全国,全国,False,中国,中国,False,发改委,发改委,False,getEcoDataChina,getEcoDataChina,False,2015-05-31,2015-05-31,False,2026-06-30,2026-06-30,False,1,1,False,True,False,生产资料价格:化工产品:聚丙烯:拉丝:当月值,Price of Means of Production: Chemical Products: Polypropylene: Drawing: Current,月,元/吨,当期值,全国,中国,发改委,getEcoDataChina,2015-05-31,2026-06-30,1,False,False,False,False,False,False,False,False,False,False,False,False,False
801030,基础化工,17,1040005400,生产资料价格:化工产品:高压聚乙烯:薄膜级:当月值,Price of Means of Production: Chemical Products: High-pressure Polyethylene: Film Grade: Current,月,元/吨,当期值,全国,中国,发改委,getEcoDataChina,2015-05-31,2026-06-30,1,145.0,1040005400,生产资料价格:化工产品:高压聚乙烯:薄膜级:当月值,Price of Means of Production: Chemical Products: High-pressure Polyethylene: Film Grade: Current,M040005400,M040015365,0,月,元/吨,当期值,0.0,全国,中国,人民币元,不重要,发改委,,2975,getEcoDataChina,2015-05-31,2026-06-30,1,EcoInfoProGet,2026-08-13T01:09:36.711019+00:00,生产资料价格:化工产品:高压聚乙烯:薄膜级:当月值,生产资料价格:化工产品:高压聚乙烯:薄膜级:当月值,False,Price of Means of Production: Chemical Products: High-pressure Polyethylene: Film Grade: Current,Price of Means of Production: Chemical Products: High-pressure Polyethylene: Film Grade: Current,False,月,月,False,元/吨,元/吨,False,当期值,当期值,False,全国,全国,False,中国,中国,False,发改委,发改委,False,getEcoDataChina,getEcoDataChina,False,2015-05-31,2015-05-31,False,2026-06-30,2026-06-30,False,1,1,False,True,False,生产资料价格:化工产品:高压聚乙烯:薄膜级:当月值,Price of Means of Production: Chemical Products: High-pressure Polyethylene: Film Grade: Current,月,元/吨,当期值,全国,中国,发改委,getEcoDataChina,2015-05-31,2026-06-30,1,False,False,False,False,False,False,False,False,False,False,False,False,False
801030,基础化工,18,2030728548,中国农药价格指数:农药,China Pesticide Price index(CAPI): Pesticide,月,,当期值,全国,中国,农药资讯网,getEcoDataIndChemical,2013-12-31,2026-06-30,1,143.0,2030728548,中国农药价格指数:农药,China Pesticide Price index(CAPI): Pesticide,S030728548,S030728547,0,月,,当期值,2.0,全国,中国,,不重要,农药资讯网,,2981,getEcoDataIndChemical,2013-12-31,2026-06-30,1,EcoInfoProGet,2026-08-13T01:09:36.711019+00:00,中国农药价格指数:农药,中国农药价格指数:农药,False,China Pesticide Price index(CAPI): Pesticide,China Pesticide Price index(CAPI): Pesticide,False,月,月,False,,,False,当期值,当期值,False,全国,全国,False,中国,中国,False,农药资讯网,农药资讯网,False,getEcoDataIndChemical,getEcoDataIndChemical,False,2013-12-31,2013-12-31,False,2026-06-30,2026-06-30,False,1,1,False,True,False,中国农药价格指数:农药,China Pesticide Price index(CAPI): Pesticide,月,,当期值,全国,中国,农药资讯网,getEcoDataIndChemical,2013-12-31,2026-06-30,1,False,False,False,False,False,False,False,False,False,False,False,False,False
801030,基础化工,19,2030728551,中国农药价格指数:杀菌剂,China Pesticide Price index(CAPI): Fungicide,月,,当期值,全国,中国,农药资讯网,getEcoDataIndChemical,2013-12-31,2026-06-30,1,143.0,2030728551,中国农药价格指数:杀菌剂,China Pesticide Price index(CAPI): Fungicide,S030728551,S030728547,0,月,,当期值,2.0,全国,中国,,不重要,农药资讯网,,2981,getEcoDataIndChemical,2013-12-31,2026-06-30,1,EcoInfoProGet,2026-08-13T01:09:36.711019+00:00,中国农药价格指数:杀菌剂,中国农药价格指数:杀菌剂,False,China Pesticide Price index(CAPI): Fungicide,China Pesticide Price index(CAPI): Fungicide,False,月,月,False,,,False,当期值,当期值,False,全国,全国,False,中国,中国,False,农药资讯网,农药资讯网,False,getEcoDataIndChemical,getEcoDataIndChemical,False,2013-12-31,2013-12-31,False,2026-06-30,2026-06-30,False,1,1,False,True,False,中国农药价格指数:杀菌剂,China Pesticide Price index(CAPI): Fungicide,月,,当期值,全国,中国,农药资讯网,getEcoDataIndChemical,2013-12-31,2026-06-30,1,False,False,False,False,False,False,False,False,False,False,False,False,False
801030,基础化工,20,2030728550,中国农药价格指数:杀虫剂,China Pesticide Price index(CAPI): Insecticide,月,,当期值,全国,中国,农药资讯网,getEcoDataIndChemical,2013-12-31,2026-06-30,1,143.0,2030728550,中国农药价格指数:杀虫剂,China Pesticide Price index(CAPI): Insecticide,S030728550,S030728547,0,月,,当期值,2.0,全国,中国,,不重要,农药资讯网,,2981,getEcoDataIndChemical,2013-12-31,2026-06-30,1,EcoInfoProGet,2026-08-13T01:09:36.711019+00:00,中国农药价格指数:杀虫剂,中国农药价格指数:杀虫剂,False,China Pesticide Price index(CAPI): Insecticide,China Pesticide Price index(CAPI): Insecticide,False,月,月,False,,,False,当期值,当期值,False,全国,全国,False,中国,中国,False,农药资讯网,农药资讯网,False,getEcoDataIndChemical,getEcoDataIndChemical,False,2013-12-31,2013-12-31,False,2026-06-30,2026-06-30,False,1,1,False,True,False,中国农药价格指数:杀虫剂,China Pesticide Price index(CAPI): Insecticide,月,,当期值,全国,中国,农药资讯网,getEcoDataIndChemical,2013-12-31,2026-06-30,1,False,False,False,False,False,False,False,False,False,False,False,False,False
801030,基础化工,21,2030728549,中国农药价格指数:除草剂,China Pesticide Price index(CAPI): Herbicide,月,,当期值,全国,中国,农药资讯网,getEcoDataIndChemical,2013-12-31,2026-06-30,1,143.0,2030728549,中国农药价格指数:除草剂,China Pesticide Price index(CAPI): Herbicide,S030728549,S030728547,0,月,,当期值,2.0,全国,中国,,不重要,农药资讯网,,2981,getEcoDataIndChemical,2013-12-31,2026-06-30,1,EcoInfoProGet,2026-08-13T01:09:36.711019+00:00,中国农药价格指数:除草剂,中国农药价格指数:除草剂,False,China Pesticide Price index(CAPI): Herbicide,China Pesticide Price index(CAPI): Herbicide,False,月,月,False,,,False,当期值,当期值,False,全国,全国,False,中国,中国,False,农药资讯网,农药资讯网,False,getEcoDataIndChemical,getEcoDataIndChemical,False,2013-12-31,2013-12-31,False,2026-06-30,2026-06-30,False,1,1,False,True,False,中国农药价格指数:除草剂,China Pesticide Price index(CAPI): Herbicide,月,,当期值,全国,中国,农药资讯网,getEcoDataIndChemical,2013-12-31,2026-06-30,1,False,False,False,False,False,False,False,False,False,False,False,False,False
801030,基础化工,22,1020001555,产量:氢氧化钠(烧碱)(折100%):当月值,Output: Sodium Hydroxide (Caustic Soda) (100% Off): Current,月,万吨,当期值,全国,中国,国家统计局,getEcoDataChina,1989-02-28,2026-06-30,1,143.0,1020001555,产量:氢氧化钠(烧碱)(折100%):当月值,Output: Sodium Hydroxide (Caustic Soda) (100% Off): Current,M020001555,M020001541,0,月,万吨,当期值,2.0,全国,中国,,比较重要,国家统计局,,2975,getEcoDataChina,1989-02-28,2026-06-30,1,EcoInfoProGet,2026-08-13T01:09:36.711019+00:00,产量:氢氧化钠(烧碱)(折100%):当月值,产量:氢氧化钠(烧碱)(折100%):当月值,False,Output: Sodium Hydroxide (Caustic Soda) (100% Off): Current,Output: Sodium Hydroxide (Caustic Soda) (100% Off): Current,False,月,月,False,万吨,万吨,False,当期值,当期值,False,全国,全国,False,中国,中国,False,国家统计局,国家统计局,False,getEcoDataChina,getEcoDataChina,False,1989-02-28,1989-02-28,False,2026-06-30,2026-06-30,False,1,1,False,True,False,产量:氢氧化钠(烧碱)(折100%):当月值,Output: Sodium Hydroxide (Caustic Soda) (100% Off): Current,月,万吨,当期值,全国,中国,国家统计局,getEcoDataChina,1989-02-28,2026-06-30,1,False,False,False,False,False,False,False,False,False,False,False,False,False
801030,基础化工,23,1020001554,产量:碳酸钠(纯碱):当月值,Output: Sodium Carbonate (Soda Ash): Current,月,万吨,当期值,全国,中国,国家统计局,getEcoDataChina,1989-02-28,2026-06-30,1,143.0,1020001554,产量:碳酸钠(纯碱):当月值,Output: Sodium Carbonate (Soda Ash): Current,M020001554,M020001541,0,月,万吨,当期值,2.0,全国,中国,,不重要,国家统计局,,2975,getEcoDataChina,1989-02-28,2026-06-30,1,EcoInfoProGet,2026-08-13T01:09:36.711019+00:00,产量:碳酸钠(纯碱):当月值,产量:碳酸钠(纯碱):当月值,False,Output: Sodium Carbonate (Soda Ash): Current,Output: Sodium Carbonate (Soda Ash): Current,False,月,月,False,万吨,万吨,False,当期值,当期值,False,全国,全国,False,中国,中国,False,国家统计局,国家统计局,False,getEcoDataChina,getEcoDataChina,False,1989-02-28,1989-02-28,False,2026-06-30,2026-06-30,False,1,1,False,True,False,产量:碳酸钠(纯碱):当月值,Output: Sodium Carbonate (Soda Ash): Current,月,万吨,当期值,全国,中国,国家统计局,getEcoDataChina,1989-02-28,2026-06-30,1,False,False,False,False,False,False,False,False,False,False,False,False,False
801030,基础化工,24,2030768526,"出口数量:过氧化氢,不论是否用尿素固化(2847):当月值","Export Quantity: Hydrogen Peroxide, Whether Or Not Cured With Urea(2847): Current Month Value",月,千克,当期值,中国,中国,海关总署,getEcoDataIndChemical,2015-01-31,2026-06-30,1,143.0,2030768526,"出口数量:过氧化氢,不论是否用尿素固化(2847):当月值","Export Quantity: Hydrogen Peroxide, Whether Or Not Cured With Urea(2847): Current Month Value",S030768526,S030765491,0,月,千克,当期值,2.0,中国,中国,,一般重要,海关总署,"与HS编码""284700""中文全称为""过氧化氢,不论是否用尿素固化""相同,与HS编码""28470000""中文全称为""过氧化氢,不论是否用尿素固化""相同",2981,getEcoDataIndChemical,2015-01-31,2026-06-30,1,EcoInfoProGet,2026-08-13T01:09:36.711019+00:00,"出口数量:过氧化氢,不论是否用尿素固化(2847):当月值","出口数量:过氧化氢,不论是否用尿素固化(2847):当月值",False,"Export Quantity: Hydrogen Peroxide, Whether Or Not Cured With Urea(2847): Current Month Value","Export Quantity: Hydrogen Peroxide, Whether Or Not Cured With Urea(2847): Current Month Value",False,月,月,False,千克,千克,False,当期值,当期值,False,中国,中国,False,中国,中国,False,海关总署,海关总署,False,getEcoDataIndChemical,getEcoDataIndChemical,False,2015-01-31,2015-01-31,False,2026-06-30,2026-06-30,False,1,1,False,True,False,"出口数量:过氧化氢,不论是否用尿素固化(2847):当月值","Export Quantity: Hydrogen Peroxide, Whether Or Not Cured With Urea(2847): Current Month Value",月,千克,当期值,中国,中国,海关总署,getEcoDataIndChemical,2015-01-31,2026-06-30,1,False,False,False,False,False,False,False,False,False,False,False,False,False
801030,基础化工,25,2030768519,"出口金额(美元):过氧化氢,不论是否用尿素固化(2847):当月值","Export Value (USD): Hydrogen Peroxide, Whether Or Not Cured With Urea(2847): Current Month Value",月,美元,当期值,中国,中国,海关总署,getEcoDataIndChemical,2015-01-31,2026-06-30,1,143.0,2030768519,"出口金额(美元):过氧化氢,不论是否用尿素固化(2847):当月值","Export Value (USD): Hydrogen Peroxide, Whether Or Not Cured With Urea(2847): Current Month Value",S030768519,S030765491,0,月,美元,当期值,2.0,中国,中国,美元,一般重要,海关总署,"与HS编码""284700""中文全称为""过氧化氢,不论是否用尿素固化""相同,与HS编码""28470000""中文全称为""过氧化氢,不论是否用尿素固化""相同",2981,getEcoDataIndChemical,2015-01-31,2026-06-30,1,EcoInfoProGet,2026-08-13T01:09:36.711019+00:00,"出口金额(美元):过氧化氢,不论是否用尿素固化(2847):当月值","出口金额(美元):过氧化氢,不论是否用尿素固化(2847):当月值",False,"Export Value (USD): Hydrogen Peroxide, Whether Or Not Cured With Urea(2847): Current Month Value","Export Value (USD): Hydrogen Peroxide, Whether Or Not Cured With Urea(2847): Current Month Value",False,月,月,False,美元,美元,False,当期值,当期值,False,中国,中国,False,中国,中国,False,海关总署,海关总署,False,getEcoDataIndChemical,getEcoDataIndChemical,False,2015-01-31,2015-01-31,False,2026-06-30,2026-06-30,False,1,1,False,True,False,"出口金额(美元):过氧化氢,不论是否用尿素固化(2847):当月值","Export Value (USD): Hydrogen Peroxide, Whether Or Not Cured With Urea(2847): Current Month Value",月,美元,当期值,中国,中国,海关总署,getEcoDataIndChemical,2015-01-31,2026-06-30,1,False,False,False,False,False,False,False,False,False,False,False,False,False
801030,基础化工,26,1020001557,化学农药原药(折有效成分100%):产量:当月值,Output: Chemical Pesticide Original Drug (Active Ingredients 100% Off): Current,月,万吨,当期值,全国,中国,国家统计局,getEcoDataChina,1989-02-28,2026-06-30,1,143.0,1020001557,化学农药原药(折有效成分100%):产量:当月值,Output: Chemical Pesticide Original Drug (Active Ingredients 100% Off): Current,M020001557,M020001541,0,月,万吨,当期值,2.0,全国,中国,,不重要,国家统计局,,2975,getEcoDataChina,1989-02-28,2026-06-30,1,EcoInfoProGet,2026-08-13T01:09:36.711019+00:00,化学农药原药(折有效成分100%):产量:当月值,化学农药原药(折有效成分100%):产量:当月值,False,Output: Chemical Pesticide Original Drug (Active Ingredients 100% Off): Current,Output: Chemical Pesticide Original Drug (Active Ingredients 100% Off): Current,False,月,月,False,万吨,万吨,False,当期值,当期值,False,全国,全国,False,中国,中国,False,国家统计局,国家统计局,False,getEcoDataChina,getEcoDataChina,False,1989-02-28,1989-02-28,False,2026-06-30,2026-06-30,False,1,1,False,True,False,化学农药原药(折有效成分100%):产量:当月值,Output: Chemical Pesticide Original Drug (Active Ingredients 100% Off): Current,月,万吨,当期值,全国,中国,国家统计局,getEcoDataChina,1989-02-28,2026-06-30,1,False,False,False,False,False,False,False,False,False,False,False,False,False
801030,基础化工,27,1040000979,工业生产者购进价格指数(PPIRM):化工原料类(上年同月=100),PPIRM: Chemical Raw Materials (CYoY=100),月,上年同月=100,当期值,全国,中国,国家统计局,getEcoDataChina,1988-03-31,2026-06-30,1,143.0,1040000979,工业生产者购进价格指数(PPIRM):化工原料类(上年同月=100),PPIRM: Chemical Raw Materials (CYoY=100),M040000979,M040000972,0,月,上年同月=100,当期值,2.0,全国,中国,,不重要,国家统计局,,2975,getEcoDataChina,1988-03-31,2026-07-31,1,EcoInfoProGet,2026-08-13T01:09:36.711019+00:00,工业生产者购进价格指数(PPIRM):化工原料类(上年同月=100),工业生产者购进价格指数(PPIRM):化工原料类(上年同月=100),False,PPIRM: Chemical Raw Materials (CYoY=100),PPIRM: Chemical Raw Materials (CYoY=100),False,月,月,False,上年同月=100,上年同月=100,False,当期值,当期值,False,全国,全国,False,中国,中国,False,国家统计局,国家统计局,False,getEcoDataChina,getEcoDataChina,False,1988-03-31,1988-03-31,False,2026-06-30,2026-07-31,True,1,1,False,True,True,工业生产者购进价格指数(PPIRM):化工原料类(上年同月=100),PPIRM: Chemical Raw Materials (CYoY=100),月,上年同月=100,当期值,全国,中国,国家统计局,getEcoDataChina,1988-03-31,2026-07-31,1,False,False,False,False,False,False,False,False,False,False,False,False,False
801030,基础化工,28,1040005391,生产资料价格:化工产品:ABS树脂:通用级:当月值,Price of Means of Production: Chemical Products: ABS Resin: General Purpose: Current,月,元/吨,当期值,全国,中国,发改委,getEcoDataChina,2015-05-31,2026-06-30,1,143.0,1040005391,生产资料价格:化工产品:ABS树脂:通用级:当月值,Price of Means of Production: Chemical Products: ABS Resin: General Purpose: Current,M040005391,M040015365,0,月,元/吨,当期值,0.0,全国,中国,人民币元,不重要,发改委,,2975,getEcoDataChina,2015-05-31,2026-06-30,1,EcoInfoProGet,2026-08-13T01:09:36.711019+00:00,生产资料价格:化工产品:ABS树脂:通用级:当月值,生产资料价格:化工产品:ABS树脂:通用级:当月值,False,Price of Means of Production: Chemical Products: ABS Resin: General Purpose: Current,Price of Means of Production: Chemical Products: ABS Resin: General Purpose: Current,False,月,月,False,元/吨,元/吨,False,当期值,当期值,False,全国,全国,False,中国,中国,False,发改委,发改委,False,getEcoDataChina,getEcoDataChina,False,2015-05-31,2015-05-31,False,2026-06-30,2026-06-30,False,1,1,False,True,False,生产资料价格:化工产品:ABS树脂:通用级:当月值,Price of Means of Production: Chemical Products: ABS Resin: General Purpose: Current,月,元/吨,当期值,全国,中国,发改委,getEcoDataChina,2015-05-31,2026-06-30,1,False,False,False,False,False,False,False,False,False,False,False,False,False
801030,基础化工,29,1040005433,生产资料价格:化工产品:乙醇:燃料乙醇:当月值,Price of Means of Production: Chemical Products: Ethanol: Fuel Ethanol: Current,月,元/吨,当期值,全国,中国,发改委,getEcoDataChina,2015-05-31,2026-06-30,1,143.0,1040005433,生产资料价格:化工产品:乙醇:燃料乙醇:当月值,Price of Means of Production: Chemical Products: Ethanol: Fuel Ethanol: Current,M040005433,M040015365,0,月,元/吨,当期值,0.0,全国,中国,人民币元,不重要,发改委,,2975,getEcoDataChina,2015-05-31,2026-06-30,1,EcoInfoProGet,2026-08-13T01:09:36.711019+00:00,生产资料价格:化工产品:乙醇:燃料乙醇:当月值,生产资料价格:化工产品:乙醇:燃料乙醇:当月值,False,Price of Means of Production: Chemical Products: Ethanol: Fuel Ethanol: Current,Price of Means of Production: Chemical Products: Ethanol: Fuel Ethanol: Current,False,月,月,False,元/吨,元/吨,False,当期值,当期值,False,全国,全国,False,中国,中国,False,发改委,发改委,False,getEcoDataChina,getEcoDataChina,False,2015-05-31,2015-05-31,False,2026-06-30,2026-06-30,False,1,1,False,True,False,生产资料价格:化工产品:乙醇:燃料乙醇:当月值,Price of Means of Production: Chemical Products: Ethanol: Fuel Ethanol: Current,月,元/吨,当期值,全国,中国,发改委,getEcoDataChina,2015-05-31,2026-06-30,1,False,False,False,False,False,False,False,False,False,False,False,False,False
801030,基础化工,30,1040005397,生产资料价格:化工产品:二甲苯:含量≥96%:当月值,Price of Means of Production: Chemical Products: Xylene: Content ≥96%: Current,月,元/吨,当期值,全国,中国,发改委,getEcoDataChina,2015-05-31,2026-06-30,1,143.0,1040005397,生产资料价格:化工产品:二甲苯:含量≥96%:当月值,Price of Means of Production: Chemical Products: Xylene: Content ≥96%: Current,M040005397,M040015365,0,月,元/吨,当期值,0.0,全国,中国,人民币元,不重要,发改委,,2975,getEcoDataChina,2015-05-31,2026-06-30,1,EcoInfoProGet,2026-08-13T01:09:36.711019+00:00,生产资料价格:化工产品:二甲苯:含量≥96%:当月值,生产资料价格:化工产品:二甲苯:含量≥96%:当月值,False,Price of Means of Production: Chemical Products: Xylene: Content ≥96%: Current,Price of Means of Production: Chemical Products: Xylene: Content ≥96%: Current,False,月,月,False,元/吨,元/吨,False,当期值,当期值,False,全国,全国,False,中国,中国,False,发改委,发改委,False,getEcoDataChina,getEcoDataChina,False,2015-05-31,2015-05-31,False,2026-06-30,2026-06-30,False,1,1,False,True,False,生产资料价格:化工产品:二甲苯:含量≥96%:当月值,Price of Means of Production: Chemical Products: Xylene: Content ≥96%: Current,月,元/吨,当期值,全国,中国,发改委,getEcoDataChina,2015-05-31,2026-06-30,1,False,False,False,False,False,False,False,False,False,False,False,False,False
801040,钢铁,1,2040601002,特钢指数:相对价格:不锈钢,Special Steel Index: Relative Price: Stainless Steel,日,点,当期值,全国,中国,我的钢铁网,getEcoDataIndSteel,2003-01-01,2026-08-07,1,150.0,2040601002,特钢指数:相对价格:不锈钢,Special Steel Index: Relative Price: Stainless Steel,S040601002,S040000146,0,日,点,当期值,2.0,全国,中国,,不重要,我的钢铁网,,2994,getEcoDataIndSteel,2003-01-01,2026-08-12,1,EcoInfoProGet,2026-08-13T01:09:36.711019+00:00,特钢指数:相对价格:不锈钢,特钢指数:相对价格:不锈钢,False,Special Steel Index: Relative Price: Stainless Steel,Special Steel Index: Relative Price: Stainless Steel,False,日,日,False,点,点,False,当期值,当期值,False,全国,全国,False,中国,中国,False,我的钢铁网,我的钢铁网,False,getEcoDataIndSteel,getEcoDataIndSteel,False,2003-01-01,2003-01-01,False,2026-08-07,2026-08-12,True,1,1,False,True,True,特钢指数:相对价格:不锈钢,Special Steel Index: Relative Price: Stainless Steel,日,点,当期值,全国,中国,我的钢铁网,getEcoDataIndSteel,2003-01-01,2026-08-11,1,False,False,False,False,False,False,False,False,False,False,True,False,True
801040,钢铁,2,2040601004,钢材指数:相对价格:H型钢,Steel Index: Relative Price: H-Beam,日,点,当期值,全国,中国,我的钢铁网,getEcoDataIndSteel,2015-07-29,2026-08-07,1,150.0,2040601004,钢材指数:相对价格:H型钢,Steel Index: Relative Price: H-Beam,S040601004,S040000146,0,日,点,当期值,2.0,全国,中国,,不重要,我的钢铁网,,2994,getEcoDataIndSteel,2015-07-29,2026-08-12,1,EcoInfoProGet,2026-08-13T01:09:36.711019+00:00,钢材指数:相对价格:H型钢,钢材指数:相对价格:H型钢,False,Steel Index: Relative Price: H-Beam,Steel Index: Relative Price: H-Beam,False,日,日,False,点,点,False,当期值,当期值,False,全国,全国,False,中国,中国,False,我的钢铁网,我的钢铁网,False,getEcoDataIndSteel,getEcoDataIndSteel,False,2015-07-29,2015-07-29,False,2026-08-07,2026-08-12,True,1,1,False,True,True,钢材指数:相对价格:H型钢,Steel Index: Relative Price: H-Beam,日,点,当期值,全国,中国,我的钢铁网,getEcoDataIndSteel,2015-07-29,2026-08-11,1,False,False,False,False,False,False,False,False,False,False,True,False,True
801040,钢铁,3,1040024020,生产资料价格:钢材:热轧带钢:周环比,,周,%,当期环比,全国,中国,商务部,getEcoDataChina,2014-07-18,2026-07-31,1,149.0,1040024020,生产资料价格:钢材:热轧带钢:周环比,,M040024020,M040015364,0,周,%,当期环比,2.0,全国,中国,,一般重要,商务部,,2975,getEcoDataChina,2014-07-18,2026-08-07,1,EcoInfoProGet,2026-08-13T01:09:36.711019+00:00,生产资料价格:钢材:热轧带钢:周环比,生产资料价格:钢材:热轧带钢:周环比,False,,,False,周,周,False,%,%,False,当期环比,当期环比,False,全国,全国,False,中国,中国,False,商务部,商务部,False,getEcoDataChina,getEcoDataChina,False,2014-07-18,2014-07-18,False,2026-07-31,2026-08-07,True,1,1,False,True,True,生产资料价格:钢材:热轧带钢:周环比,,周,%,当期环比,全国,中国,商务部,getEcoDataChina,2014-07-18,2026-07-31,1,False,False,False,False,False,False,False,False,False,False,True,False,True
801040,钢铁,4,1040015368,生产资料价格:钢材:螺纹钢:周环比,Spot Price: Steel: Rebar: WoW,周,%,当期环比,全国,中国,商务部,getEcoDataChina,2017-03-19,2026-08-02,1,149.0,1040015368,生产资料价格:钢材:螺纹钢:周环比,Spot Price: Steel: Rebar: WoW,M040015368,M040015364,0,周,%,当期环比,1.0,全国,中国,,不重要,商务部,,2975,getEcoDataChina,2017-03-19,2026-08-02,1,EcoInfoProGet,2026-08-13T01:09:36.711019+00:00,生产资料价格:钢材:螺纹钢:周环比,生产资料价格:钢材:螺纹钢:周环比,False,Spot Price: Steel: Rebar: WoW,Spot Price: Steel: Rebar: WoW,False,周,周,False,%,%,False,当期环比,当期环比,False,全国,全国,False,中国,中国,False,商务部,商务部,False,getEcoDataChina,getEcoDataChina,False,2017-03-19,2017-03-19,False,2026-08-02,2026-08-02,False,1,1,False,True,False,生产资料价格:钢材:螺纹钢:周环比,Spot Price: Steel: Rebar: WoW,周,%,当期环比,全国,中国,商务部,getEcoDataChina,2017-03-19,2026-08-02,1,False,False,False,False,False,False,False,False,False,False,False,False,False
801040,钢铁,5,1040015369,生产资料价格:钢材:高速线材:周环比,Spot Price: Steel: High-Speed Wire Rod: WoW,周,%,当期环比,全国,中国,商务部,getEcoDataChina,2017-03-19,2026-07-19,1,149.0,1040015369,生产资料价格:钢材:高速线材:周环比,Spot Price: Steel: High-Speed Wire Rod: WoW,M040015369,M040015364,0,周,%,当期环比,1.0,全国,中国,,不重要,商务部,,2975,getEcoDataChina,2017-03-19,2026-07-19,1,EcoInfoProGet,2026-08-13T01:09:36.711019+00:00,生产资料价格:钢材:高速线材:周环比,生产资料价格:钢材:高速线材:周环比,False,Spot Price: Steel: High-Speed Wire Rod: WoW,Spot Price: Steel: High-Speed Wire Rod: WoW,False,周,周,False,%,%,False,当期环比,当期环比,False,全国,全国,False,中国,中国,False,商务部,商务部,False,getEcoDataChina,getEcoDataChina,False,2017-03-19,2017-03-19,False,2026-07-19,2026-07-19,False,1,1,False,True,False,生产资料价格:钢材:高速线材:周环比,Spot Price: Steel: High-Speed Wire Rod: WoW,周,%,当期环比,全国,中国,商务部,getEcoDataChina,2017-03-19,2026-07-19,1,False,False,False,False,False,False,False,False,False,False,False,False,False
801040,钢铁,6,2040000176,铁矿石指数:相对价格:进口矿,Index of Iron Ore: Ore Imports,日,2005年1月=100,当期值,,中国,Datayes!,getEcoDataIndSteel,2005-01-07,2026-08-07,1,148.0,2040000176,铁矿石指数:相对价格:进口矿,Index of Iron Ore: Ore Imports,S040000176,S040000168,0,日,2005年1月=100,当期值,2.0,,中国,,不重要,Datayes!,,2994,getEcoDataIndSteel,2005-01-07,2026-08-12,1,EcoInfoProGet,2026-08-13T01:09:36.711019+00:00,铁矿石指数:相对价格:进口矿,铁矿石指数:相对价格:进口矿,False,Index of Iron Ore: Ore Imports,Index of Iron Ore: Ore Imports,False,日,日,False,2005年1月=100,2005年1月=100,False,当期值,当期值,False,,,False,中国,中国,False,Datayes!,Datayes!,False,getEcoDataIndSteel,getEcoDataIndSteel,False,2005-01-07,2005-01-07,False,2026-08-07,2026-08-12,True,1,1,False,True,True,铁矿石指数:相对价格:进口矿,Index of Iron Ore: Ore Imports,日,2005年1月=100,当期值,,中国,Datayes!,getEcoDataIndSteel,2005-01-07,2026-08-11,1,False,False,False,False,False,False,False,False,False,False,True,False,True
801040,钢铁,7,2040000179,铁矿石指数:相对价格:进口矿:京唐港,Index of Iron Ore: Ore Imports: Jingtang Port,日,2005年1月=100,当期值,,中国,Datayes!,getEcoDataIndSteel,2005-01-07,2026-08-07,1,148.0,2040000179,铁矿石指数:相对价格:进口矿:京唐港,Index of Iron Ore: Ore Imports: Jingtang Port,S040000179,S040000168,0,日,2005年1月=100,当期值,2.0,,中国,,不重要,Datayes!,,2994,getEcoDataIndSteel,2005-01-07,2026-08-12,1,EcoInfoProGet,2026-08-13T01:09:36.711019+00:00,铁矿石指数:相对价格:进口矿:京唐港,铁矿石指数:相对价格:进口矿:京唐港,False,Index of Iron Ore: Ore Imports: Jingtang Port,Index of Iron Ore: Ore Imports: Jingtang Port,False,日,日,False,2005年1月=100,2005年1月=100,False,当期值,当期值,False,,,False,中国,中国,False,Datayes!,Datayes!,False,getEcoDataIndSteel,getEcoDataIndSteel,False,2005-01-07,2005-01-07,False,2026-08-07,2026-08-12,True,1,1,False,True,True,铁矿石指数:相对价格:进口矿:京唐港,Index of Iron Ore: Ore Imports: Jingtang Port,日,2005年1月=100,当期值,,中国,Datayes!,getEcoDataIndSteel,2005-01-07,2026-08-11,1,False,False,False,False,False,False,False,False,False,False,True,False,True
801040,钢铁,8,2040000182,铁矿石指数:相对价格:进口矿:岚山港,Index of Iron Ore: Ore Imports: Port of Lanshan,日,2005年1月=100,当期值,,中国,Datayes!,getEcoDataIndSteel,2005-01-07,2026-08-07,1,148.0,2040000182,铁矿石指数:相对价格:进口矿:岚山港,Index of Iron Ore: Ore Imports: Port of Lanshan,S040000182,S040000168,0,日,2005年1月=100,当期值,2.0,,中国,,不重要,Datayes!,,2994,getEcoDataIndSteel,2005-01-07,2026-08-12,1,EcoInfoProGet,2026-08-13T01:09:36.711019+00:00,铁矿石指数:相对价格:进口矿:岚山港,铁矿石指数:相对价格:进口矿:岚山港,False,Index of Iron Ore: Ore Imports: Port of Lanshan,Index of Iron Ore: Ore Imports: Port of Lanshan,False,日,日,False,2005年1月=100,2005年1月=100,False,当期值,当期值,False,,,False,中国,中国,False,Datayes!,Datayes!,False,getEcoDataIndSteel,getEcoDataIndSteel,False,2005-01-07,2005-01-07,False,2026-08-07,2026-08-12,True,1,1,False,True,True,铁矿石指数:相对价格:进口矿:岚山港,Index of Iron Ore: Ore Imports: Port of Lanshan,日,2005年1月=100,当期值,,中国,Datayes!,getEcoDataIndSteel,2005-01-07,2026-08-11,1,False,False,False,False,False,False,False,False,False,False,True,False,True
801040,钢铁,9,2040000181,铁矿石指数:相对价格:进口矿:日照港,Index of Iron Ore: Ore Imports: Rizhao Port,日,2005年1月=100,当期值,,中国,Datayes!,getEcoDataIndSteel,2005-01-07,2026-08-07,1,148.0,2040000181,铁矿石指数:相对价格:进口矿:日照港,Index of Iron Ore: Ore Imports: Rizhao Port,S040000181,S040000168,0,日,2005年1月=100,当期值,2.0,,中国,,不重要,Datayes!,,2994,getEcoDataIndSteel,2005-01-07,2026-08-12,1,EcoInfoProGet,2026-08-13T01:09:36.711019+00:00,铁矿石指数:相对价格:进口矿:日照港,铁矿石指数:相对价格:进口矿:日照港,False,Index of Iron Ore: Ore Imports: Rizhao Port,Index of Iron Ore: Ore Imports: Rizhao Port,False,日,日,False,2005年1月=100,2005年1月=100,False,当期值,当期值,False,,,False,中国,中国,False,Datayes!,Datayes!,False,getEcoDataIndSteel,getEcoDataIndSteel,False,2005-01-07,2005-01-07,False,2026-08-07,2026-08-12,True,1,1,False,True,True,铁矿石指数:相对价格:进口矿:日照港,Index of Iron Ore: Ore Imports: Rizhao Port,日,2005年1月=100,当期值,,中国,Datayes!,getEcoDataIndSteel,2005-01-07,2026-08-11,1,False,False,False,False,False,False,False,False,False,False,True,False,True
801040,钢铁,10,2040000180,铁矿石指数:相对价格:进口矿:曹妃甸,Index of Iron Ore: Ore Imports: Caofeidian,日,2005年1月=100,当期值,,中国,Datayes!,getEcoDataIndSteel,2005-01-07,2026-08-07,1,148.0,2040000180,铁矿石指数:相对价格:进口矿:曹妃甸,Index of Iron Ore: Ore Imports: Caofeidian,S040000180,S040000168,0,日,2005年1月=100,当期值,2.0,,中国,,不重要,Datayes!,,2994,getEcoDataIndSteel,2005-01-07,2026-08-12,1,EcoInfoProGet,2026-08-13T01:09:36.711019+00:00,铁矿石指数:相对价格:进口矿:曹妃甸,铁矿石指数:相对价格:进口矿:曹妃甸,False,Index of Iron Ore: Ore Imports: Caofeidian,Index of Iron Ore: Ore Imports: Caofeidian,False,日,日,False,2005年1月=100,2005年1月=100,False,当期值,当期值,False,,,False,中国,中国,False,Datayes!,Datayes!,False,getEcoDataIndSteel,getEcoDataIndSteel,False,2005-01-07,2005-01-07,False,2026-08-07,2026-08-12,True,1,1,False,True,True,铁矿石指数:相对价格:进口矿:曹妃甸,Index of Iron Ore: Ore Imports: Caofeidian,日,2005年1月=100,当期值,,中国,Datayes!,getEcoDataIndSteel,2005-01-07,2026-08-11,1,False,False,False,False,False,False,False,False,False,False,True,False,True
801040,钢铁,11,2040000183,铁矿石指数:相对价格:进口矿:连云港,Index of Iron Ore: Ore Imports: Lianyungang,日,2005年1月=100,当期值,,中国,Datayes!,getEcoDataIndSteel,2005-01-07,2026-08-07,1,148.0,2040000183,铁矿石指数:相对价格:进口矿:连云港,Index of Iron Ore: Ore Imports: Lianyungang,S040000183,S040000168,0,日,2005年1月=100,当期值,2.0,,中国,,不重要,Datayes!,,2994,getEcoDataIndSteel,2005-01-07,2026-08-12,1,EcoInfoProGet,2026-08-13T01:09:36.711019+00:00,铁矿石指数:相对价格:进口矿:连云港,铁矿石指数:相对价格:进口矿:连云港,False,Index of Iron Ore: Ore Imports: Lianyungang,Index of Iron Ore: Ore Imports: Lianyungang,False,日,日,False,2005年1月=100,2005年1月=100,False,当期值,当期值,False,,,False,中国,中国,False,Datayes!,Datayes!,False,getEcoDataIndSteel,getEcoDataIndSteel,False,2005-01-07,2005-01-07,False,2026-08-07,2026-08-12,True,1,1,False,True,True,铁矿石指数:相对价格:进口矿:连云港,Index of Iron Ore: Ore Imports: Lianyungang,日,2005年1月=100,当期值,,中国,Datayes!,getEcoDataIndSteel,2005-01-07,2026-08-11,1,False,False,False,False,False,False,False,False,False,False,True,False,True
801040,钢铁,12,2040104245,中厚板社会库存,Plate Social Inventory,周,万吨,当期值,全国,中国,兰格钢铁,getEcoDataIndSteel,2009-01-16,2026-08-05,1,147.0,2040104245,中厚板社会库存,Plate Social Inventory,S040104245,S040104239,0,周,万吨,当期值,1.0,全国,中国,,不重要,兰格钢铁,,2994,getEcoDataIndSteel,2009-01-16,2026-08-12,1,EcoInfoProGet,2026-08-13T01:09:36.711019+00:00,中厚板社会库存,中厚板社会库存,False,Plate Social Inventory,Plate Social Inventory,False,周,周,False,万吨,万吨,False,当期值,当期值,False,全国,全国,False,中国,中国,False,兰格钢铁,兰格钢铁,False,getEcoDataIndSteel,getEcoDataIndSteel,False,2009-01-16,2009-01-16,False,2026-08-05,2026-08-12,True,1,1,False,True,True,中厚板社会库存,Plate Social Inventory,周,万吨,当期值,全国,中国,兰格钢铁,getEcoDataIndSteel,2009-01-16,2026-08-05,1,False,False,False,False,False,False,False,False,False,False,True,False,True
801040,钢铁,13,2040601007,价格:CSPI:螺纹钢(三级)HRB400Φ16,,周,元/吨,当期值,全国,中国,中国钢铁工业协会,getEcoDataIndSteel,2010-10-09,2026-08-07,1,147.0,2040601007,价格:CSPI:螺纹钢(三级)HRB400Φ16,,S040601007,S040000214,0,周,元/吨,当期值,2.0,全国,中国,人民币元,不重要,中国钢铁工业协会,,2994,getEcoDataIndSteel,2010-10-09,2026-08-07,1,EcoInfoProGet,2026-08-13T01:09:36.711019+00:00,价格:CSPI:螺纹钢(三级)HRB400Φ16,价格:CSPI:螺纹钢(三级)HRB400Φ16,False,,,False,周,周,False,元/吨,元/吨,False,当期值,当期值,False,全国,全国,False,中国,中国,False,中国钢铁工业协会,中国钢铁工业协会,False,getEcoDataIndSteel,getEcoDataIndSteel,False,2010-10-09,2010-10-09,False,2026-08-07,2026-08-07,False,1,1,False,True,False,价格:CSPI:螺纹钢(三级)HRB400Φ16,,周,元/吨,当期值,全国,中国,中国钢铁工业协会,getEcoDataIndSteel,2010-10-09,2026-08-07,1,False,False,False,False,False,False,False,False,False,False,False,False,False
801040,钢铁,14,2040104244,冷轧卷板社会库存,Cold Rolled Coil Social Inventory,周,万吨,当期值,全国,中国,兰格钢铁,getEcoDataIndSteel,2009-01-16,2026-08-05,1,147.0,2040104244,冷轧卷板社会库存,Cold Rolled Coil Social Inventory,S040104244,S040104239,0,周,万吨,当期值,1.0,全国,中国,,不重要,兰格钢铁,,2994,getEcoDataIndSteel,2009-01-16,2026-08-12,1,EcoInfoProGet,2026-08-13T01:09:36.711019+00:00,冷轧卷板社会库存,冷轧卷板社会库存,False,Cold Rolled Coil Social Inventory,Cold Rolled Coil Social Inventory,False,周,周,False,万吨,万吨,False,当期值,当期值,False,全国,全国,False,中国,中国,False,兰格钢铁,兰格钢铁,False,getEcoDataIndSteel,getEcoDataIndSteel,False,2009-01-16,2009-01-16,False,2026-08-05,2026-08-12,True,1,1,False,True,True,冷轧卷板社会库存,Cold Rolled Coil Social Inventory,周,万吨,当期值,全国,中国,兰格钢铁,getEcoDataIndSteel,2009-01-16,2026-08-05,1,False,False,False,False,False,False,False,False,False,False,True,False,True
801040,钢铁,15,1040001980,国内现货价格:普通高速线材(φ6.5mm),Domestic Spot Price: Ordinary High-Speed Wire Φ6.5Mm,周,元/吨,当期值,全国,中国,商务部,getEcoDataChina,2003-07-01,2026-07-31,1,147.0,1040001980,国内现货价格:普通高速线材(φ6.5mm),Domestic Spot Price: Ordinary High-Speed Wire Φ6.5Mm,M040001980,M040001959,0,周,元/吨,当期值,0.0,全国,中国,人民币元,不重要,商务部,2016年之前频度为半月,2975,getEcoDataChina,2003-07-01,2026-08-07,1,EcoInfoProGet,2026-08-13T01:09:36.711019+00:00,国内现货价格:普通高速线材(φ6.5mm),国内现货价格:普通高速线材(φ6.5mm),False,Domestic Spot Price: Ordinary High-Speed Wire Φ6.5Mm,Domestic Spot Price: Ordinary High-Speed Wire Φ6.5Mm,False,周,周,False,元/吨,元/吨,False,当期值,当期值,False,全国,全国,False,中国,中国,False,商务部,商务部,False,getEcoDataChina,getEcoDataChina,False,2003-07-01,2003-07-01,False,2026-07-31,2026-08-07,True,1,1,False,True,True,国内现货价格:普通高速线材(φ6.5mm),Domestic Spot Price: Ordinary High-Speed Wire Φ6.5Mm,周,元/吨,当期值,全国,中国,商务部,getEcoDataChina,2003-07-01,2026-07-31,1,False,False,False,False,False,False,False,False,False,False,True,False,True
801040,钢铁,16,1040001988,国内现货价格:热轧带钢(180*2.5),Domestic Spot Price: Hot-Rolled Strip 180 * 2.5,周,元/吨,当期值,全国,中国,商务部,getEcoDataChina,2006-07-01,2026-07-31,1,147.0,1040001988,国内现货价格:热轧带钢(180*2.5),Domestic Spot Price: Hot-Rolled Strip 180 * 2.5,M040001988,M040001959,0,周,元/吨,当期值,0.0,全国,中国,人民币元,不重要,商务部,2016年之前频度为半月,2975,getEcoDataChina,2006-07-01,2026-08-07,1,EcoInfoProGet,2026-08-13T01:09:36.711019+00:00,国内现货价格:热轧带钢(180*2.5),国内现货价格:热轧带钢(180*2.5),False,Domestic Spot Price: Hot-Rolled Strip 180 * 2.5,Domestic Spot Price: Hot-Rolled Strip 180 * 2.5,False,周,周,False,元/吨,元/吨,False,当期值,当期值,False,全国,全国,False,中国,中国,False,商务部,商务部,False,getEcoDataChina,getEcoDataChina,False,2006-07-01,2006-07-01,False,2026-07-31,2026-08-07,True,1,1,False,True,True,国内现货价格:热轧带钢(180*2.5),Domestic Spot Price: Hot-Rolled Strip 180 * 2.5,周,元/吨,当期值,全国,中国,商务部,getEcoDataChina,2006-07-01,2026-07-31,1,False,False,False,False,False,False,False,False,False,False,True,False,True
801040,钢铁,17,1040001981,国内现货价格:螺纹钢(φ25mm),Domestic Spot Price: Rebar Φ25Mm,周,元/吨,当期值,全国,中国,商务部,getEcoDataChina,2003-07-01,2026-07-31,1,147.0,1040001981,国内现货价格:螺纹钢(φ25mm),Domestic Spot Price: Rebar Φ25Mm,M040001981,M040001959,0,周,元/吨,当期值,0.0,全国,中国,人民币元,不重要,商务部,2016年之前频度为半月,2975,getEcoDataChina,2003-07-01,2026-08-07,1,EcoInfoProGet,2026-08-13T01:09:36.711019+00:00,国内现货价格:螺纹钢(φ25mm),国内现货价格:螺纹钢(φ25mm),False,Domestic Spot Price: Rebar Φ25Mm,Domestic Spot Price: Rebar Φ25Mm,False,周,周,False,元/吨,元/吨,False,当期值,当期值,False,全国,全国,False,中国,中国,False,商务部,商务部,False,getEcoDataChina,getEcoDataChina,False,2003-07-01,2003-07-01,False,2026-07-31,2026-08-07,True,1,1,False,True,True,国内现货价格:螺纹钢(φ25mm),Domestic Spot Price: Rebar Φ25Mm,周,元/吨,当期值,全国,中国,商务部,getEcoDataChina,2003-07-01,2026-07-31,1,False,False,False,False,False,False,False,False,False,False,True,False,True
801040,钢铁,18,2040104243,热轧卷板社会库存,Hot Rolled Coil Social Inventory,周,万吨,当期值,全国,中国,兰格钢铁,getEcoDataIndSteel,2007-12-29,2026-08-05,1,147.0,2040104243,热轧卷板社会库存,Hot Rolled Coil Social Inventory,S040104243,S040104239,0,周,万吨,当期值,1.0,全国,中国,,不重要,兰格钢铁,,2994,getEcoDataIndSteel,2007-12-29,2026-08-12,1,EcoInfoProGet,2026-08-13T01:09:36.711019+00:00,热轧卷板社会库存,热轧卷板社会库存,False,Hot Rolled Coil Social Inventory,Hot Rolled Coil Social Inventory,False,周,周,False,万吨,万吨,False,当期值,当期值,False,全国,全国,False,中国,中国,False,兰格钢铁,兰格钢铁,False,getEcoDataIndSteel,getEcoDataIndSteel,False,2007-12-29,2007-12-29,False,2026-08-05,2026-08-12,True,1,1,False,True,True,热轧卷板社会库存,Hot Rolled Coil Social Inventory,周,万吨,当期值,全国,中国,兰格钢铁,getEcoDataIndSteel,2007-12-29,2026-08-05,1,False,False,False,False,False,False,False,False,False,False,True,False,True
801040,钢铁,19,1040005361,"生产资料价格:钢材:不锈钢板:2.0,304/2B冷轧:当月值","Price of Means of Production: Steel: Stainless Steel Plate: 2.0,304/2B Cold Rolled:Current",月,元/吨,当期值,全国,中国,发改委,getEcoDataChina,2015-05-31,2026-06-30,1,147.0,1040005361,"生产资料价格:钢材:不锈钢板:2.0,304/2B冷轧:当月值","Price of Means of Production: Steel: Stainless Steel Plate: 2.0,304/2B Cold Rolled:Current",M040005361,M040015365,0,月,元/吨,当期值,0.0,全国,中国,人民币元,不重要,发改委,,2975,getEcoDataChina,2015-05-31,2026-06-30,1,EcoInfoProGet,2026-08-13T01:09:36.711019+00:00,"生产资料价格:钢材:不锈钢板:2.0,304/2B冷轧:当月值","生产资料价格:钢材:不锈钢板:2.0,304/2B冷轧:当月值",False,"Price of Means of Production: Steel: Stainless Steel Plate: 2.0,304/2B Cold Rolled:Current","Price of Means of Production: Steel: Stainless Steel Plate: 2.0,304/2B Cold Rolled:Current",False,月,月,False,元/吨,元/吨,False,当期值,当期值,False,全国,全国,False,中国,中国,False,发改委,发改委,False,getEcoDataChina,getEcoDataChina,False,2015-05-31,2015-05-31,False,2026-06-30,2026-06-30,False,1,1,False,True,False,"生产资料价格:钢材:不锈钢板:2.0,304/2B冷轧:当月值","Price of Means of Production: Steel: Stainless Steel Plate: 2.0,304/2B Cold Rolled:Current",月,元/吨,当期值,全国,中国,发改委,getEcoDataChina,2015-05-31,2026-06-30,1,False,False,False,False,False,False,False,False,False,False,False,False,False
801040,钢铁,20,1040005382,"生产资料价格:钢材:热轧中厚板:20,Q235:当月值","Price of Means of Production: Steel: Hot Rolled Plate: 20, Q235: Current",月,元/吨,当期值,全国,中国,发改委,getEcoDataChina,2015-05-31,2026-06-30,1,147.0,1040005382,"生产资料价格:钢材:热轧中厚板:20,Q235:当月值","Price of Means of Production: Steel: Hot Rolled Plate: 20, Q235: Current",M040005382,M040015365,0,月,元/吨,当期值,0.0,全国,中国,人民币元,不重要,发改委,,2975,getEcoDataChina,2015-05-31,2026-06-30,1,EcoInfoProGet,2026-08-13T01:09:36.711019+00:00,"生产资料价格:钢材:热轧中厚板:20,Q235:当月值","生产资料价格:钢材:热轧中厚板:20,Q235:当月值",False,"Price of Means of Production: Steel: Hot Rolled Plate: 20, Q235: Current","Price of Means of Production: Steel: Hot Rolled Plate: 20, Q235: Current",False,月,月,False,元/吨,元/吨,False,当期值,当期值,False,全国,全国,False,中国,中国,False,发改委,发改委,False,getEcoDataChina,getEcoDataChina,False,2015-05-31,2015-05-31,False,2026-06-30,2026-06-30,False,1,1,False,True,False,"生产资料价格:钢材:热轧中厚板:20,Q235:当月值","Price of Means of Production: Steel: Hot Rolled Plate: 20, Q235: Current",月,元/吨,当期值,全国,中国,发改委,getEcoDataChina,2015-05-31,2026-06-30,1,False,False,False,False,False,False,False,False,False,False,False,False,False
801040,钢铁,21,2040104242,螺纹钢社会库存,Rebar Social Inventory,周,万吨,当期值,全国,中国,兰格钢铁,getEcoDataIndSteel,2006-04-07,2026-08-05,1,147.0,2040104242,螺纹钢社会库存,Rebar Social Inventory,S040104242,S040104239,0,周,万吨,当期值,1.0,全国,中国,,不重要,兰格钢铁,,2994,getEcoDataIndSteel,2006-04-07,2026-08-12,1,EcoInfoProGet,2026-08-13T01:09:36.711019+00:00,螺纹钢社会库存,螺纹钢社会库存,False,Rebar Social Inventory,Rebar Social Inventory,False,周,周,False,万吨,万吨,False,当期值,当期值,False,全国,全国,False,中国,中国,False,兰格钢铁,兰格钢铁,False,getEcoDataIndSteel,getEcoDataIndSteel,False,2006-04-07,2006-04-07,False,2026-08-05,2026-08-12,True,1,1,False,True,True,螺纹钢社会库存,Rebar Social Inventory,周,万吨,当期值,全国,中国,兰格钢铁,getEcoDataIndSteel,2006-04-07,2026-08-05,1,False,False,False,False,False,False,False,False,False,False,True,False,True
801040,钢铁,22,2040104240,钢材社会库存,Steel Social Inventory,周,万吨,当期值,全国,中国,兰格钢铁,getEcoDataIndSteel,2006-04-07,2026-08-05,1,147.0,2040104240,钢材社会库存,Steel Social Inventory,S040104240,S040104239,0,周,万吨,当期值,1.0,全国,中国,,不重要,兰格钢铁,,2994,getEcoDataIndSteel,2006-04-07,2026-08-12,1,EcoInfoProGet,2026-08-13T01:09:36.711019+00:00,钢材社会库存,钢材社会库存,False,Steel Social Inventory,Steel Social Inventory,False,周,周,False,万吨,万吨,False,当期值,当期值,False,全国,全国,False,中国,中国,False,兰格钢铁,兰格钢铁,False,getEcoDataIndSteel,getEcoDataIndSteel,False,2006-04-07,2006-04-07,False,2026-08-05,2026-08-12,True,1,1,False,True,True,钢材社会库存,Steel Social Inventory,周,万吨,当期值,全国,中国,兰格钢铁,getEcoDataIndSteel,2006-04-07,2026-08-05,1,False,False,False,False,False,False,False,False,False,False,True,False,True
801040,钢铁,23,2040104248,铁矿石港口库存,Iron Ore Port Inventory,周,万吨,当期值,全国,中国,兰格钢铁,getEcoDataIndSteel,2007-01-05,2026-08-05,1,147.0,2040104248,铁矿石港口库存,Iron Ore Port Inventory,S040104248,S040104239,0,周,万吨,当期值,1.0,全国,中国,,不重要,兰格钢铁,,2994,getEcoDataIndSteel,2007-01-05,2026-08-12,1,EcoInfoProGet,2026-08-13T01:09:36.711019+00:00,铁矿石港口库存,铁矿石港口库存,False,Iron Ore Port Inventory,Iron Ore Port Inventory,False,周,周,False,万吨,万吨,False,当期值,当期值,False,全国,全国,False,中国,中国,False,兰格钢铁,兰格钢铁,False,getEcoDataIndSteel,getEcoDataIndSteel,False,2007-01-05,2007-01-05,False,2026-08-05,2026-08-12,True,1,1,False,True,True,铁矿石港口库存,Iron Ore Port Inventory,周,万吨,当期值,全国,中国,兰格钢铁,getEcoDataIndSteel,2007-01-05,2026-08-05,1,False,False,False,False,False,False,False,False,False,False,True,False,True
801040,钢铁,24,2040608869,产量:重点优特钢企业:冷轧钢材:累计值,Output: Key High Quality and Special Steel Companies: Cold Rolled Steel: Cumulative Value,月,吨,累计值,中国大陆,中国,兰格钢铁,getEcoDataIndSteel,2012-02-29,2026-03-31,1,145.0,2040608869,产量:重点优特钢企业:冷轧钢材:累计值,Output: Key High Quality and Special Steel Companies: Cold Rolled Steel: Cumulative Value,S040608869,S040608863,0,月,吨,累计值,0.0,中国大陆,中国,,一般重要,兰格钢铁,,2994,getEcoDataIndSteel,2012-02-29,2026-03-31,1,EcoInfoProGet,2026-08-13T01:09:36.711019+00:00,产量:重点优特钢企业:冷轧钢材:累计值,产量:重点优特钢企业:冷轧钢材:累计值,False,Output: Key High Quality and Special Steel Companies: Cold Rolled Steel: Cumulative Value,Output: Key High Quality and Special Steel Companies: Cold Rolled Steel: Cumulative Value,False,月,月,False,吨,吨,False,累计值,累计值,False,中国大陆,中国大陆,False,中国,中国,False,兰格钢铁,兰格钢铁,False,getEcoDataIndSteel,getEcoDataIndSteel,False,2012-02-29,2012-02-29,False,2026-03-31,2026-03-31,False,1,1,False,True,False,产量:重点优特钢企业:冷轧钢材:累计值,Output: Key High Quality and Special Steel Companies: Cold Rolled Steel: Cumulative Value,月,吨,累计值,中国大陆,中国,兰格钢铁,getEcoDataIndSteel,2012-02-29,2026-03-31,1,False,False,False,False,False,False,False,False,False,False,False,False,False
801040,钢铁,25,2040608868,产量:重点优特钢企业:热轧钢材:累计值,Output: Key High Quality and Special Steel Companies: Hot Rolled Steel: Cumulative Value,月,吨,累计值,中国大陆,中国,兰格钢铁,getEcoDataIndSteel,2012-02-29,2026-03-31,1,145.0,2040608868,产量:重点优特钢企业:热轧钢材:累计值,Output: Key High Quality and Special Steel Companies: Hot Rolled Steel: Cumulative Value,S040608868,S040608863,0,月,吨,累计值,0.0,中国大陆,中国,,一般重要,兰格钢铁,,2994,getEcoDataIndSteel,2012-02-29,2026-03-31,1,EcoInfoProGet,2026-08-13T01:09:36.711019+00:00,产量:重点优特钢企业:热轧钢材:累计值,产量:重点优特钢企业:热轧钢材:累计值,False,Output: Key High Quality and Special Steel Companies: Hot Rolled Steel: Cumulative Value,Output: Key High Quality and Special Steel Companies: Hot Rolled Steel: Cumulative Value,False,月,月,False,吨,吨,False,累计值,累计值,False,中国大陆,中国大陆,False,中国,中国,False,兰格钢铁,兰格钢铁,False,getEcoDataIndSteel,getEcoDataIndSteel,False,2012-02-29,2012-02-29,False,2026-03-31,2026-03-31,False,1,1,False,True,False,产量:重点优特钢企业:热轧钢材:累计值,Output: Key High Quality and Special Steel Companies: Hot Rolled Steel: Cumulative Value,月,吨,累计值,中国大陆,中国,兰格钢铁,getEcoDataIndSteel,2012-02-29,2026-03-31,1,False,False,False,False,False,False,False,False,False,False,False,False,False
801040,钢铁,26,2040608984,产量:重点优特钢企业:粗钢:不锈钢:累计值,Output: Key High Quality and Special Steel Companies: Crude Steel: Stainless Steel: Cumulative Value,月,吨,累计值,中国大陆,中国,兰格钢铁,getEcoDataIndSteel,2011-02-28,2026-05-31,1,145.0,2040608984,产量:重点优特钢企业:粗钢:不锈钢:累计值,Output: Key High Quality and Special Steel Companies: Crude Steel: Stainless Steel: Cumulative Value,S040608984,S040608863,0,月,吨,累计值,0.0,中国大陆,中国,,一般重要,兰格钢铁,,2994,getEcoDataIndSteel,2011-02-28,2026-05-31,1,EcoInfoProGet,2026-08-13T01:09:36.711019+00:00,产量:重点优特钢企业:粗钢:不锈钢:累计值,产量:重点优特钢企业:粗钢:不锈钢:累计值,False,Output: Key High Quality and Special Steel Companies: Crude Steel: Stainless Steel: Cumulative Value,Output: Key High Quality and Special Steel Companies: Crude Steel: Stainless Steel: Cumulative Value,False,月,月,False,吨,吨,False,累计值,累计值,False,中国大陆,中国大陆,False,中国,中国,False,兰格钢铁,兰格钢铁,False,getEcoDataIndSteel,getEcoDataIndSteel,False,2011-02-28,2011-02-28,False,2026-05-31,2026-05-31,False,1,1,False,True,False,产量:重点优特钢企业:粗钢:不锈钢:累计值,Output: Key High Quality and Special Steel Companies: Crude Steel: Stainless Steel: Cumulative Value,月,吨,累计值,中国大陆,中国,兰格钢铁,getEcoDataIndSteel,2011-02-28,2026-05-31,1,False,False,False,False,False,False,False,False,False,False,False,False,False
801040,钢铁,27,2040608987,产量:重点优特钢企业:粗钢:耐热不锈钢:累计值,Output: Key High Quality and Special Steel Companies: Crude Steel: Heat-resistant Stainless Steel: Cumulative Value,月,吨,累计值,中国大陆,中国,兰格钢铁,getEcoDataIndSteel,2011-02-28,2026-05-31,1,145.0,2040608987,产量:重点优特钢企业:粗钢:耐热不锈钢:累计值,Output: Key High Quality and Special Steel Companies: Crude Steel: Heat-resistant Stainless Steel: Cumulative Value,S040608987,S040608863,0,月,吨,累计值,0.0,中国大陆,中国,,一般重要,兰格钢铁,,2994,getEcoDataIndSteel,2011-02-28,2026-05-31,1,EcoInfoProGet,2026-08-13T01:09:36.711019+00:00,产量:重点优特钢企业:粗钢:耐热不锈钢:累计值,产量:重点优特钢企业:粗钢:耐热不锈钢:累计值,False,Output: Key High Quality and Special Steel Companies: Crude Steel: Heat-resistant Stainless Steel: Cumulative Value,Output: Key High Quality and Special Steel Companies: Crude Steel: Heat-resistant Stainless Steel: Cumulative Value,False,月,月,False,吨,吨,False,累计值,累计值,False,中国大陆,中国大陆,False,中国,中国,False,兰格钢铁,兰格钢铁,False,getEcoDataIndSteel,getEcoDataIndSteel,False,2011-02-28,2011-02-28,False,2026-05-31,2026-05-31,False,1,1,False,True,False,产量:重点优特钢企业:粗钢:耐热不锈钢:累计值,Output: Key High Quality and Special Steel Companies: Crude Steel: Heat-resistant Stainless Steel: Cumulative Value,月,吨,累计值,中国大陆,中国,兰格钢铁,getEcoDataIndSteel,2011-02-28,2026-05-31,1,False,False,False,False,False,False,False,False,False,False,False,False,False
801040,钢铁,28,2040608985,产量:重点优特钢企业:粗钢:铬系不锈钢:累计值,Output: Key High Quality and Special Steel Companies: Crude Steel: Chrome Stainless Steel: Cumulative Value,月,吨,累计值,中国大陆,中国,兰格钢铁,getEcoDataIndSteel,2011-02-28,2026-05-31,1,145.0,2040608985,产量:重点优特钢企业:粗钢:铬系不锈钢:累计值,Output: Key High Quality and Special Steel Companies: Crude Steel: Chrome Stainless Steel: Cumulative Value,S040608985,S040608863,0,月,吨,累计值,0.0,中国大陆,中国,,一般重要,兰格钢铁,,2994,getEcoDataIndSteel,2011-02-28,2026-05-31,1,EcoInfoProGet,2026-08-13T01:09:36.711019+00:00,产量:重点优特钢企业:粗钢:铬系不锈钢:累计值,产量:重点优特钢企业:粗钢:铬系不锈钢:累计值,False,Output: Key High Quality and Special Steel Companies: Crude Steel: Chrome Stainless Steel: Cumulative Value,Output: Key High Quality and Special Steel Companies: Crude Steel: Chrome Stainless Steel: Cumulative Value,False,月,月,False,吨,吨,False,累计值,累计值,False,中国大陆,中国大陆,False,中国,中国,False,兰格钢铁,兰格钢铁,False,getEcoDataIndSteel,getEcoDataIndSteel,False,2011-02-28,2011-02-28,False,2026-05-31,2026-05-31,False,1,1,False,True,False,产量:重点优特钢企业:粗钢:铬系不锈钢:累计值,Output: Key High Quality and Special Steel Companies: Crude Steel: Chrome Stainless Steel: Cumulative Value,月,吨,累计值,中国大陆,中国,兰格钢铁,getEcoDataIndSteel,2011-02-28,2026-05-31,1,False,False,False,False,False,False,False,False,False,False,False,False,False
801040,钢铁,29,2040608986,产量:重点优特钢企业:粗钢:铬镍系不锈钢:累计值,Output: Key High Quality and Special Steel Companies: Crude Steel: Chrome Nickel Stainless Steel: Cumulative Value,月,吨,累计值,中国大陆,中国,兰格钢铁,getEcoDataIndSteel,2011-02-28,2026-05-31,1,145.0,2040608986,产量:重点优特钢企业:粗钢:铬镍系不锈钢:累计值,Output: Key High Quality and Special Steel Companies: Crude Steel: Chrome Nickel Stainless Steel: Cumulative Value,S040608986,S040608863,0,月,吨,累计值,0.0,中国大陆,中国,,一般重要,兰格钢铁,,2994,getEcoDataIndSteel,2011-02-28,2026-05-31,1,EcoInfoProGet,2026-08-13T01:09:36.711019+00:00,产量:重点优特钢企业:粗钢:铬镍系不锈钢:累计值,产量:重点优特钢企业:粗钢:铬镍系不锈钢:累计值,False,Output: Key High Quality and Special Steel Companies: Crude Steel: Chrome Nickel Stainless Steel: Cumulative Value,Output: Key High Quality and Special Steel Companies: Crude Steel: Chrome Nickel Stainless Steel: Cumulative Value,False,月,月,False,吨,吨,False,累计值,累计值,False,中国大陆,中国大陆,False,中国,中国,False,兰格钢铁,兰格钢铁,False,getEcoDataIndSteel,getEcoDataIndSteel,False,2011-02-28,2011-02-28,False,2026-05-31,2026-05-31,False,1,1,False,True,False,产量:重点优特钢企业:粗钢:铬镍系不锈钢:累计值,Output: Key High Quality and Special Steel Companies: Crude Steel: Chrome Nickel Stainless Steel: Cumulative Value,月,吨,累计值,中国大陆,中国,兰格钢铁,getEcoDataIndSteel,2011-02-28,2026-05-31,1,False,False,False,False,False,False,False,False,False,False,False,False,False
801040,钢铁,30,2040608918,产量:重点优特钢企业:钢材:不锈钢:累计值,Output: Key High Quality and Special Steel Companies: Steel: Stainless Steel: Cumulative Value,月,吨,累计值,中国大陆,中国,兰格钢铁,getEcoDataIndSteel,2011-02-28,2026-03-31,1,145.0,2040608918,产量:重点优特钢企业:钢材:不锈钢:累计值,Output: Key High Quality and Special Steel Companies: Steel: Stainless Steel: Cumulative Value,S040608918,S040608863,0,月,吨,累计值,0.0,中国大陆,中国,,一般重要,兰格钢铁,,2994,getEcoDataIndSteel,2011-02-28,2026-03-31,1,EcoInfoProGet,2026-08-13T01:09:36.711019+00:00,产量:重点优特钢企业:钢材:不锈钢:累计值,产量:重点优特钢企业:钢材:不锈钢:累计值,False,Output: Key High Quality and Special Steel Companies: Steel: Stainless Steel: Cumulative Value,Output: Key High Quality and Special Steel Companies: Steel: Stainless Steel: Cumulative Value,False,月,月,False,吨,吨,False,累计值,累计值,False,中国大陆,中国大陆,False,中国,中国,False,兰格钢铁,兰格钢铁,False,getEcoDataIndSteel,getEcoDataIndSteel,False,2011-02-28,2011-02-28,False,2026-03-31,2026-03-31,False,1,1,False,True,False,产量:重点优特钢企业:钢材:不锈钢:累计值,Output: Key High Quality and Special Steel Companies: Steel: Stainless Steel: Cumulative Value,月,吨,累计值,中国大陆,中国,兰格钢铁,getEcoDataIndSteel,2011-02-28,2026-03-31,1,False,False,False,False,False,False,False,False,False,False,False,False,False
801050,有色金属,1,2030019767,价格:正极材料:磷酸铁锂,Price: Cathode Material: Lithium Iron Phosphate,日,元/吨,当期值,全国,中国,Datayes!,getEcoDataIndChemical,2017-11-01,2026-08-07,1,150.0,2030019767,价格:正极材料:磷酸铁锂,Price: Cathode Material: Lithium Iron Phosphate,S030019767,S030019743,0,日,元/吨,当期值,0.0,全国,中国,人民币元,不重要,Datayes!,含税,2981,getEcoDataIndChemical,2017-11-01,2026-08-12,1,EcoInfoProGet,2026-08-13T01:09:36.711019+00:00,价格:正极材料:磷酸铁锂,价格:正极材料:磷酸铁锂,False,Price: Cathode Material: Lithium Iron Phosphate,Price: Cathode Material: Lithium Iron Phosphate,False,日,日,False,元/吨,元/吨,False,当期值,当期值,False,全国,全国,False,中国,中国,False,Datayes!,Datayes!,False,getEcoDataIndChemical,getEcoDataIndChemical,False,2017-11-01,2017-11-01,False,2026-08-07,2026-08-12,True,1,1,False,True,True,价格:正极材料:磷酸铁锂,Price: Cathode Material: Lithium Iron Phosphate,日,元/吨,当期值,全国,中国,Datayes!,getEcoDataIndChemical,2017-11-01,2026-08-11,1,False,False,False,False,False,False,False,False,False,False,True,False,True
801050,有色金属,2,1040015389,生产资料价格:有色金属:铜:周环比,Spot Price: Non-Ferrous Metals: Copper: WoW,周,%,当期环比,全国,中国,商务部,getEcoDataChina,2017-03-19,2026-08-02,1,149.0,1040015389,生产资料价格:有色金属:铜:周环比,Spot Price: Non-Ferrous Metals: Copper: WoW,M040015389,M040015364,0,周,%,当期环比,1.0,全国,中国,,不重要,商务部,,2975,getEcoDataChina,2017-03-19,2026-08-02,1,EcoInfoProGet,2026-08-13T01:09:36.711019+00:00,生产资料价格:有色金属:铜:周环比,生产资料价格:有色金属:铜:周环比,False,Spot Price: Non-Ferrous Metals: Copper: WoW,Spot Price: Non-Ferrous Metals: Copper: WoW,False,周,周,False,%,%,False,当期环比,当期环比,False,全国,全国,False,中国,中国,False,商务部,商务部,False,getEcoDataChina,getEcoDataChina,False,2017-03-19,2017-03-19,False,2026-08-02,2026-08-02,False,1,1,False,True,False,生产资料价格:有色金属:铜:周环比,Spot Price: Non-Ferrous Metals: Copper: WoW,周,%,当期环比,全国,中国,商务部,getEcoDataChina,2017-03-19,2026-08-02,1,False,False,False,False,False,False,False,False,False,False,False,False,False
801050,有色金属,3,1040015390,生产资料价格:有色金属:铝:周环比,Spot Price: Non-Ferrous Metals: Aluminum: WoW,周,%,当期环比,全国,中国,商务部,getEcoDataChina,2017-03-19,2026-08-02,1,149.0,1040015390,生产资料价格:有色金属:铝:周环比,Spot Price: Non-Ferrous Metals: Aluminum: WoW,M040015390,M040015364,0,周,%,当期环比,1.0,全国,中国,,不重要,商务部,,2975,getEcoDataChina,2017-03-19,2026-08-02,1,EcoInfoProGet,2026-08-13T01:09:36.711019+00:00,生产资料价格:有色金属:铝:周环比,生产资料价格:有色金属:铝:周环比,False,Spot Price: Non-Ferrous Metals: Aluminum: WoW,Spot Price: Non-Ferrous Metals: Aluminum: WoW,False,周,周,False,%,%,False,当期环比,当期环比,False,全国,全国,False,中国,中国,False,商务部,商务部,False,getEcoDataChina,getEcoDataChina,False,2017-03-19,2017-03-19,False,2026-08-02,2026-08-02,False,1,1,False,True,False,生产资料价格:有色金属:铝:周环比,Spot Price: Non-Ferrous Metals: Aluminum: WoW,周,%,当期环比,全国,中国,商务部,getEcoDataChina,2017-03-19,2026-08-02,1,False,False,False,False,False,False,False,False,False,False,False,False,False
801050,有色金属,4,1040015392,生产资料价格:有色金属:锌:周环比,Spot Price: Non-Ferrous Metals: Zinc: WoW,周,%,当期环比,全国,中国,商务部,getEcoDataChina,2017-03-19,2026-08-02,1,149.0,1040015392,生产资料价格:有色金属:锌:周环比,Spot Price: Non-Ferrous Metals: Zinc: WoW,M040015392,M040015364,0,周,%,当期环比,1.0,全国,中国,,不重要,商务部,,2975,getEcoDataChina,2017-03-19,2026-08-02,1,EcoInfoProGet,2026-08-13T01:09:36.711019+00:00,生产资料价格:有色金属:锌:周环比,生产资料价格:有色金属:锌:周环比,False,Spot Price: Non-Ferrous Metals: Zinc: WoW,Spot Price: Non-Ferrous Metals: Zinc: WoW,False,周,周,False,%,%,False,当期环比,当期环比,False,全国,全国,False,中国,中国,False,商务部,商务部,False,getEcoDataChina,getEcoDataChina,False,2017-03-19,2017-03-19,False,2026-08-02,2026-08-02,False,1,1,False,True,False,生产资料价格:有色金属:锌:周环比,Spot Price: Non-Ferrous Metals: Zinc: WoW,周,%,当期环比,全国,中国,商务部,getEcoDataChina,2017-03-19,2026-08-02,1,False,False,False,False,False,False,False,False,False,False,False,False,False
801050,有色金属,5,1040002010,国内期货价格:铜,Domestic Futures Prices: Copper,周,元/吨,当期值,全国,中国,商务部,getEcoDataChina,2005-01-07,2026-07-31,1,147.0,1040002010,国内期货价格:铜,Domestic Futures Prices: Copper,M040002010,M040002008,0,周,元/吨,当期值,0.0,全国,中国,人民币元,不重要,商务部,,2975,getEcoDataChina,2005-01-07,2026-08-07,1,EcoInfoProGet,2026-08-13T01:09:36.711019+00:00,国内期货价格:铜,国内期货价格:铜,False,Domestic Futures Prices: Copper,Domestic Futures Prices: Copper,False,周,周,False,元/吨,元/吨,False,当期值,当期值,False,全国,全国,False,中国,中国,False,商务部,商务部,False,getEcoDataChina,getEcoDataChina,False,2005-01-07,2005-01-07,False,2026-07-31,2026-08-07,True,1,1,False,True,True,国内期货价格:铜,Domestic Futures Prices: Copper,周,元/吨,当期值,全国,中国,商务部,getEcoDataChina,2005-01-07,2026-07-31,1,False,False,False,False,False,False,False,False,False,False,True,False,True
801050,有色金属,6,1040002011,国内期货价格:铝,Domestic Futures Prices: Aluminum,周,元/吨,当期值,全国,中国,商务部,getEcoDataChina,2005-01-07,2026-07-31,1,147.0,1040002011,国内期货价格:铝,Domestic Futures Prices: Aluminum,M040002011,M040002008,0,周,元/吨,当期值,0.0,全国,中国,人民币元,不重要,商务部,,2975,getEcoDataChina,2005-01-07,2026-08-07,1,EcoInfoProGet,2026-08-13T01:09:36.711019+00:00,国内期货价格:铝,国内期货价格:铝,False,Domestic Futures Prices: Aluminum,Domestic Futures Prices: Aluminum,False,周,周,False,元/吨,元/吨,False,当期值,当期值,False,全国,全国,False,中国,中国,False,商务部,商务部,False,getEcoDataChina,getEcoDataChina,False,2005-01-07,2005-01-07,False,2026-07-31,2026-08-07,True,1,1,False,True,True,国内期货价格:铝,Domestic Futures Prices: Aluminum,周,元/吨,当期值,全国,中国,商务部,getEcoDataChina,2005-01-07,2026-07-31,1,False,False,False,False,False,False,False,False,False,False,True,False,True
801050,有色金属,7,1040002004,国内现货价格:铜(1#),Domestic Spot Price: Copper (1 #),周,元/吨,当期值,全国,中国,商务部,getEcoDataChina,2006-06-15,2026-07-31,1,147.0,1040002004,国内现货价格:铜(1#),Domestic Spot Price: Copper (1 #),M040002004,M040001959,0,周,元/吨,当期值,0.0,全国,中国,人民币元,不重要,商务部,2016年之前频度为半月,2975,getEcoDataChina,2006-06-15,2026-08-07,1,EcoInfoProGet,2026-08-13T01:09:36.711019+00:00,国内现货价格:铜(1#),国内现货价格:铜(1#),False,Domestic Spot Price: Copper (1 #),Domestic Spot Price: Copper (1 #),False,周,周,False,元/吨,元/吨,False,当期值,当期值,False,全国,全国,False,中国,中国,False,商务部,商务部,False,getEcoDataChina,getEcoDataChina,False,2006-06-15,2006-06-15,False,2026-07-31,2026-08-07,True,1,1,False,True,True,国内现货价格:铜(1#),Domestic Spot Price: Copper (1 #),周,元/吨,当期值,全国,中国,商务部,getEcoDataChina,2006-06-15,2026-07-31,1,False,False,False,False,False,False,False,False,False,False,True,False,True
801050,有色金属,8,1040002005,国内现货价格:铝(A00),Domestic Spot Price: Aluminum (A00),周,元/吨,当期值,全国,中国,商务部,getEcoDataChina,2006-06-15,2026-07-31,1,147.0,1040002005,国内现货价格:铝(A00),Domestic Spot Price: Aluminum (A00),M040002005,M040001959,0,周,元/吨,当期值,0.0,全国,中国,人民币元,不重要,商务部,2016年之前频度为半月,2975,getEcoDataChina,2006-06-15,2026-08-07,1,EcoInfoProGet,2026-08-13T01:09:36.711019+00:00,国内现货价格:铝(A00),国内现货价格:铝(A00),False,Domestic Spot Price: Aluminum (A00),Domestic Spot Price: Aluminum (A00),False,周,周,False,元/吨,元/吨,False,当期值,当期值,False,全国,全国,False,中国,中国,False,商务部,商务部,False,getEcoDataChina,getEcoDataChina,False,2006-06-15,2006-06-15,False,2026-07-31,2026-08-07,True,1,1,False,True,True,国内现货价格:铝(A00),Domestic Spot Price: Aluminum (A00),周,元/吨,当期值,全国,中国,商务部,getEcoDataChina,2006-06-15,2026-07-31,1,False,False,False,False,False,False,False,False,False,False,True,False,True
801050,有色金属,9,1040002007,国内现货价格:锌(1#),Domestic Spot Price: Zinc (1 #),周,元/吨,当期值,全国,中国,商务部,getEcoDataChina,2006-06-15,2026-07-31,1,147.0,1040002007,国内现货价格:锌(1#),Domestic Spot Price: Zinc (1 #),M040002007,M040001959,0,周,元/吨,当期值,0.0,全国,中国,人民币元,不重要,商务部,2016年之前频度为半月,2975,getEcoDataChina,2006-06-15,2026-08-07,1,EcoInfoProGet,2026-08-13T01:09:36.711019+00:00,国内现货价格:锌(1#),国内现货价格:锌(1#),False,Domestic Spot Price: Zinc (1 #),Domestic Spot Price: Zinc (1 #),False,周,周,False,元/吨,元/吨,False,当期值,当期值,False,全国,全国,False,中国,中国,False,商务部,商务部,False,getEcoDataChina,getEcoDataChina,False,2006-06-15,2006-06-15,False,2026-07-31,2026-08-07,True,1,1,False,True,True,国内现货价格:锌(1#),Domestic Spot Price: Zinc (1 #),周,元/吨,当期值,全国,中国,商务部,getEcoDataChina,2006-06-15,2026-07-31,1,False,False,False,False,False,False,False,False,False,False,True,False,True
801050,有色金属,10,1040005228,国际现货价格:白银(英),International Spot Price: Silver,周,美分/盎司,当期值,全国,中国,商务部,getEcoDataChina,2005-01-21,2026-07-31,1,147.0,1040005228,国际现货价格:白银(英),International Spot Price: Silver,M040005228,M040002013,0,周,美分/盎司,当期值,2.0,全国,中国,美元,不重要,商务部,,2975,getEcoDataChina,2005-01-21,2026-07-31,1,EcoInfoProGet,2026-08-13T01:09:36.711019+00:00,国际现货价格:白银(英),国际现货价格:白银(英),False,International Spot Price: Silver,International Spot Price: Silver,False,周,周,False,美分/盎司,美分/盎司,False,当期值,当期值,False,全国,全国,False,中国,中国,False,商务部,商务部,False,getEcoDataChina,getEcoDataChina,False,2005-01-21,2005-01-21,False,2026-07-31,2026-07-31,False,1,1,False,True,False,国际现货价格:白银(英),International Spot Price: Silver,周,美分/盎司,当期值,全国,中国,商务部,getEcoDataChina,2005-01-21,2026-07-31,1,False,False,False,False,False,False,False,False,False,False,False,False,False
801050,有色金属,11,1040005219,国际现货价格:铜(A级),International Spot Price: Copper (Grade A),周,美元/吨,当期值,全国,中国,商务部,getEcoDataChina,2005-01-21,2026-07-31,1,147.0,1040005219,国际现货价格:铜(A级),International Spot Price: Copper (Grade A),M040005219,M040002013,0,周,美元/吨,当期值,2.0,全国,中国,美元,不重要,商务部,,2975,getEcoDataChina,2005-01-21,2026-07-31,1,EcoInfoProGet,2026-08-13T01:09:36.711019+00:00,国际现货价格:铜(A级),国际现货价格:铜(A级),False,International Spot Price: Copper (Grade A),International Spot Price: Copper (Grade A),False,周,周,False,美元/吨,美元/吨,False,当期值,当期值,False,全国,全国,False,中国,中国,False,商务部,商务部,False,getEcoDataChina,getEcoDataChina,False,2005-01-21,2005-01-21,False,2026-07-31,2026-07-31,False,1,1,False,True,False,国际现货价格:铜(A级),International Spot Price: Copper (Grade A),周,美元/吨,当期值,全国,中国,商务部,getEcoDataChina,2005-01-21,2026-07-31,1,False,False,False,False,False,False,False,False,False,False,False,False,False
801050,有色金属,12,1040005222,国际现货价格:铝,International Spot Price: Aluminum,周,美元/吨,当期值,全国,中国,商务部,getEcoDataChina,2005-01-21,2026-07-31,1,147.0,1040005222,国际现货价格:铝,International Spot Price: Aluminum,M040005222,M040002013,0,周,美元/吨,当期值,2.0,全国,中国,美元,不重要,商务部,,2975,getEcoDataChina,2005-01-21,2026-07-31,1,EcoInfoProGet,2026-08-13T01:09:36.711019+00:00,国际现货价格:铝,国际现货价格:铝,False,International Spot Price: Aluminum,International Spot Price: Aluminum,False,周,周,False,美元/吨,美元/吨,False,当期值,当期值,False,全国,全国,False,中国,中国,False,商务部,商务部,False,getEcoDataChina,getEcoDataChina,False,2005-01-21,2005-01-21,False,2026-07-31,2026-07-31,False,1,1,False,True,False,国际现货价格:铝,International Spot Price: Aluminum,周,美元/吨,当期值,全国,中国,商务部,getEcoDataChina,2005-01-21,2026-07-31,1,False,False,False,False,False,False,False,False,False,False,False,False,False
801050,有色金属,13,1040005229,国际现货价格:铝合金,International Spot Price: Aluminum Alloy,周,美元/吨,当期值,全国,中国,商务部,getEcoDataChina,2005-01-21,2026-07-31,1,147.0,1040005229,国际现货价格:铝合金,International Spot Price: Aluminum Alloy,M040005229,M040002013,0,周,美元/吨,当期值,2.0,全国,中国,美元,不重要,商务部,,2975,getEcoDataChina,2005-01-21,2026-07-31,1,EcoInfoProGet,2026-08-13T01:09:36.711019+00:00,国际现货价格:铝合金,国际现货价格:铝合金,False,International Spot Price: Aluminum Alloy,International Spot Price: Aluminum Alloy,False,周,周,False,美元/吨,美元/吨,False,当期值,当期值,False,全国,全国,False,中国,中国,False,商务部,商务部,False,getEcoDataChina,getEcoDataChina,False,2005-01-21,2005-01-21,False,2026-07-31,2026-07-31,False,1,1,False,True,False,国际现货价格:铝合金,International Spot Price: Aluminum Alloy,周,美元/吨,当期值,全国,中国,商务部,getEcoDataChina,2005-01-21,2026-07-31,1,False,False,False,False,False,False,False,False,False,False,False,False,False
801050,有色金属,14,1040005221,国际现货价格:锌,International Spot Price: Zinc,周,美元/吨,当期值,全国,中国,商务部,getEcoDataChina,2005-01-21,2026-07-31,1,147.0,1040005221,国际现货价格:锌,International Spot Price: Zinc,M040005221,M040002013,0,周,美元/吨,当期值,2.0,全国,中国,美元,不重要,商务部,,2975,getEcoDataChina,2005-01-21,2026-07-31,1,EcoInfoProGet,2026-08-13T01:09:36.711019+00:00,国际现货价格:锌,国际现货价格:锌,False,International Spot Price: Zinc,International Spot Price: Zinc,False,周,周,False,美元/吨,美元/吨,False,当期值,当期值,False,全国,全国,False,中国,中国,False,商务部,商务部,False,getEcoDataChina,getEcoDataChina,False,2005-01-21,2005-01-21,False,2026-07-31,2026-07-31,False,1,1,False,True,False,国际现货价格:锌,International Spot Price: Zinc,周,美元/吨,当期值,全国,中国,商务部,getEcoDataChina,2005-01-21,2026-07-31,1,False,False,False,False,False,False,False,False,False,False,False,False,False
801050,有色金属,15,1040005223,国际现货价格:镍,International Spot Price: Nickel,周,美元/吨,当期值,全国,中国,商务部,getEcoDataChina,2005-01-21,2026-07-31,1,147.0,1040005223,国际现货价格:镍,International Spot Price: Nickel,M040005223,M040002013,0,周,美元/吨,当期值,2.0,全国,中国,美元,不重要,商务部,,2975,getEcoDataChina,2005-01-21,2026-07-31,1,EcoInfoProGet,2026-08-13T01:09:36.711019+00:00,国际现货价格:镍,国际现货价格:镍,False,International Spot Price: Nickel,International Spot Price: Nickel,False,周,周,False,美元/吨,美元/吨,False,当期值,当期值,False,全国,全国,False,中国,中国,False,商务部,商务部,False,getEcoDataChina,getEcoDataChina,False,2005-01-21,2005-01-21,False,2026-07-31,2026-07-31,False,1,1,False,True,False,国际现货价格:镍,International Spot Price: Nickel,周,美元/吨,当期值,全国,中国,商务部,getEcoDataChina,2005-01-21,2026-07-31,1,False,False,False,False,False,False,False,False,False,False,False,False,False
801050,有色金属,16,1040005227,国际现货价格:黄金(英),International Spot Price: Gold (English),周,美元/盎司,当期值,全国,中国,商务部,getEcoDataChina,2005-01-21,2026-07-31,1,147.0,1040005227,国际现货价格:黄金(英),International Spot Price: Gold (English),M040005227,M040002013,0,周,美元/盎司,当期值,2.0,全国,中国,美元,不重要,商务部,,2975,getEcoDataChina,2005-01-21,2026-07-31,1,EcoInfoProGet,2026-08-13T01:09:36.711019+00:00,国际现货价格:黄金(英),国际现货价格:黄金(英),False,International Spot Price: Gold (English),International Spot Price: Gold (English),False,周,周,False,美元/盎司,美元/盎司,False,当期值,当期值,False,全国,全国,False,中国,中国,False,商务部,商务部,False,getEcoDataChina,getEcoDataChina,False,2005-01-21,2005-01-21,False,2026-07-31,2026-07-31,False,1,1,False,True,False,国际现货价格:黄金(英),International Spot Price: Gold (English),周,美元/盎司,当期值,全国,中国,商务部,getEcoDataChina,2005-01-21,2026-07-31,1,False,False,False,False,False,False,False,False,False,False,False,False,False
801050,有色金属,17,2030767397,出口金额(美元):人造刚玉;氧化铝;氢氧化铝(2818):当月值,Export Value (USD): Artificial Corundum;Alumina;Aluminum Hydroxide(2818): Current Month Value,月,美元,当期值,中国,中国,海关总署,getEcoDataIndChemical,2015-01-31,2026-06-30,1,145.0,2030767397,出口金额(美元):人造刚玉;氧化铝;氢氧化铝(2818):当月值,Export Value (USD): Artificial Corundum;Alumina;Aluminum Hydroxide(2818): Current Month Value,S030767397,S030765463,0,月,美元,当期值,2.0,中国,中国,美元,一般重要,海关总署,"HS编码""2818""中文全称为""人造刚玉,不论是否已有化学定义;氧化铝;氢氧化铝""",2981,getEcoDataIndChemical,2015-01-31,2026-06-30,1,EcoInfoProGet,2026-08-13T01:09:36.711019+00:00,出口金额(美元):人造刚玉;氧化铝;氢氧化铝(2818):当月值,出口金额(美元):人造刚玉;氧化铝;氢氧化铝(2818):当月值,False,Export Value (USD): Artificial Corundum;Alumina;Aluminum Hydroxide(2818): Current Month Value,Export Value (USD): Artificial Corundum;Alumina;Aluminum Hydroxide(2818): Current Month Value,False,月,月,False,美元,美元,False,当期值,当期值,False,中国,中国,False,中国,中国,False,海关总署,海关总署,False,getEcoDataIndChemical,getEcoDataIndChemical,False,2015-01-31,2015-01-31,False,2026-06-30,2026-06-30,False,1,1,False,True,False,出口金额(美元):人造刚玉;氧化铝;氢氧化铝(2818):当月值,Export Value (USD): Artificial Corundum;Alumina;Aluminum Hydroxide(2818): Current Month Value,月,美元,当期值,中国,中国,海关总署,getEcoDataIndChemical,2015-01-31,2026-06-30,1,False,False,False,False,False,False,False,False,False,False,False,False,False
801050,有色金属,18,1040005478,生产资料价格:有色金属:铅:1#铅锭:当月值,Price of Means of Production: Non-ferrous Metals: Lead: Lead Ingot 1#: Current,月,元/吨,当期值,全国,中国,发改委,getEcoDataChina,2015-05-31,2026-06-30,1,145.0,1040005478,生产资料价格:有色金属:铅:1#铅锭:当月值,Price of Means of Production: Non-ferrous Metals: Lead: Lead Ingot 1#: Current,M040005478,M040015365,0,月,元/吨,当期值,0.0,全国,中国,人民币元,不重要,发改委,,2975,getEcoDataChina,2015-05-31,2026-06-30,1,EcoInfoProGet,2026-08-13T01:09:36.711019+00:00,生产资料价格:有色金属:铅:1#铅锭:当月值,生产资料价格:有色金属:铅:1#铅锭:当月值,False,Price of Means of Production: Non-ferrous Metals: Lead: Lead Ingot 1#: Current,Price of Means of Production: Non-ferrous Metals: Lead: Lead Ingot 1#: Current,False,月,月,False,元/吨,元/吨,False,当期值,当期值,False,全国,全国,False,中国,中国,False,发改委,发改委,False,getEcoDataChina,getEcoDataChina,False,2015-05-31,2015-05-31,False,2026-06-30,2026-06-30,False,1,1,False,True,False,生产资料价格:有色金属:铅:1#铅锭:当月值,Price of Means of Production: Non-ferrous Metals: Lead: Lead Ingot 1#: Current,月,元/吨,当期值,全国,中国,发改委,getEcoDataChina,2015-05-31,2026-06-30,1,False,False,False,False,False,False,False,False,False,False,False,False,False
801050,有色金属,19,1040005481,"生产资料价格:有色金属:铜:1#电解铜,阴极铜:当月值","Price of Means of Production: Non-ferrous Metals: Copper: 1# Electrolytic Copper, Copper Cathodes: Current",月,元/吨,当期值,全国,中国,发改委,getEcoDataChina,2015-05-31,2026-06-30,1,145.0,1040005481,"生产资料价格:有色金属:铜:1#电解铜,阴极铜:当月值","Price of Means of Production: Non-ferrous Metals: Copper: 1# Electrolytic Copper, Copper Cathodes: Current",M040005481,M040015365,0,月,元/吨,当期值,0.0,全国,中国,人民币元,不重要,发改委,,2975,getEcoDataChina,2015-05-31,2026-06-30,1,EcoInfoProGet,2026-08-13T01:09:36.711019+00:00,"生产资料价格:有色金属:铜:1#电解铜,阴极铜:当月值","生产资料价格:有色金属:铜:1#电解铜,阴极铜:当月值",False,"Price of Means of Production: Non-ferrous Metals: Copper: 1# Electrolytic Copper, Copper Cathodes: Current","Price of Means of Production: Non-ferrous Metals: Copper: 1# Electrolytic Copper, Copper Cathodes: Current",False,月,月,False,元/吨,元/吨,False,当期值,当期值,False,全国,全国,False,中国,中国,False,发改委,发改委,False,getEcoDataChina,getEcoDataChina,False,2015-05-31,2015-05-31,False,2026-06-30,2026-06-30,False,1,1,False,True,False,"生产资料价格:有色金属:铜:1#电解铜,阴极铜:当月值","Price of Means of Production: Non-ferrous Metals: Copper: 1# Electrolytic Copper, Copper Cathodes: Current",月,元/吨,当期值,全国,中国,发改委,getEcoDataChina,2015-05-31,2026-06-30,1,False,False,False,False,False,False,False,False,False,False,False,False,False
801050,有色金属,20,1040005472,生产资料价格:有色金属:铝:AOO铝锭:当月值,Price of Means of Production: Non-ferrous Metals: Aluminium: AOO Aluminum Ingot: Current,月,元/吨,当期值,全国,中国,发改委,getEcoDataChina,2015-05-31,2026-06-30,1,145.0,1040005472,生产资料价格:有色金属:铝:AOO铝锭:当月值,Price of Means of Production: Non-ferrous Metals: Aluminium: AOO Aluminum Ingot: Current,M040005472,M040015365,0,月,元/吨,当期值,0.0,全国,中国,人民币元,不重要,发改委,,2975,getEcoDataChina,2015-05-31,2026-06-30,1,EcoInfoProGet,2026-08-13T01:09:36.711019+00:00,生产资料价格:有色金属:铝:AOO铝锭:当月值,生产资料价格:有色金属:铝:AOO铝锭:当月值,False,Price of Means of Production: Non-ferrous Metals: Aluminium: AOO Aluminum Ingot: Current,Price of Means of Production: Non-ferrous Metals: Aluminium: AOO Aluminum Ingot: Current,False,月,月,False,元/吨,元/吨,False,当期值,当期值,False,全国,全国,False,中国,中国,False,发改委,发改委,False,getEcoDataChina,getEcoDataChina,False,2015-05-31,2015-05-31,False,2026-06-30,2026-06-30,False,1,1,False,True,False,生产资料价格:有色金属:铝:AOO铝锭:当月值,Price of Means of Production: Non-ferrous Metals: Aluminium: AOO Aluminum Ingot: Current,月,元/吨,当期值,全国,中国,发改委,getEcoDataChina,2015-05-31,2026-06-30,1,False,False,False,False,False,False,False,False,False,False,False,False,False
801050,有色金属,21,1040005487,生产资料价格:有色金属:锌:0#锌锭:当月值,Price of Means of Production: Non-ferrous Metals: Zinc: 0 # Zinc Ingot: Current,月,元/吨,当期值,全国,中国,发改委,getEcoDataChina,2015-05-31,2026-06-30,1,145.0,1040005487,生产资料价格:有色金属:锌:0#锌锭:当月值,Price of Means of Production: Non-ferrous Metals: Zinc: 0 # Zinc Ingot: Current,M040005487,M040015365,0,月,元/吨,当期值,0.0,全国,中国,人民币元,不重要,发改委,,2975,getEcoDataChina,2015-05-31,2026-06-30,1,EcoInfoProGet,2026-08-13T01:09:36.711019+00:00,生产资料价格:有色金属:锌:0#锌锭:当月值,生产资料价格:有色金属:锌:0#锌锭:当月值,False,Price of Means of Production: Non-ferrous Metals: Zinc: 0 # Zinc Ingot: Current,Price of Means of Production: Non-ferrous Metals: Zinc: 0 # Zinc Ingot: Current,False,月,月,False,元/吨,元/吨,False,当期值,当期值,False,全国,全国,False,中国,中国,False,发改委,发改委,False,getEcoDataChina,getEcoDataChina,False,2015-05-31,2015-05-31,False,2026-06-30,2026-06-30,False,1,1,False,True,False,生产资料价格:有色金属:锌:0#锌锭:当月值,Price of Means of Production: Non-ferrous Metals: Zinc: 0 # Zinc Ingot: Current,月,元/吨,当期值,全国,中国,发改委,getEcoDataChina,2015-05-31,2026-06-30,1,False,False,False,False,False,False,False,False,False,False,False,False,False
801050,有色金属,22,1040005484,生产资料价格:有色金属:锡:1#锡锭:当月值,Price of Means of Production: Non-ferrous Metals: Tin: Tin Ingot 1#: Current,月,元/吨,当期值,全国,中国,发改委,getEcoDataChina,2015-05-31,2026-06-30,1,145.0,1040005484,生产资料价格:有色金属:锡:1#锡锭:当月值,Price of Means of Production: Non-ferrous Metals: Tin: Tin Ingot 1#: Current,M040005484,M040015365,0,月,元/吨,当期值,0.0,全国,中国,人民币元,不重要,发改委,,2975,getEcoDataChina,2015-05-31,2026-06-30,1,EcoInfoProGet,2026-08-13T01:09:36.711019+00:00,生产资料价格:有色金属:锡:1#锡锭:当月值,生产资料价格:有色金属:锡:1#锡锭:当月值,False,Price of Means of Production: Non-ferrous Metals: Tin: Tin Ingot 1#: Current,Price of Means of Production: Non-ferrous Metals: Tin: Tin Ingot 1#: Current,False,月,月,False,元/吨,元/吨,False,当期值,当期值,False,全国,全国,False,中国,中国,False,发改委,发改委,False,getEcoDataChina,getEcoDataChina,False,2015-05-31,2015-05-31,False,2026-06-30,2026-06-30,False,1,1,False,True,False,生产资料价格:有色金属:锡:1#锡锭:当月值,Price of Means of Production: Non-ferrous Metals: Tin: Tin Ingot 1#: Current,月,元/吨,当期值,全国,中国,发改委,getEcoDataChina,2015-05-31,2026-06-30,1,False,False,False,False,False,False,False,False,False,False,False,False,False
801050,有色金属,23,1040005475,生产资料价格:有色金属:镍:1#:当月值,Price of Means of Production: Non-ferrous Metals: Nickel: 1#: Current,月,元/吨,当期值,全国,中国,发改委,getEcoDataChina,2015-05-31,2026-06-30,1,145.0,1040005475,生产资料价格:有色金属:镍:1#:当月值,Price of Means of Production: Non-ferrous Metals: Nickel: 1#: Current,M040005475,M040015365,0,月,元/吨,当期值,0.0,全国,中国,人民币元,不重要,发改委,,2975,getEcoDataChina,2015-05-31,2026-06-30,1,EcoInfoProGet,2026-08-13T01:09:36.711019+00:00,生产资料价格:有色金属:镍:1#:当月值,生产资料价格:有色金属:镍:1#:当月值,False,Price of Means of Production: Non-ferrous Metals: Nickel: 1#: Current,Price of Means of Production: Non-ferrous Metals: Nickel: 1#: Current,False,月,月,False,元/吨,元/吨,False,当期值,当期值,False,全国,全国,False,中国,中国,False,发改委,发改委,False,getEcoDataChina,getEcoDataChina,False,2015-05-31,2015-05-31,False,2026-06-30,2026-06-30,False,1,1,False,True,False,生产资料价格:有色金属:镍:1#:当月值,Price of Means of Production: Non-ferrous Metals: Nickel: 1#: Current,月,元/吨,当期值,全国,中国,发改委,getEcoDataChina,2015-05-31,2026-06-30,1,False,False,False,False,False,False,False,False,False,False,False,False,False
801050,有色金属,24,2030767399,进出口金额(美元):人造刚玉;氧化铝;氢氧化铝(2818):当月值,Import And Export Value (USD): Artificial Corundum;Alumina;Aluminum Hydroxide(2818): Current Month Value,月,美元,当期值,中国,中国,海关总署,getEcoDataIndChemical,2015-01-31,2026-06-30,1,145.0,2030767399,进出口金额(美元):人造刚玉;氧化铝;氢氧化铝(2818):当月值,Import And Export Value (USD): Artificial Corundum;Alumina;Aluminum Hydroxide(2818): Current Month Value,S030767399,S030765463,0,月,美元,当期值,2.0,中国,中国,美元,一般重要,海关总署,"HS编码""2818""中文全称为""人造刚玉,不论是否已有化学定义;氧化铝;氢氧化铝""",2981,getEcoDataIndChemical,2015-01-31,2026-06-30,1,EcoInfoProGet,2026-08-13T01:09:36.711019+00:00,进出口金额(美元):人造刚玉;氧化铝;氢氧化铝(2818):当月值,进出口金额(美元):人造刚玉;氧化铝;氢氧化铝(2818):当月值,False,Import And Export Value (USD): Artificial Corundum;Alumina;Aluminum Hydroxide(2818): Current Month Value,Import And Export Value (USD): Artificial Corundum;Alumina;Aluminum Hydroxide(2818): Current Month Value,False,月,月,False,美元,美元,False,当期值,当期值,False,中国,中国,False,中国,中国,False,海关总署,海关总署,False,getEcoDataIndChemical,getEcoDataIndChemical,False,2015-01-31,2015-01-31,False,2026-06-30,2026-06-30,False,1,1,False,True,False,进出口金额(美元):人造刚玉;氧化铝;氢氧化铝(2818):当月值,Import And Export Value (USD): Artificial Corundum;Alumina;Aluminum Hydroxide(2818): Current Month Value,月,美元,当期值,中国,中国,海关总署,getEcoDataIndChemical,2015-01-31,2026-06-30,1,False,False,False,False,False,False,False,False,False,False,False,False,False
801050,有色金属,25,2030767398,进口金额(美元):人造刚玉;氧化铝;氢氧化铝(2818):当月值,Import Value (USD): Artificial Corundum;Alumina;Aluminum Hydroxide(2818): Current Month Value,月,美元,当期值,中国,中国,海关总署,getEcoDataIndChemical,2015-01-31,2026-06-30,1,145.0,2030767398,进口金额(美元):人造刚玉;氧化铝;氢氧化铝(2818):当月值,Import Value (USD): Artificial Corundum;Alumina;Aluminum Hydroxide(2818): Current Month Value,S030767398,S030765463,0,月,美元,当期值,2.0,中国,中国,美元,一般重要,海关总署,"HS编码""2818""中文全称为""人造刚玉,不论是否已有化学定义;氧化铝;氢氧化铝""",2981,getEcoDataIndChemical,2015-01-31,2026-06-30,1,EcoInfoProGet,2026-08-13T01:09:36.711019+00:00,进口金额(美元):人造刚玉;氧化铝;氢氧化铝(2818):当月值,进口金额(美元):人造刚玉;氧化铝;氢氧化铝(2818):当月值,False,Import Value (USD): Artificial Corundum;Alumina;Aluminum Hydroxide(2818): Current Month Value,Import Value (USD): Artificial Corundum;Alumina;Aluminum Hydroxide(2818): Current Month Value,False,月,月,False,美元,美元,False,当期值,当期值,False,中国,中国,False,中国,中国,False,海关总署,海关总署,False,getEcoDataIndChemical,getEcoDataIndChemical,False,2015-01-31,2015-01-31,False,2026-06-30,2026-06-30,False,1,1,False,True,False,进口金额(美元):人造刚玉;氧化铝;氢氧化铝(2818):当月值,Import Value (USD): Artificial Corundum;Alumina;Aluminum Hydroxide(2818): Current Month Value,月,美元,当期值,中国,中国,海关总署,getEcoDataIndChemical,2015-01-31,2026-06-30,1,False,False,False,False,False,False,False,False,False,False,False,False,False
801050,有色金属,26,1020001631,产量:十种有色金属:当月同比,Output: Ten Non-Ferrous Metals: YoY,月,%,当期同比,全国,中国,国家统计局,getEcoDataChina,1997-02-28,2026-06-30,1,143.0,1020001631,产量:十种有色金属:当月同比,Output: Ten Non-Ferrous Metals: YoY,M020001631,M020001607,0,月,%,当期同比,2.0,全国,中国,,不重要,国家统计局,,2975,getEcoDataChina,1997-02-28,2026-06-30,1,EcoInfoProGet,2026-08-13T01:09:36.711019+00:00,产量:十种有色金属:当月同比,产量:十种有色金属:当月同比,False,Output: Ten Non-Ferrous Metals: YoY,Output: Ten Non-Ferrous Metals: YoY,False,月,月,False,%,%,False,当期同比,当期同比,False,全国,全国,False,中国,中国,False,国家统计局,国家统计局,False,getEcoDataChina,getEcoDataChina,False,1997-02-28,1997-02-28,False,2026-06-30,2026-06-30,False,1,1,False,True,False,产量:十种有色金属:当月同比,Output: Ten Non-Ferrous Metals: YoY,月,%,当期同比,全国,中国,国家统计局,getEcoDataChina,1997-02-28,2026-06-30,1,False,False,False,False,False,False,False,False,False,False,False,False,False
801050,有色金属,27,1020008741,产量:原铝(电解铝):当月同比,Output: Ten Non-Ferrous Metals: Primary Aluminum (Electrolytic Aluminum): Month YoY,月,%,当期同比,全国,中国,国家统计局,getEcoDataChina,2002-04-30,2026-06-30,1,143.0,1020008741,产量:原铝(电解铝):当月同比,Output: Ten Non-Ferrous Metals: Primary Aluminum (Electrolytic Aluminum): Month YoY,M020008741,M020001607,0,月,%,当期同比,2.0,全国,中国,,比较重要,国家统计局,,2975,getEcoDataChina,2002-04-30,2026-06-30,1,EcoInfoProGet,2026-08-13T01:09:36.711019+00:00,产量:原铝(电解铝):当月同比,产量:原铝(电解铝):当月同比,False,Output: Ten Non-Ferrous Metals: Primary Aluminum (Electrolytic Aluminum): Month YoY,Output: Ten Non-Ferrous Metals: Primary Aluminum (Electrolytic Aluminum): Month YoY,False,月,月,False,%,%,False,当期同比,当期同比,False,全国,全国,False,中国,中国,False,国家统计局,国家统计局,False,getEcoDataChina,getEcoDataChina,False,2002-04-30,2002-04-30,False,2026-06-30,2026-06-30,False,1,1,False,True,False,产量:原铝(电解铝):当月同比,Output: Ten Non-Ferrous Metals: Primary Aluminum (Electrolytic Aluminum): Month YoY,月,%,当期同比,全国,中国,国家统计局,getEcoDataChina,2002-04-30,2026-06-30,1,False,False,False,False,False,False,False,False,False,False,False,False,False
801050,有色金属,28,1020008681,产量:精炼铜(电解铜):当月值,Output: Ten Kinds of Non-Ferrous Metals: Refined Copper (Electrolyzed Copper): Current Value (Month),月,万吨,当期值,全国,中国,国家统计局,getEcoDataChina,1989-01-31,2026-06-30,1,143.0,1020008681,产量:精炼铜(电解铜):当月值,Output: Ten Kinds of Non-Ferrous Metals: Refined Copper (Electrolyzed Copper): Current Value (Month),M020008681,M020001541,0,月,万吨,当期值,2.0,全国,中国,,不重要,国家统计局,,2975,getEcoDataChina,1989-01-31,2026-06-30,1,EcoInfoProGet,2026-08-13T01:09:36.711019+00:00,产量:精炼铜(电解铜):当月值,产量:精炼铜(电解铜):当月值,False,Output: Ten Kinds of Non-Ferrous Metals: Refined Copper (Electrolyzed Copper): Current Value (Month),Output: Ten Kinds of Non-Ferrous Metals: Refined Copper (Electrolyzed Copper): Current Value (Month),False,月,月,False,万吨,万吨,False,当期值,当期值,False,全国,全国,False,中国,中国,False,国家统计局,国家统计局,False,getEcoDataChina,getEcoDataChina,False,1989-01-31,1989-01-31,False,2026-06-30,2026-06-30,False,1,1,False,True,False,产量:精炼铜(电解铜):当月值,Output: Ten Kinds of Non-Ferrous Metals: Refined Copper (Electrolyzed Copper): Current Value (Month),月,万吨,当期值,全国,中国,国家统计局,getEcoDataChina,1989-01-31,2026-06-30,1,False,False,False,False,False,False,False,False,False,False,False,False,False
801050,有色金属,29,1020008682,产量:铅:当月值,Output: Ten Kinds of Non-Ferrous Metals: Lead: Current Value (Month),月,万吨,当期值,全国,中国,国家统计局,getEcoDataChina,1995-01-31,2026-06-30,1,143.0,1020008682,产量:铅:当月值,Output: Ten Kinds of Non-Ferrous Metals: Lead: Current Value (Month),M020008682,M020001541,0,月,万吨,当期值,2.0,全国,中国,,不重要,国家统计局,,2975,getEcoDataChina,1995-01-31,2026-06-30,1,EcoInfoProGet,2026-08-13T01:09:36.711019+00:00,产量:铅:当月值,产量:铅:当月值,False,Output: Ten Kinds of Non-Ferrous Metals: Lead: Current Value (Month),Output: Ten Kinds of Non-Ferrous Metals: Lead: Current Value (Month),False,月,月,False,万吨,万吨,False,当期值,当期值,False,全国,全国,False,中国,中国,False,国家统计局,国家统计局,False,getEcoDataChina,getEcoDataChina,False,1995-01-31,1995-01-31,False,2026-06-30,2026-06-30,False,1,1,False,True,False,产量:铅:当月值,Output: Ten Kinds of Non-Ferrous Metals: Lead: Current Value (Month),月,万吨,当期值,全国,中国,国家统计局,getEcoDataChina,1995-01-31,2026-06-30,1,False,False,False,False,False,False,False,False,False,False,False,False,False
801050,有色金属,30,1020001568,产量:铝材:当月值,Output: Aluminum Products: Current Value (Month),月,万吨,当期值,全国,中国,国家统计局,getEcoDataChina,1989-02-28,2026-06-30,1,143.0,1020001568,产量:铝材:当月值,Output: Aluminum Products: Current Value (Month),M020001568,M020001541,0,月,万吨,当期值,2.0,全国,中国,,不重要,国家统计局,,2975,getEcoDataChina,1989-02-28,2026-06-30,1,EcoInfoProGet,2026-08-13T01:09:36.711019+00:00,产量:铝材:当月值,产量:铝材:当月值,False,Output: Aluminum Products: Current Value (Month),Output: Aluminum Products: Current Value (Month),False,月,月,False,万吨,万吨,False,当期值,当期值,False,全国,全国,False,中国,中国,False,国家统计局,国家统计局,False,getEcoDataChina,getEcoDataChina,False,1989-02-28,1989-02-28,False,2026-06-30,2026-06-30,False,1,1,False,True,False,产量:铝材:当月值,Output: Aluminum Products: Current Value (Month),月,万吨,当期值,全国,中国,国家统计局,getEcoDataChina,1989-02-28,2026-06-30,1,False,False,False,False,False,False,False,False,False,False,False,False,False
801080,电子,1,2090103612,产量:光电子器件:当月值,Output: Optoelectronics: Current Value (Month),月,亿只,当期值,全国,中国,国家统计局,getEcoDataIndElectronic,2007-01-31,2026-06-30,1,145.0,2090103612,产量:光电子器件:当月值,Output: Optoelectronics: Current Value (Month),S090103612,M020001541,0,月,亿只,当期值,1.0,全国,中国,,不重要,国家统计局,,2984,getEcoDataIndElectronic,2007-01-31,2026-06-30,1,EcoInfoProGet,2026-08-13T01:09:36.711019+00:00,产量:光电子器件:当月值,产量:光电子器件:当月值,False,Output: Optoelectronics: Current Value (Month),Output: Optoelectronics: Current Value (Month),False,月,月,False,亿只,亿只,False,当期值,当期值,False,全国,全国,False,中国,中国,False,国家统计局,国家统计局,False,getEcoDataIndElectronic,getEcoDataIndElectronic,False,2007-01-31,2007-01-31,False,2026-06-30,2026-06-30,False,1,1,False,True,False,产量:光电子器件:当月值,Output: Optoelectronics: Current Value (Month),月,亿只,当期值,全国,中国,国家统计局,getEcoDataIndElectronic,2007-01-31,2026-06-30,1,False,False,False,False,False,False,False,False,False,False,False,False,False
801080,电子,2,2090100994,产量:微型电子计算机:当月值,Micro Computer Equipments: Production,月,万台,当期值,全国,中国,国家统计局,getEcoDataIndElectronic,1989-02-28,2026-06-30,1,143.0,2090100994,产量:微型电子计算机:当月值,Micro Computer Equipments: Production,M020001595,M020001541,0,月,万台,当期值,2.0,全国,中国,,不重要,国家统计局,,2984,getEcoDataIndElectronic,1989-02-28,2026-06-30,1,EcoInfoProGet,2026-08-13T01:09:36.711019+00:00,产量:微型电子计算机:当月值,产量:微型电子计算机:当月值,False,Micro Computer Equipments: Production,Micro Computer Equipments: Production,False,月,月,False,万台,万台,False,当期值,当期值,False,全国,全国,False,中国,中国,False,国家统计局,国家统计局,False,getEcoDataIndElectronic,getEcoDataIndElectronic,False,1989-02-28,1989-02-28,False,2026-06-30,2026-06-30,False,1,1,False,True,False,产量:微型电子计算机:当月值,Micro Computer Equipments: Production,月,万台,当期值,全国,中国,国家统计局,getEcoDataIndElectronic,1989-02-28,2026-06-30,1,False,False,False,False,False,False,False,False,False,False,False,False,False
801080,电子,3,2090714996,产量:智能手机:当月同比,Output: Smart Phone: Month YoY,月,%,当期同比,全国,中国,国家统计局,getEcoDataIndElectronic,2016-03-31,2026-06-30,1,143.0,2090714996,产量:智能手机:当月同比,Output: Smart Phone: Month YoY,S090714996,S090700729,0,月,%,当期同比,2.0,全国,中国,,不重要,国家统计局,,2984,getEcoDataIndElectronic,2016-03-31,2026-06-30,1,EcoInfoProGet,2026-08-13T01:09:36.711019+00:00,产量:智能手机:当月同比,产量:智能手机:当月同比,False,Output: Smart Phone: Month YoY,Output: Smart Phone: Month YoY,False,月,月,False,%,%,False,当期同比,当期同比,False,全国,全国,False,中国,中国,False,国家统计局,国家统计局,False,getEcoDataIndElectronic,getEcoDataIndElectronic,False,2016-03-31,2016-03-31,False,2026-06-30,2026-06-30,False,1,1,False,True,False,产量:智能手机:当月同比,Output: Smart Phone: Month YoY,月,%,当期同比,全国,中国,国家统计局,getEcoDataIndElectronic,2016-03-31,2026-06-30,1,False,False,False,False,False,False,False,False,False,False,False,False,False
801080,电子,4,2090100999,产量:电子计算机:当月同比,Electronic Computer: Output: YoY,月,%,当期同比,全国,中国,国家统计局,getEcoDataIndElectronic,1997-02-28,2026-06-30,1,143.0,2090100999,产量:电子计算机:当月同比,Electronic Computer: Output: YoY,M020001660,M020001607,0,月,%,当期同比,2.0,全国,中国,,不重要,国家统计局,,2984,getEcoDataIndElectronic,1997-02-28,2026-06-30,1,EcoInfoProGet,2026-08-13T01:09:36.711019+00:00,产量:电子计算机:当月同比,产量:电子计算机:当月同比,False,Electronic Computer: Output: YoY,Electronic Computer: Output: YoY,False,月,月,False,%,%,False,当期同比,当期同比,False,全国,全国,False,中国,中国,False,国家统计局,国家统计局,False,getEcoDataIndElectronic,getEcoDataIndElectronic,False,1997-02-28,1997-02-28,False,2026-06-30,2026-06-30,False,1,1,False,True,False,产量:电子计算机:当月同比,Electronic Computer: Output: YoY,月,%,当期同比,全国,中国,国家统计局,getEcoDataIndElectronic,1997-02-28,2026-06-30,1,False,False,False,False,False,False,False,False,False,False,False,False,False
801080,电子,5,1020001593,产量:集成电路:当月值,Output: Integrated Circuit,月,亿块,当期值,全国,中国,国家统计局,getEcoDataChina,1989-02-28,2026-06-30,1,143.0,1020001593,产量:集成电路:当月值,Output: Integrated Circuit,M020001593,M020001541,0,月,亿块,当期值,2.0,全国,中国,,比较重要,国家统计局,,2975,getEcoDataChina,1989-02-28,2026-06-30,1,EcoInfoProGet,2026-08-13T01:09:36.711019+00:00,产量:集成电路:当月值,产量:集成电路:当月值,False,Output: Integrated Circuit,Output: Integrated Circuit,False,月,月,False,亿块,亿块,False,当期值,当期值,False,全国,全国,False,中国,中国,False,国家统计局,国家统计局,False,getEcoDataChina,getEcoDataChina,False,1989-02-28,1989-02-28,False,2026-06-30,2026-06-30,False,1,1,False,True,False,产量:集成电路:当月值,Output: Integrated Circuit,月,亿块,当期值,全国,中国,国家统计局,getEcoDataChina,1989-02-28,2026-06-30,1,False,False,False,False,False,False,False,False,False,False,False,False,False
801080,电子,6,2090717191,出口金额(美元):二极管、晶体管及类似的半导体器件(8541):当月值,"Export Value (USD): Diodes, Transistors And Similar Semiconductor Devices(8541): Current Month Value",月,美元,当期值,中国,中国,海关总署,getEcoDataIndElectronic,2015-01-31,2026-06-30,1,143.0,2090717191,出口金额(美元):二极管、晶体管及类似的半导体器件(8541):当月值,"Export Value (USD): Diodes, Transistors And Similar Semiconductor Devices(8541): Current Month Value",S090717191,S090716224,0,月,美元,当期值,2.0,中国,中国,美元,一般重要,海关总署,"HS编码""8541""中文全称为""二极管、晶体管及类似的半导体器件;光敏半导体器件,包括不论是否装在组件内或组装成块的光电池;发光二极管;已装配的压电晶体""",2984,getEcoDataIndElectronic,2015-01-31,2026-06-30,1,EcoInfoProGet,2026-08-13T01:09:36.711019+00:00,出口金额(美元):二极管、晶体管及类似的半导体器件(8541):当月值,出口金额(美元):二极管、晶体管及类似的半导体器件(8541):当月值,False,"Export Value (USD): Diodes, Transistors And Similar Semiconductor Devices(8541): Current Month Value","Export Value (USD): Diodes, Transistors And Similar Semiconductor Devices(8541): Current Month Value",False,月,月,False,美元,美元,False,当期值,当期值,False,中国,中国,False,中国,中国,False,海关总署,海关总署,False,getEcoDataIndElectronic,getEcoDataIndElectronic,False,2015-01-31,2015-01-31,False,2026-06-30,2026-06-30,False,1,1,False,True,False,出口金额(美元):二极管、晶体管及类似的半导体器件(8541):当月值,"Export Value (USD): Diodes, Transistors And Similar Semiconductor Devices(8541): Current Month Value",月,美元,当期值,中国,中国,海关总署,getEcoDataIndElectronic,2015-01-31,2026-06-30,1,False,False,False,False,False,False,False,False,False,False,False,False,False
801080,电子,7,2090717093,出口金额(美元):印刷电路(8534):当月值,Export Value (USD): Printed Circuit(8534): Current Month Value,月,美元,当期值,中国,中国,海关总署,getEcoDataIndElectronic,2015-01-31,2026-06-30,1,143.0,2090717093,出口金额(美元):印刷电路(8534):当月值,Export Value (USD): Printed Circuit(8534): Current Month Value,S090717093,S090716217,0,月,美元,当期值,2.0,中国,中国,美元,一般重要,海关总署,,2984,getEcoDataIndElectronic,2015-01-31,2026-06-30,1,EcoInfoProGet,2026-08-13T01:09:36.711019+00:00,出口金额(美元):印刷电路(8534):当月值,出口金额(美元):印刷电路(8534):当月值,False,Export Value (USD): Printed Circuit(8534): Current Month Value,Export Value (USD): Printed Circuit(8534): Current Month Value,False,月,月,False,美元,美元,False,当期值,当期值,False,中国,中国,False,中国,中国,False,海关总署,海关总署,False,getEcoDataIndElectronic,getEcoDataIndElectronic,False,2015-01-31,2015-01-31,False,2026-06-30,2026-06-30,False,1,1,False,True,False,出口金额(美元):印刷电路(8534):当月值,Export Value (USD): Printed Circuit(8534): Current Month Value,月,美元,当期值,中国,中国,海关总署,getEcoDataIndElectronic,2015-01-31,2026-06-30,1,False,False,False,False,False,False,False,False,False,False,False,False,False
801080,电子,8,2090717205,出口金额(美元):集成电路(8542):当月值,Export Value (USD): Integrated Circuit(8542): Current Month Value,月,美元,当期值,中国,中国,海关总署,getEcoDataIndElectronic,2015-01-31,2026-06-30,1,143.0,2090717205,出口金额(美元):集成电路(8542):当月值,Export Value (USD): Integrated Circuit(8542): Current Month Value,S090717205,S090716225,0,月,美元,当期值,2.0,中国,中国,美元,一般重要,海关总署,,2984,getEcoDataIndElectronic,2015-01-31,2026-06-30,1,EcoInfoProGet,2026-08-13T01:09:36.711019+00:00,出口金额(美元):集成电路(8542):当月值,出口金额(美元):集成电路(8542):当月值,False,Export Value (USD): Integrated Circuit(8542): Current Month Value,Export Value (USD): Integrated Circuit(8542): Current Month Value,False,月,月,False,美元,美元,False,当期值,当期值,False,中国,中国,False,中国,中国,False,海关总署,海关总署,False,getEcoDataIndElectronic,getEcoDataIndElectronic,False,2015-01-31,2015-01-31,False,2026-06-30,2026-06-30,False,1,1,False,True,False,出口金额(美元):集成电路(8542):当月值,Export Value (USD): Integrated Circuit(8542): Current Month Value,月,美元,当期值,中国,中国,海关总署,getEcoDataIndElectronic,2015-01-31,2026-06-30,1,False,False,False,False,False,False,False,False,False,False,False,False,False
801080,电子,9,1050000361,固定资产投资完成额:计算机、通信和其他电子设备制造业:累计同比,"Fixed Assets Investment Completed: Manufacturing: Computer, Communications And Other Electronic Equipment Manufacturing: Cumulative YoY",月,%,累计同比,全国,中国,国家统计局,getEcoDataChina,2004-02-29,2026-06-30,1,143.0,1050000361,固定资产投资完成额:计算机、通信和其他电子设备制造业:累计同比,"Fixed Assets Investment Completed: Manufacturing: Computer, Communications And Other Electronic Equipment Manufacturing: Cumulative YoY",M050000361,M050009996,0,月,%,累计同比,2.0,全国,中国,,比较重要,国家统计局,,2975,getEcoDataChina,2004-02-29,2026-06-30,1,EcoInfoProGet,2026-08-13T01:09:36.711019+00:00,固定资产投资完成额:计算机、通信和其他电子设备制造业:累计同比,固定资产投资完成额:计算机、通信和其他电子设备制造业:累计同比,False,"Fixed Assets Investment Completed: Manufacturing: Computer, Communications And Other Electronic Equipment Manufacturing: Cumulative YoY","Fixed Assets Investment Completed: Manufacturing: Computer, Communications And Other Electronic Equipment Manufacturing: Cumulative YoY",False,月,月,False,%,%,False,累计同比,累计同比,False,全国,全国,False,中国,中国,False,国家统计局,国家统计局,False,getEcoDataChina,getEcoDataChina,False,2004-02-29,2004-02-29,False,2026-06-30,2026-06-30,False,1,1,False,True,False,固定资产投资完成额:计算机、通信和其他电子设备制造业:累计同比,"Fixed Assets Investment Completed: Manufacturing: Computer, Communications And Other Electronic Equipment Manufacturing: Cumulative YoY",月,%,累计同比,全国,中国,国家统计局,getEcoDataChina,2004-02-29,2026-06-30,1,False,False,False,False,False,False,False,False,False,False,False,False,False
801080,电子,10,1020010285,工业企业:投资收益:计算机、通信和其他电子设备制造业:累计值,"Investment Return: Computer, Communications and Other Electronic Equipment Manufacturing Industry: Cumulative Value",月,亿元,累计值,全国,中国,国家统计局,getEcoDataChina,2017-02-28,2026-06-30,1,143.0,1020010285,工业企业:投资收益:计算机、通信和其他电子设备制造业:累计值,"Investment Return: Computer, Communications and Other Electronic Equipment Manufacturing Industry: Cumulative Value",M020010285,M020010168,0,月,亿元,累计值,2.0,全国,中国,人民币元,不重要,国家统计局,"从2011年起,规模以上工业企业起点标准由原来的年主营业务收入500万元提高到年主营业务收入2000万元。",2975,getEcoDataChina,2017-02-28,2026-06-30,1,EcoInfoProGet,2026-08-13T01:09:36.711019+00:00,工业企业:投资收益:计算机、通信和其他电子设备制造业:累计值,工业企业:投资收益:计算机、通信和其他电子设备制造业:累计值,False,"Investment Return: Computer, Communications and Other Electronic Equipment Manufacturing Industry: Cumulative Value","Investment Return: Computer, Communications and Other Electronic Equipment Manufacturing Industry: Cumulative Value",False,月,月,False,亿元,亿元,False,累计值,累计值,False,全国,全国,False,中国,中国,False,国家统计局,国家统计局,False,getEcoDataChina,getEcoDataChina,False,2017-02-28,2017-02-28,False,2026-06-30,2026-06-30,False,1,1,False,True,False,工业企业:投资收益:计算机、通信和其他电子设备制造业:累计值,"Investment Return: Computer, Communications and Other Electronic Equipment Manufacturing Industry: Cumulative Value",月,亿元,累计值,全国,中国,国家统计局,getEcoDataChina,2017-02-28,2026-06-30,1,False,False,False,False,False,False,False,False,False,False,False,False,False
801080,电子,11,1050000443,民间固定资产投资完成额:计算机、通信和其他电子设备制造业:累计同比,"Private Investment In Fixed Assets Completed: Computer, Communications And Other Electronic Equipment Manufacturing: Cumulative YoY",月,%,累计同比,全国,中国,国家统计局,getEcoDataChina,2012-03-31,2026-06-30,1,143.0,1050000443,民间固定资产投资完成额:计算机、通信和其他电子设备制造业:累计同比,"Private Investment In Fixed Assets Completed: Computer, Communications And Other Electronic Equipment Manufacturing: Cumulative YoY",M050000443,M050000396,0,月,%,累计同比,2.0,全国,中国,,比较重要,国家统计局,,2975,getEcoDataChina,2012-03-31,2026-06-30,1,EcoInfoProGet,2026-08-13T01:09:36.711019+00:00,民间固定资产投资完成额:计算机、通信和其他电子设备制造业:累计同比,民间固定资产投资完成额:计算机、通信和其他电子设备制造业:累计同比,False,"Private Investment In Fixed Assets Completed: Computer, Communications And Other Electronic Equipment Manufacturing: Cumulative YoY","Private Investment In Fixed Assets Completed: Computer, Communications And Other Electronic Equipment Manufacturing: Cumulative YoY",False,月,月,False,%,%,False,累计同比,累计同比,False,全国,全国,False,中国,中国,False,国家统计局,国家统计局,False,getEcoDataChina,getEcoDataChina,False,2012-03-31,2012-03-31,False,2026-06-30,2026-06-30,False,1,1,False,True,False,民间固定资产投资完成额:计算机、通信和其他电子设备制造业:累计同比,"Private Investment In Fixed Assets Completed: Computer, Communications And Other Electronic Equipment Manufacturing: Cumulative YoY",月,%,累计同比,全国,中国,国家统计局,getEcoDataChina,2012-03-31,2026-06-30,1,False,False,False,False,False,False,False,False,False,False,False,False,False
801080,电子,12,2090700315,电子信息制造业:固定资产投资:累计同比,Electronic Information Manufacturing Industry: Fixed Asset Investment: Cumulative YoY,月,%,累计同比,全国,中国,工信部,getEcoDataIndElectronic,2016-02-29,2026-06-30,1,143.0,2090700315,电子信息制造业:固定资产投资:累计同比,Electronic Information Manufacturing Industry: Fixed Asset Investment: Cumulative YoY,S090700315,S090700303,0,月,%,累计同比,1.0,全国,中国,,不重要,工信部,,2984,getEcoDataIndElectronic,2016-02-29,2026-06-30,1,EcoInfoProGet,2026-08-13T01:09:36.711019+00:00,电子信息制造业:固定资产投资:累计同比,电子信息制造业:固定资产投资:累计同比,False,Electronic Information Manufacturing Industry: Fixed Asset Investment: Cumulative YoY,Electronic Information Manufacturing Industry: Fixed Asset Investment: Cumulative YoY,False,月,月,False,%,%,False,累计同比,累计同比,False,全国,全国,False,中国,中国,False,工信部,工信部,False,getEcoDataIndElectronic,getEcoDataIndElectronic,False,2016-02-29,2016-02-29,False,2026-06-30,2026-06-30,False,1,1,False,True,False,电子信息制造业:固定资产投资:累计同比,Electronic Information Manufacturing Industry: Fixed Asset Investment: Cumulative YoY,月,%,累计同比,全国,中国,工信部,getEcoDataIndElectronic,2016-02-29,2026-06-30,1,False,False,False,False,False,False,False,False,False,False,False,False,False
801080,电子,13,2090700305,规模以上电子信息制造业:出口交货值:当月同比,Electronic Information Manufacturing above Designated Size: Export Delivery Value: Month YoY,月,%,当期同比,全国,中国,工信部,getEcoDataIndElectronic,2010-10-31,2026-06-30,1,143.0,2090700305,规模以上电子信息制造业:出口交货值:当月同比,Electronic Information Manufacturing above Designated Size: Export Delivery Value: Month YoY,S090700305,S090700303,0,月,%,当期同比,1.0,全国,中国,,不重要,工信部,,2984,getEcoDataIndElectronic,2010-10-31,2026-06-30,1,EcoInfoProGet,2026-08-13T01:09:36.711019+00:00,规模以上电子信息制造业:出口交货值:当月同比,规模以上电子信息制造业:出口交货值:当月同比,False,Electronic Information Manufacturing above Designated Size: Export Delivery Value: Month YoY,Electronic Information Manufacturing above Designated Size: Export Delivery Value: Month YoY,False,月,月,False,%,%,False,当期同比,当期同比,False,全国,全国,False,中国,中国,False,工信部,工信部,False,getEcoDataIndElectronic,getEcoDataIndElectronic,False,2010-10-31,2010-10-31,False,2026-06-30,2026-06-30,False,1,1,False,True,False,规模以上电子信息制造业:出口交货值:当月同比,Electronic Information Manufacturing above Designated Size: Export Delivery Value: Month YoY,月,%,当期同比,全国,中国,工信部,getEcoDataIndElectronic,2010-10-31,2026-06-30,1,False,False,False,False,False,False,False,False,False,False,False,False,False
801080,电子,14,2090717193,进出口金额(美元):二极管、晶体管及类似的半导体器件(8541):当月值,"Import And Export Value (USD): Diodes, Transistors And Similar Semiconductor Devices(8541): Current Month Value",月,美元,当期值,中国,中国,海关总署,getEcoDataIndElectronic,2015-01-31,2026-06-30,1,143.0,2090717193,进出口金额(美元):二极管、晶体管及类似的半导体器件(8541):当月值,"Import And Export Value (USD): Diodes, Transistors And Similar Semiconductor Devices(8541): Current Month Value",S090717193,S090716224,0,月,美元,当期值,2.0,中国,中国,美元,一般重要,海关总署,"HS编码""8541""中文全称为""二极管、晶体管及类似的半导体器件;光敏半导体器件,包括不论是否装在组件内或组装成块的光电池;发光二极管;已装配的压电晶体""",2984,getEcoDataIndElectronic,2015-01-31,2026-06-30,1,EcoInfoProGet,2026-08-13T01:09:36.711019+00:00,进出口金额(美元):二极管、晶体管及类似的半导体器件(8541):当月值,进出口金额(美元):二极管、晶体管及类似的半导体器件(8541):当月值,False,"Import And Export Value (USD): Diodes, Transistors And Similar Semiconductor Devices(8541): Current Month Value","Import And Export Value (USD): Diodes, Transistors And Similar Semiconductor Devices(8541): Current Month Value",False,月,月,False,美元,美元,False,当期值,当期值,False,中国,中国,False,中国,中国,False,海关总署,海关总署,False,getEcoDataIndElectronic,getEcoDataIndElectronic,False,2015-01-31,2015-01-31,False,2026-06-30,2026-06-30,False,1,1,False,True,False,进出口金额(美元):二极管、晶体管及类似的半导体器件(8541):当月值,"Import And Export Value (USD): Diodes, Transistors And Similar Semiconductor Devices(8541): Current Month Value",月,美元,当期值,中国,中国,海关总署,getEcoDataIndElectronic,2015-01-31,2026-06-30,1,False,False,False,False,False,False,False,False,False,False,False,False,False
801080,电子,15,2090717095,进出口金额(美元):印刷电路(8534):当月值,Import And Export Value (USD): Printed Circuit(8534): Current Month Value,月,美元,当期值,中国,中国,海关总署,getEcoDataIndElectronic,2015-01-31,2026-06-30,1,143.0,2090717095,进出口金额(美元):印刷电路(8534):当月值,Import And Export Value (USD): Printed Circuit(8534): Current Month Value,S090717095,S090716217,0,月,美元,当期值,2.0,中国,中国,美元,一般重要,海关总署,,2984,getEcoDataIndElectronic,2015-01-31,2026-06-30,1,EcoInfoProGet,2026-08-13T01:09:36.711019+00:00,进出口金额(美元):印刷电路(8534):当月值,进出口金额(美元):印刷电路(8534):当月值,False,Import And Export Value (USD): Printed Circuit(8534): Current Month Value,Import And Export Value (USD): Printed Circuit(8534): Current Month Value,False,月,月,False,美元,美元,False,当期值,当期值,False,中国,中国,False,中国,中国,False,海关总署,海关总署,False,getEcoDataIndElectronic,getEcoDataIndElectronic,False,2015-01-31,2015-01-31,False,2026-06-30,2026-06-30,False,1,1,False,True,False,进出口金额(美元):印刷电路(8534):当月值,Import And Export Value (USD): Printed Circuit(8534): Current Month Value,月,美元,当期值,中国,中国,海关总署,getEcoDataIndElectronic,2015-01-31,2026-06-30,1,False,False,False,False,False,False,False,False,False,False,False,False,False
801080,电子,16,2090717207,进出口金额(美元):集成电路(8542):当月值,Import And Export Value (USD): Integrated Circuit(8542): Current Month Value,月,美元,当期值,中国,中国,海关总署,getEcoDataIndElectronic,2015-01-31,2026-06-30,1,143.0,2090717207,进出口金额(美元):集成电路(8542):当月值,Import And Export Value (USD): Integrated Circuit(8542): Current Month Value,S090717207,S090716225,0,月,美元,当期值,2.0,中国,中国,美元,一般重要,海关总署,,2984,getEcoDataIndElectronic,2015-01-31,2026-06-30,1,EcoInfoProGet,2026-08-13T01:09:36.711019+00:00,进出口金额(美元):集成电路(8542):当月值,进出口金额(美元):集成电路(8542):当月值,False,Import And Export Value (USD): Integrated Circuit(8542): Current Month Value,Import And Export Value (USD): Integrated Circuit(8542): Current Month Value,False,月,月,False,美元,美元,False,当期值,当期值,False,中国,中国,False,中国,中国,False,海关总署,海关总署,False,getEcoDataIndElectronic,getEcoDataIndElectronic,False,2015-01-31,2015-01-31,False,2026-06-30,2026-06-30,False,1,1,False,True,False,进出口金额(美元):集成电路(8542):当月值,Import And Export Value (USD): Integrated Circuit(8542): Current Month Value,月,美元,当期值,中国,中国,海关总署,getEcoDataIndElectronic,2015-01-31,2026-06-30,1,False,False,False,False,False,False,False,False,False,False,False,False,False
801080,电子,17,2090717192,进口金额(美元):二极管、晶体管及类似的半导体器件(8541):当月值,"Import Value (USD): Diodes, Transistors And Similar Semiconductor Devices(8541): Current Month Value",月,美元,当期值,中国,中国,海关总署,getEcoDataIndElectronic,2015-01-31,2026-06-30,1,143.0,2090717192,进口金额(美元):二极管、晶体管及类似的半导体器件(8541):当月值,"Import Value (USD): Diodes, Transistors And Similar Semiconductor Devices(8541): Current Month Value",S090717192,S090716224,0,月,美元,当期值,2.0,中国,中国,美元,一般重要,海关总署,"HS编码""8541""中文全称为""二极管、晶体管及类似的半导体器件;光敏半导体器件,包括不论是否装在组件内或组装成块的光电池;发光二极管;已装配的压电晶体""",2984,getEcoDataIndElectronic,2015-01-31,2026-06-30,1,EcoInfoProGet,2026-08-13T01:09:36.711019+00:00,进口金额(美元):二极管、晶体管及类似的半导体器件(8541):当月值,进口金额(美元):二极管、晶体管及类似的半导体器件(8541):当月值,False,"Import Value (USD): Diodes, Transistors And Similar Semiconductor Devices(8541): Current Month Value","Import Value (USD): Diodes, Transistors And Similar Semiconductor Devices(8541): Current Month Value",False,月,月,False,美元,美元,False,当期值,当期值,False,中国,中国,False,中国,中国,False,海关总署,海关总署,False,getEcoDataIndElectronic,getEcoDataIndElectronic,False,2015-01-31,2015-01-31,False,2026-06-30,2026-06-30,False,1,1,False,True,False,进口金额(美元):二极管、晶体管及类似的半导体器件(8541):当月值,"Import Value (USD): Diodes, Transistors And Similar Semiconductor Devices(8541): Current Month Value",月,美元,当期值,中国,中国,海关总署,getEcoDataIndElectronic,2015-01-31,2026-06-30,1,False,False,False,False,False,False,False,False,False,False,False,False,False
801080,电子,18,2090717094,进口金额(美元):印刷电路(8534):当月值,Import Value (USD): Printed Circuit(8534): Current Month Value,月,美元,当期值,中国,中国,海关总署,getEcoDataIndElectronic,2015-01-31,2026-06-30,1,143.0,2090717094,进口金额(美元):印刷电路(8534):当月值,Import Value (USD): Printed Circuit(8534): Current Month Value,S090717094,S090716217,0,月,美元,当期值,2.0,中国,中国,美元,一般重要,海关总署,,2984,getEcoDataIndElectronic,2015-01-31,2026-06-30,1,EcoInfoProGet,2026-08-13T01:09:36.711019+00:00,进口金额(美元):印刷电路(8534):当月值,进口金额(美元):印刷电路(8534):当月值,False,Import Value (USD): Printed Circuit(8534): Current Month Value,Import Value (USD): Printed Circuit(8534): Current Month Value,False,月,月,False,美元,美元,False,当期值,当期值,False,中国,中国,False,中国,中国,False,海关总署,海关总署,False,getEcoDataIndElectronic,getEcoDataIndElectronic,False,2015-01-31,2015-01-31,False,2026-06-30,2026-06-30,False,1,1,False,True,False,进口金额(美元):印刷电路(8534):当月值,Import Value (USD): Printed Circuit(8534): Current Month Value,月,美元,当期值,中国,中国,海关总署,getEcoDataIndElectronic,2015-01-31,2026-06-30,1,False,False,False,False,False,False,False,False,False,False,False,False,False
801080,电子,19,2090717206,进口金额(美元):集成电路(8542):当月值,Import Value (USD): Integrated Circuit(8542): Current Month Value,月,美元,当期值,中国,中国,海关总署,getEcoDataIndElectronic,2015-01-31,2026-06-30,1,143.0,2090717206,进口金额(美元):集成电路(8542):当月值,Import Value (USD): Integrated Circuit(8542): Current Month Value,S090717206,S090716225,0,月,美元,当期值,2.0,中国,中国,美元,一般重要,海关总署,,2984,getEcoDataIndElectronic,2015-01-31,2026-06-30,1,EcoInfoProGet,2026-08-13T01:09:36.711019+00:00,进口金额(美元):集成电路(8542):当月值,进口金额(美元):集成电路(8542):当月值,False,Import Value (USD): Integrated Circuit(8542): Current Month Value,Import Value (USD): Integrated Circuit(8542): Current Month Value,False,月,月,False,美元,美元,False,当期值,当期值,False,中国,中国,False,中国,中国,False,海关总署,海关总署,False,getEcoDataIndElectronic,getEcoDataIndElectronic,False,2015-01-31,2015-01-31,False,2026-06-30,2026-06-30,False,1,1,False,True,False,进口金额(美元):集成电路(8542):当月值,Import Value (USD): Integrated Circuit(8542): Current Month Value,月,美元,当期值,中国,中国,海关总署,getEcoDataIndElectronic,2015-01-31,2026-06-30,1,False,False,False,False,False,False,False,False,False,False,False,False,False
801080,电子,20,1040018946,PPI:电子元件及电子专用材料制造业(上年同月=100),PPI: Manufacturing of Electronic Components and Materials for Electronic Purpose (CYoY=100),月,上年同月=100,当期值,全国,中国,国家统计局,getEcoDataChina,2018-01-31,2026-06-30,1,135.0,1040018946,PPI:电子元件及电子专用材料制造业(上年同月=100),PPI: Manufacturing of Electronic Components and Materials for Electronic Purpose (CYoY=100),M040018946,M040018760,0,月,上年同月=100,当期值,4.0,全国,中国,,不重要,国家统计局,,2975,getEcoDataChina,2018-01-31,2026-07-31,1,EcoInfoProGet,2026-08-13T01:09:36.711019+00:00,PPI:电子元件及电子专用材料制造业(上年同月=100),PPI:电子元件及电子专用材料制造业(上年同月=100),False,PPI: Manufacturing of Electronic Components and Materials for Electronic Purpose (CYoY=100),PPI: Manufacturing of Electronic Components and Materials for Electronic Purpose (CYoY=100),False,月,月,False,上年同月=100,上年同月=100,False,当期值,当期值,False,全国,全国,False,中国,中国,False,国家统计局,国家统计局,False,getEcoDataChina,getEcoDataChina,False,2018-01-31,2018-01-31,False,2026-06-30,2026-07-31,True,1,1,False,True,True,PPI:电子元件及电子专用材料制造业(上年同月=100),PPI: Manufacturing of Electronic Components and Materials for Electronic Purpose (CYoY=100),月,上年同月=100,当期值,全国,中国,国家统计局,getEcoDataChina,2018-01-31,2026-06-30,1,False,False,False,False,False,False,False,False,False,False,True,False,True
801080,电子,21,1040018945,PPI:电子器件制造业(上年同月=100),PPI: Electronic Parts (CYoY=100),月,上年同月=100,当期值,全国,中国,国家统计局,getEcoDataChina,2014-01-31,2026-06-30,1,135.0,1040018945,PPI:电子器件制造业(上年同月=100),PPI: Electronic Parts (CYoY=100),M040018945,M040018760,0,月,上年同月=100,当期值,4.0,全国,中国,,不重要,国家统计局,,2975,getEcoDataChina,2014-01-31,2026-07-31,1,EcoInfoProGet,2026-08-13T01:09:36.711019+00:00,PPI:电子器件制造业(上年同月=100),PPI:电子器件制造业(上年同月=100),False,PPI: Electronic Parts (CYoY=100),PPI: Electronic Parts (CYoY=100),False,月,月,False,上年同月=100,上年同月=100,False,当期值,当期值,False,全国,全国,False,中国,中国,False,国家统计局,国家统计局,False,getEcoDataChina,getEcoDataChina,False,2014-01-31,2014-01-31,False,2026-06-30,2026-07-31,True,1,1,False,True,True,PPI:电子器件制造业(上年同月=100),PPI: Electronic Parts (CYoY=100),月,上年同月=100,当期值,全国,中国,国家统计局,getEcoDataChina,2014-01-31,2026-06-30,1,False,False,False,False,False,False,False,False,False,False,True,False,True
801080,电子,22,1040000869,PPI:计算机、通信和其他电子设备制造业(上年同月=100),"PPI: Computer, Communications and Other Electronic Equipment Manufacturing (CYoY=100)",月,上年同月=100,当期值,全国,中国,国家统计局,getEcoDataChina,1996-10-31,2026-06-30,1,135.0,1040000869,PPI:计算机、通信和其他电子设备制造业(上年同月=100),"PPI: Computer, Communications and Other Electronic Equipment Manufacturing (CYoY=100)",M040000869,M040000842,0,月,上年同月=100,当期值,2.0,全国,中国,,不重要,国家统计局,,2975,getEcoDataChina,1996-10-31,2026-07-31,1,EcoInfoProGet,2026-08-13T01:09:36.711019+00:00,PPI:计算机、通信和其他电子设备制造业(上年同月=100),PPI:计算机、通信和其他电子设备制造业(上年同月=100),False,"PPI: Computer, Communications and Other Electronic Equipment Manufacturing (CYoY=100)","PPI: Computer, Communications and Other Electronic Equipment Manufacturing (CYoY=100)",False,月,月,False,上年同月=100,上年同月=100,False,当期值,当期值,False,全国,全国,False,中国,中国,False,国家统计局,国家统计局,False,getEcoDataChina,getEcoDataChina,False,1996-10-31,1996-10-31,False,2026-06-30,2026-07-31,True,1,1,False,True,True,PPI:计算机、通信和其他电子设备制造业(上年同月=100),"PPI: Computer, Communications and Other Electronic Equipment Manufacturing (CYoY=100)",月,上年同月=100,当期值,全国,中国,国家统计局,getEcoDataChina,1996-10-31,2026-07-31,1,False,False,False,False,False,False,False,False,False,False,False,False,False
801080,电子,23,2090726818,出口数量:机电产品:电子元件:二极管及类似半导体器件:太阳能电池:当月环比,,月,%,当期环比,,中国,Datayes!,getEcoDataIndElectronic,2014-07-31,2026-06-30,1,135.0,2090726818,出口数量:机电产品:电子元件:二极管及类似半导体器件:太阳能电池:当月环比,,S090726818,S090605378,0,月,%,当期环比,2.0,,中国,,不重要,Datayes!,,2984,getEcoDataIndElectronic,2014-07-31,2026-06-30,1,EcoInfoProGet,2026-08-13T01:09:36.711019+00:00,出口数量:机电产品:电子元件:二极管及类似半导体器件:太阳能电池:当月环比,出口数量:机电产品:电子元件:二极管及类似半导体器件:太阳能电池:当月环比,False,,,False,月,月,False,%,%,False,当期环比,当期环比,False,,,False,中国,中国,False,Datayes!,Datayes!,False,getEcoDataIndElectronic,getEcoDataIndElectronic,False,2014-07-31,2014-07-31,False,2026-06-30,2026-06-30,False,1,1,False,True,False,出口数量:机电产品:电子元件:二极管及类似半导体器件:太阳能电池:当月环比,,月,%,当期环比,,中国,Datayes!,getEcoDataIndElectronic,2014-07-31,2026-06-30,1,False,False,False,False,False,False,False,False,False,False,False,False,False
801080,电子,24,2090726817,出口数量:机电产品:电子元件:二极管及类似半导体器件:当月环比,,月,%,当期环比,,中国,海关总署,getEcoDataIndElectronic,2014-07-31,2026-06-30,1,135.0,2090726817,出口数量:机电产品:电子元件:二极管及类似半导体器件:当月环比,,S090726817,S090605378,0,月,%,当期环比,2.0,,中国,,不重要,海关总署,,2984,getEcoDataIndElectronic,2014-07-31,2026-06-30,1,EcoInfoProGet,2026-08-13T01:09:36.711019+00:00,出口数量:机电产品:电子元件:二极管及类似半导体器件:当月环比,出口数量:机电产品:电子元件:二极管及类似半导体器件:当月环比,False,,,False,月,月,False,%,%,False,当期环比,当期环比,False,,,False,中国,中国,False,海关总署,海关总署,False,getEcoDataIndElectronic,getEcoDataIndElectronic,False,2014-07-31,2014-07-31,False,2026-06-30,2026-06-30,False,1,1,False,True,False,出口数量:机电产品:电子元件:二极管及类似半导体器件:当月环比,,月,%,当期环比,,中国,海关总署,getEcoDataIndElectronic,2014-07-31,2026-06-30,1,False,False,False,False,False,False,False,False,False,False,False,False,False
801080,电子,25,2090700311,规模以上电子信息制造业:利润总额:累计同比,Electronic Information Manufacturing above Designated Size: Total Profit: Cumulative YoY,月,%,累计同比,全国,中国,工信部,getEcoDataIndElectronic,2008-02-29,2026-06-30,1,135.0,2090700311,规模以上电子信息制造业:利润总额:累计同比,Electronic Information Manufacturing above Designated Size: Total Profit: Cumulative YoY,S090700311,S090700303,0,月,%,累计同比,1.0,全国,中国,,不重要,工信部,,2984,getEcoDataIndElectronic,2008-02-29,2026-06-30,1,EcoInfoProGet,2026-08-13T01:09:36.711019+00:00,规模以上电子信息制造业:利润总额:累计同比,规模以上电子信息制造业:利润总额:累计同比,False,Electronic Information Manufacturing above Designated Size: Total Profit: Cumulative YoY,Electronic Information Manufacturing above Designated Size: Total Profit: Cumulative YoY,False,月,月,False,%,%,False,累计同比,累计同比,False,全国,全国,False,中国,中国,False,工信部,工信部,False,getEcoDataIndElectronic,getEcoDataIndElectronic,False,2008-02-29,2008-02-29,False,2026-06-30,2026-06-30,False,1,1,False,True,False,规模以上电子信息制造业:利润总额:累计同比,Electronic Information Manufacturing above Designated Size: Total Profit: Cumulative YoY,月,%,累计同比,全国,中国,工信部,getEcoDataIndElectronic,2008-02-29,2026-06-30,1,False,False,False,False,False,False,False,False,False,False,False,False,False
801080,电子,26,2090700304,规模以上电子信息制造业:增加值:当月同比,Electronic Information Manufacturing above Designated Size: Value Added: Month YoY,月,%,当期同比,全国,中国,工信部,getEcoDataIndElectronic,2009-02-28,2026-06-30,1,135.0,2090700304,规模以上电子信息制造业:增加值:当月同比,Electronic Information Manufacturing above Designated Size: Value Added: Month YoY,S090700304,S090700303,0,月,%,当期同比,1.0,全国,中国,,不重要,工信部,,2984,getEcoDataIndElectronic,2009-02-28,2026-06-30,1,EcoInfoProGet,2026-08-13T01:09:36.711019+00:00,规模以上电子信息制造业:增加值:当月同比,规模以上电子信息制造业:增加值:当月同比,False,Electronic Information Manufacturing above Designated Size: Value Added: Month YoY,Electronic Information Manufacturing above Designated Size: Value Added: Month YoY,False,月,月,False,%,%,False,当期同比,当期同比,False,全国,全国,False,中国,中国,False,工信部,工信部,False,getEcoDataIndElectronic,getEcoDataIndElectronic,False,2009-02-28,2009-02-28,False,2026-06-30,2026-06-30,False,1,1,False,True,False,规模以上电子信息制造业:增加值:当月同比,Electronic Information Manufacturing above Designated Size: Value Added: Month YoY,月,%,当期同比,全国,中国,工信部,getEcoDataIndElectronic,2009-02-28,2026-06-30,1,False,False,False,False,False,False,False,False,False,False,False,False,False
801080,电子,27,2090717194,贸易差额(美元):二极管、晶体管及类似的半导体器件(8541):当月值,"Trade Balance (USD): Diodes, Transistors And Similar Semiconductor Devices(8541): Current Month Value",月,美元,当期值,中国,中国,海关总署,getEcoDataIndElectronic,2017-01-31,2026-06-30,1,135.0,2090717194,贸易差额(美元):二极管、晶体管及类似的半导体器件(8541):当月值,"Trade Balance (USD): Diodes, Transistors And Similar Semiconductor Devices(8541): Current Month Value",S090717194,S090716224,0,月,美元,当期值,2.0,中国,中国,美元,一般重要,海关总署,"HS编码""8541""中文全称为""二极管、晶体管及类似的半导体器件;光敏半导体器件,包括不论是否装在组件内或组装成块的光电池;发光二极管;已装配的压电晶体""",2984,getEcoDataIndElectronic,2017-01-31,2026-06-30,1,EcoInfoProGet,2026-08-13T01:09:36.711019+00:00,贸易差额(美元):二极管、晶体管及类似的半导体器件(8541):当月值,贸易差额(美元):二极管、晶体管及类似的半导体器件(8541):当月值,False,"Trade Balance (USD): Diodes, Transistors And Similar Semiconductor Devices(8541): Current Month Value","Trade Balance (USD): Diodes, Transistors And Similar Semiconductor Devices(8541): Current Month Value",False,月,月,False,美元,美元,False,当期值,当期值,False,中国,中国,False,中国,中国,False,海关总署,海关总署,False,getEcoDataIndElectronic,getEcoDataIndElectronic,False,2017-01-31,2017-01-31,False,2026-06-30,2026-06-30,False,1,1,False,True,False,贸易差额(美元):二极管、晶体管及类似的半导体器件(8541):当月值,"Trade Balance (USD): Diodes, Transistors And Similar Semiconductor Devices(8541): Current Month Value",月,美元,当期值,中国,中国,海关总署,getEcoDataIndElectronic,2017-01-31,2026-06-30,1,False,False,False,False,False,False,False,False,False,False,False,False,False
801080,电子,28,2090717096,贸易差额(美元):印刷电路(8534):当月值,Trade Balance (USD): Printed Circuit(8534): Current Month Value,月,美元,当期值,中国,中国,海关总署,getEcoDataIndElectronic,2017-01-31,2026-06-30,1,135.0,2090717096,贸易差额(美元):印刷电路(8534):当月值,Trade Balance (USD): Printed Circuit(8534): Current Month Value,S090717096,S090716217,0,月,美元,当期值,2.0,中国,中国,美元,一般重要,海关总署,,2984,getEcoDataIndElectronic,2017-01-31,2026-06-30,1,EcoInfoProGet,2026-08-13T01:09:36.711019+00:00,贸易差额(美元):印刷电路(8534):当月值,贸易差额(美元):印刷电路(8534):当月值,False,Trade Balance (USD): Printed Circuit(8534): Current Month Value,Trade Balance (USD): Printed Circuit(8534): Current Month Value,False,月,月,False,美元,美元,False,当期值,当期值,False,中国,中国,False,中国,中国,False,海关总署,海关总署,False,getEcoDataIndElectronic,getEcoDataIndElectronic,False,2017-01-31,2017-01-31,False,2026-06-30,2026-06-30,False,1,1,False,True,False,贸易差额(美元):印刷电路(8534):当月值,Trade Balance (USD): Printed Circuit(8534): Current Month Value,月,美元,当期值,中国,中国,海关总署,getEcoDataIndElectronic,2017-01-31,2026-06-30,1,False,False,False,False,False,False,False,False,False,False,False,False,False
801080,电子,29,2090715996,现货平均价:DRAM:DDR3 2Gb 256Mx8 1600MHz,Average Spot Price: DRAM: DDR3 2Gb 256Mx8 1600MHz,日,美元,当期值,全球,全球,全球半导体观察,getEcoDataIndElectronic,2011-12-01,2026-08-07,1,132.0,2090715996,现货平均价:DRAM:DDR3 2Gb 256Mx8 1600MHz,Average Spot Price: DRAM: DDR3 2Gb 256Mx8 1600MHz,S090715996,S090000368,0,日,美元,当期值,2.0,全球,全球,美元,一般重要,全球半导体观察,,2984,getEcoDataIndElectronic,2011-12-01,2026-08-12,1,EcoInfoProGet,2026-08-13T01:09:36.711019+00:00,现货平均价:DRAM:DDR3 2Gb 256Mx8 1600MHz,现货平均价:DRAM:DDR3 2Gb 256Mx8 1600MHz,False,Average Spot Price: DRAM: DDR3 2Gb 256Mx8 1600MHz,Average Spot Price: DRAM: DDR3 2Gb 256Mx8 1600MHz,False,日,日,False,美元,美元,False,当期值,当期值,False,全球,全球,False,全球,全球,False,全球半导体观察,全球半导体观察,False,getEcoDataIndElectronic,getEcoDataIndElectronic,False,2011-12-01,2011-12-01,False,2026-08-07,2026-08-12,True,1,1,False,True,True,现货平均价:DRAM:DDR3 2Gb 256Mx8 1600MHz,Average Spot Price: DRAM: DDR3 2Gb 256Mx8 1600MHz,日,美元,当期值,全球,全球,全球半导体观察,getEcoDataIndElectronic,2011-12-01,2026-08-11,1,False,False,False,False,False,False,False,False,False,False,True,False,True
801080,电子,30,2090715997,现货平均价:DRAM:DDR3 4Gb 512Mx8 1600MHz,Average Spot Price: DRAM: DDR3 4Gb 512Mx8 1600MHz,日,美元,当期值,全球,全球,全球半导体观察,getEcoDataIndElectronic,2013-05-29,2026-08-07,1,132.0,2090715997,现货平均价:DRAM:DDR3 4Gb 512Mx8 1600MHz,Average Spot Price: DRAM: DDR3 4Gb 512Mx8 1600MHz,S090715997,S090000368,0,日,美元,当期值,2.0,全球,全球,美元,一般重要,全球半导体观察,,2984,getEcoDataIndElectronic,2013-05-29,2026-08-12,1,EcoInfoProGet,2026-08-13T01:09:36.711019+00:00,现货平均价:DRAM:DDR3 4Gb 512Mx8 1600MHz,现货平均价:DRAM:DDR3 4Gb 512Mx8 1600MHz,False,Average Spot Price: DRAM: DDR3 4Gb 512Mx8 1600MHz,Average Spot Price: DRAM: DDR3 4Gb 512Mx8 1600MHz,False,日,日,False,美元,美元,False,当期值,当期值,False,全球,全球,False,全球,全球,False,全球半导体观察,全球半导体观察,False,getEcoDataIndElectronic,getEcoDataIndElectronic,False,2013-05-29,2013-05-29,False,2026-08-07,2026-08-12,True,1,1,False,True,True,现货平均价:DRAM:DDR3 4Gb 512Mx8 1600MHz,Average Spot Price: DRAM: DDR3 4Gb 512Mx8 1600MHz,日,美元,当期值,全球,全球,全球半导体观察,getEcoDataIndElectronic,2013-05-29,2026-08-11,1,False,False,False,False,False,False,False,False,False,False,True,False,True
801110,家用电器,1,2090102058,产量:家用洗衣机:当月值,Output: Household Washing Machine,月,万台,当期值,全国,中国,国家统计局,getEcoDataIndElectronic,1989-02-28,2026-06-30,1,143.0,2090102058,产量:家用洗衣机:当月值,Output: Household Washing Machine,M020001599,M020001541,0,月,万台,当期值,2.0,全国,中国,,不重要,国家统计局,,2984,getEcoDataIndElectronic,1989-02-28,2026-06-30,1,EcoInfoProGet,2026-08-13T01:09:36.711019+00:00,产量:家用洗衣机:当月值,产量:家用洗衣机:当月值,False,Output: Household Washing Machine,Output: Household Washing Machine,False,月,月,False,万台,万台,False,当期值,当期值,False,全国,全国,False,中国,中国,False,国家统计局,国家统计局,False,getEcoDataIndElectronic,getEcoDataIndElectronic,False,1989-02-28,1989-02-28,False,2026-06-30,2026-06-30,False,1,1,False,True,False,产量:家用洗衣机:当月值,Output: Household Washing Machine,月,万台,当期值,全国,中国,国家统计局,getEcoDataIndElectronic,1989-02-28,2026-06-30,1,False,False,False,False,False,False,False,False,False,False,False,False,False
801110,家用电器,2,1020001598,产量:家用电冰箱:当月值,Output: Household Refrigerator: Current,月,万台,当期值,全国,中国,国家统计局,getEcoDataChina,1989-02-28,2026-06-30,1,143.0,1020001598,产量:家用电冰箱:当月值,Output: Household Refrigerator: Current,M020001598,M020001541,0,月,万台,当期值,2.0,全国,中国,,不重要,国家统计局,,2975,getEcoDataChina,1989-02-28,2026-06-30,1,EcoInfoProGet,2026-08-13T01:09:36.711019+00:00,产量:家用电冰箱:当月值,产量:家用电冰箱:当月值,False,Output: Household Refrigerator: Current,Output: Household Refrigerator: Current,False,月,月,False,万台,万台,False,当期值,当期值,False,全国,全国,False,中国,中国,False,国家统计局,国家统计局,False,getEcoDataChina,getEcoDataChina,False,1989-02-28,1989-02-28,False,2026-06-30,2026-06-30,False,1,1,False,True,False,产量:家用电冰箱:当月值,Output: Household Refrigerator: Current,月,万台,当期值,全国,中国,国家统计局,getEcoDataChina,1989-02-28,2026-06-30,1,False,False,False,False,False,False,False,False,False,False,False,False,False
801110,家用电器,3,1020001596,产量:彩电:当月值,Output: Color TV,月,万台,当期值,全国,中国,国家统计局,getEcoDataChina,1989-02-28,2026-06-30,1,143.0,1020001596,产量:彩电:当月值,Output: Color TV,M020001596,M020001541,0,月,万台,当期值,2.0,全国,中国,,不重要,国家统计局,,2975,getEcoDataChina,1989-02-28,2026-06-30,1,EcoInfoProGet,2026-08-13T01:09:36.711019+00:00,产量:彩电:当月值,产量:彩电:当月值,False,Output: Color TV,Output: Color TV,False,月,月,False,万台,万台,False,当期值,当期值,False,全国,全国,False,中国,中国,False,国家统计局,国家统计局,False,getEcoDataChina,getEcoDataChina,False,1989-02-28,1989-02-28,False,2026-06-30,2026-06-30,False,1,1,False,True,False,产量:彩电:当月值,Output: Color TV,月,万台,当期值,全国,中国,国家统计局,getEcoDataChina,1989-02-28,2026-06-30,1,False,False,False,False,False,False,False,False,False,False,False,False,False
801110,家用电器,4,2090102062,产量:空调:当月值,Output: Room Air Conditioner,月,万台,当期值,全国,中国,国家统计局,getEcoDataIndElectronic,1990-02-28,2026-06-30,1,143.0,2090102062,产量:空调:当月值,Output: Room Air Conditioner,M020001597,M020001541,0,月,万台,当期值,2.0,全国,中国,,不重要,国家统计局,,2984,getEcoDataIndElectronic,1990-02-28,2026-06-30,1,EcoInfoProGet,2026-08-13T01:09:36.711019+00:00,产量:空调:当月值,产量:空调:当月值,False,Output: Room Air Conditioner,Output: Room Air Conditioner,False,月,月,False,万台,万台,False,当期值,当期值,False,全国,全国,False,中国,中国,False,国家统计局,国家统计局,False,getEcoDataIndElectronic,getEcoDataIndElectronic,False,1990-02-28,1990-02-28,False,2026-06-30,2026-06-30,False,1,1,False,True,False,产量:空调:当月值,Output: Room Air Conditioner,月,万台,当期值,全国,中国,国家统计局,getEcoDataIndElectronic,1990-02-28,2026-06-30,1,False,False,False,False,False,False,False,False,False,False,False,False,False
801110,家用电器,5,2090715149,出口数量:其他电热水器:当月值,Export Volume: Other Electric Water Heaters: Current Value (Month),月,个,当期值,全国,中国,海关总署,getEcoDataIndElectronic,2015-01-31,2026-06-30,1,143.0,2090715149,出口数量:其他电热水器:当月值,Export Volume: Other Electric Water Heaters: Current Value (Month),S090715149,S090605378,0,月,个,当期值,0.0,全国,中国,,一般重要,海关总署,,2984,getEcoDataIndElectronic,2015-01-31,2026-06-30,1,EcoInfoProGet,2026-08-13T01:09:36.711019+00:00,出口数量:其他电热水器:当月值,出口数量:其他电热水器:当月值,False,Export Volume: Other Electric Water Heaters: Current Value (Month),Export Volume: Other Electric Water Heaters: Current Value (Month),False,月,月,False,个,个,False,当期值,当期值,False,全国,全国,False,中国,中国,False,海关总署,海关总署,False,getEcoDataIndElectronic,getEcoDataIndElectronic,False,2015-01-31,2015-01-31,False,2026-06-30,2026-06-30,False,1,1,False,True,False,出口数量:其他电热水器:当月值,Export Volume: Other Electric Water Heaters: Current Value (Month),月,个,当期值,全国,中国,海关总署,getEcoDataIndElectronic,2015-01-31,2026-06-30,1,False,False,False,False,False,False,False,False,False,False,False,False,False
801110,家用电器,6,2090715077,出口数量:抽油烟机、罩平面最大边长≤120cm:当月值,Export Volume: The Maximum Side Length of the Range Hood and Hood Plane≤120cm: Current Value (Month),月,台,当期值,全国,中国,海关总署,getEcoDataIndElectronic,2015-01-31,2026-06-30,1,143.0,2090715077,出口数量:抽油烟机、罩平面最大边长≤120cm:当月值,Export Volume: The Maximum Side Length of the Range Hood and Hood Plane≤120cm: Current Value (Month),S090715077,S090605378,0,月,台,当期值,0.0,全国,中国,人民币元,一般重要,海关总署,,2984,getEcoDataIndElectronic,2015-01-31,2026-06-30,1,EcoInfoProGet,2026-08-13T01:09:36.711019+00:00,出口数量:抽油烟机、罩平面最大边长≤120cm:当月值,出口数量:抽油烟机、罩平面最大边长≤120cm:当月值,False,Export Volume: The Maximum Side Length of the Range Hood and Hood Plane≤120cm: Current Value (Month),Export Volume: The Maximum Side Length of the Range Hood and Hood Plane≤120cm: Current Value (Month),False,月,月,False,台,台,False,当期值,当期值,False,全国,全国,False,中国,中国,False,海关总署,海关总署,False,getEcoDataIndElectronic,getEcoDataIndElectronic,False,2015-01-31,2015-01-31,False,2026-06-30,2026-06-30,False,1,1,False,True,False,出口数量:抽油烟机、罩平面最大边长≤120cm:当月值,Export Volume: The Maximum Side Length of the Range Hood and Hood Plane≤120cm: Current Value (Month),月,台,当期值,全国,中国,海关总署,getEcoDataIndElectronic,2015-01-31,2026-06-30,1,False,False,False,False,False,False,False,False,False,False,False,False,False
801110,家用电器,7,2090715113,出口数量:热水器零件:当月值,Export Volume: Water Heater Components: Current Value (Month),月,千克,当期值,全国,中国,海关总署,getEcoDataIndElectronic,2015-01-31,2026-06-30,1,143.0,2090715113,出口数量:热水器零件:当月值,Export Volume: Water Heater Components: Current Value (Month),S090715113,S090605378,0,月,千克,当期值,0.0,全国,中国,,一般重要,海关总署,,2984,getEcoDataIndElectronic,2015-01-31,2026-06-30,1,EcoInfoProGet,2026-08-13T01:09:36.711019+00:00,出口数量:热水器零件:当月值,出口数量:热水器零件:当月值,False,Export Volume: Water Heater Components: Current Value (Month),Export Volume: Water Heater Components: Current Value (Month),False,月,月,False,千克,千克,False,当期值,当期值,False,全国,全国,False,中国,中国,False,海关总署,海关总署,False,getEcoDataIndElectronic,getEcoDataIndElectronic,False,2015-01-31,2015-01-31,False,2026-06-30,2026-06-30,False,1,1,False,True,False,出口数量:热水器零件:当月值,Export Volume: Water Heater Components: Current Value (Month),月,千克,当期值,全国,中国,海关总署,getEcoDataIndElectronic,2015-01-31,2026-06-30,1,False,False,False,False,False,False,False,False,False,False,False,False,False
801110,家用电器,8,2090715089,出口数量:燃气快速热水器:当月值,Export Volume: Gas Instant Water Heater: Current Value (Month),月,台,当期值,全国,中国,海关总署,getEcoDataIndElectronic,2015-01-31,2026-06-30,1,143.0,2090715089,出口数量:燃气快速热水器:当月值,Export Volume: Gas Instant Water Heater: Current Value (Month),S090715089,S090605378,0,月,台,当期值,0.0,全国,中国,,一般重要,海关总署,,2984,getEcoDataIndElectronic,2015-01-31,2026-06-30,1,EcoInfoProGet,2026-08-13T01:09:36.711019+00:00,出口数量:燃气快速热水器:当月值,出口数量:燃气快速热水器:当月值,False,Export Volume: Gas Instant Water Heater: Current Value (Month),Export Volume: Gas Instant Water Heater: Current Value (Month),False,月,月,False,台,台,False,当期值,当期值,False,全国,全国,False,中国,中国,False,海关总署,海关总署,False,getEcoDataIndElectronic,getEcoDataIndElectronic,False,2015-01-31,2015-01-31,False,2026-06-30,2026-06-30,False,1,1,False,True,False,出口数量:燃气快速热水器:当月值,Export Volume: Gas Instant Water Heater: Current Value (Month),月,台,当期值,全国,中国,海关总署,getEcoDataIndElectronic,2015-01-31,2026-06-30,1,False,False,False,False,False,False,False,False,False,False,False,False,False
801110,家用电器,9,2090715125,出口数量:电热的储存式热水器:当月值,Export Volume: Electric Storage Water Heater: Current Value (Month),月,个,当期值,全国,中国,海关总署,getEcoDataIndElectronic,2015-01-31,2026-06-30,1,143.0,2090715125,出口数量:电热的储存式热水器:当月值,Export Volume: Electric Storage Water Heater: Current Value (Month),S090715125,S090605378,0,月,个,当期值,0.0,全国,中国,,一般重要,海关总署,,2984,getEcoDataIndElectronic,2015-01-31,2026-06-30,1,EcoInfoProGet,2026-08-13T01:09:36.711019+00:00,出口数量:电热的储存式热水器:当月值,出口数量:电热的储存式热水器:当月值,False,Export Volume: Electric Storage Water Heater: Current Value (Month),Export Volume: Electric Storage Water Heater: Current Value (Month),False,月,月,False,个,个,False,当期值,当期值,False,全国,全国,False,中国,中国,False,海关总署,海关总署,False,getEcoDataIndElectronic,getEcoDataIndElectronic,False,2015-01-31,2015-01-31,False,2026-06-30,2026-06-30,False,1,1,False,True,False,出口数量:电热的储存式热水器:当月值,Export Volume: Electric Storage Water Heater: Current Value (Month),月,个,当期值,全国,中国,海关总署,getEcoDataIndElectronic,2015-01-31,2026-06-30,1,False,False,False,False,False,False,False,False,False,False,False,False,False
801110,家用电器,10,2090715137,出口数量:电热的快速热水器:当月值,Export Volume: Electric Fast Water Heater: Current Value (Month),月,个,当期值,全国,中国,海关总署,getEcoDataIndElectronic,2015-01-31,2026-06-30,1,143.0,2090715137,出口数量:电热的快速热水器:当月值,Export Volume: Electric Fast Water Heater: Current Value (Month),S090715137,S090605378,0,月,个,当期值,0.0,全国,中国,,一般重要,海关总署,,2984,getEcoDataIndElectronic,2015-01-31,2026-06-30,1,EcoInfoProGet,2026-08-13T01:09:36.711019+00:00,出口数量:电热的快速热水器:当月值,出口数量:电热的快速热水器:当月值,False,Export Volume: Electric Fast Water Heater: Current Value (Month),Export Volume: Electric Fast Water Heater: Current Value (Month),False,月,月,False,个,个,False,当期值,当期值,False,全国,全国,False,中国,中国,False,海关总署,海关总署,False,getEcoDataIndElectronic,getEcoDataIndElectronic,False,2015-01-31,2015-01-31,False,2026-06-30,2026-06-30,False,1,1,False,True,False,出口数量:电热的快速热水器:当月值,Export Volume: Electric Fast Water Heater: Current Value (Month),月,个,当期值,全国,中国,海关总署,getEcoDataIndElectronic,2015-01-31,2026-06-30,1,False,False,False,False,False,False,False,False,False,False,False,False,False
801110,家用电器,11,2090715155,出口金额(人民币):其他电热水器:当月值,Export Amount (CNY): Other Electric Water Heaters: Current Value (Month),月,元,当期值,全国,中国,海关总署,getEcoDataIndElectronic,2015-01-31,2026-06-30,1,143.0,2090715155,出口金额(人民币):其他电热水器:当月值,Export Amount (CNY): Other Electric Water Heaters: Current Value (Month),S090715155,S090605378,0,月,元,当期值,0.0,全国,中国,人民币元,一般重要,海关总署,,2984,getEcoDataIndElectronic,2015-01-31,2026-06-30,1,EcoInfoProGet,2026-08-13T01:09:36.711019+00:00,出口金额(人民币):其他电热水器:当月值,出口金额(人民币):其他电热水器:当月值,False,Export Amount (CNY): Other Electric Water Heaters: Current Value (Month),Export Amount (CNY): Other Electric Water Heaters: Current Value (Month),False,月,月,False,元,元,False,当期值,当期值,False,全国,全国,False,中国,中国,False,海关总署,海关总署,False,getEcoDataIndElectronic,getEcoDataIndElectronic,False,2015-01-31,2015-01-31,False,2026-06-30,2026-06-30,False,1,1,False,True,False,出口金额(人民币):其他电热水器:当月值,Export Amount (CNY): Other Electric Water Heaters: Current Value (Month),月,元,当期值,全国,中国,海关总署,getEcoDataIndElectronic,2015-01-31,2026-06-30,1,False,False,False,False,False,False,False,False,False,False,False,False,False
801110,家用电器,12,2090715083,出口金额(人民币):抽油烟机、罩平面最大边长≤120cm:当月值,Export Amount (CNY): The Maximum Side Length of the Range Hood and Hood Plane≤120cm: Current Value (Month),月,元,当期值,全国,中国,海关总署,getEcoDataIndElectronic,2015-01-31,2026-06-30,1,143.0,2090715083,出口金额(人民币):抽油烟机、罩平面最大边长≤120cm:当月值,Export Amount (CNY): The Maximum Side Length of the Range Hood and Hood Plane≤120cm: Current Value (Month),S090715083,S090605378,0,月,元,当期值,0.0,全国,中国,人民币元,一般重要,海关总署,,2984,getEcoDataIndElectronic,2015-01-31,2026-06-30,1,EcoInfoProGet,2026-08-13T01:09:36.711019+00:00,出口金额(人民币):抽油烟机、罩平面最大边长≤120cm:当月值,出口金额(人民币):抽油烟机、罩平面最大边长≤120cm:当月值,False,Export Amount (CNY): The Maximum Side Length of the Range Hood and Hood Plane≤120cm: Current Value (Month),Export Amount (CNY): The Maximum Side Length of the Range Hood and Hood Plane≤120cm: Current Value (Month),False,月,月,False,元,元,False,当期值,当期值,False,全国,全国,False,中国,中国,False,海关总署,海关总署,False,getEcoDataIndElectronic,getEcoDataIndElectronic,False,2015-01-31,2015-01-31,False,2026-06-30,2026-06-30,False,1,1,False,True,False,出口金额(人民币):抽油烟机、罩平面最大边长≤120cm:当月值,Export Amount (CNY): The Maximum Side Length of the Range Hood and Hood Plane≤120cm: Current Value (Month),月,元,当期值,全国,中国,海关总署,getEcoDataIndElectronic,2015-01-31,2026-06-30,1,False,False,False,False,False,False,False,False,False,False,False,False,False
801110,家用电器,13,2090715119,出口金额(人民币):热水器零件:当月值,Export Amount (CNY): Water Heater Components: Current Value (Month),月,元,当期值,全国,中国,海关总署,getEcoDataIndElectronic,2015-01-31,2026-06-30,1,143.0,2090715119,出口金额(人民币):热水器零件:当月值,Export Amount (CNY): Water Heater Components: Current Value (Month),S090715119,S090605378,0,月,元,当期值,0.0,全国,中国,人民币元,一般重要,海关总署,,2984,getEcoDataIndElectronic,2015-01-31,2026-06-30,1,EcoInfoProGet,2026-08-13T01:09:36.711019+00:00,出口金额(人民币):热水器零件:当月值,出口金额(人民币):热水器零件:当月值,False,Export Amount (CNY): Water Heater Components: Current Value (Month),Export Amount (CNY): Water Heater Components: Current Value (Month),False,月,月,False,元,元,False,当期值,当期值,False,全国,全国,False,中国,中国,False,海关总署,海关总署,False,getEcoDataIndElectronic,getEcoDataIndElectronic,False,2015-01-31,2015-01-31,False,2026-06-30,2026-06-30,False,1,1,False,True,False,出口金额(人民币):热水器零件:当月值,Export Amount (CNY): Water Heater Components: Current Value (Month),月,元,当期值,全国,中国,海关总署,getEcoDataIndElectronic,2015-01-31,2026-06-30,1,False,False,False,False,False,False,False,False,False,False,False,False,False
801110,家用电器,14,2090715095,出口金额(人民币):燃气快速热水器:当月值,Export Amount (CNY): Gas Instant Water Heater: Current Value (Month),月,元,当期值,全国,中国,海关总署,getEcoDataIndElectronic,2015-01-31,2026-06-30,1,143.0,2090715095,出口金额(人民币):燃气快速热水器:当月值,Export Amount (CNY): Gas Instant Water Heater: Current Value (Month),S090715095,S090605378,0,月,元,当期值,0.0,全国,中国,人民币元,一般重要,海关总署,,2984,getEcoDataIndElectronic,2015-01-31,2026-06-30,1,EcoInfoProGet,2026-08-13T01:09:36.711019+00:00,出口金额(人民币):燃气快速热水器:当月值,出口金额(人民币):燃气快速热水器:当月值,False,Export Amount (CNY): Gas Instant Water Heater: Current Value (Month),Export Amount (CNY): Gas Instant Water Heater: Current Value (Month),False,月,月,False,元,元,False,当期值,当期值,False,全国,全国,False,中国,中国,False,海关总署,海关总署,False,getEcoDataIndElectronic,getEcoDataIndElectronic,False,2015-01-31,2015-01-31,False,2026-06-30,2026-06-30,False,1,1,False,True,False,出口金额(人民币):燃气快速热水器:当月值,Export Amount (CNY): Gas Instant Water Heater: Current Value (Month),月,元,当期值,全国,中国,海关总署,getEcoDataIndElectronic,2015-01-31,2026-06-30,1,False,False,False,False,False,False,False,False,False,False,False,False,False
801110,家用电器,15,2090715131,出口金额(人民币):电热的储存式热水器:当月值,Export Amount (CNY): Electric Storage Water Heater: Current Value (Month),月,元,当期值,全国,中国,海关总署,getEcoDataIndElectronic,2015-01-31,2026-06-30,1,143.0,2090715131,出口金额(人民币):电热的储存式热水器:当月值,Export Amount (CNY): Electric Storage Water Heater: Current Value (Month),S090715131,S090605378,0,月,元,当期值,0.0,全国,中国,人民币元,一般重要,海关总署,,2984,getEcoDataIndElectronic,2015-01-31,2026-06-30,1,EcoInfoProGet,2026-08-13T01:09:36.711019+00:00,出口金额(人民币):电热的储存式热水器:当月值,出口金额(人民币):电热的储存式热水器:当月值,False,Export Amount (CNY): Electric Storage Water Heater: Current Value (Month),Export Amount (CNY): Electric Storage Water Heater: Current Value (Month),False,月,月,False,元,元,False,当期值,当期值,False,全国,全国,False,中国,中国,False,海关总署,海关总署,False,getEcoDataIndElectronic,getEcoDataIndElectronic,False,2015-01-31,2015-01-31,False,2026-06-30,2026-06-30,False,1,1,False,True,False,出口金额(人民币):电热的储存式热水器:当月值,Export Amount (CNY): Electric Storage Water Heater: Current Value (Month),月,元,当期值,全国,中国,海关总署,getEcoDataIndElectronic,2015-01-31,2026-06-30,1,False,False,False,False,False,False,False,False,False,False,False,False,False
801110,家用电器,16,2090715143,出口金额(人民币):电热的快速热水器:当月值,Export Amount (CNY): Electric Fast Water Heater: Current Value (Month),月,元,当期值,全国,中国,海关总署,getEcoDataIndElectronic,2015-01-31,2026-06-30,1,143.0,2090715143,出口金额(人民币):电热的快速热水器:当月值,Export Amount (CNY): Electric Fast Water Heater: Current Value (Month),S090715143,S090605378,0,月,元,当期值,0.0,全国,中国,人民币元,一般重要,海关总署,,2984,getEcoDataIndElectronic,2015-01-31,2026-06-30,1,EcoInfoProGet,2026-08-13T01:09:36.711019+00:00,出口金额(人民币):电热的快速热水器:当月值,出口金额(人民币):电热的快速热水器:当月值,False,Export Amount (CNY): Electric Fast Water Heater: Current Value (Month),Export Amount (CNY): Electric Fast Water Heater: Current Value (Month),False,月,月,False,元,元,False,当期值,当期值,False,全国,全国,False,中国,中国,False,海关总署,海关总署,False,getEcoDataIndElectronic,getEcoDataIndElectronic,False,2015-01-31,2015-01-31,False,2026-06-30,2026-06-30,False,1,1,False,True,False,出口金额(人民币):电热的快速热水器:当月值,Export Amount (CNY): Electric Fast Water Heater: Current Value (Month),月,元,当期值,全国,中国,海关总署,getEcoDataIndElectronic,2015-01-31,2026-06-30,1,False,False,False,False,False,False,False,False,False,False,False,False,False
801110,家用电器,17,2090716953,出口金额(美元):电热的快速热水器、储存式热水器等(8516):当月值,"Export Value (USD): Electric Fast Water Heater, Storage Water Heater, Etc(8516): Current Month Value",月,美元,当期值,中国,中国,海关总署,getEcoDataIndElectronic,2015-01-31,2026-06-30,1,143.0,2090716953,出口金额(美元):电热的快速热水器、储存式热水器等(8516):当月值,"Export Value (USD): Electric Fast Water Heater, Storage Water Heater, Etc(8516): Current Month Value",S090716953,S090716207,0,月,美元,当期值,2.0,中国,中国,美元,一般重要,海关总署,"HS编码""8516""中文全称为""电热的快速热水器、储存式热水器、浸入式液体加热器;电气空间加热器及土壤加热器;电热的理发器具(例如,电吹风机、电卷发机、电热发钳)及干手器;电熨斗;其他家用电热器具;加热电阻器,但品目8545的货品除外""",2984,getEcoDataIndElectronic,2015-01-31,2026-06-30,1,EcoInfoProGet,2026-08-13T01:09:36.711019+00:00,出口金额(美元):电热的快速热水器、储存式热水器等(8516):当月值,出口金额(美元):电热的快速热水器、储存式热水器等(8516):当月值,False,"Export Value (USD): Electric Fast Water Heater, Storage Water Heater, Etc(8516): Current Month Value","Export Value (USD): Electric Fast Water Heater, Storage Water Heater, Etc(8516): Current Month Value",False,月,月,False,美元,美元,False,当期值,当期值,False,中国,中国,False,中国,中国,False,海关总署,海关总署,False,getEcoDataIndElectronic,getEcoDataIndElectronic,False,2015-01-31,2015-01-31,False,2026-06-30,2026-06-30,False,1,1,False,True,False,出口金额(美元):电热的快速热水器、储存式热水器等(8516):当月值,"Export Value (USD): Electric Fast Water Heater, Storage Water Heater, Etc(8516): Current Month Value",月,美元,当期值,中国,中国,海关总署,getEcoDataIndElectronic,2015-01-31,2026-06-30,1,False,False,False,False,False,False,False,False,False,False,False,False,False
801110,家用电器,18,2090716955,进出口金额(美元):电热的快速热水器、储存式热水器等(8516):当月值,"Import And Export Value (USD): Electric Fast Water Heater, Storage Water Heater, Etc(8516): Current Month Value",月,美元,当期值,中国,中国,海关总署,getEcoDataIndElectronic,2015-01-31,2026-06-30,1,143.0,2090716955,进出口金额(美元):电热的快速热水器、储存式热水器等(8516):当月值,"Import And Export Value (USD): Electric Fast Water Heater, Storage Water Heater, Etc(8516): Current Month Value",S090716955,S090716207,0,月,美元,当期值,2.0,中国,中国,美元,一般重要,海关总署,"HS编码""8516""中文全称为""电热的快速热水器、储存式热水器、浸入式液体加热器;电气空间加热器及土壤加热器;电热的理发器具(例如,电吹风机、电卷发机、电热发钳)及干手器;电熨斗;其他家用电热器具;加热电阻器,但品目8545的货品除外""",2984,getEcoDataIndElectronic,2015-01-31,2026-06-30,1,EcoInfoProGet,2026-08-13T01:09:36.711019+00:00,进出口金额(美元):电热的快速热水器、储存式热水器等(8516):当月值,进出口金额(美元):电热的快速热水器、储存式热水器等(8516):当月值,False,"Import And Export Value (USD): Electric Fast Water Heater, Storage Water Heater, Etc(8516): Current Month Value","Import And Export Value (USD): Electric Fast Water Heater, Storage Water Heater, Etc(8516): Current Month Value",False,月,月,False,美元,美元,False,当期值,当期值,False,中国,中国,False,中国,中国,False,海关总署,海关总署,False,getEcoDataIndElectronic,getEcoDataIndElectronic,False,2015-01-31,2015-01-31,False,2026-06-30,2026-06-30,False,1,1,False,True,False,进出口金额(美元):电热的快速热水器、储存式热水器等(8516):当月值,"Import And Export Value (USD): Electric Fast Water Heater, Storage Water Heater, Etc(8516): Current Month Value",月,美元,当期值,中国,中国,海关总署,getEcoDataIndElectronic,2015-01-31,2026-06-30,1,False,False,False,False,False,False,False,False,False,False,False,False,False
801110,家用电器,19,2090727470,出口:家电:抽油烟机,,季,万台,当期值,全国,中国,产业在线,getEcoDataIndElectronic,2016-03-31,2026-03-31,1,141.0,2090727470,出口:家电:抽油烟机,,S090727470,S090605485,0,季,万台,当期值,2.0,全国,中国,,一般重要,产业在线,,2984,getEcoDataIndElectronic,2016-03-31,2026-03-31,1,EcoInfoProGet,2026-08-13T01:09:36.711019+00:00,出口:家电:抽油烟机,出口:家电:抽油烟机,False,,,False,季,季,False,万台,万台,False,当期值,当期值,False,全国,全国,False,中国,中国,False,产业在线,产业在线,False,getEcoDataIndElectronic,getEcoDataIndElectronic,False,2016-03-31,2016-03-31,False,2026-03-31,2026-03-31,False,1,1,False,True,False,出口:家电:抽油烟机,,季,万台,当期值,全国,中国,产业在线,getEcoDataIndElectronic,2016-03-31,2026-03-31,1,False,False,False,False,False,False,False,False,False,False,False,False,False
801110,家用电器,20,2090727454,产量:抽油烟机:当季值,,季,万台,当期值,全国,中国,产业在线,getEcoDataIndElectronic,2016-03-31,2026-03-31,1,139.0,2090727454,产量:抽油烟机:当季值,,S090727454,S090604318,0,季,万台,当期值,2.0,全国,中国,,一般重要,产业在线,,2984,getEcoDataIndElectronic,2016-03-31,2026-03-31,1,EcoInfoProGet,2026-08-13T01:09:36.711019+00:00,产量:抽油烟机:当季值,产量:抽油烟机:当季值,False,,,False,季,季,False,万台,万台,False,当期值,当期值,False,全国,全国,False,中国,中国,False,产业在线,产业在线,False,getEcoDataIndElectronic,getEcoDataIndElectronic,False,2016-03-31,2016-03-31,False,2026-03-31,2026-03-31,False,1,1,False,True,False,产量:抽油烟机:当季值,,季,万台,当期值,全国,中国,产业在线,getEcoDataIndElectronic,2016-03-31,2026-03-31,1,False,False,False,False,False,False,False,False,False,False,False,False,False
801110,家用电器,21,2090727407,销量:抽油烟机:当季值,,季,万台,当期值,全国,中国,产业在线,getEcoDataIndElectronic,2016-03-31,2026-03-31,1,139.0,2090727407,销量:抽油烟机:当季值,,S090727407,S090604703,0,季,万台,当期值,2.0,全国,中国,,一般重要,产业在线,,2984,getEcoDataIndElectronic,2016-03-31,2026-03-31,1,EcoInfoProGet,2026-08-13T01:09:36.711019+00:00,销量:抽油烟机:当季值,销量:抽油烟机:当季值,False,,,False,季,季,False,万台,万台,False,当期值,当期值,False,全国,全国,False,中国,中国,False,产业在线,产业在线,False,getEcoDataIndElectronic,getEcoDataIndElectronic,False,2016-03-31,2016-03-31,False,2026-03-31,2026-03-31,False,1,1,False,True,False,销量:抽油烟机:当季值,,季,万台,当期值,全国,中国,产业在线,getEcoDataIndElectronic,2016-03-31,2026-03-31,1,False,False,False,False,False,False,False,False,False,False,False,False,False
801110,家用电器,22,2090726559,出口数量:机电产品:家用电器:冰箱:当月环比,,月,%,当期环比,,中国,Datayes!,getEcoDataIndElectronic,2014-07-31,2026-06-30,1,135.0,2090726559,出口数量:机电产品:家用电器:冰箱:当月环比,,S090726559,S090605378,0,月,%,当期环比,2.0,,中国,,不重要,Datayes!,,2984,getEcoDataIndElectronic,2014-07-31,2026-06-30,1,EcoInfoProGet,2026-08-13T01:09:36.711019+00:00,出口数量:机电产品:家用电器:冰箱:当月环比,出口数量:机电产品:家用电器:冰箱:当月环比,False,,,False,月,月,False,%,%,False,当期环比,当期环比,False,,,False,中国,中国,False,Datayes!,Datayes!,False,getEcoDataIndElectronic,getEcoDataIndElectronic,False,2014-07-31,2014-07-31,False,2026-06-30,2026-06-30,False,1,1,False,True,False,出口数量:机电产品:家用电器:冰箱:当月环比,,月,%,当期环比,,中国,Datayes!,getEcoDataIndElectronic,2014-07-31,2026-06-30,1,False,False,False,False,False,False,False,False,False,False,False,False,False
801110,家用电器,23,2090726562,出口数量:机电产品:家用电器:微波炉:当月环比,,月,%,当期环比,,中国,Datayes!,getEcoDataIndElectronic,2014-07-31,2026-06-30,1,135.0,2090726562,出口数量:机电产品:家用电器:微波炉:当月环比,,S090726562,S090605378,0,月,%,当期环比,2.0,,中国,,不重要,Datayes!,,2984,getEcoDataIndElectronic,2014-07-31,2026-06-30,1,EcoInfoProGet,2026-08-13T01:09:36.711019+00:00,出口数量:机电产品:家用电器:微波炉:当月环比,出口数量:机电产品:家用电器:微波炉:当月环比,False,,,False,月,月,False,%,%,False,当期环比,当期环比,False,,,False,中国,中国,False,Datayes!,Datayes!,False,getEcoDataIndElectronic,getEcoDataIndElectronic,False,2014-07-31,2014-07-31,False,2026-06-30,2026-06-30,False,1,1,False,True,False,出口数量:机电产品:家用电器:微波炉:当月环比,,月,%,当期环比,,中国,Datayes!,getEcoDataIndElectronic,2014-07-31,2026-06-30,1,False,False,False,False,False,False,False,False,False,False,False,False,False
801110,家用电器,24,2090726560,出口数量:机电产品:家用电器:洗衣机:当月环比,,月,%,当期环比,,中国,Datayes!,getEcoDataIndElectronic,2014-07-31,2026-06-30,1,135.0,2090726560,出口数量:机电产品:家用电器:洗衣机:当月环比,,S090726560,S090605378,0,月,%,当期环比,2.0,,中国,,不重要,Datayes!,,2984,getEcoDataIndElectronic,2014-07-31,2026-06-30,1,EcoInfoProGet,2026-08-13T01:09:36.711019+00:00,出口数量:机电产品:家用电器:洗衣机:当月环比,出口数量:机电产品:家用电器:洗衣机:当月环比,False,,,False,月,月,False,%,%,False,当期环比,当期环比,False,,,False,中国,中国,False,Datayes!,Datayes!,False,getEcoDataIndElectronic,getEcoDataIndElectronic,False,2014-07-31,2014-07-31,False,2026-06-30,2026-06-30,False,1,1,False,True,False,出口数量:机电产品:家用电器:洗衣机:当月环比,,月,%,当期环比,,中国,Datayes!,getEcoDataIndElectronic,2014-07-31,2026-06-30,1,False,False,False,False,False,False,False,False,False,False,False,False,False
801110,家用电器,25,2090726551,出口数量:机电产品:家用电器:电视机:当月环比,,月,%,当期环比,,中国,Datayes!,getEcoDataIndElectronic,2014-07-31,2026-06-30,1,135.0,2090726551,出口数量:机电产品:家用电器:电视机:当月环比,,S090726551,S090605378,0,月,%,当期环比,2.0,,中国,,不重要,Datayes!,,2984,getEcoDataIndElectronic,2014-07-31,2026-06-30,1,EcoInfoProGet,2026-08-13T01:09:36.711019+00:00,出口数量:机电产品:家用电器:电视机:当月环比,出口数量:机电产品:家用电器:电视机:当月环比,False,,,False,月,月,False,%,%,False,当期环比,当期环比,False,,,False,中国,中国,False,Datayes!,Datayes!,False,getEcoDataIndElectronic,getEcoDataIndElectronic,False,2014-07-31,2014-07-31,False,2026-06-30,2026-06-30,False,1,1,False,True,False,出口数量:机电产品:家用电器:电视机:当月环比,,月,%,当期环比,,中国,Datayes!,getEcoDataIndElectronic,2014-07-31,2026-06-30,1,False,False,False,False,False,False,False,False,False,False,False,False,False
801110,家用电器,26,2090726558,出口数量:机电产品:家用电器:空调:当月环比,,月,%,当期环比,,中国,Datayes!,getEcoDataIndElectronic,2014-07-31,2026-06-30,1,135.0,2090726558,出口数量:机电产品:家用电器:空调:当月环比,,S090726558,S090605378,0,月,%,当期环比,2.0,,中国,,不重要,Datayes!,,2984,getEcoDataIndElectronic,2014-07-31,2026-06-30,1,EcoInfoProGet,2026-08-13T01:09:36.711019+00:00,出口数量:机电产品:家用电器:空调:当月环比,出口数量:机电产品:家用电器:空调:当月环比,False,,,False,月,月,False,%,%,False,当期环比,当期环比,False,,,False,中国,中国,False,Datayes!,Datayes!,False,getEcoDataIndElectronic,getEcoDataIndElectronic,False,2014-07-31,2014-07-31,False,2026-06-30,2026-06-30,False,1,1,False,True,False,出口数量:机电产品:家用电器:空调:当月环比,,月,%,当期环比,,中国,Datayes!,getEcoDataIndElectronic,2014-07-31,2026-06-30,1,False,False,False,False,False,False,False,False,False,False,False,False,False
801110,家用电器,27,2090716956,贸易差额(美元):电热的快速热水器、储存式热水器等(8516):当月值,"Trade Balance (USD): Electric Fast Water Heater, Storage Water Heater, Etc(8516): Current Month Value",月,美元,当期值,中国,中国,海关总署,getEcoDataIndElectronic,2017-01-31,2026-06-30,1,135.0,2090716956,贸易差额(美元):电热的快速热水器、储存式热水器等(8516):当月值,"Trade Balance (USD): Electric Fast Water Heater, Storage Water Heater, Etc(8516): Current Month Value",S090716956,S090716207,0,月,美元,当期值,2.0,中国,中国,美元,一般重要,海关总署,"HS编码""8516""中文全称为""电热的快速热水器、储存式热水器、浸入式液体加热器;电气空间加热器及土壤加热器;电热的理发器具(例如,电吹风机、电卷发机、电热发钳)及干手器;电熨斗;其他家用电热器具;加热电阻器,但品目8545的货品除外""",2984,getEcoDataIndElectronic,2017-01-31,2026-06-30,1,EcoInfoProGet,2026-08-13T01:09:36.711019+00:00,贸易差额(美元):电热的快速热水器、储存式热水器等(8516):当月值,贸易差额(美元):电热的快速热水器、储存式热水器等(8516):当月值,False,"Trade Balance (USD): Electric Fast Water Heater, Storage Water Heater, Etc(8516): Current Month Value","Trade Balance (USD): Electric Fast Water Heater, Storage Water Heater, Etc(8516): Current Month Value",False,月,月,False,美元,美元,False,当期值,当期值,False,中国,中国,False,中国,中国,False,海关总署,海关总署,False,getEcoDataIndElectronic,getEcoDataIndElectronic,False,2017-01-31,2017-01-31,False,2026-06-30,2026-06-30,False,1,1,False,True,False,贸易差额(美元):电热的快速热水器、储存式热水器等(8516):当月值,"Trade Balance (USD): Electric Fast Water Heater, Storage Water Heater, Etc(8516): Current Month Value",月,美元,当期值,中国,中国,海关总署,getEcoDataIndElectronic,2017-01-31,2026-06-30,1,False,False,False,False,False,False,False,False,False,False,False,False,False
801110,家用电器,28,2090715146,进口数量:其他电热水器:当月值,Import Volume: Other Electric Water Heaters: Current Value (Month),月,个,当期值,全国,中国,海关总署,getEcoDataIndElectronic,2015-01-31,2026-06-30,1,135.0,2090715146,进口数量:其他电热水器:当月值,Import Volume: Other Electric Water Heaters: Current Value (Month),S090715146,S090200002,0,月,个,当期值,0.0,全国,中国,,一般重要,海关总署,,2984,getEcoDataIndElectronic,2015-01-31,2026-06-30,1,EcoInfoProGet,2026-08-13T01:09:36.711019+00:00,进口数量:其他电热水器:当月值,进口数量:其他电热水器:当月值,False,Import Volume: Other Electric Water Heaters: Current Value (Month),Import Volume: Other Electric Water Heaters: Current Value (Month),False,月,月,False,个,个,False,当期值,当期值,False,全国,全国,False,中国,中国,False,海关总署,海关总署,False,getEcoDataIndElectronic,getEcoDataIndElectronic,False,2015-01-31,2015-01-31,False,2026-06-30,2026-06-30,False,1,1,False,True,False,进口数量:其他电热水器:当月值,Import Volume: Other Electric Water Heaters: Current Value (Month),月,个,当期值,全国,中国,海关总署,getEcoDataIndElectronic,2015-01-31,2026-06-30,1,False,False,False,False,False,False,False,False,False,False,False,False,False
801110,家用电器,29,2090715074,进口数量:抽油烟机、罩平面最大边长≤120cm:当月值,Import Volume: The Maximum Side Length of the Range Hood and Hood Plane≤120cm: Current Value (Month),月,台,当期值,全国,中国,海关总署,getEcoDataIndElectronic,2015-01-31,2026-06-30,1,135.0,2090715074,进口数量:抽油烟机、罩平面最大边长≤120cm:当月值,Import Volume: The Maximum Side Length of the Range Hood and Hood Plane≤120cm: Current Value (Month),S090715074,S090200002,0,月,台,当期值,0.0,全国,中国,人民币元,一般重要,海关总署,,2984,getEcoDataIndElectronic,2015-01-31,2026-06-30,1,EcoInfoProGet,2026-08-13T01:09:36.711019+00:00,进口数量:抽油烟机、罩平面最大边长≤120cm:当月值,进口数量:抽油烟机、罩平面最大边长≤120cm:当月值,False,Import Volume: The Maximum Side Length of the Range Hood and Hood Plane≤120cm: Current Value (Month),Import Volume: The Maximum Side Length of the Range Hood and Hood Plane≤120cm: Current Value (Month),False,月,月,False,台,台,False,当期值,当期值,False,全国,全国,False,中国,中国,False,海关总署,海关总署,False,getEcoDataIndElectronic,getEcoDataIndElectronic,False,2015-01-31,2015-01-31,False,2026-06-30,2026-06-30,False,1,1,False,True,False,进口数量:抽油烟机、罩平面最大边长≤120cm:当月值,Import Volume: The Maximum Side Length of the Range Hood and Hood Plane≤120cm: Current Value (Month),月,台,当期值,全国,中国,海关总署,getEcoDataIndElectronic,2015-01-31,2026-06-30,1,False,False,False,False,False,False,False,False,False,False,False,False,False
801110,家用电器,30,2090715110,进口数量:热水器零件:当月值,Import Volume: Water Heater Components: Current Value (Month),月,千克,当期值,全国,中国,海关总署,getEcoDataIndElectronic,2015-01-31,2026-06-30,1,135.0,2090715110,进口数量:热水器零件:当月值,Import Volume: Water Heater Components: Current Value (Month),S090715110,S090200002,0,月,千克,当期值,0.0,全国,中国,,一般重要,海关总署,,2984,getEcoDataIndElectronic,2015-01-31,2026-06-30,1,EcoInfoProGet,2026-08-13T01:09:36.711019+00:00,进口数量:热水器零件:当月值,进口数量:热水器零件:当月值,False,Import Volume: Water Heater Components: Current Value (Month),Import Volume: Water Heater Components: Current Value (Month),False,月,月,False,千克,千克,False,当期值,当期值,False,全国,全国,False,中国,中国,False,海关总署,海关总署,False,getEcoDataIndElectronic,getEcoDataIndElectronic,False,2015-01-31,2015-01-31,False,2026-06-30,2026-06-30,False,1,1,False,True,False,进口数量:热水器零件:当月值,Import Volume: Water Heater Components: Current Value (Month),月,千克,当期值,全国,中国,海关总署,getEcoDataIndElectronic,2015-01-31,2026-06-30,1,False,False,False,False,False,False,False,False,False,False,False,False,False
801120,食品饮料,1,1040001910,国内现货价格:零售价:中老年奶粉,Domestic Spot Price: Retail Price: Milk Powder For Middle-Aged Adults,周,元/公斤,当期值,全国,中国,商务部,getEcoDataChina,2009-05-01,2026-07-31,1,147.0,1040001910,国内现货价格:零售价:中老年奶粉,Domestic Spot Price: Retail Price: Milk Powder For Middle-Aged Adults,M040001910,M040001860,0,周,元/公斤,当期值,2.0,全国,中国,人民币元,不重要,商务部,,2975,getEcoDataChina,2009-05-01,2026-08-07,1,EcoInfoProGet,2026-08-13T01:09:36.711019+00:00,国内现货价格:零售价:中老年奶粉,国内现货价格:零售价:中老年奶粉,False,Domestic Spot Price: Retail Price: Milk Powder For Middle-Aged Adults,Domestic Spot Price: Retail Price: Milk Powder For Middle-Aged Adults,False,周,周,False,元/公斤,元/公斤,False,当期值,当期值,False,全国,全国,False,中国,中国,False,商务部,商务部,False,getEcoDataChina,getEcoDataChina,False,2009-05-01,2009-05-01,False,2026-07-31,2026-08-07,True,1,1,False,True,True,国内现货价格:零售价:中老年奶粉,Domestic Spot Price: Retail Price: Milk Powder For Middle-Aged Adults,周,元/公斤,当期值,全国,中国,商务部,getEcoDataChina,2009-05-01,2026-07-31,1,False,False,False,False,False,False,False,False,False,False,True,False,True
801120,食品饮料,2,1040001909,国内现货价格:零售价:国产品牌婴幼儿奶粉,Domestic Spot Price: Retail Price: Domestic-Branded Milk Powder For Infants,周,元/公斤,当期值,全国,中国,商务部,getEcoDataChina,2009-05-01,2026-07-31,1,147.0,1040001909,国内现货价格:零售价:国产品牌婴幼儿奶粉,Domestic Spot Price: Retail Price: Domestic-Branded Milk Powder For Infants,M040001909,M040001860,0,周,元/公斤,当期值,2.0,全国,中国,人民币元,不重要,商务部,,2975,getEcoDataChina,2009-05-01,2026-08-07,1,EcoInfoProGet,2026-08-13T01:09:36.711019+00:00,国内现货价格:零售价:国产品牌婴幼儿奶粉,国内现货价格:零售价:国产品牌婴幼儿奶粉,False,Domestic Spot Price: Retail Price: Domestic-Branded Milk Powder For Infants,Domestic Spot Price: Retail Price: Domestic-Branded Milk Powder For Infants,False,周,周,False,元/公斤,元/公斤,False,当期值,当期值,False,全国,全国,False,中国,中国,False,商务部,商务部,False,getEcoDataChina,getEcoDataChina,False,2009-05-01,2009-05-01,False,2026-07-31,2026-08-07,True,1,1,False,True,True,国内现货价格:零售价:国产品牌婴幼儿奶粉,Domestic Spot Price: Retail Price: Domestic-Branded Milk Powder For Infants,周,元/公斤,当期值,全国,中国,商务部,getEcoDataChina,2009-05-01,2026-07-31,1,False,False,False,False,False,False,False,False,False,False,True,False,True
801120,食品饮料,3,1040001908,国内现货价格:零售价:国外品牌婴幼儿奶粉,Domestic Spot Price: Retail Price: Foreign-Branded Milk Powder For Infants,周,元/公斤,当期值,全国,中国,商务部,getEcoDataChina,2009-05-01,2026-07-31,1,147.0,1040001908,国内现货价格:零售价:国外品牌婴幼儿奶粉,Domestic Spot Price: Retail Price: Foreign-Branded Milk Powder For Infants,M040001908,M040001860,0,周,元/公斤,当期值,2.0,全国,中国,人民币元,不重要,商务部,,2975,getEcoDataChina,2009-05-01,2026-08-07,1,EcoInfoProGet,2026-08-13T01:09:36.711019+00:00,国内现货价格:零售价:国外品牌婴幼儿奶粉,国内现货价格:零售价:国外品牌婴幼儿奶粉,False,Domestic Spot Price: Retail Price: Foreign-Branded Milk Powder For Infants,Domestic Spot Price: Retail Price: Foreign-Branded Milk Powder For Infants,False,周,周,False,元/公斤,元/公斤,False,当期值,当期值,False,全国,全国,False,中国,中国,False,商务部,商务部,False,getEcoDataChina,getEcoDataChina,False,2009-05-01,2009-05-01,False,2026-07-31,2026-08-07,True,1,1,False,True,True,国内现货价格:零售价:国外品牌婴幼儿奶粉,Domestic Spot Price: Retail Price: Foreign-Branded Milk Powder For Infants,周,元/公斤,当期值,全国,中国,商务部,getEcoDataChina,2009-05-01,2026-07-31,1,False,False,False,False,False,False,False,False,False,False,True,False,True
801120,食品饮料,4,1040001906,国内现货价格:零售价:牛奶,Domestic Spot Price: Retail Price: Milk,周,元/升,当期值,全国,中国,商务部,getEcoDataChina,2009-05-01,2026-07-31,1,147.0,1040001906,国内现货价格:零售价:牛奶,Domestic Spot Price: Retail Price: Milk,M040001906,M040001860,0,周,元/升,当期值,2.0,全国,中国,人民币元,不重要,商务部,,2975,getEcoDataChina,2009-05-01,2026-08-07,1,EcoInfoProGet,2026-08-13T01:09:36.711019+00:00,国内现货价格:零售价:牛奶,国内现货价格:零售价:牛奶,False,Domestic Spot Price: Retail Price: Milk,Domestic Spot Price: Retail Price: Milk,False,周,周,False,元/升,元/升,False,当期值,当期值,False,全国,全国,False,中国,中国,False,商务部,商务部,False,getEcoDataChina,getEcoDataChina,False,2009-05-01,2009-05-01,False,2026-07-31,2026-08-07,True,1,1,False,True,True,国内现货价格:零售价:牛奶,Domestic Spot Price: Retail Price: Milk,周,元/升,当期值,全国,中国,商务部,getEcoDataChina,2009-05-01,2026-07-31,1,False,False,False,False,False,False,False,False,False,False,True,False,True
801120,食品饮料,5,2110732342,全国白酒定基价格指数:名酒,National Baijiu Fixed Base Price Index: Vintage Wine,旬,2012年2月=100,当期值,全国,中国,泸州·中国白酒商品批发价格指数办公室,getEcoDataIndFoodbeverage,2013-01-10,2026-07-31,1,145.0,2110732342,全国白酒定基价格指数:名酒,National Baijiu Fixed Base Price Index: Vintage Wine,S110732342,S110732336,0,旬,2012年2月=100,当期值,2.0,全国,中国,,不重要,泸州·中国白酒商品批发价格指数办公室,,2987,getEcoDataIndFoodbeverage,2013-01-10,2026-08-10,1,EcoInfoProGet,2026-08-13T01:09:36.711019+00:00,全国白酒定基价格指数:名酒,全国白酒定基价格指数:名酒,False,National Baijiu Fixed Base Price Index: Vintage Wine,National Baijiu Fixed Base Price Index: Vintage Wine,False,旬,旬,False,2012年2月=100,2012年2月=100,False,当期值,当期值,False,全国,全国,False,中国,中国,False,泸州·中国白酒商品批发价格指数办公室,泸州·中国白酒商品批发价格指数办公室,False,getEcoDataIndFoodbeverage,getEcoDataIndFoodbeverage,False,2013-01-10,2013-01-10,False,2026-07-31,2026-08-10,True,1,1,False,True,True,全国白酒定基价格指数:名酒,National Baijiu Fixed Base Price Index: Vintage Wine,旬,2012年2月=100,当期值,全国,中国,泸州·中国白酒商品批发价格指数办公室,getEcoDataIndFoodbeverage,2013-01-10,2026-08-10,1,False,False,False,False,False,False,False,False,False,False,False,False,False
801120,食品饮料,6,2110732343,全国白酒定基价格指数:地方酒,National Baijiu Fixed Base Price Index: Local Wine,旬,2012年2月=100,当期值,全国,中国,泸州·中国白酒商品批发价格指数办公室,getEcoDataIndFoodbeverage,2013-01-10,2026-07-31,1,145.0,2110732343,全国白酒定基价格指数:地方酒,National Baijiu Fixed Base Price Index: Local Wine,S110732343,S110732336,0,旬,2012年2月=100,当期值,2.0,全国,中国,,不重要,泸州·中国白酒商品批发价格指数办公室,,2987,getEcoDataIndFoodbeverage,2013-01-10,2026-08-10,1,EcoInfoProGet,2026-08-13T01:09:36.711019+00:00,全国白酒定基价格指数:地方酒,全国白酒定基价格指数:地方酒,False,National Baijiu Fixed Base Price Index: Local Wine,National Baijiu Fixed Base Price Index: Local Wine,False,旬,旬,False,2012年2月=100,2012年2月=100,False,当期值,当期值,False,全国,全国,False,中国,中国,False,泸州·中国白酒商品批发价格指数办公室,泸州·中国白酒商品批发价格指数办公室,False,getEcoDataIndFoodbeverage,getEcoDataIndFoodbeverage,False,2013-01-10,2013-01-10,False,2026-07-31,2026-08-10,True,1,1,False,True,True,全国白酒定基价格指数:地方酒,National Baijiu Fixed Base Price Index: Local Wine,旬,2012年2月=100,当期值,全国,中国,泸州·中国白酒商品批发价格指数办公室,getEcoDataIndFoodbeverage,2013-01-10,2026-08-10,1,False,False,False,False,False,False,False,False,False,False,False,False,False
801120,食品饮料,7,2110732344,全国白酒定基价格指数:基酒,National Baijiu Fixed Base Price Index: Base Wine,旬,2012年2月=100,当期值,全国,中国,泸州·中国白酒商品批发价格指数办公室,getEcoDataIndFoodbeverage,2013-01-10,2026-07-31,1,145.0,2110732344,全国白酒定基价格指数:基酒,National Baijiu Fixed Base Price Index: Base Wine,S110732344,S110732336,0,旬,2012年2月=100,当期值,2.0,全国,中国,,不重要,泸州·中国白酒商品批发价格指数办公室,,2987,getEcoDataIndFoodbeverage,2013-01-10,2026-08-10,1,EcoInfoProGet,2026-08-13T01:09:36.711019+00:00,全国白酒定基价格指数:基酒,全国白酒定基价格指数:基酒,False,National Baijiu Fixed Base Price Index: Base Wine,National Baijiu Fixed Base Price Index: Base Wine,False,旬,旬,False,2012年2月=100,2012年2月=100,False,当期值,当期值,False,全国,全国,False,中国,中国,False,泸州·中国白酒商品批发价格指数办公室,泸州·中国白酒商品批发价格指数办公室,False,getEcoDataIndFoodbeverage,getEcoDataIndFoodbeverage,False,2013-01-10,2013-01-10,False,2026-07-31,2026-08-10,True,1,1,False,True,True,全国白酒定基价格指数:基酒,National Baijiu Fixed Base Price Index: Base Wine,旬,2012年2月=100,当期值,全国,中国,泸州·中国白酒商品批发价格指数办公室,getEcoDataIndFoodbeverage,2013-01-10,2026-08-10,1,False,False,False,False,False,False,False,False,False,False,False,False,False
801120,食品饮料,8,2110732341,全国白酒定基价格指数:总指数,National Baijiu Fixed Base Price Index: Total Index,旬,2012年2月=100,当期值,全国,中国,泸州·中国白酒商品批发价格指数办公室,getEcoDataIndFoodbeverage,2013-01-10,2026-07-31,1,145.0,2110732341,全国白酒定基价格指数:总指数,National Baijiu Fixed Base Price Index: Total Index,S110732341,S110732336,0,旬,2012年2月=100,当期值,2.0,全国,中国,,不重要,泸州·中国白酒商品批发价格指数办公室,,2987,getEcoDataIndFoodbeverage,2013-01-10,2026-08-10,1,EcoInfoProGet,2026-08-13T01:09:36.711019+00:00,全国白酒定基价格指数:总指数,全国白酒定基价格指数:总指数,False,National Baijiu Fixed Base Price Index: Total Index,National Baijiu Fixed Base Price Index: Total Index,False,旬,旬,False,2012年2月=100,2012年2月=100,False,当期值,当期值,False,全国,全国,False,中国,中国,False,泸州·中国白酒商品批发价格指数办公室,泸州·中国白酒商品批发价格指数办公室,False,getEcoDataIndFoodbeverage,getEcoDataIndFoodbeverage,False,2013-01-10,2013-01-10,False,2026-07-31,2026-08-10,True,1,1,False,True,True,全国白酒定基价格指数:总指数,National Baijiu Fixed Base Price Index: Total Index,旬,2012年2月=100,当期值,全国,中国,泸州·中国白酒商品批发价格指数办公室,getEcoDataIndFoodbeverage,2013-01-10,2026-08-10,1,False,False,False,False,False,False,False,False,False,False,False,False,False
801120,食品饮料,9,2110735148,白酒批发价格指数:总指数:全国:中度:当旬值,,旬,2012年2月=100,当期值,全国,中国,泸州·中国白酒商品批发价格指数办公室,getEcoDataIndFoodbeverage,2012-03-10,2026-07-31,1,145.0,2110735148,白酒批发价格指数:总指数:全国:中度:当旬值,,S110735148,S110000084,0,旬,2012年2月=100,当期值,2.0,全国,中国,,一般重要,泸州·中国白酒商品批发价格指数办公室,,2987,getEcoDataIndFoodbeverage,2012-03-10,2026-08-10,1,EcoInfoProGet,2026-08-13T01:09:36.711019+00:00,白酒批发价格指数:总指数:全国:中度:当旬值,白酒批发价格指数:总指数:全国:中度:当旬值,False,,,False,旬,旬,False,2012年2月=100,2012年2月=100,False,当期值,当期值,False,全国,全国,False,中国,中国,False,泸州·中国白酒商品批发价格指数办公室,泸州·中国白酒商品批发价格指数办公室,False,getEcoDataIndFoodbeverage,getEcoDataIndFoodbeverage,False,2012-03-10,2012-03-10,False,2026-07-31,2026-08-10,True,1,1,False,True,True,白酒批发价格指数:总指数:全国:中度:当旬值,,旬,2012年2月=100,当期值,全国,中国,泸州·中国白酒商品批发价格指数办公室,getEcoDataIndFoodbeverage,2012-03-10,2026-08-10,1,False,False,False,False,False,False,False,False,False,False,False,False,False
801120,食品饮料,10,2110735149,白酒批发价格指数:总指数:全国:低度:当旬值,,旬,2012年2月=100,当期值,全国,中国,泸州·中国白酒商品批发价格指数办公室,getEcoDataIndFoodbeverage,2012-03-10,2026-07-31,1,145.0,2110735149,白酒批发价格指数:总指数:全国:低度:当旬值,,S110735149,S110000084,0,旬,2012年2月=100,当期值,2.0,全国,中国,,一般重要,泸州·中国白酒商品批发价格指数办公室,,2987,getEcoDataIndFoodbeverage,2012-03-10,2026-08-10,1,EcoInfoProGet,2026-08-13T01:09:36.711019+00:00,白酒批发价格指数:总指数:全国:低度:当旬值,白酒批发价格指数:总指数:全国:低度:当旬值,False,,,False,旬,旬,False,2012年2月=100,2012年2月=100,False,当期值,当期值,False,全国,全国,False,中国,中国,False,泸州·中国白酒商品批发价格指数办公室,泸州·中国白酒商品批发价格指数办公室,False,getEcoDataIndFoodbeverage,getEcoDataIndFoodbeverage,False,2012-03-10,2012-03-10,False,2026-07-31,2026-08-10,True,1,1,False,True,True,白酒批发价格指数:总指数:全国:低度:当旬值,,旬,2012年2月=100,当期值,全国,中国,泸州·中国白酒商品批发价格指数办公室,getEcoDataIndFoodbeverage,2012-03-10,2026-08-10,1,False,False,False,False,False,False,False,False,False,False,False,False,False
801120,食品饮料,11,2110735147,白酒批发价格指数:总指数:全国:高度:当旬值,,旬,2012年2月=100,当期值,全国,中国,泸州·中国白酒商品批发价格指数办公室,getEcoDataIndFoodbeverage,2012-03-10,2026-07-31,1,145.0,2110735147,白酒批发价格指数:总指数:全国:高度:当旬值,,S110735147,S110000084,0,旬,2012年2月=100,当期值,2.0,全国,中国,,一般重要,泸州·中国白酒商品批发价格指数办公室,,2987,getEcoDataIndFoodbeverage,2012-03-10,2026-08-10,1,EcoInfoProGet,2026-08-13T01:09:36.711019+00:00,白酒批发价格指数:总指数:全国:高度:当旬值,白酒批发价格指数:总指数:全国:高度:当旬值,False,,,False,旬,旬,False,2012年2月=100,2012年2月=100,False,当期值,当期值,False,全国,全国,False,中国,中国,False,泸州·中国白酒商品批发价格指数办公室,泸州·中国白酒商品批发价格指数办公室,False,getEcoDataIndFoodbeverage,getEcoDataIndFoodbeverage,False,2012-03-10,2012-03-10,False,2026-07-31,2026-08-10,True,1,1,False,True,True,白酒批发价格指数:总指数:全国:高度:当旬值,,旬,2012年2月=100,当期值,全国,中国,泸州·中国白酒商品批发价格指数办公室,getEcoDataIndFoodbeverage,2012-03-10,2026-08-10,1,False,False,False,False,False,False,False,False,False,False,False,False,False
801120,食品饮料,12,1040020165,iCPI:食品烟酒:茶及饮料:环比,"iCPI: Food, Tobacco and Alcohol: Tea and Beverages: DoM",日,%,当期环比,全国,中国,清华大学iCPI项目组,getEcoDataChina,2016-01-01,2026-08-06,1,144.0,1040020165,iCPI:食品烟酒:茶及饮料:环比,"iCPI: Food, Tobacco and Alcohol: Tea and Beverages: DoM",M040020165,M040020104,0,日,%,当期环比,1.0,全国,中国,,比较重要,清华大学iCPI项目组,,2975,getEcoDataChina,2016-01-01,2026-08-11,1,EcoInfoProGet,2026-08-13T01:09:36.711019+00:00,iCPI:食品烟酒:茶及饮料:环比,iCPI:食品烟酒:茶及饮料:环比,False,"iCPI: Food, Tobacco and Alcohol: Tea and Beverages: DoM","iCPI: Food, Tobacco and Alcohol: Tea and Beverages: DoM",False,日,日,False,%,%,False,当期环比,当期环比,False,全国,全国,False,中国,中国,False,清华大学iCPI项目组,清华大学iCPI项目组,False,getEcoDataChina,getEcoDataChina,False,2016-01-01,2016-01-01,False,2026-08-06,2026-08-11,True,1,1,False,True,True,iCPI:食品烟酒:茶及饮料:环比,"iCPI: Food, Tobacco and Alcohol: Tea and Beverages: DoM",日,%,当期环比,全国,中国,清华大学iCPI项目组,getEcoDataChina,2016-01-01,2026-08-10,1,False,False,False,False,False,False,False,False,False,False,True,False,True
801120,食品饮料,13,2110100015,产量:乳制品:当月值,Dairy Products: Output,月,万吨,当期值,全国,中国,国家统计局,getEcoDataIndFoodbeverage,1989-01-31,2026-06-30,1,143.0,2110100015,产量:乳制品:当月值,Dairy Products: Output,S110100015,M020001541,0,月,万吨,当期值,2.0,全国,中国,,不重要,国家统计局,,2987,getEcoDataIndFoodbeverage,1989-01-31,2026-06-30,1,EcoInfoProGet,2026-08-13T01:09:36.711019+00:00,产量:乳制品:当月值,产量:乳制品:当月值,False,Dairy Products: Output,Dairy Products: Output,False,月,月,False,万吨,万吨,False,当期值,当期值,False,全国,全国,False,中国,中国,False,国家统计局,国家统计局,False,getEcoDataIndFoodbeverage,getEcoDataIndFoodbeverage,False,1989-01-31,1989-01-31,False,2026-06-30,2026-06-30,False,1,1,False,True,False,产量:乳制品:当月值,Dairy Products: Output,月,万吨,当期值,全国,中国,国家统计局,getEcoDataIndFoodbeverage,1989-01-31,2026-06-30,1,False,False,False,False,False,False,False,False,False,False,False,False,False
801120,食品饮料,14,2110100041,产量:卷烟:当月值,Cigarette: Output,月,亿支,当期值,全国,中国,国家统计局,getEcoDataIndFoodbeverage,1989-01-31,2026-06-30,1,143.0,2110100041,产量:卷烟:当月值,Cigarette: Output,S110100041,M020001541,0,月,亿支,当期值,2.0,全国,中国,,不重要,国家统计局,,2987,getEcoDataIndFoodbeverage,1989-01-31,2026-06-30,1,EcoInfoProGet,2026-08-13T01:09:36.711019+00:00,产量:卷烟:当月值,产量:卷烟:当月值,False,Cigarette: Output,Cigarette: Output,False,月,月,False,亿支,亿支,False,当期值,当期值,False,全国,全国,False,中国,中国,False,国家统计局,国家统计局,False,getEcoDataIndFoodbeverage,getEcoDataIndFoodbeverage,False,1989-01-31,1989-01-31,False,2026-06-30,2026-06-30,False,1,1,False,True,False,产量:卷烟:当月值,Cigarette: Output,月,亿支,当期值,全国,中国,国家统计局,getEcoDataIndFoodbeverage,1989-01-31,2026-06-30,1,False,False,False,False,False,False,False,False,False,False,False,False,False
801120,食品饮料,15,2110100023,产量:啤酒:当月值,Beer: Output,月,万千升,当期值,全国,中国,国家统计局,getEcoDataIndFoodbeverage,1989-01-31,2026-06-30,1,143.0,2110100023,产量:啤酒:当月值,Beer: Output,S110100378,S110100377,0,月,万千升,当期值,2.0,全国,中国,,不重要,国家统计局,,2987,getEcoDataIndFoodbeverage,1989-01-31,2026-06-30,1,EcoInfoProGet,2026-08-13T01:09:36.711019+00:00,产量:啤酒:当月值,产量:啤酒:当月值,False,Beer: Output,Beer: Output,False,月,月,False,万千升,万千升,False,当期值,当期值,False,全国,全国,False,中国,中国,False,国家统计局,国家统计局,False,getEcoDataIndFoodbeverage,getEcoDataIndFoodbeverage,False,1989-01-31,1989-01-31,False,2026-06-30,2026-06-30,False,1,1,False,True,False,产量:啤酒:当月值,Beer: Output,月,万千升,当期值,全国,中国,国家统计局,getEcoDataIndFoodbeverage,1989-01-31,2026-06-30,1,False,False,False,False,False,False,False,False,False,False,False,False,False
801120,食品饮料,16,1020008661,"产量:白酒(折65度,商品量):当月值","Output: Liquor and Spirits (65%Vol Equivalent, Commodity Quantity): Current Value (Month)",月,万千升,当期值,全国,中国,国家统计局,getEcoDataChina,1989-01-31,2026-06-30,1,143.0,1020008661,"产量:白酒(折65度,商品量):当月值","Output: Liquor and Spirits (65%Vol Equivalent, Commodity Quantity): Current Value (Month)",M020008661,M020001541,0,月,万千升,当期值,2.0,全国,中国,,不重要,国家统计局,,2975,getEcoDataChina,1989-01-31,2026-06-30,1,EcoInfoProGet,2026-08-13T01:09:36.711019+00:00,"产量:白酒(折65度,商品量):当月值","产量:白酒(折65度,商品量):当月值",False,"Output: Liquor and Spirits (65%Vol Equivalent, Commodity Quantity): Current Value (Month)","Output: Liquor and Spirits (65%Vol Equivalent, Commodity Quantity): Current Value (Month)",False,月,月,False,万千升,万千升,False,当期值,当期值,False,全国,全国,False,中国,中国,False,国家统计局,国家统计局,False,getEcoDataChina,getEcoDataChina,False,1989-01-31,1989-01-31,False,2026-06-30,2026-06-30,False,1,1,False,True,False,"产量:白酒(折65度,商品量):当月值","Output: Liquor and Spirits (65%Vol Equivalent, Commodity Quantity): Current Value (Month)",月,万千升,当期值,全国,中国,国家统计局,getEcoDataChina,1989-01-31,2026-06-30,1,False,False,False,False,False,False,False,False,False,False,False,False,False
801120,食品饮料,17,2110100025,产量:葡萄酒:当月值,Wine: Output,月,万千升,当期值,全国,中国,国家统计局,getEcoDataIndFoodbeverage,2000-05-31,2026-06-30,1,143.0,2110100025,产量:葡萄酒:当月值,Wine: Output,S110100025,M020001541,0,月,万千升,当期值,2.0,全国,中国,,不重要,国家统计局,,2987,getEcoDataIndFoodbeverage,2000-05-31,2026-06-30,1,EcoInfoProGet,2026-08-13T01:09:36.711019+00:00,产量:葡萄酒:当月值,产量:葡萄酒:当月值,False,Wine: Output,Wine: Output,False,月,月,False,万千升,万千升,False,当期值,当期值,False,全国,全国,False,中国,中国,False,国家统计局,国家统计局,False,getEcoDataIndFoodbeverage,getEcoDataIndFoodbeverage,False,2000-05-31,2000-05-31,False,2026-06-30,2026-06-30,False,1,1,False,True,False,产量:葡萄酒:当月值,Wine: Output,月,万千升,当期值,全国,中国,国家统计局,getEcoDataIndFoodbeverage,2000-05-31,2026-06-30,1,False,False,False,False,False,False,False,False,False,False,False,False,False
801120,食品饮料,18,2110100043,产量:软饮料:当月值,Output: Soft Drinks: Current Value (Month),月,万吨,当期值,全国,中国,国家统计局,getEcoDataIndFoodbeverage,1997-02-28,2026-06-30,1,143.0,2110100043,产量:软饮料:当月值,Output: Soft Drinks: Current Value (Month),M020001592,M020001541,0,月,万吨,当期值,2.0,全国,中国,,不重要,国家统计局,,2987,getEcoDataIndFoodbeverage,1997-02-28,2026-06-30,1,EcoInfoProGet,2026-08-13T01:09:36.711019+00:00,产量:软饮料:当月值,产量:软饮料:当月值,False,Output: Soft Drinks: Current Value (Month),Output: Soft Drinks: Current Value (Month),False,月,月,False,万吨,万吨,False,当期值,当期值,False,全国,全国,False,中国,中国,False,国家统计局,国家统计局,False,getEcoDataIndFoodbeverage,getEcoDataIndFoodbeverage,False,1997-02-28,1997-02-28,False,2026-06-30,2026-06-30,False,1,1,False,True,False,产量:软饮料:当月值,Output: Soft Drinks: Current Value (Month),月,万吨,当期值,全国,中国,国家统计局,getEcoDataIndFoodbeverage,1997-02-28,2026-06-30,1,False,False,False,False,False,False,False,False,False,False,False,False,False
801120,食品饮料,19,2110731591,产量:软饮料:当月值:全国,Output: Soft Drinks: Current Month Value: Nationwide,月,吨,当期值,全国,中国,国家统计局,getEcoDataIndFoodbeverage,1999-01-31,2026-06-30,1,143.0,2110731591,产量:软饮料:当月值:全国,Output: Soft Drinks: Current Month Value: Nationwide,S110731591,S110731590,0,月,吨,当期值,2.0,全国,中国,,不重要,国家统计局,,2987,getEcoDataIndFoodbeverage,1999-01-31,2026-06-30,1,EcoInfoProGet,2026-08-13T01:09:36.711019+00:00,产量:软饮料:当月值:全国,产量:软饮料:当月值:全国,False,Output: Soft Drinks: Current Month Value: Nationwide,Output: Soft Drinks: Current Month Value: Nationwide,False,月,月,False,吨,吨,False,当期值,当期值,False,全国,全国,False,中国,中国,False,国家统计局,国家统计局,False,getEcoDataIndFoodbeverage,getEcoDataIndFoodbeverage,False,1999-01-31,1999-01-31,False,2026-06-30,2026-06-30,False,1,1,False,True,False,产量:软饮料:当月值:全国,Output: Soft Drinks: Current Month Value: Nationwide,月,吨,当期值,全国,中国,国家统计局,getEcoDataIndFoodbeverage,1999-01-31,2026-06-30,1,False,False,False,False,False,False,False,False,False,False,False,False,False
801120,食品饮料,20,2110731623,产量:软饮料:当月同比:全国,Output: Soft Drinks: Nationwide: YoY,月,%,当期同比,全国,中国,国家统计局,getEcoDataIndFoodbeverage,2000-01-31,2026-06-30,1,143.0,2110731623,产量:软饮料:当月同比:全国,Output: Soft Drinks: Nationwide: YoY,S110731623,S110731590,0,月,%,当期同比,2.0,全国,中国,,不重要,国家统计局,,2987,getEcoDataIndFoodbeverage,2000-01-31,2026-06-30,1,EcoInfoProGet,2026-08-13T01:09:36.711019+00:00,产量:软饮料:当月同比:全国,产量:软饮料:当月同比:全国,False,Output: Soft Drinks: Nationwide: YoY,Output: Soft Drinks: Nationwide: YoY,False,月,月,False,%,%,False,当期同比,当期同比,False,全国,全国,False,中国,中国,False,国家统计局,国家统计局,False,getEcoDataIndFoodbeverage,getEcoDataIndFoodbeverage,False,2000-01-31,2000-01-31,False,2026-06-30,2026-06-30,False,1,1,False,True,False,产量:软饮料:当月同比:全国,Output: Soft Drinks: Nationwide: YoY,月,%,当期同比,全国,中国,国家统计局,getEcoDataIndFoodbeverage,2000-01-31,2026-06-30,1,False,False,False,False,False,False,False,False,False,False,False,False,False
801120,食品饮料,21,2110731655,产量:软饮料:累计值:全国,Output: Soft Drinks: Cumulative Value: Nationwide,月,吨,累计值,全国,中国,国家统计局,getEcoDataIndFoodbeverage,1999-01-31,2026-06-30,1,143.0,2110731655,产量:软饮料:累计值:全国,Output: Soft Drinks: Cumulative Value: Nationwide,S110731655,S110731590,0,月,吨,累计值,2.0,全国,中国,,不重要,国家统计局,,2987,getEcoDataIndFoodbeverage,1999-01-31,2026-06-30,1,EcoInfoProGet,2026-08-13T01:09:36.711019+00:00,产量:软饮料:累计值:全国,产量:软饮料:累计值:全国,False,Output: Soft Drinks: Cumulative Value: Nationwide,Output: Soft Drinks: Cumulative Value: Nationwide,False,月,月,False,吨,吨,False,累计值,累计值,False,全国,全国,False,中国,中国,False,国家统计局,国家统计局,False,getEcoDataIndFoodbeverage,getEcoDataIndFoodbeverage,False,1999-01-31,1999-01-31,False,2026-06-30,2026-06-30,False,1,1,False,True,False,产量:软饮料:累计值:全国,Output: Soft Drinks: Cumulative Value: Nationwide,月,吨,累计值,全国,中国,国家统计局,getEcoDataIndFoodbeverage,1999-01-31,2026-06-30,1,False,False,False,False,False,False,False,False,False,False,False,False,False
801120,食品饮料,22,2110731687,产量:软饮料:累计同比:全国,Output: Soft Drinks: Nationwide: Cumulative YoY,月,%,累计同比,全国,中国,国家统计局,getEcoDataIndFoodbeverage,2000-01-31,2026-06-30,1,143.0,2110731687,产量:软饮料:累计同比:全国,Output: Soft Drinks: Nationwide: Cumulative YoY,S110731687,S110731590,0,月,%,累计同比,2.0,全国,中国,,不重要,国家统计局,,2987,getEcoDataIndFoodbeverage,2000-01-31,2026-06-30,1,EcoInfoProGet,2026-08-13T01:09:36.711019+00:00,产量:软饮料:累计同比:全国,产量:软饮料:累计同比:全国,False,Output: Soft Drinks: Nationwide: Cumulative YoY,Output: Soft Drinks: Nationwide: Cumulative YoY,False,月,月,False,%,%,False,累计同比,累计同比,False,全国,全国,False,中国,中国,False,国家统计局,国家统计局,False,getEcoDataIndFoodbeverage,getEcoDataIndFoodbeverage,False,2000-01-31,2000-01-31,False,2026-06-30,2026-06-30,False,1,1,False,True,False,产量:软饮料:累计同比:全国,Output: Soft Drinks: Nationwide: Cumulative YoY,月,%,累计同比,全国,中国,国家统计局,getEcoDataIndFoodbeverage,2000-01-31,2026-06-30,1,False,False,False,False,False,False,False,False,False,False,False,False,False
801120,食品饮料,23,1020021369,农副食品加工业:利润总额:累计同比增减,,月,千元,累计同比增减,全国,中国,国家统计局,getEcoDataChina,1999-03-31,2026-06-30,1,143.0,1020021369,农副食品加工业:利润总额:累计同比增减,,M020021369,M020021379,0,月,千元,累计同比增减,2.0,全国,中国,人民币元,一般重要,国家统计局,,2975,getEcoDataChina,1999-03-31,2026-06-30,1,EcoInfoProGet,2026-08-13T01:09:36.711019+00:00,农副食品加工业:利润总额:累计同比增减,农副食品加工业:利润总额:累计同比增减,False,,,False,月,月,False,千元,千元,False,累计同比增减,累计同比增减,False,全国,全国,False,中国,中国,False,国家统计局,国家统计局,False,getEcoDataChina,getEcoDataChina,False,1999-03-31,1999-03-31,False,2026-06-30,2026-06-30,False,1,1,False,True,False,农副食品加工业:利润总额:累计同比增减,,月,千元,累计同比增减,全国,中国,国家统计局,getEcoDataChina,1999-03-31,2026-06-30,1,False,False,False,False,False,False,False,False,False,False,False,False,False
801120,食品饮料,24,1020000178,出口交货值:农副食品加工业:当月同比,Export Delivery Value: Agricultural Food Processing Industry: Current YoY (Month),月,%,当期同比,全国,中国,国家统计局,getEcoDataChina,2007-02-28,2026-06-30,1,143.0,1020000178,出口交货值:农副食品加工业:当月同比,Export Delivery Value: Agricultural Food Processing Industry: Current YoY (Month),M020000178,M020000129,0,月,%,当期同比,2.0,全国,中国,,不重要,国家统计局,,2975,getEcoDataChina,2007-02-28,2026-06-30,1,EcoInfoProGet,2026-08-13T01:09:36.711019+00:00,出口交货值:农副食品加工业:当月同比,出口交货值:农副食品加工业:当月同比,False,Export Delivery Value: Agricultural Food Processing Industry: Current YoY (Month),Export Delivery Value: Agricultural Food Processing Industry: Current YoY (Month),False,月,月,False,%,%,False,当期同比,当期同比,False,全国,全国,False,中国,中国,False,国家统计局,国家统计局,False,getEcoDataChina,getEcoDataChina,False,2007-02-28,2007-02-28,False,2026-06-30,2026-06-30,False,1,1,False,True,False,出口交货值:农副食品加工业:当月同比,Export Delivery Value: Agricultural Food Processing Industry: Current YoY (Month),月,%,当期同比,全国,中国,国家统计局,getEcoDataChina,2007-02-28,2026-06-30,1,False,False,False,False,False,False,False,False,False,False,False,False,False
801120,食品饮料,25,1020000137,出口交货值:农副食品加工业:当期值,Export Delivery Value: Agricultural Food Processing Industry: Current Value,月,亿元,当期值,全国,中国,国家统计局,getEcoDataChina,2007-02-28,2026-06-30,1,143.0,1020000137,出口交货值:农副食品加工业:当期值,Export Delivery Value: Agricultural Food Processing Industry: Current Value,M020000137,M020000129,0,月,亿元,当期值,2.0,全国,中国,人民币元,不重要,国家统计局,,2975,getEcoDataChina,2007-02-28,2026-06-30,1,EcoInfoProGet,2026-08-13T01:09:36.711019+00:00,出口交货值:农副食品加工业:当期值,出口交货值:农副食品加工业:当期值,False,Export Delivery Value: Agricultural Food Processing Industry: Current Value,Export Delivery Value: Agricultural Food Processing Industry: Current Value,False,月,月,False,亿元,亿元,False,当期值,当期值,False,全国,全国,False,中国,中国,False,国家统计局,国家统计局,False,getEcoDataChina,getEcoDataChina,False,2007-02-28,2007-02-28,False,2026-06-30,2026-06-30,False,1,1,False,True,False,出口交货值:农副食品加工业:当期值,Export Delivery Value: Agricultural Food Processing Industry: Current Value,月,亿元,当期值,全国,中国,国家统计局,getEcoDataChina,2007-02-28,2026-06-30,1,False,False,False,False,False,False,False,False,False,False,False,False,False
801120,食品饮料,26,1020000180,出口交货值:酒、饮料和精制茶制造业:当月同比,"Export Delivery Value: Wine, Beverage And Refined Tea Manufacturing: Current YoY (Month)",月,%,当期同比,全国,中国,国家统计局,getEcoDataChina,2012-02-29,2026-06-30,1,143.0,1020000180,出口交货值:酒、饮料和精制茶制造业:当月同比,"Export Delivery Value: Wine, Beverage And Refined Tea Manufacturing: Current YoY (Month)",M020000180,M020000129,0,月,%,当期同比,2.0,全国,中国,,不重要,国家统计局,,2975,getEcoDataChina,2012-02-29,2026-06-30,1,EcoInfoProGet,2026-08-13T01:09:36.711019+00:00,出口交货值:酒、饮料和精制茶制造业:当月同比,出口交货值:酒、饮料和精制茶制造业:当月同比,False,"Export Delivery Value: Wine, Beverage And Refined Tea Manufacturing: Current YoY (Month)","Export Delivery Value: Wine, Beverage And Refined Tea Manufacturing: Current YoY (Month)",False,月,月,False,%,%,False,当期同比,当期同比,False,全国,全国,False,中国,中国,False,国家统计局,国家统计局,False,getEcoDataChina,getEcoDataChina,False,2012-02-29,2012-02-29,False,2026-06-30,2026-06-30,False,1,1,False,True,False,出口交货值:酒、饮料和精制茶制造业:当月同比,"Export Delivery Value: Wine, Beverage And Refined Tea Manufacturing: Current YoY (Month)",月,%,当期同比,全国,中国,国家统计局,getEcoDataChina,2012-02-29,2026-06-30,1,False,False,False,False,False,False,False,False,False,False,False,False,False
801120,食品饮料,27,1020000139,出口交货值:酒、饮料和精制茶制造业:当期值,"Export Delivery Value: Wine, Beverage And Refined Tea Manufacturing: Current Value",月,亿元,当期值,全国,中国,国家统计局,getEcoDataChina,2012-02-29,2026-06-30,1,143.0,1020000139,出口交货值:酒、饮料和精制茶制造业:当期值,"Export Delivery Value: Wine, Beverage And Refined Tea Manufacturing: Current Value",M020000139,M020000129,0,月,亿元,当期值,2.0,全国,中国,人民币元,不重要,国家统计局,,2975,getEcoDataChina,2012-02-29,2026-06-30,1,EcoInfoProGet,2026-08-13T01:09:36.711019+00:00,出口交货值:酒、饮料和精制茶制造业:当期值,出口交货值:酒、饮料和精制茶制造业:当期值,False,"Export Delivery Value: Wine, Beverage And Refined Tea Manufacturing: Current Value","Export Delivery Value: Wine, Beverage And Refined Tea Manufacturing: Current Value",False,月,月,False,亿元,亿元,False,当期值,当期值,False,全国,全国,False,中国,中国,False,国家统计局,国家统计局,False,getEcoDataChina,getEcoDataChina,False,2012-02-29,2012-02-29,False,2026-06-30,2026-06-30,False,1,1,False,True,False,出口交货值:酒、饮料和精制茶制造业:当期值,"Export Delivery Value: Wine, Beverage And Refined Tea Manufacturing: Current Value",月,亿元,当期值,全国,中国,国家统计局,getEcoDataChina,2012-02-29,2026-06-30,1,False,False,False,False,False,False,False,False,False,False,False,False,False
801120,食品饮料,28,1020000179,出口交货值:食品制造业:当月同比,Export Delivery Value: Food Manufacturing Industry: Current YoY (Month),月,%,当期同比,全国,中国,国家统计局,getEcoDataChina,2007-02-28,2026-06-30,1,143.0,1020000179,出口交货值:食品制造业:当月同比,Export Delivery Value: Food Manufacturing Industry: Current YoY (Month),M020000179,M020000129,0,月,%,当期同比,2.0,全国,中国,,不重要,国家统计局,,2975,getEcoDataChina,2007-02-28,2026-06-30,1,EcoInfoProGet,2026-08-13T01:09:36.711019+00:00,出口交货值:食品制造业:当月同比,出口交货值:食品制造业:当月同比,False,Export Delivery Value: Food Manufacturing Industry: Current YoY (Month),Export Delivery Value: Food Manufacturing Industry: Current YoY (Month),False,月,月,False,%,%,False,当期同比,当期同比,False,全国,全国,False,中国,中国,False,国家统计局,国家统计局,False,getEcoDataChina,getEcoDataChina,False,2007-02-28,2007-02-28,False,2026-06-30,2026-06-30,False,1,1,False,True,False,出口交货值:食品制造业:当月同比,Export Delivery Value: Food Manufacturing Industry: Current YoY (Month),月,%,当期同比,全国,中国,国家统计局,getEcoDataChina,2007-02-28,2026-06-30,1,False,False,False,False,False,False,False,False,False,False,False,False,False
801120,食品饮料,29,1020000138,出口交货值:食品制造业:当期值,Export Delivery Value: Food Manufacturing Industry: Current Value,月,亿元,当期值,全国,中国,国家统计局,getEcoDataChina,2007-02-28,2026-06-30,1,143.0,1020000138,出口交货值:食品制造业:当期值,Export Delivery Value: Food Manufacturing Industry: Current Value,M020000138,M020000129,0,月,亿元,当期值,2.0,全国,中国,人民币元,不重要,国家统计局,,2975,getEcoDataChina,2007-02-28,2026-06-30,1,EcoInfoProGet,2026-08-13T01:09:36.711019+00:00,出口交货值:食品制造业:当期值,出口交货值:食品制造业:当期值,False,Export Delivery Value: Food Manufacturing Industry: Current Value,Export Delivery Value: Food Manufacturing Industry: Current Value,False,月,月,False,亿元,亿元,False,当期值,当期值,False,全国,全国,False,中国,中国,False,国家统计局,国家统计局,False,getEcoDataChina,getEcoDataChina,False,2007-02-28,2007-02-28,False,2026-06-30,2026-06-30,False,1,1,False,True,False,出口交货值:食品制造业:当期值,Export Delivery Value: Food Manufacturing Industry: Current Value,月,亿元,当期值,全国,中国,国家统计局,getEcoDataChina,2007-02-28,2026-06-30,1,False,False,False,False,False,False,False,False,False,False,False,False,False
801120,食品饮料,30,2110720687,出口数量:乳制品:累计值,Export Volume: Dairy Products: Cumulative Value,月,吨,累计值,全国,中国,中国奶业协会,getEcoDataIndFoodbeverage,2018-01-31,2026-06-30,1,143.0,2110720687,出口数量:乳制品:累计值,Export Volume: Dairy Products: Cumulative Value,S110720687,S110200075,0,月,吨,累计值,2.0,全国,中国,,一般重要,中国奶业协会,,2987,getEcoDataIndFoodbeverage,2018-01-31,2026-06-30,1,EcoInfoProGet,2026-08-13T01:09:36.711019+00:00,出口数量:乳制品:累计值,出口数量:乳制品:累计值,False,Export Volume: Dairy Products: Cumulative Value,Export Volume: Dairy Products: Cumulative Value,False,月,月,False,吨,吨,False,累计值,累计值,False,全国,全国,False,中国,中国,False,中国奶业协会,中国奶业协会,False,getEcoDataIndFoodbeverage,getEcoDataIndFoodbeverage,False,2018-01-31,2018-01-31,False,2026-06-30,2026-06-30,False,1,1,False,True,False,出口数量:乳制品:累计值,Export Volume: Dairy Products: Cumulative Value,月,吨,累计值,全国,中国,中国奶业协会,getEcoDataIndFoodbeverage,2018-01-31,2026-06-30,1,False,False,False,False,False,False,False,False,False,False,False,False,False
801130,纺织服饰,2,1040002019,国际期货价格:棉花,International Futures Prices: Cotton,周,美分/磅,当期值,全国,中国,商务部,getEcoDataChina,2005-01-21,2026-07-31,1,147.0,1040002019,国际期货价格:棉花,International Futures Prices: Cotton,M040002019,M040002015,0,周,美分/磅,当期值,2.0,全国,中国,,不重要,商务部,,2975,getEcoDataChina,2005-01-21,2026-07-31,1,EcoInfoProGet,2026-08-13T01:09:36.711019+00:00,国际期货价格:棉花,国际期货价格:棉花,False,International Futures Prices: Cotton,International Futures Prices: Cotton,False,周,周,False,美分/磅,美分/磅,False,当期值,当期值,False,全国,全国,False,中国,中国,False,商务部,商务部,False,getEcoDataChina,getEcoDataChina,False,2005-01-21,2005-01-21,False,2026-07-31,2026-07-31,False,1,1,False,True,False,国际期货价格:棉花,International Futures Prices: Cotton,周,美分/磅,当期值,全国,中国,商务部,getEcoDataChina,2005-01-21,2026-07-31,1,False,False,False,False,False,False,False,False,False,False,False,False,False
801130,纺织服饰,3,1040002014,国际现货价格:原油(布),International Spot Price: Crude Oil (Cloth),周,美元/桶,当期值,全国,中国,商务部,getEcoDataChina,2005-01-21,2026-07-31,1,147.0,1040002014,国际现货价格:原油(布),International Spot Price: Crude Oil (Cloth),M040002014,M040002013,0,周,美元/桶,当期值,2.0,全国,中国,美元,不重要,商务部,,2975,getEcoDataChina,2005-01-21,2026-07-31,1,EcoInfoProGet,2026-08-13T01:09:36.711019+00:00,国际现货价格:原油(布),国际现货价格:原油(布),False,International Spot Price: Crude Oil (Cloth),International Spot Price: Crude Oil (Cloth),False,周,周,False,美元/桶,美元/桶,False,当期值,当期值,False,全国,全国,False,中国,中国,False,商务部,商务部,False,getEcoDataChina,getEcoDataChina,False,2005-01-21,2005-01-21,False,2026-07-31,2026-07-31,False,1,1,False,True,False,国际现货价格:原油(布),International Spot Price: Crude Oil (Cloth),周,美元/桶,当期值,全国,中国,商务部,getEcoDataChina,2005-01-21,2026-07-31,1,False,False,False,False,False,False,False,False,False,False,False,False,False
801130,纺织服饰,4,1020000183,出口交货值:纺织服装、鞋、帽制造业:当月同比,"Export Delivery Value: Textile And Garment, Shoes, Cap Manufacturing: Current YoY (Month)",月,%,当期同比,全国,中国,国家统计局,getEcoDataChina,2007-02-28,2026-06-30,1,145.0,1020000183,出口交货值:纺织服装、鞋、帽制造业:当月同比,"Export Delivery Value: Textile And Garment, Shoes, Cap Manufacturing: Current YoY (Month)",M020000183,M020000129,0,月,%,当期同比,2.0,全国,中国,,不重要,国家统计局,,2975,getEcoDataChina,2007-02-28,2026-06-30,1,EcoInfoProGet,2026-08-13T01:09:36.711019+00:00,出口交货值:纺织服装、鞋、帽制造业:当月同比,出口交货值:纺织服装、鞋、帽制造业:当月同比,False,"Export Delivery Value: Textile And Garment, Shoes, Cap Manufacturing: Current YoY (Month)","Export Delivery Value: Textile And Garment, Shoes, Cap Manufacturing: Current YoY (Month)",False,月,月,False,%,%,False,当期同比,当期同比,False,全国,全国,False,中国,中国,False,国家统计局,国家统计局,False,getEcoDataChina,getEcoDataChina,False,2007-02-28,2007-02-28,False,2026-06-30,2026-06-30,False,1,1,False,True,False,出口交货值:纺织服装、鞋、帽制造业:当月同比,"Export Delivery Value: Textile And Garment, Shoes, Cap Manufacturing: Current YoY (Month)",月,%,当期同比,全国,中国,国家统计局,getEcoDataChina,2007-02-28,2026-06-30,1,False,False,False,False,False,False,False,False,False,False,False,False,False
801130,纺织服饰,5,1020000142,出口交货值:纺织服装、鞋、帽制造业:当期值,"Export Delivery Value: Textile And Garment, Shoes, Cap Manufacturing: Current Value",月,亿元,当期值,全国,中国,国家统计局,getEcoDataChina,2007-02-28,2026-06-30,1,145.0,1020000142,出口交货值:纺织服装、鞋、帽制造业:当期值,"Export Delivery Value: Textile And Garment, Shoes, Cap Manufacturing: Current Value",M020000142,M020000129,0,月,亿元,当期值,2.0,全国,中国,人民币元,不重要,国家统计局,,2975,getEcoDataChina,2007-02-28,2026-06-30,1,EcoInfoProGet,2026-08-13T01:09:36.711019+00:00,出口交货值:纺织服装、鞋、帽制造业:当期值,出口交货值:纺织服装、鞋、帽制造业:当期值,False,"Export Delivery Value: Textile And Garment, Shoes, Cap Manufacturing: Current Value","Export Delivery Value: Textile And Garment, Shoes, Cap Manufacturing: Current Value",False,月,月,False,亿元,亿元,False,当期值,当期值,False,全国,全国,False,中国,中国,False,国家统计局,国家统计局,False,getEcoDataChina,getEcoDataChina,False,2007-02-28,2007-02-28,False,2026-06-30,2026-06-30,False,1,1,False,True,False,出口交货值:纺织服装、鞋、帽制造业:当期值,"Export Delivery Value: Textile And Garment, Shoes, Cap Manufacturing: Current Value",月,亿元,当期值,全国,中国,国家统计局,getEcoDataChina,2007-02-28,2026-06-30,1,False,False,False,False,False,False,False,False,False,False,False,False,False
801130,纺织服饰,6,2120715757,出口数量:针织物或钩编织物制成的服装(6113):当月值,Export Quantity: A Garment Made of Knitted or Crocheted Fabric (6113): Current Month Value,月,件,当期值,中国,中国,海关总署,getEcoDataIndTextileclothing,2015-01-31,2026-06-30,1,145.0,2120715757,出口数量:针织物或钩编织物制成的服装(6113):当月值,Export Quantity: A Garment Made of Knitted or Crocheted Fabric (6113): Current Month Value,S120715757,S120710856,0,月,件,当期值,0.0,中国,中国,,一般重要,海关总署,"HS编码""6113""中文全称为""用品目5903、5906或5907的针织物或钩编织物制成的服装"",与HS编码""611300""中文全称为""5903、5906或5907的针织物或钩编织物制服装""相同,与HS编码""61130000""中文全称为""5903、5906或5907的针织物或钩编织物制服装""相同",2995,getEcoDataIndTextileclothing,2015-01-31,2026-06-30,1,EcoInfoProGet,2026-08-13T01:09:36.711019+00:00,出口数量:针织物或钩编织物制成的服装(6113):当月值,出口数量:针织物或钩编织物制成的服装(6113):当月值,False,Export Quantity: A Garment Made of Knitted or Crocheted Fabric (6113): Current Month Value,Export Quantity: A Garment Made of Knitted or Crocheted Fabric (6113): Current Month Value,False,月,月,False,件,件,False,当期值,当期值,False,中国,中国,False,中国,中国,False,海关总署,海关总署,False,getEcoDataIndTextileclothing,getEcoDataIndTextileclothing,False,2015-01-31,2015-01-31,False,2026-06-30,2026-06-30,False,1,1,False,True,False,出口数量:针织物或钩编织物制成的服装(6113):当月值,Export Quantity: A Garment Made of Knitted or Crocheted Fabric (6113): Current Month Value,月,件,当期值,中国,中国,海关总署,getEcoDataIndTextileclothing,2015-01-31,2026-06-30,1,False,False,False,False,False,False,False,False,False,False,False,False,False
801130,纺织服饰,7,2120714134,"出口金额(美元):化学纤维短纤纺制的纱线,供零售用(5511):当月值",Export Value (USD): Yarn Made of Chemical Staple Fibers For Retail Use (5511): Current Month Value,月,美元,当期值,中国,中国,海关总署,getEcoDataIndTextileclothing,2015-01-31,2026-06-30,1,145.0,2120714134,"出口金额(美元):化学纤维短纤纺制的纱线,供零售用(5511):当月值",Export Value (USD): Yarn Made of Chemical Staple Fibers For Retail Use (5511): Current Month Value,S120714134,S120710796,0,月,美元,当期值,2.0,中国,中国,美元,一般重要,海关总署,"HS编码""5511""中文全称为""化学纤维短纤纺制的纱线(缝纫线除外),供零售用""",2995,getEcoDataIndTextileclothing,2015-01-31,2026-06-30,1,EcoInfoProGet,2026-08-13T01:09:36.711019+00:00,"出口金额(美元):化学纤维短纤纺制的纱线,供零售用(5511):当月值","出口金额(美元):化学纤维短纤纺制的纱线,供零售用(5511):当月值",False,Export Value (USD): Yarn Made of Chemical Staple Fibers For Retail Use (5511): Current Month Value,Export Value (USD): Yarn Made of Chemical Staple Fibers For Retail Use (5511): Current Month Value,False,月,月,False,美元,美元,False,当期值,当期值,False,中国,中国,False,中国,中国,False,海关总署,海关总署,False,getEcoDataIndTextileclothing,getEcoDataIndTextileclothing,False,2015-01-31,2015-01-31,False,2026-06-30,2026-06-30,False,1,1,False,True,False,"出口金额(美元):化学纤维短纤纺制的纱线,供零售用(5511):当月值",Export Value (USD): Yarn Made of Chemical Staple Fibers For Retail Use (5511): Current Month Value,月,美元,当期值,中国,中国,海关总署,getEcoDataIndTextileclothing,2015-01-31,2026-06-30,1,False,False,False,False,False,False,False,False,False,False,False,False,False
801130,纺织服饰,8,2120713966,"出口金额(美元):化学纤维长丝纱线,供零售用(5406):当月值",Export Value (USD): Chemical Fiber Filament Yarn For Retail Use (5406): Current Month Value,月,美元,当期值,中国,中国,海关总署,getEcoDataIndTextileclothing,2015-01-31,2026-06-30,1,145.0,2120713966,"出口金额(美元):化学纤维长丝纱线,供零售用(5406):当月值",Export Value (USD): Chemical Fiber Filament Yarn For Retail Use (5406): Current Month Value,S120713966,S120710783,0,月,美元,当期值,2.0,中国,中国,美元,一般重要,海关总署,"HS编码""5406""中文全称为""化学纤维长丝纱线(缝纫线除外),供零售用"",与HS编码""540600""中文全称为""化纤长丝纱线,供零售用""相同",2995,getEcoDataIndTextileclothing,2015-01-31,2026-06-30,1,EcoInfoProGet,2026-08-13T01:09:36.711019+00:00,"出口金额(美元):化学纤维长丝纱线,供零售用(5406):当月值","出口金额(美元):化学纤维长丝纱线,供零售用(5406):当月值",False,Export Value (USD): Chemical Fiber Filament Yarn For Retail Use (5406): Current Month Value,Export Value (USD): Chemical Fiber Filament Yarn For Retail Use (5406): Current Month Value,False,月,月,False,美元,美元,False,当期值,当期值,False,中国,中国,False,中国,中国,False,海关总署,海关总署,False,getEcoDataIndTextileclothing,getEcoDataIndTextileclothing,False,2015-01-31,2015-01-31,False,2026-06-30,2026-06-30,False,1,1,False,True,False,"出口金额(美元):化学纤维长丝纱线,供零售用(5406):当月值",Export Value (USD): Chemical Fiber Filament Yarn For Retail Use (5406): Current Month Value,月,美元,当期值,中国,中国,海关总署,getEcoDataIndTextileclothing,2015-01-31,2026-06-30,1,False,False,False,False,False,False,False,False,False,False,False,False,False
801130,纺织服饰,9,2120713686,"出口金额(美元):棉纱线,供零售用(5207):当月值",Export Value (USD): Cotton Yarn For Retail Use (5207): Current Month Value,月,美元,当期值,中国,中国,海关总署,getEcoDataIndTextileclothing,2015-01-31,2026-06-30,1,145.0,2120713686,"出口金额(美元):棉纱线,供零售用(5207):当月值",Export Value (USD): Cotton Yarn For Retail Use (5207): Current Month Value,S120713686,S120710762,0,月,美元,当期值,2.0,中国,中国,美元,一般重要,海关总署,"HS编码""5207""中文全称为""棉纱线(缝纫线除外),供零售用""",2995,getEcoDataIndTextileclothing,2015-01-31,2026-06-30,1,EcoInfoProGet,2026-08-13T01:09:36.711019+00:00,"出口金额(美元):棉纱线,供零售用(5207):当月值","出口金额(美元):棉纱线,供零售用(5207):当月值",False,Export Value (USD): Cotton Yarn For Retail Use (5207): Current Month Value,Export Value (USD): Cotton Yarn For Retail Use (5207): Current Month Value,False,月,月,False,美元,美元,False,当期值,当期值,False,中国,中国,False,中国,中国,False,海关总署,海关总署,False,getEcoDataIndTextileclothing,getEcoDataIndTextileclothing,False,2015-01-31,2015-01-31,False,2026-06-30,2026-06-30,False,1,1,False,True,False,"出口金额(美元):棉纱线,供零售用(5207):当月值",Export Value (USD): Cotton Yarn For Retail Use (5207): Current Month Value,月,美元,当期值,中国,中国,海关总署,getEcoDataIndTextileclothing,2015-01-31,2026-06-30,1,False,False,False,False,False,False,False,False,False,False,False,False,False
801130,纺织服饰,10,2120713672,"出口金额(美元):棉纱线,按重量计含棉量<85%,非供零售用(5206):当月值","Export Value (USD): Cotton Yarn, Cotton Content < 85% By Weight, Not For Retail Use (5206): Current Month Value",月,美元,当期值,中国,中国,海关总署,getEcoDataIndTextileclothing,2015-01-31,2026-06-30,1,145.0,2120713672,"出口金额(美元):棉纱线,按重量计含棉量<85%,非供零售用(5206):当月值","Export Value (USD): Cotton Yarn, Cotton Content < 85% By Weight, Not For Retail Use (5206): Current Month Value",S120713672,S120710761,0,月,美元,当期值,2.0,中国,中国,美元,一般重要,海关总署,"HS编码""5206""中文全称为""棉纱线(缝纫线除外),按重量计含棉量<85%,非供零售用""",2995,getEcoDataIndTextileclothing,2015-01-31,2026-06-30,1,EcoInfoProGet,2026-08-13T01:09:36.711019+00:00,"出口金额(美元):棉纱线,按重量计含棉量<85%,非供零售用(5206):当月值","出口金额(美元):棉纱线,按重量计含棉量<85%,非供零售用(5206):当月值",False,"Export Value (USD): Cotton Yarn, Cotton Content < 85% By Weight, Not For Retail Use (5206): Current Month Value","Export Value (USD): Cotton Yarn, Cotton Content < 85% By Weight, Not For Retail Use (5206): Current Month Value",False,月,月,False,美元,美元,False,当期值,当期值,False,中国,中国,False,中国,中国,False,海关总署,海关总署,False,getEcoDataIndTextileclothing,getEcoDataIndTextileclothing,False,2015-01-31,2015-01-31,False,2026-06-30,2026-06-30,False,1,1,False,True,False,"出口金额(美元):棉纱线,按重量计含棉量<85%,非供零售用(5206):当月值","Export Value (USD): Cotton Yarn, Cotton Content < 85% By Weight, Not For Retail Use (5206): Current Month Value",月,美元,当期值,中国,中国,海关总署,getEcoDataIndTextileclothing,2015-01-31,2026-06-30,1,False,False,False,False,False,False,False,False,False,False,False,False,False
801130,纺织服饰,11,2120713658,"出口金额(美元):棉纱线,按重量计含棉量≥85%,非供零售用(5205):当月值","Export Value (USD): Cotton Yarn, With Cotton Content ≥ 85% By Weight, Not For Retail Use (5205): Current Month Value",月,美元,当期值,中国,中国,海关总署,getEcoDataIndTextileclothing,2015-01-31,2026-06-30,1,145.0,2120713658,"出口金额(美元):棉纱线,按重量计含棉量≥85%,非供零售用(5205):当月值","Export Value (USD): Cotton Yarn, With Cotton Content ≥ 85% By Weight, Not For Retail Use (5205): Current Month Value",S120713658,S120710760,0,月,美元,当期值,2.0,中国,中国,美元,一般重要,海关总署,"HS编码""5205""中文全称为""棉纱线(缝纫线除外),按重量计含棉量≥85%,非供零售用""",2995,getEcoDataIndTextileclothing,2015-01-31,2026-06-30,1,EcoInfoProGet,2026-08-13T01:09:36.711019+00:00,"出口金额(美元):棉纱线,按重量计含棉量≥85%,非供零售用(5205):当月值","出口金额(美元):棉纱线,按重量计含棉量≥85%,非供零售用(5205):当月值",False,"Export Value (USD): Cotton Yarn, With Cotton Content ≥ 85% By Weight, Not For Retail Use (5205): Current Month Value","Export Value (USD): Cotton Yarn, With Cotton Content ≥ 85% By Weight, Not For Retail Use (5205): Current Month Value",False,月,月,False,美元,美元,False,当期值,当期值,False,中国,中国,False,中国,中国,False,海关总署,海关总署,False,getEcoDataIndTextileclothing,getEcoDataIndTextileclothing,False,2015-01-31,2015-01-31,False,2026-06-30,2026-06-30,False,1,1,False,True,False,"出口金额(美元):棉纱线,按重量计含棉量≥85%,非供零售用(5205):当月值","Export Value (USD): Cotton Yarn, With Cotton Content ≥ 85% By Weight, Not For Retail Use (5205): Current Month Value",月,美元,当期值,中国,中国,海关总署,getEcoDataIndTextileclothing,2015-01-31,2026-06-30,1,False,False,False,False,False,False,False,False,False,False,False,False,False
801130,纺织服饰,12,2120714876,出口金额(美元):针织或钩编的其他服装(6114):当月值,Export Value (USD): Other Garments Knitted or Crocheted (6114): Current Month Value,月,美元,当期值,中国,中国,海关总署,getEcoDataIndTextileclothing,2015-01-31,2026-06-30,1,145.0,2120714876,出口金额(美元):针织或钩编的其他服装(6114):当月值,Export Value (USD): Other Garments Knitted or Crocheted (6114): Current Month Value,S120714876,S120710857,0,月,美元,当期值,2.0,中国,中国,美元,一般重要,海关总署,,2995,getEcoDataIndTextileclothing,2015-01-31,2026-06-30,1,EcoInfoProGet,2026-08-13T01:09:36.711019+00:00,出口金额(美元):针织或钩编的其他服装(6114):当月值,出口金额(美元):针织或钩编的其他服装(6114):当月值,False,Export Value (USD): Other Garments Knitted or Crocheted (6114): Current Month Value,Export Value (USD): Other Garments Knitted or Crocheted (6114): Current Month Value,False,月,月,False,美元,美元,False,当期值,当期值,False,中国,中国,False,中国,中国,False,海关总署,海关总署,False,getEcoDataIndTextileclothing,getEcoDataIndTextileclothing,False,2015-01-31,2015-01-31,False,2026-06-30,2026-06-30,False,1,1,False,True,False,出口金额(美元):针织或钩编的其他服装(6114):当月值,Export Value (USD): Other Garments Knitted or Crocheted (6114): Current Month Value,月,美元,当期值,中国,中国,海关总署,getEcoDataIndTextileclothing,2015-01-31,2026-06-30,1,False,False,False,False,False,False,False,False,False,False,False,False,False
801130,纺织服饰,13,2120714848,出口金额(美元):针织或钩编的婴儿服装及衣着附件(6111):当月值,Export Value (USD): Knitted or Crocheted Baby Garments and Clothing Accessories (6111): Current Month Value,月,美元,当期值,中国,中国,海关总署,getEcoDataIndTextileclothing,2015-01-31,2026-06-30,1,145.0,2120714848,出口金额(美元):针织或钩编的婴儿服装及衣着附件(6111):当月值,Export Value (USD): Knitted or Crocheted Baby Garments and Clothing Accessories (6111): Current Month Value,S120714848,S120710854,0,月,美元,当期值,2.0,中国,中国,美元,一般重要,海关总署,,2995,getEcoDataIndTextileclothing,2015-01-31,2026-06-30,1,EcoInfoProGet,2026-08-13T01:09:36.711019+00:00,出口金额(美元):针织或钩编的婴儿服装及衣着附件(6111):当月值,出口金额(美元):针织或钩编的婴儿服装及衣着附件(6111):当月值,False,Export Value (USD): Knitted or Crocheted Baby Garments and Clothing Accessories (6111): Current Month Value,Export Value (USD): Knitted or Crocheted Baby Garments and Clothing Accessories (6111): Current Month Value,False,月,月,False,美元,美元,False,当期值,当期值,False,中国,中国,False,中国,中国,False,海关总署,海关总署,False,getEcoDataIndTextileclothing,getEcoDataIndTextileclothing,False,2015-01-31,2015-01-31,False,2026-06-30,2026-06-30,False,1,1,False,True,False,出口金额(美元):针织或钩编的婴儿服装及衣着附件(6111):当月值,Export Value (USD): Knitted or Crocheted Baby Garments and Clothing Accessories (6111): Current Month Value,月,美元,当期值,中国,中国,海关总署,getEcoDataIndTextileclothing,2015-01-31,2026-06-30,1,False,False,False,False,False,False,False,False,False,False,False,False,False
801130,纺织服饰,14,2120714918,出口金额(美元):针织或钩编的衣着附件;服装或衣着附件的零件(6117):当月值,Export Value (USD): Knitted or Crocheted Clothing Accessories;Parts of Clothing or Clothing Accessories (6117): Current Month Value,月,美元,当期值,中国,中国,海关总署,getEcoDataIndTextileclothing,2015-01-31,2026-06-30,1,145.0,2120714918,出口金额(美元):针织或钩编的衣着附件;服装或衣着附件的零件(6117):当月值,Export Value (USD): Knitted or Crocheted Clothing Accessories;Parts of Clothing or Clothing Accessories (6117): Current Month Value,S120714918,S120710860,0,月,美元,当期值,2.0,中国,中国,美元,一般重要,海关总署,"HS编码""6117""中文全称为""其他制成的针织或钩编的衣着附件;服装或衣着附件的针织或钩编零件""",2995,getEcoDataIndTextileclothing,2015-01-31,2026-06-30,1,EcoInfoProGet,2026-08-13T01:09:36.711019+00:00,出口金额(美元):针织或钩编的衣着附件;服装或衣着附件的零件(6117):当月值,出口金额(美元):针织或钩编的衣着附件;服装或衣着附件的零件(6117):当月值,False,Export Value (USD): Knitted or Crocheted Clothing Accessories;Parts of Clothing or Clothing Accessories (6117): Current Month Value,Export Value (USD): Knitted or Crocheted Clothing Accessories;Parts of Clothing or Clothing Accessories (6117): Current Month Value,False,月,月,False,美元,美元,False,当期值,当期值,False,中国,中国,False,中国,中国,False,海关总署,海关总署,False,getEcoDataIndTextileclothing,getEcoDataIndTextileclothing,False,2015-01-31,2015-01-31,False,2026-06-30,2026-06-30,False,1,1,False,True,False,出口金额(美元):针织或钩编的衣着附件;服装或衣着附件的零件(6117):当月值,Export Value (USD): Knitted or Crocheted Clothing Accessories;Parts of Clothing or Clothing Accessories (6117): Current Month Value,月,美元,当期值,中国,中国,海关总署,getEcoDataIndTextileclothing,2015-01-31,2026-06-30,1,False,False,False,False,False,False,False,False,False,False,False,False,False
801130,纺织服饰,15,2120715750,出口金额(美元):针织物或钩编织物制成的服装(6113):当月值,Export Value (USD): A Garment Made of Knitted or Crocheted Fabric (6113): Current Month Value,月,美元,当期值,中国,中国,海关总署,getEcoDataIndTextileclothing,2015-01-31,2026-06-30,1,145.0,2120715750,出口金额(美元):针织物或钩编织物制成的服装(6113):当月值,Export Value (USD): A Garment Made of Knitted or Crocheted Fabric (6113): Current Month Value,S120715750,S120710856,0,月,美元,当期值,2.0,中国,中国,美元,一般重要,海关总署,"HS编码""6113""中文全称为""用品目5903、5906或5907的针织物或钩编织物制成的服装"",与HS编码""611300""中文全称为""5903、5906或5907的针织物或钩编织物制服装""相同,与HS编码""61130000""中文全称为""5903、5906或5907的针织物或钩编织物制服装""相同",2995,getEcoDataIndTextileclothing,2015-01-31,2026-06-30,1,EcoInfoProGet,2026-08-13T01:09:36.711019+00:00,出口金额(美元):针织物或钩编织物制成的服装(6113):当月值,出口金额(美元):针织物或钩编织物制成的服装(6113):当月值,False,Export Value (USD): A Garment Made of Knitted or Crocheted Fabric (6113): Current Month Value,Export Value (USD): A Garment Made of Knitted or Crocheted Fabric (6113): Current Month Value,False,月,月,False,美元,美元,False,当期值,当期值,False,中国,中国,False,中国,中国,False,海关总署,海关总署,False,getEcoDataIndTextileclothing,getEcoDataIndTextileclothing,False,2015-01-31,2015-01-31,False,2026-06-30,2026-06-30,False,1,1,False,True,False,出口金额(美元):针织物或钩编织物制成的服装(6113):当月值,Export Value (USD): A Garment Made of Knitted or Crocheted Fabric (6113): Current Month Value,月,美元,当期值,中国,中国,海关总署,getEcoDataIndTextileclothing,2015-01-31,2026-06-30,1,False,False,False,False,False,False,False,False,False,False,False,False,False
801130,纺织服饰,16,1020008226,工业企业:利润总额:纺织服装、服饰业:累计值,Total Profit: Textile and Apparel Industry: Cumulative Value,月,亿元,累计值,全国,中国,国家统计局,getEcoDataChina,2000-02-29,2026-06-30,1,145.0,1020008226,工业企业:利润总额:纺织服装、服饰业:累计值,Total Profit: Textile and Apparel Industry: Cumulative Value,M020008226,M020006126,0,月,亿元,累计值,2.0,全国,中国,人民币元,不重要,国家统计局,"从2011年起,规模以上工业企业起点标准由原来的年主营业务收入500万元提高到年主营业务收入2000万元。",2975,getEcoDataChina,2000-02-29,2026-06-30,1,EcoInfoProGet,2026-08-13T01:09:36.711019+00:00,工业企业:利润总额:纺织服装、服饰业:累计值,工业企业:利润总额:纺织服装、服饰业:累计值,False,Total Profit: Textile and Apparel Industry: Cumulative Value,Total Profit: Textile and Apparel Industry: Cumulative Value,False,月,月,False,亿元,亿元,False,累计值,累计值,False,全国,全国,False,中国,中国,False,国家统计局,国家统计局,False,getEcoDataChina,getEcoDataChina,False,2000-02-29,2000-02-29,False,2026-06-30,2026-06-30,False,1,1,False,True,False,工业企业:利润总额:纺织服装、服饰业:累计值,Total Profit: Textile and Apparel Industry: Cumulative Value,月,亿元,累计值,全国,中国,国家统计局,getEcoDataChina,2000-02-29,2026-06-30,1,False,False,False,False,False,False,False,False,False,False,False,False,False
801130,纺织服饰,17,1020010181,工业企业:营业利润:纺织服装、服饰业:累计值,Operating Profit: Textile and Apparel Industry: Cumulative Value,月,亿元,累计值,全国,中国,国家统计局,getEcoDataChina,2017-02-28,2026-06-30,1,145.0,1020010181,工业企业:营业利润:纺织服装、服饰业:累计值,Operating Profit: Textile and Apparel Industry: Cumulative Value,M020010181,M020010167,0,月,亿元,累计值,2.0,全国,中国,人民币元,不重要,国家统计局,"从2011年起,规模以上工业企业起点标准由原来的年主营业务收入500万元提高到年主营业务收入2000万元。",2975,getEcoDataChina,2017-02-28,2026-06-30,1,EcoInfoProGet,2026-08-13T01:09:36.711019+00:00,工业企业:营业利润:纺织服装、服饰业:累计值,工业企业:营业利润:纺织服装、服饰业:累计值,False,Operating Profit: Textile and Apparel Industry: Cumulative Value,Operating Profit: Textile and Apparel Industry: Cumulative Value,False,月,月,False,亿元,亿元,False,累计值,累计值,False,全国,全国,False,中国,中国,False,国家统计局,国家统计局,False,getEcoDataChina,getEcoDataChina,False,2017-02-28,2017-02-28,False,2026-06-30,2026-06-30,False,1,1,False,True,False,工业企业:营业利润:纺织服装、服饰业:累计值,Operating Profit: Textile and Apparel Industry: Cumulative Value,月,亿元,累计值,全国,中国,国家统计局,getEcoDataChina,2017-02-28,2026-06-30,1,False,False,False,False,False,False,False,False,False,False,False,False,False
801130,纺织服饰,18,1020000928,成本费用利润率:纺织服装、服饰业,"Profit-To-Cost Ratio: Textile And Garment, Shoes, Cap Manufacturing",月,%,当期值,全国,中国,国家统计局,getEcoDataChina,2003-02-28,2026-06-30,1,145.0,1020000928,成本费用利润率:纺织服装、服饰业,"Profit-To-Cost Ratio: Textile And Garment, Shoes, Cap Manufacturing",M020000928,M020000916,0,月,%,当期值,2.0,全国,中国,,不重要,国家统计局,,2975,getEcoDataChina,2003-02-28,2026-06-30,1,EcoInfoProGet,2026-08-13T01:09:36.711019+00:00,成本费用利润率:纺织服装、服饰业,成本费用利润率:纺织服装、服饰业,False,"Profit-To-Cost Ratio: Textile And Garment, Shoes, Cap Manufacturing","Profit-To-Cost Ratio: Textile And Garment, Shoes, Cap Manufacturing",False,月,月,False,%,%,False,当期值,当期值,False,全国,全国,False,中国,中国,False,国家统计局,国家统计局,False,getEcoDataChina,getEcoDataChina,False,2003-02-28,2003-02-28,False,2026-06-30,2026-06-30,False,1,1,False,True,False,成本费用利润率:纺织服装、服饰业,"Profit-To-Cost Ratio: Textile And Garment, Shoes, Cap Manufacturing",月,%,当期值,全国,中国,国家统计局,getEcoDataChina,2003-02-28,2026-06-30,1,False,False,False,False,False,False,False,False,False,False,False,False,False
801130,纺织服饰,19,1020000848,税前利润率:纺织服装、服饰业,"Pre-Tax Profit Margin: Textile And Garment, Shoes, Cap Manufacturing",月,%,当期值,全国,中国,国家统计局,getEcoDataChina,2001-02-28,2026-06-30,1,145.0,1020000848,税前利润率:纺织服装、服饰业,"Pre-Tax Profit Margin: Textile And Garment, Shoes, Cap Manufacturing",M020000848,M020000836,0,月,%,当期值,2.0,全国,中国,,不重要,国家统计局,,2975,getEcoDataChina,2001-02-28,2026-06-30,1,EcoInfoProGet,2026-08-13T01:09:36.711019+00:00,税前利润率:纺织服装、服饰业,税前利润率:纺织服装、服饰业,False,"Pre-Tax Profit Margin: Textile And Garment, Shoes, Cap Manufacturing","Pre-Tax Profit Margin: Textile And Garment, Shoes, Cap Manufacturing",False,月,月,False,%,%,False,当期值,当期值,False,全国,全国,False,中国,中国,False,国家统计局,国家统计局,False,getEcoDataChina,getEcoDataChina,False,2001-02-28,2001-02-28,False,2026-06-30,2026-06-30,False,1,1,False,True,False,税前利润率:纺织服装、服饰业,"Pre-Tax Profit Margin: Textile And Garment, Shoes, Cap Manufacturing",月,%,当期值,全国,中国,国家统计局,getEcoDataChina,2001-02-28,2026-06-30,1,False,False,False,False,False,False,False,False,False,False,False,False,False
801130,纺织服饰,20,2120715759,进出口数量:针织物或钩编织物制成的服装(6113):当月值,Import and Export Quantity: A Garment Made of Knitted or Crocheted Fabric (6113): Current Month Value,月,件,当期值,中国,中国,海关总署,getEcoDataIndTextileclothing,2015-01-31,2026-06-30,1,145.0,2120715759,进出口数量:针织物或钩编织物制成的服装(6113):当月值,Import and Export Quantity: A Garment Made of Knitted or Crocheted Fabric (6113): Current Month Value,S120715759,S120710856,0,月,件,当期值,0.0,中国,中国,,一般重要,海关总署,"HS编码""6113""中文全称为""用品目5903、5906或5907的针织物或钩编织物制成的服装"",与HS编码""611300""中文全称为""5903、5906或5907的针织物或钩编织物制服装""相同,与HS编码""61130000""中文全称为""5903、5906或5907的针织物或钩编织物制服装""相同",2995,getEcoDataIndTextileclothing,2015-01-31,2026-06-30,1,EcoInfoProGet,2026-08-13T01:09:36.711019+00:00,进出口数量:针织物或钩编织物制成的服装(6113):当月值,进出口数量:针织物或钩编织物制成的服装(6113):当月值,False,Import and Export Quantity: A Garment Made of Knitted or Crocheted Fabric (6113): Current Month Value,Import and Export Quantity: A Garment Made of Knitted or Crocheted Fabric (6113): Current Month Value,False,月,月,False,件,件,False,当期值,当期值,False,中国,中国,False,中国,中国,False,海关总署,海关总署,False,getEcoDataIndTextileclothing,getEcoDataIndTextileclothing,False,2015-01-31,2015-01-31,False,2026-06-30,2026-06-30,False,1,1,False,True,False,进出口数量:针织物或钩编织物制成的服装(6113):当月值,Import and Export Quantity: A Garment Made of Knitted or Crocheted Fabric (6113): Current Month Value,月,件,当期值,中国,中国,海关总署,getEcoDataIndTextileclothing,2015-01-31,2026-06-30,1,False,False,False,False,False,False,False,False,False,False,False,False,False
801130,纺织服饰,21,2120714136,"进出口金额(美元):化学纤维短纤纺制的纱线,供零售用(5511):当月值",Import and Export Value (USD): Yarn Made of Chemical Staple Fibers For Retail Use (5511): Current Month Value,月,美元,当期值,中国,中国,海关总署,getEcoDataIndTextileclothing,2015-01-31,2026-06-30,1,145.0,2120714136,"进出口金额(美元):化学纤维短纤纺制的纱线,供零售用(5511):当月值",Import and Export Value (USD): Yarn Made of Chemical Staple Fibers For Retail Use (5511): Current Month Value,S120714136,S120710796,0,月,美元,当期值,2.0,中国,中国,美元,一般重要,海关总署,"HS编码""5511""中文全称为""化学纤维短纤纺制的纱线(缝纫线除外),供零售用""",2995,getEcoDataIndTextileclothing,2015-01-31,2026-06-30,1,EcoInfoProGet,2026-08-13T01:09:36.711019+00:00,"进出口金额(美元):化学纤维短纤纺制的纱线,供零售用(5511):当月值","进出口金额(美元):化学纤维短纤纺制的纱线,供零售用(5511):当月值",False,Import and Export Value (USD): Yarn Made of Chemical Staple Fibers For Retail Use (5511): Current Month Value,Import and Export Value (USD): Yarn Made of Chemical Staple Fibers For Retail Use (5511): Current Month Value,False,月,月,False,美元,美元,False,当期值,当期值,False,中国,中国,False,中国,中国,False,海关总署,海关总署,False,getEcoDataIndTextileclothing,getEcoDataIndTextileclothing,False,2015-01-31,2015-01-31,False,2026-06-30,2026-06-30,False,1,1,False,True,False,"进出口金额(美元):化学纤维短纤纺制的纱线,供零售用(5511):当月值",Import and Export Value (USD): Yarn Made of Chemical Staple Fibers For Retail Use (5511): Current Month Value,月,美元,当期值,中国,中国,海关总署,getEcoDataIndTextileclothing,2015-01-31,2026-06-30,1,False,False,False,False,False,False,False,False,False,False,False,False,False
801130,纺织服饰,22,2120713968,"进出口金额(美元):化学纤维长丝纱线,供零售用(5406):当月值",Import and Export Value (USD): Chemical Fiber Filament Yarn For Retail Use (5406): Current Month Value,月,美元,当期值,中国,中国,海关总署,getEcoDataIndTextileclothing,2015-01-31,2026-06-30,1,145.0,2120713968,"进出口金额(美元):化学纤维长丝纱线,供零售用(5406):当月值",Import and Export Value (USD): Chemical Fiber Filament Yarn For Retail Use (5406): Current Month Value,S120713968,S120710783,0,月,美元,当期值,2.0,中国,中国,美元,一般重要,海关总署,"HS编码""5406""中文全称为""化学纤维长丝纱线(缝纫线除外),供零售用"",与HS编码""540600""中文全称为""化纤长丝纱线,供零售用""相同",2995,getEcoDataIndTextileclothing,2015-01-31,2026-06-30,1,EcoInfoProGet,2026-08-13T01:09:36.711019+00:00,"进出口金额(美元):化学纤维长丝纱线,供零售用(5406):当月值","进出口金额(美元):化学纤维长丝纱线,供零售用(5406):当月值",False,Import and Export Value (USD): Chemical Fiber Filament Yarn For Retail Use (5406): Current Month Value,Import and Export Value (USD): Chemical Fiber Filament Yarn For Retail Use (5406): Current Month Value,False,月,月,False,美元,美元,False,当期值,当期值,False,中国,中国,False,中国,中国,False,海关总署,海关总署,False,getEcoDataIndTextileclothing,getEcoDataIndTextileclothing,False,2015-01-31,2015-01-31,False,2026-06-30,2026-06-30,False,1,1,False,True,False,"进出口金额(美元):化学纤维长丝纱线,供零售用(5406):当月值",Import and Export Value (USD): Chemical Fiber Filament Yarn For Retail Use (5406): Current Month Value,月,美元,当期值,中国,中国,海关总署,getEcoDataIndTextileclothing,2015-01-31,2026-06-30,1,False,False,False,False,False,False,False,False,False,False,False,False,False
801130,纺织服饰,23,2120713688,"进出口金额(美元):棉纱线,供零售用(5207):当月值",Import and Export Value (USD): Cotton Yarn For Retail Use (5207): Current Month Value,月,美元,当期值,中国,中国,海关总署,getEcoDataIndTextileclothing,2015-01-31,2026-06-30,1,145.0,2120713688,"进出口金额(美元):棉纱线,供零售用(5207):当月值",Import and Export Value (USD): Cotton Yarn For Retail Use (5207): Current Month Value,S120713688,S120710762,0,月,美元,当期值,2.0,中国,中国,美元,一般重要,海关总署,"HS编码""5207""中文全称为""棉纱线(缝纫线除外),供零售用""",2995,getEcoDataIndTextileclothing,2015-01-31,2026-06-30,1,EcoInfoProGet,2026-08-13T01:09:36.711019+00:00,"进出口金额(美元):棉纱线,供零售用(5207):当月值","进出口金额(美元):棉纱线,供零售用(5207):当月值",False,Import and Export Value (USD): Cotton Yarn For Retail Use (5207): Current Month Value,Import and Export Value (USD): Cotton Yarn For Retail Use (5207): Current Month Value,False,月,月,False,美元,美元,False,当期值,当期值,False,中国,中国,False,中国,中国,False,海关总署,海关总署,False,getEcoDataIndTextileclothing,getEcoDataIndTextileclothing,False,2015-01-31,2015-01-31,False,2026-06-30,2026-06-30,False,1,1,False,True,False,"进出口金额(美元):棉纱线,供零售用(5207):当月值",Import and Export Value (USD): Cotton Yarn For Retail Use (5207): Current Month Value,月,美元,当期值,中国,中国,海关总署,getEcoDataIndTextileclothing,2015-01-31,2026-06-30,1,False,False,False,False,False,False,False,False,False,False,False,False,False
801130,纺织服饰,24,2120713674,"进出口金额(美元):棉纱线,按重量计含棉量<85%,非供零售用(5206):当月值","Import and Export Value (USD): Cotton Yarn, Cotton Content < 85% By Weight, Not For Retail Use (5206): Current Month Value",月,美元,当期值,中国,中国,海关总署,getEcoDataIndTextileclothing,2015-01-31,2026-06-30,1,145.0,2120713674,"进出口金额(美元):棉纱线,按重量计含棉量<85%,非供零售用(5206):当月值","Import and Export Value (USD): Cotton Yarn, Cotton Content < 85% By Weight, Not For Retail Use (5206): Current Month Value",S120713674,S120710761,0,月,美元,当期值,2.0,中国,中国,美元,一般重要,海关总署,"HS编码""5206""中文全称为""棉纱线(缝纫线除外),按重量计含棉量<85%,非供零售用""",2995,getEcoDataIndTextileclothing,2015-01-31,2026-06-30,1,EcoInfoProGet,2026-08-13T01:09:36.711019+00:00,"进出口金额(美元):棉纱线,按重量计含棉量<85%,非供零售用(5206):当月值","进出口金额(美元):棉纱线,按重量计含棉量<85%,非供零售用(5206):当月值",False,"Import and Export Value (USD): Cotton Yarn, Cotton Content < 85% By Weight, Not For Retail Use (5206): Current Month Value","Import and Export Value (USD): Cotton Yarn, Cotton Content < 85% By Weight, Not For Retail Use (5206): Current Month Value",False,月,月,False,美元,美元,False,当期值,当期值,False,中国,中国,False,中国,中国,False,海关总署,海关总署,False,getEcoDataIndTextileclothing,getEcoDataIndTextileclothing,False,2015-01-31,2015-01-31,False,2026-06-30,2026-06-30,False,1,1,False,True,False,"进出口金额(美元):棉纱线,按重量计含棉量<85%,非供零售用(5206):当月值","Import and Export Value (USD): Cotton Yarn, Cotton Content < 85% By Weight, Not For Retail Use (5206): Current Month Value",月,美元,当期值,中国,中国,海关总署,getEcoDataIndTextileclothing,2015-01-31,2026-06-30,1,False,False,False,False,False,False,False,False,False,False,False,False,False
801130,纺织服饰,25,2120713660,"进出口金额(美元):棉纱线,按重量计含棉量≥85%,非供零售用(5205):当月值","Import and Export Value (USD): Cotton Yarn, With Cotton Content ≥ 85% By Weight, Not For Retail Use (5205): Current Month Value",月,美元,当期值,中国,中国,海关总署,getEcoDataIndTextileclothing,2015-01-31,2026-06-30,1,145.0,2120713660,"进出口金额(美元):棉纱线,按重量计含棉量≥85%,非供零售用(5205):当月值","Import and Export Value (USD): Cotton Yarn, With Cotton Content ≥ 85% By Weight, Not For Retail Use (5205): Current Month Value",S120713660,S120710760,0,月,美元,当期值,2.0,中国,中国,美元,一般重要,海关总署,"HS编码""5205""中文全称为""棉纱线(缝纫线除外),按重量计含棉量≥85%,非供零售用""",2995,getEcoDataIndTextileclothing,2015-01-31,2026-06-30,1,EcoInfoProGet,2026-08-13T01:09:36.711019+00:00,"进出口金额(美元):棉纱线,按重量计含棉量≥85%,非供零售用(5205):当月值","进出口金额(美元):棉纱线,按重量计含棉量≥85%,非供零售用(5205):当月值",False,"Import and Export Value (USD): Cotton Yarn, With Cotton Content ≥ 85% By Weight, Not For Retail Use (5205): Current Month Value","Import and Export Value (USD): Cotton Yarn, With Cotton Content ≥ 85% By Weight, Not For Retail Use (5205): Current Month Value",False,月,月,False,美元,美元,False,当期值,当期值,False,中国,中国,False,中国,中国,False,海关总署,海关总署,False,getEcoDataIndTextileclothing,getEcoDataIndTextileclothing,False,2015-01-31,2015-01-31,False,2026-06-30,2026-06-30,False,1,1,False,True,False,"进出口金额(美元):棉纱线,按重量计含棉量≥85%,非供零售用(5205):当月值","Import and Export Value (USD): Cotton Yarn, With Cotton Content ≥ 85% By Weight, Not For Retail Use (5205): Current Month Value",月,美元,当期值,中国,中国,海关总署,getEcoDataIndTextileclothing,2015-01-31,2026-06-30,1,False,False,False,False,False,False,False,False,False,False,False,False,False
801130,纺织服饰,26,2120714878,进出口金额(美元):针织或钩编的其他服装(6114):当月值,Import and Export Value (USD): Other Garments Knitted or Crocheted (6114): Current Month Value,月,美元,当期值,中国,中国,海关总署,getEcoDataIndTextileclothing,2015-01-31,2026-06-30,1,145.0,2120714878,进出口金额(美元):针织或钩编的其他服装(6114):当月值,Import and Export Value (USD): Other Garments Knitted or Crocheted (6114): Current Month Value,S120714878,S120710857,0,月,美元,当期值,2.0,中国,中国,美元,一般重要,海关总署,,2995,getEcoDataIndTextileclothing,2015-01-31,2026-06-30,1,EcoInfoProGet,2026-08-13T01:09:36.711019+00:00,进出口金额(美元):针织或钩编的其他服装(6114):当月值,进出口金额(美元):针织或钩编的其他服装(6114):当月值,False,Import and Export Value (USD): Other Garments Knitted or Crocheted (6114): Current Month Value,Import and Export Value (USD): Other Garments Knitted or Crocheted (6114): Current Month Value,False,月,月,False,美元,美元,False,当期值,当期值,False,中国,中国,False,中国,中国,False,海关总署,海关总署,False,getEcoDataIndTextileclothing,getEcoDataIndTextileclothing,False,2015-01-31,2015-01-31,False,2026-06-30,2026-06-30,False,1,1,False,True,False,进出口金额(美元):针织或钩编的其他服装(6114):当月值,Import and Export Value (USD): Other Garments Knitted or Crocheted (6114): Current Month Value,月,美元,当期值,中国,中国,海关总署,getEcoDataIndTextileclothing,2015-01-31,2026-06-30,1,False,False,False,False,False,False,False,False,False,False,False,False,False
801130,纺织服饰,27,2120714850,进出口金额(美元):针织或钩编的婴儿服装及衣着附件(6111):当月值,Import and Export Value (USD): Knitted or Crocheted Baby Garments and Clothing Accessories (6111): Current Month Value,月,美元,当期值,中国,中国,海关总署,getEcoDataIndTextileclothing,2015-01-31,2026-06-30,1,145.0,2120714850,进出口金额(美元):针织或钩编的婴儿服装及衣着附件(6111):当月值,Import and Export Value (USD): Knitted or Crocheted Baby Garments and Clothing Accessories (6111): Current Month Value,S120714850,S120710854,0,月,美元,当期值,2.0,中国,中国,美元,一般重要,海关总署,,2995,getEcoDataIndTextileclothing,2015-01-31,2026-06-30,1,EcoInfoProGet,2026-08-13T01:09:36.711019+00:00,进出口金额(美元):针织或钩编的婴儿服装及衣着附件(6111):当月值,进出口金额(美元):针织或钩编的婴儿服装及衣着附件(6111):当月值,False,Import and Export Value (USD): Knitted or Crocheted Baby Garments and Clothing Accessories (6111): Current Month Value,Import and Export Value (USD): Knitted or Crocheted Baby Garments and Clothing Accessories (6111): Current Month Value,False,月,月,False,美元,美元,False,当期值,当期值,False,中国,中国,False,中国,中国,False,海关总署,海关总署,False,getEcoDataIndTextileclothing,getEcoDataIndTextileclothing,False,2015-01-31,2015-01-31,False,2026-06-30,2026-06-30,False,1,1,False,True,False,进出口金额(美元):针织或钩编的婴儿服装及衣着附件(6111):当月值,Import and Export Value (USD): Knitted or Crocheted Baby Garments and Clothing Accessories (6111): Current Month Value,月,美元,当期值,中国,中国,海关总署,getEcoDataIndTextileclothing,2015-01-31,2026-06-30,1,False,False,False,False,False,False,False,False,False,False,False,False,False
801130,纺织服饰,28,2120714920,进出口金额(美元):针织或钩编的衣着附件;服装或衣着附件的零件(6117):当月值,Import and Export Value (USD): Knitted or Crocheted Clothing Accessories;Parts of Clothing or Clothing Accessories (6117): Current Month Value,月,美元,当期值,中国,中国,海关总署,getEcoDataIndTextileclothing,2015-01-31,2026-06-30,1,145.0,2120714920,进出口金额(美元):针织或钩编的衣着附件;服装或衣着附件的零件(6117):当月值,Import and Export Value (USD): Knitted or Crocheted Clothing Accessories;Parts of Clothing or Clothing Accessories (6117): Current Month Value,S120714920,S120710860,0,月,美元,当期值,2.0,中国,中国,美元,一般重要,海关总署,"HS编码""6117""中文全称为""其他制成的针织或钩编的衣着附件;服装或衣着附件的针织或钩编零件""",2995,getEcoDataIndTextileclothing,2015-01-31,2026-06-30,1,EcoInfoProGet,2026-08-13T01:09:36.711019+00:00,进出口金额(美元):针织或钩编的衣着附件;服装或衣着附件的零件(6117):当月值,进出口金额(美元):针织或钩编的衣着附件;服装或衣着附件的零件(6117):当月值,False,Import and Export Value (USD): Knitted or Crocheted Clothing Accessories;Parts of Clothing or Clothing Accessories (6117): Current Month Value,Import and Export Value (USD): Knitted or Crocheted Clothing Accessories;Parts of Clothing or Clothing Accessories (6117): Current Month Value,False,月,月,False,美元,美元,False,当期值,当期值,False,中国,中国,False,中国,中国,False,海关总署,海关总署,False,getEcoDataIndTextileclothing,getEcoDataIndTextileclothing,False,2015-01-31,2015-01-31,False,2026-06-30,2026-06-30,False,1,1,False,True,False,进出口金额(美元):针织或钩编的衣着附件;服装或衣着附件的零件(6117):当月值,Import and Export Value (USD): Knitted or Crocheted Clothing Accessories;Parts of Clothing or Clothing Accessories (6117): Current Month Value,月,美元,当期值,中国,中国,海关总署,getEcoDataIndTextileclothing,2015-01-31,2026-06-30,1,False,False,False,False,False,False,False,False,False,False,False,False,False
801130,纺织服饰,29,2120715752,进出口金额(美元):针织物或钩编织物制成的服装(6113):当月值,Import and Export Value (USD): A Garment Made of Knitted or Crocheted Fabric (6113): Current Month Value,月,美元,当期值,中国,中国,海关总署,getEcoDataIndTextileclothing,2015-01-31,2026-06-30,1,145.0,2120715752,进出口金额(美元):针织物或钩编织物制成的服装(6113):当月值,Import and Export Value (USD): A Garment Made of Knitted or Crocheted Fabric (6113): Current Month Value,S120715752,S120710856,0,月,美元,当期值,2.0,中国,中国,美元,一般重要,海关总署,"HS编码""6113""中文全称为""用品目5903、5906或5907的针织物或钩编织物制成的服装"",与HS编码""611300""中文全称为""5903、5906或5907的针织物或钩编织物制服装""相同,与HS编码""61130000""中文全称为""5903、5906或5907的针织物或钩编织物制服装""相同",2995,getEcoDataIndTextileclothing,2015-01-31,2026-06-30,1,EcoInfoProGet,2026-08-13T01:09:36.711019+00:00,进出口金额(美元):针织物或钩编织物制成的服装(6113):当月值,进出口金额(美元):针织物或钩编织物制成的服装(6113):当月值,False,Import and Export Value (USD): A Garment Made of Knitted or Crocheted Fabric (6113): Current Month Value,Import and Export Value (USD): A Garment Made of Knitted or Crocheted Fabric (6113): Current Month Value,False,月,月,False,美元,美元,False,当期值,当期值,False,中国,中国,False,中国,中国,False,海关总署,海关总署,False,getEcoDataIndTextileclothing,getEcoDataIndTextileclothing,False,2015-01-31,2015-01-31,False,2026-06-30,2026-06-30,False,1,1,False,True,False,进出口金额(美元):针织物或钩编织物制成的服装(6113):当月值,Import and Export Value (USD): A Garment Made of Knitted or Crocheted Fabric (6113): Current Month Value,月,美元,当期值,中国,中国,海关总署,getEcoDataIndTextileclothing,2015-01-31,2026-06-30,1,False,False,False,False,False,False,False,False,False,False,False,False,False
801130,纺织服饰,30,2120200022,进口数量:棉纱线:当月同比,Cotton Yarn: Imports Quantity: YoY,月,%,当期同比,全国,中国,海关总署,getEcoDataIndTextileclothing,2000-01-31,2026-06-30,1,145.0,2120200022,进口数量:棉纱线:当月同比,Cotton Yarn: Imports Quantity: YoY,S120200022,S120200002,0,月,%,当期同比,2.0,全国,中国,,不重要,海关总署,,2995,getEcoDataIndTextileclothing,2000-01-31,2026-06-30,1,EcoInfoProGet,2026-08-13T01:09:36.711019+00:00,进口数量:棉纱线:当月同比,进口数量:棉纱线:当月同比,False,Cotton Yarn: Imports Quantity: YoY,Cotton Yarn: Imports Quantity: YoY,False,月,月,False,%,%,False,当期同比,当期同比,False,全国,全国,False,中国,中国,False,海关总署,海关总署,False,getEcoDataIndTextileclothing,getEcoDataIndTextileclothing,False,2000-01-31,2000-01-31,False,2026-06-30,2026-06-30,False,1,1,False,True,False,进口数量:棉纱线:当月同比,Cotton Yarn: Imports Quantity: YoY,月,%,当期同比,全国,中国,海关总署,getEcoDataIndTextileclothing,2000-01-31,2026-06-30,1,False,False,False,False,False,False,False,False,False,False,False,False,False
801140,轻工制造,1,1040002021,国际期货价格:木材,International Futures Prices: Wood,周,美元/千板英尺,当期值,全国,中国,商务部,getEcoDataChina,2005-01-21,2026-07-31,1,147.0,1040002021,国际期货价格:木材,International Futures Prices: Wood,M040002021,M040002015,0,周,美元/千板英尺,当期值,2.0,全国,中国,美元,不重要,商务部,,2975,getEcoDataChina,2005-01-21,2026-07-31,1,EcoInfoProGet,2026-08-13T01:09:36.711019+00:00,国际期货价格:木材,国际期货价格:木材,False,International Futures Prices: Wood,International Futures Prices: Wood,False,周,周,False,美元/千板英尺,美元/千板英尺,False,当期值,当期值,False,全国,全国,False,中国,中国,False,商务部,商务部,False,getEcoDataChina,getEcoDataChina,False,2005-01-21,2005-01-21,False,2026-07-31,2026-07-31,False,1,1,False,True,False,国际期货价格:木材,International Futures Prices: Wood,周,美元/千板英尺,当期值,全国,中国,商务部,getEcoDataChina,2005-01-21,2026-07-31,1,False,False,False,False,False,False,False,False,False,False,False,False,False
801140,轻工制造,2,1020000189,出口交货值:文教体育用品制造业:当月同比,"Export Delivery Value: Culture, Education And Sporting Goods Manufacturing Industry: Current YoY (Month)",月,%,当期同比,全国,中国,国家统计局,getEcoDataChina,2007-02-28,2026-06-30,1,145.0,1020000189,出口交货值:文教体育用品制造业:当月同比,"Export Delivery Value: Culture, Education And Sporting Goods Manufacturing Industry: Current YoY (Month)",M020000189,M020000129,0,月,%,当期同比,2.0,全国,中国,,不重要,国家统计局,,2975,getEcoDataChina,2007-02-28,2026-06-30,1,EcoInfoProGet,2026-08-13T01:09:36.711019+00:00,出口交货值:文教体育用品制造业:当月同比,出口交货值:文教体育用品制造业:当月同比,False,"Export Delivery Value: Culture, Education And Sporting Goods Manufacturing Industry: Current YoY (Month)","Export Delivery Value: Culture, Education And Sporting Goods Manufacturing Industry: Current YoY (Month)",False,月,月,False,%,%,False,当期同比,当期同比,False,全国,全国,False,中国,中国,False,国家统计局,国家统计局,False,getEcoDataChina,getEcoDataChina,False,2007-02-28,2007-02-28,False,2026-06-30,2026-06-30,False,1,1,False,True,False,出口交货值:文教体育用品制造业:当月同比,"Export Delivery Value: Culture, Education And Sporting Goods Manufacturing Industry: Current YoY (Month)",月,%,当期同比,全国,中国,国家统计局,getEcoDataChina,2007-02-28,2026-06-30,1,False,False,False,False,False,False,False,False,False,False,False,False,False
801140,轻工制造,3,1020000148,出口交货值:文教体育用品制造业:当期值,"Export Delivery Value: Culture, Education And Sporting Goods Manufacturing Industry: Current Value",月,亿元,当期值,全国,中国,国家统计局,getEcoDataChina,2007-02-28,2026-06-30,1,145.0,1020000148,出口交货值:文教体育用品制造业:当期值,"Export Delivery Value: Culture, Education And Sporting Goods Manufacturing Industry: Current Value",M020000148,M020000129,0,月,亿元,当期值,2.0,全国,中国,人民币元,不重要,国家统计局,,2975,getEcoDataChina,2007-02-28,2026-06-30,1,EcoInfoProGet,2026-08-13T01:09:36.711019+00:00,出口交货值:文教体育用品制造业:当期值,出口交货值:文教体育用品制造业:当期值,False,"Export Delivery Value: Culture, Education And Sporting Goods Manufacturing Industry: Current Value","Export Delivery Value: Culture, Education And Sporting Goods Manufacturing Industry: Current Value",False,月,月,False,亿元,亿元,False,当期值,当期值,False,全国,全国,False,中国,中国,False,国家统计局,国家统计局,False,getEcoDataChina,getEcoDataChina,False,2007-02-28,2007-02-28,False,2026-06-30,2026-06-30,False,1,1,False,True,False,出口交货值:文教体育用品制造业:当期值,"Export Delivery Value: Culture, Education And Sporting Goods Manufacturing Industry: Current Value",月,亿元,当期值,全国,中国,国家统计局,getEcoDataChina,2007-02-28,2026-06-30,1,False,False,False,False,False,False,False,False,False,False,False,False,False
801140,轻工制造,4,1040000980,工业生产者购进价格指数(PPIRM):木材及纸浆类(上年同月=100),PPIRM: Timber and Paper Pulp Categories (CYoY=100),月,上年同月=100,当期值,全国,中国,国家统计局,getEcoDataChina,1988-03-31,2026-06-30,1,145.0,1040000980,工业生产者购进价格指数(PPIRM):木材及纸浆类(上年同月=100),PPIRM: Timber and Paper Pulp Categories (CYoY=100),M040000980,M040000972,0,月,上年同月=100,当期值,2.0,全国,中国,,不重要,国家统计局,,2975,getEcoDataChina,1988-03-31,2026-07-31,1,EcoInfoProGet,2026-08-13T01:09:36.711019+00:00,工业生产者购进价格指数(PPIRM):木材及纸浆类(上年同月=100),工业生产者购进价格指数(PPIRM):木材及纸浆类(上年同月=100),False,PPIRM: Timber and Paper Pulp Categories (CYoY=100),PPIRM: Timber and Paper Pulp Categories (CYoY=100),False,月,月,False,上年同月=100,上年同月=100,False,当期值,当期值,False,全国,全国,False,中国,中国,False,国家统计局,国家统计局,False,getEcoDataChina,getEcoDataChina,False,1988-03-31,1988-03-31,False,2026-06-30,2026-07-31,True,1,1,False,True,True,工业生产者购进价格指数(PPIRM):木材及纸浆类(上年同月=100),PPIRM: Timber and Paper Pulp Categories (CYoY=100),月,上年同月=100,当期值,全国,中国,国家统计局,getEcoDataChina,1988-03-31,2026-07-31,1,False,False,False,False,False,False,False,False,False,False,False,False,False
801140,轻工制造,5,1040024029,市场价:林产品:纸浆(进口针叶浆):当期值,,旬,元/吨,当期值,全国,中国,国家统计局,getEcoDataChina,2013-12-31,2026-07-31,1,145.0,1040024029,市场价:林产品:纸浆(进口针叶浆):当期值,,M040024029,M040001808,0,旬,元/吨,当期值,2.0,全国,中国,人民币元,一般重要,国家统计局,,2975,getEcoDataChina,2013-12-31,2026-07-31,1,EcoInfoProGet,2026-08-13T01:09:36.711019+00:00,市场价:林产品:纸浆(进口针叶浆):当期值,市场价:林产品:纸浆(进口针叶浆):当期值,False,,,False,旬,旬,False,元/吨,元/吨,False,当期值,当期值,False,全国,全国,False,中国,中国,False,国家统计局,国家统计局,False,getEcoDataChina,getEcoDataChina,False,2013-12-31,2013-12-31,False,2026-07-31,2026-07-31,False,1,1,False,True,False,市场价:林产品:纸浆(进口针叶浆):当期值,,旬,元/吨,当期值,全国,中国,国家统计局,getEcoDataChina,2013-12-31,2026-07-31,1,False,False,False,False,False,False,False,False,False,False,False,False,False
801140,轻工制造,6,1040024036,市场价:林产品:纸浆(进口针叶浆):涨跌幅,,旬,%,当期值,全国,中国,国家统计局,getEcoDataChina,2014-01-10,2026-07-31,1,145.0,1040024036,市场价:林产品:纸浆(进口针叶浆):涨跌幅,,M040024036,M040001808,0,旬,%,当期值,2.0,全国,中国,,一般重要,国家统计局,,2975,getEcoDataChina,2014-01-10,2026-07-31,1,EcoInfoProGet,2026-08-13T01:09:36.711019+00:00,市场价:林产品:纸浆(进口针叶浆):涨跌幅,市场价:林产品:纸浆(进口针叶浆):涨跌幅,False,,,False,旬,旬,False,%,%,False,当期值,当期值,False,全国,全国,False,中国,中国,False,国家统计局,国家统计局,False,getEcoDataChina,getEcoDataChina,False,2014-01-10,2014-01-10,False,2026-07-31,2026-07-31,False,1,1,False,True,False,市场价:林产品:纸浆(进口针叶浆):涨跌幅,,旬,%,当期值,全国,中国,国家统计局,getEcoDataChina,2014-01-10,2026-07-31,1,False,False,False,False,False,False,False,False,False,False,False,False,False
801140,轻工制造,7,2130100008,产量:机制纸及纸板:当月值,Production: paperboard: current value (month),月,万吨,当期值,全国,中国,国家统计局,getEcoDataIndLightmanufactue,2005-02-28,2026-06-30,1,143.0,2130100008,产量:机制纸及纸板:当月值,Production: paperboard: current value (month),M020001587,M020001541,0,月,万吨,当期值,2.0,全国,中国,,不重要,国家统计局,,2989,getEcoDataIndLightmanufactue,2005-02-28,2026-06-30,1,EcoInfoProGet,2026-08-13T01:09:36.711019+00:00,产量:机制纸及纸板:当月值,产量:机制纸及纸板:当月值,False,Production: paperboard: current value (month),Production: paperboard: current value (month),False,月,月,False,万吨,万吨,False,当期值,当期值,False,全国,全国,False,中国,中国,False,国家统计局,国家统计局,False,getEcoDataIndLightmanufactue,getEcoDataIndLightmanufactue,False,2005-02-28,2005-02-28,False,2026-06-30,2026-06-30,False,1,1,False,True,False,产量:机制纸及纸板:当月值,Production: paperboard: current value (month),月,万吨,当期值,全国,中国,国家统计局,getEcoDataIndLightmanufactue,2005-02-28,2026-06-30,1,False,False,False,False,False,False,False,False,False,False,False,False,False
801140,轻工制造,8,1020000186,出口交货值:家具制造业:当月同比,Export Delivery Value: Furniture Manufacturing: Current YoY (Month),月,%,当期同比,全国,中国,国家统计局,getEcoDataChina,2007-02-28,2026-06-30,1,143.0,1020000186,出口交货值:家具制造业:当月同比,Export Delivery Value: Furniture Manufacturing: Current YoY (Month),M020000186,M020000129,0,月,%,当期同比,2.0,全国,中国,,不重要,国家统计局,,2975,getEcoDataChina,2007-02-28,2026-06-30,1,EcoInfoProGet,2026-08-13T01:09:36.711019+00:00,出口交货值:家具制造业:当月同比,出口交货值:家具制造业:当月同比,False,Export Delivery Value: Furniture Manufacturing: Current YoY (Month),Export Delivery Value: Furniture Manufacturing: Current YoY (Month),False,月,月,False,%,%,False,当期同比,当期同比,False,全国,全国,False,中国,中国,False,国家统计局,国家统计局,False,getEcoDataChina,getEcoDataChina,False,2007-02-28,2007-02-28,False,2026-06-30,2026-06-30,False,1,1,False,True,False,出口交货值:家具制造业:当月同比,Export Delivery Value: Furniture Manufacturing: Current YoY (Month),月,%,当期同比,全国,中国,国家统计局,getEcoDataChina,2007-02-28,2026-06-30,1,False,False,False,False,False,False,False,False,False,False,False,False,False
801140,轻工制造,9,1020000145,出口交货值:家具制造业:当期值,Export Delivery Value: Furniture Manufacturing: Current Value,月,亿元,当期值,全国,中国,国家统计局,getEcoDataChina,2007-02-28,2026-06-30,1,143.0,1020000145,出口交货值:家具制造业:当期值,Export Delivery Value: Furniture Manufacturing: Current Value,M020000145,M020000129,0,月,亿元,当期值,2.0,全国,中国,人民币元,不重要,国家统计局,,2975,getEcoDataChina,2007-02-28,2026-06-30,1,EcoInfoProGet,2026-08-13T01:09:36.711019+00:00,出口交货值:家具制造业:当期值,出口交货值:家具制造业:当期值,False,Export Delivery Value: Furniture Manufacturing: Current Value,Export Delivery Value: Furniture Manufacturing: Current Value,False,月,月,False,亿元,亿元,False,当期值,当期值,False,全国,全国,False,中国,中国,False,国家统计局,国家统计局,False,getEcoDataChina,getEcoDataChina,False,2007-02-28,2007-02-28,False,2026-06-30,2026-06-30,False,1,1,False,True,False,出口交货值:家具制造业:当期值,Export Delivery Value: Furniture Manufacturing: Current Value,月,亿元,当期值,全国,中国,国家统计局,getEcoDataChina,2007-02-28,2026-06-30,1,False,False,False,False,False,False,False,False,False,False,False,False,False
801140,轻工制造,10,1020000185,出口交货值:木材加工及木、竹、藤、棕、草制品业:当月同比,"Export Delivery Value: Wood Processing And Wood, Bamboo, Rattan, Palm, Straw Products Industry: Current YoY (Month)",月,%,当期同比,全国,中国,国家统计局,getEcoDataChina,2007-02-28,2026-06-30,1,143.0,1020000185,出口交货值:木材加工及木、竹、藤、棕、草制品业:当月同比,"Export Delivery Value: Wood Processing And Wood, Bamboo, Rattan, Palm, Straw Products Industry: Current YoY (Month)",M020000185,M020000129,0,月,%,当期同比,2.0,全国,中国,,不重要,国家统计局,,2975,getEcoDataChina,2007-02-28,2026-06-30,1,EcoInfoProGet,2026-08-13T01:09:36.711019+00:00,出口交货值:木材加工及木、竹、藤、棕、草制品业:当月同比,出口交货值:木材加工及木、竹、藤、棕、草制品业:当月同比,False,"Export Delivery Value: Wood Processing And Wood, Bamboo, Rattan, Palm, Straw Products Industry: Current YoY (Month)","Export Delivery Value: Wood Processing And Wood, Bamboo, Rattan, Palm, Straw Products Industry: Current YoY (Month)",False,月,月,False,%,%,False,当期同比,当期同比,False,全国,全国,False,中国,中国,False,国家统计局,国家统计局,False,getEcoDataChina,getEcoDataChina,False,2007-02-28,2007-02-28,False,2026-06-30,2026-06-30,False,1,1,False,True,False,出口交货值:木材加工及木、竹、藤、棕、草制品业:当月同比,"Export Delivery Value: Wood Processing And Wood, Bamboo, Rattan, Palm, Straw Products Industry: Current YoY (Month)",月,%,当期同比,全国,中国,国家统计局,getEcoDataChina,2007-02-28,2026-06-30,1,False,False,False,False,False,False,False,False,False,False,False,False,False
801140,轻工制造,11,1020000144,出口交货值:木材加工及木、竹、藤、棕、草制品业:当期值,"Export Delivery Value: Wood Processing And Wood, Bamboo, Rattan, Palm, Straw Products Industry: Current Value",月,亿元,当期值,全国,中国,国家统计局,getEcoDataChina,2007-02-28,2026-06-30,1,143.0,1020000144,出口交货值:木材加工及木、竹、藤、棕、草制品业:当期值,"Export Delivery Value: Wood Processing And Wood, Bamboo, Rattan, Palm, Straw Products Industry: Current Value",M020000144,M020000129,0,月,亿元,当期值,2.0,全国,中国,人民币元,不重要,国家统计局,,2975,getEcoDataChina,2007-02-28,2026-06-30,1,EcoInfoProGet,2026-08-13T01:09:36.711019+00:00,出口交货值:木材加工及木、竹、藤、棕、草制品业:当期值,出口交货值:木材加工及木、竹、藤、棕、草制品业:当期值,False,"Export Delivery Value: Wood Processing And Wood, Bamboo, Rattan, Palm, Straw Products Industry: Current Value","Export Delivery Value: Wood Processing And Wood, Bamboo, Rattan, Palm, Straw Products Industry: Current Value",False,月,月,False,亿元,亿元,False,当期值,当期值,False,全国,全国,False,中国,中国,False,国家统计局,国家统计局,False,getEcoDataChina,getEcoDataChina,False,2007-02-28,2007-02-28,False,2026-06-30,2026-06-30,False,1,1,False,True,False,出口交货值:木材加工及木、竹、藤、棕、草制品业:当期值,"Export Delivery Value: Wood Processing And Wood, Bamboo, Rattan, Palm, Straw Products Industry: Current Value",月,亿元,当期值,全国,中国,国家统计局,getEcoDataChina,2007-02-28,2026-06-30,1,False,False,False,False,False,False,False,False,False,False,False,False,False
801140,轻工制造,12,1020000187,出口交货值:造纸及纸制品业:当月同比,Export Delivery Value: Paper And Paper Products Industry: Current YoY (Month),月,%,当期同比,全国,中国,国家统计局,getEcoDataChina,2007-02-28,2026-06-30,1,143.0,1020000187,出口交货值:造纸及纸制品业:当月同比,Export Delivery Value: Paper And Paper Products Industry: Current YoY (Month),M020000187,M020000129,0,月,%,当期同比,2.0,全国,中国,,不重要,国家统计局,,2975,getEcoDataChina,2007-02-28,2026-06-30,1,EcoInfoProGet,2026-08-13T01:09:36.711019+00:00,出口交货值:造纸及纸制品业:当月同比,出口交货值:造纸及纸制品业:当月同比,False,Export Delivery Value: Paper And Paper Products Industry: Current YoY (Month),Export Delivery Value: Paper And Paper Products Industry: Current YoY (Month),False,月,月,False,%,%,False,当期同比,当期同比,False,全国,全国,False,中国,中国,False,国家统计局,国家统计局,False,getEcoDataChina,getEcoDataChina,False,2007-02-28,2007-02-28,False,2026-06-30,2026-06-30,False,1,1,False,True,False,出口交货值:造纸及纸制品业:当月同比,Export Delivery Value: Paper And Paper Products Industry: Current YoY (Month),月,%,当期同比,全国,中国,国家统计局,getEcoDataChina,2007-02-28,2026-06-30,1,False,False,False,False,False,False,False,False,False,False,False,False,False
801140,轻工制造,13,1020000146,出口交货值:造纸及纸制品业:当期值,Export Delivery Value: Paper And Paper Products Industry: Current Value,月,亿元,当期值,全国,中国,国家统计局,getEcoDataChina,2007-02-28,2026-06-30,1,143.0,1020000146,出口交货值:造纸及纸制品业:当期值,Export Delivery Value: Paper And Paper Products Industry: Current Value,M020000146,M020000129,0,月,亿元,当期值,2.0,全国,中国,人民币元,不重要,国家统计局,,2975,getEcoDataChina,2007-02-28,2026-06-30,1,EcoInfoProGet,2026-08-13T01:09:36.711019+00:00,出口交货值:造纸及纸制品业:当期值,出口交货值:造纸及纸制品业:当期值,False,Export Delivery Value: Paper And Paper Products Industry: Current Value,Export Delivery Value: Paper And Paper Products Industry: Current Value,False,月,月,False,亿元,亿元,False,当期值,当期值,False,全国,全国,False,中国,中国,False,国家统计局,国家统计局,False,getEcoDataChina,getEcoDataChina,False,2007-02-28,2007-02-28,False,2026-06-30,2026-06-30,False,1,1,False,True,False,出口交货值:造纸及纸制品业:当期值,Export Delivery Value: Paper And Paper Products Industry: Current Value,月,亿元,当期值,全国,中国,国家统计局,getEcoDataChina,2007-02-28,2026-06-30,1,False,False,False,False,False,False,False,False,False,False,False,False,False
801140,轻工制造,14,2130712244,"出口数量:成卷或成张的复合纸及纸板,未经表面涂布或未浸渍(4807):当月值","Export Quantity: Composite Paper and Paperboard In Rolls or Sheets, Uncoated or Not Impregnated (4807): Current Month Value",月,千克,当期值,中国,中国,海关总署,getEcoDataIndLightmanufactue,2015-01-31,2026-06-30,1,143.0,2130712244,"出口数量:成卷或成张的复合纸及纸板,未经表面涂布或未浸渍(4807):当月值","Export Quantity: Composite Paper and Paperboard In Rolls or Sheets, Uncoated or Not Impregnated (4807): Current Month Value",S130712244,S130711394,0,月,千克,当期值,2.0,中国,中国,,一般重要,海关总署,"HS编码""4807""中文全称为""成卷或成张的复合纸及纸板(用粘合剂粘合各层纸或纸板制成),未经表面涂布或未浸渍,不论内层是否有加强材料"",与HS编码""480700""中文全称为""成卷或成张的复合纸及纸板,未涂布或未浸渍""相同,与HS编码""48070000""中文全称为""成卷或成张的复合纸及纸板,未涂布或未浸渍""相同",2989,getEcoDataIndLightmanufactue,2015-01-31,2026-06-30,1,EcoInfoProGet,2026-08-13T01:09:36.711019+00:00,"出口数量:成卷或成张的复合纸及纸板,未经表面涂布或未浸渍(4807):当月值","出口数量:成卷或成张的复合纸及纸板,未经表面涂布或未浸渍(4807):当月值",False,"Export Quantity: Composite Paper and Paperboard In Rolls or Sheets, Uncoated or Not Impregnated (4807): Current Month Value","Export Quantity: Composite Paper and Paperboard In Rolls or Sheets, Uncoated or Not Impregnated (4807): Current Month Value",False,月,月,False,千克,千克,False,当期值,当期值,False,中国,中国,False,中国,中国,False,海关总署,海关总署,False,getEcoDataIndLightmanufactue,getEcoDataIndLightmanufactue,False,2015-01-31,2015-01-31,False,2026-06-30,2026-06-30,False,1,1,False,True,False,"出口数量:成卷或成张的复合纸及纸板,未经表面涂布或未浸渍(4807):当月值","Export Quantity: Composite Paper and Paperboard In Rolls or Sheets, Uncoated or Not Impregnated (4807): Current Month Value",月,千克,当期值,中国,中国,海关总署,getEcoDataIndLightmanufactue,2015-01-31,2026-06-30,1,False,False,False,False,False,False,False,False,False,False,False,False,False
801140,轻工制造,15,2130712264,出口数量:纸浆制的滤块、滤板及滤片(4812):当月值,"Export Quantity: Filter Block, Filter Plate and Filter Plate Made of Pulp (4812): Current Month Value",月,千克,当期值,中国,中国,海关总署,getEcoDataIndLightmanufactue,2015-01-31,2026-06-30,1,143.0,2130712264,出口数量:纸浆制的滤块、滤板及滤片(4812):当月值,"Export Quantity: Filter Block, Filter Plate and Filter Plate Made of Pulp (4812): Current Month Value",S130712264,S130711399,0,月,千克,当期值,2.0,中国,中国,,一般重要,海关总署,"与HS编码""481200""中文全称为""纸浆制的滤块、滤板及滤片""相同,与HS编码""48120000""中文全称为""纸浆制的滤块、滤板及滤片""相同",2989,getEcoDataIndLightmanufactue,2015-01-31,2026-06-30,1,EcoInfoProGet,2026-08-13T01:09:36.711019+00:00,出口数量:纸浆制的滤块、滤板及滤片(4812):当月值,出口数量:纸浆制的滤块、滤板及滤片(4812):当月值,False,"Export Quantity: Filter Block, Filter Plate and Filter Plate Made of Pulp (4812): Current Month Value","Export Quantity: Filter Block, Filter Plate and Filter Plate Made of Pulp (4812): Current Month Value",False,月,月,False,千克,千克,False,当期值,当期值,False,中国,中国,False,中国,中国,False,海关总署,海关总署,False,getEcoDataIndLightmanufactue,getEcoDataIndLightmanufactue,False,2015-01-31,2015-01-31,False,2026-06-30,2026-06-30,False,1,1,False,True,False,出口数量:纸浆制的滤块、滤板及滤片(4812):当月值,"Export Quantity: Filter Block, Filter Plate and Filter Plate Made of Pulp (4812): Current Month Value",月,千克,当期值,中国,中国,海关总署,getEcoDataIndLightmanufactue,2015-01-31,2026-06-30,1,False,False,False,False,False,False,False,False,False,False,False,False,False
801140,轻工制造,16,2130711821,出口金额(美元):书写、印刷的未经涂布的纸及纸板;手工制纸及纸板(4802):当月值,Export Value (USD): Uncoated Paper and Paperboard For Writing and Printing;Handmade Paper and Paperboard (4802): Current Month Value,月,美元,当期值,中国,中国,海关总署,getEcoDataIndLightmanufactue,2015-01-31,2026-06-30,1,143.0,2130711821,出口金额(美元):书写、印刷的未经涂布的纸及纸板;手工制纸及纸板(4802):当月值,Export Value (USD): Uncoated Paper and Paperboard For Writing and Printing;Handmade Paper and Paperboard (4802): Current Month Value,S130711821,S130718684,0,月,美元,当期值,2.0,中国,中国,美元,不重要,海关总署,"HS编码""4802""中文全称为""书写、印刷或类似用途的未经涂布的纸及纸板、未打孔的穿孔卡片纸及穿孔纸带纸、成卷或成张矩形(包括正方形),任何尺寸,但品目4801或4803的纸除外;手工制纸及纸板""",2989,getEcoDataIndLightmanufactue,2015-01-31,2026-06-30,1,EcoInfoProGet,2026-08-13T01:09:36.711019+00:00,出口金额(美元):书写、印刷的未经涂布的纸及纸板;手工制纸及纸板(4802):当月值,出口金额(美元):书写、印刷的未经涂布的纸及纸板;手工制纸及纸板(4802):当月值,False,Export Value (USD): Uncoated Paper and Paperboard For Writing and Printing;Handmade Paper and Paperboard (4802): Current Month Value,Export Value (USD): Uncoated Paper and Paperboard For Writing and Printing;Handmade Paper and Paperboard (4802): Current Month Value,False,月,月,False,美元,美元,False,当期值,当期值,False,中国,中国,False,中国,中国,False,海关总署,海关总署,False,getEcoDataIndLightmanufactue,getEcoDataIndLightmanufactue,False,2015-01-31,2015-01-31,False,2026-06-30,2026-06-30,False,1,1,False,True,False,出口金额(美元):书写、印刷的未经涂布的纸及纸板;手工制纸及纸板(4802):当月值,Export Value (USD): Uncoated Paper and Paperboard For Writing and Printing;Handmade Paper and Paperboard (4802): Current Month Value,月,美元,当期值,中国,中国,海关总署,getEcoDataIndLightmanufactue,2015-01-31,2026-06-30,1,False,False,False,False,False,False,False,False,False,False,False,False,False
801140,轻工制造,17,2130711709,出口金额(美元):木浆及其他纤维状纤维素浆;回收纸及纸板(47):当月值,Export Value (USD): Wood Pulp and Other Fibrous Cellulosic Pulps; Recovered Paper and Board (47): Current Month Value,月,美元,当期值,中国,中国,海关总署,getEcoDataIndLightmanufactue,2015-01-31,2026-06-30,1,143.0,2130711709,出口金额(美元):木浆及其他纤维状纤维素浆;回收纸及纸板(47):当月值,Export Value (USD): Wood Pulp and Other Fibrous Cellulosic Pulps; Recovered Paper and Board (47): Current Month Value,S130711709,S130711339,0,月,美元,当期值,2.0,中国,中国,美元,不重要,海关总署,"HS编码""47""中文全称为""木浆及其他纤维状纤维素浆;回收(废碎)纸及纸板""",2989,getEcoDataIndLightmanufactue,2015-01-31,2026-06-30,1,EcoInfoProGet,2026-08-13T01:09:36.711019+00:00,出口金额(美元):木浆及其他纤维状纤维素浆;回收纸及纸板(47):当月值,出口金额(美元):木浆及其他纤维状纤维素浆;回收纸及纸板(47):当月值,False,Export Value (USD): Wood Pulp and Other Fibrous Cellulosic Pulps; Recovered Paper and Board (47): Current Month Value,Export Value (USD): Wood Pulp and Other Fibrous Cellulosic Pulps; Recovered Paper and Board (47): Current Month Value,False,月,月,False,美元,美元,False,当期值,当期值,False,中国,中国,False,中国,中国,False,海关总署,海关总署,False,getEcoDataIndLightmanufactue,getEcoDataIndLightmanufactue,False,2015-01-31,2015-01-31,False,2026-06-30,2026-06-30,False,1,1,False,True,False,出口金额(美元):木浆及其他纤维状纤维素浆;回收纸及纸板(47):当月值,Export Value (USD): Wood Pulp and Other Fibrous Cellulosic Pulps; Recovered Paper and Board (47): Current Month Value,月,美元,当期值,中国,中国,海关总署,getEcoDataIndLightmanufactue,2015-01-31,2026-06-30,1,False,False,False,False,False,False,False,False,False,False,False,False,False
801140,轻工制造,18,2130711723,出口金额(美元):纸及纸板及其他纸板制品(48):当月值,Export Value (USD): Paper and Cardboard and Other Cardboard Products (48): Current Month Value,月,美元,当期值,中国,中国,海关总署,getEcoDataIndLightmanufactue,2015-01-31,2026-06-30,1,143.0,2130711723,出口金额(美元):纸及纸板及其他纸板制品(48):当月值,Export Value (USD): Paper and Cardboard and Other Cardboard Products (48): Current Month Value,S130711723,S130711340,0,月,美元,当期值,2.0,中国,中国,美元,不重要,海关总署,"HS编码""48""中文全称为""纸及纸板;纸浆、纸或纸板制品""",2989,getEcoDataIndLightmanufactue,2015-01-31,2026-06-30,1,EcoInfoProGet,2026-08-13T01:09:36.711019+00:00,出口金额(美元):纸及纸板及其他纸板制品(48):当月值,出口金额(美元):纸及纸板及其他纸板制品(48):当月值,False,Export Value (USD): Paper and Cardboard and Other Cardboard Products (48): Current Month Value,Export Value (USD): Paper and Cardboard and Other Cardboard Products (48): Current Month Value,False,月,月,False,美元,美元,False,当期值,当期值,False,中国,中国,False,中国,中国,False,海关总署,海关总署,False,getEcoDataIndLightmanufactue,getEcoDataIndLightmanufactue,False,2015-01-31,2015-01-31,False,2026-06-30,2026-06-30,False,1,1,False,True,False,出口金额(美元):纸及纸板及其他纸板制品(48):当月值,Export Value (USD): Paper and Cardboard and Other Cardboard Products (48): Current Month Value,月,美元,当期值,中国,中国,海关总署,getEcoDataIndLightmanufactue,2015-01-31,2026-06-30,1,False,False,False,False,False,False,False,False,False,False,False,False,False
801140,轻工制造,19,2130712257,出口金额(美元):纸浆制的滤块、滤板及滤片(4812):当月值,"Export Value (USD): Filter Block, Filter Plate and Filter Plate Made of Pulp (4812): Current Month Value",月,美元,当期值,中国,中国,海关总署,getEcoDataIndLightmanufactue,2015-01-31,2026-06-30,1,143.0,2130712257,出口金额(美元):纸浆制的滤块、滤板及滤片(4812):当月值,"Export Value (USD): Filter Block, Filter Plate and Filter Plate Made of Pulp (4812): Current Month Value",S130712257,S130718756,0,月,美元,当期值,2.0,中国,中国,美元,不重要,海关总署,"与HS编码""481200""中文全称为""纸浆制的滤块、滤板及滤片""相同,与HS编码""48120000""中文全称为""纸浆制的滤块、滤板及滤片""相同",2989,getEcoDataIndLightmanufactue,2015-01-31,2026-06-30,1,EcoInfoProGet,2026-08-13T01:09:36.711019+00:00,出口金额(美元):纸浆制的滤块、滤板及滤片(4812):当月值,出口金额(美元):纸浆制的滤块、滤板及滤片(4812):当月值,False,"Export Value (USD): Filter Block, Filter Plate and Filter Plate Made of Pulp (4812): Current Month Value","Export Value (USD): Filter Block, Filter Plate and Filter Plate Made of Pulp (4812): Current Month Value",False,月,月,False,美元,美元,False,当期值,当期值,False,中国,中国,False,中国,中国,False,海关总署,海关总署,False,getEcoDataIndLightmanufactue,getEcoDataIndLightmanufactue,False,2015-01-31,2015-01-31,False,2026-06-30,2026-06-30,False,1,1,False,True,False,出口金额(美元):纸浆制的滤块、滤板及滤片(4812):当月值,"Export Value (USD): Filter Block, Filter Plate and Filter Plate Made of Pulp (4812): Current Month Value",月,美元,当期值,中国,中国,海关总署,getEcoDataIndLightmanufactue,2015-01-31,2026-06-30,1,False,False,False,False,False,False,False,False,False,False,False,False,False
801140,轻工制造,20,1020008235,工业企业:利润总额:家具制造业:累计值,Total Profit: Furniture Manufacturing Industry: Cumulative Value,月,亿元,累计值,全国,中国,国家统计局,getEcoDataChina,2000-02-29,2026-06-30,1,143.0,1020008235,工业企业:利润总额:家具制造业:累计值,Total Profit: Furniture Manufacturing Industry: Cumulative Value,M020008235,M020006126,0,月,亿元,累计值,2.0,全国,中国,人民币元,不重要,国家统计局,"从2011年起,规模以上工业企业起点标准由原来的年主营业务收入500万元提高到年主营业务收入2000万元。",2975,getEcoDataChina,2000-02-29,2026-06-30,1,EcoInfoProGet,2026-08-13T01:09:36.711019+00:00,工业企业:利润总额:家具制造业:累计值,工业企业:利润总额:家具制造业:累计值,False,Total Profit: Furniture Manufacturing Industry: Cumulative Value,Total Profit: Furniture Manufacturing Industry: Cumulative Value,False,月,月,False,亿元,亿元,False,累计值,累计值,False,全国,全国,False,中国,中国,False,国家统计局,国家统计局,False,getEcoDataChina,getEcoDataChina,False,2000-02-29,2000-02-29,False,2026-06-30,2026-06-30,False,1,1,False,True,False,工业企业:利润总额:家具制造业:累计值,Total Profit: Furniture Manufacturing Industry: Cumulative Value,月,亿元,累计值,全国,中国,国家统计局,getEcoDataChina,2000-02-29,2026-06-30,1,False,False,False,False,False,False,False,False,False,False,False,False,False
801140,轻工制造,21,1020008244,工业企业:利润总额:文教、工美、体育和娱乐用品制造业:累计值,"Total Profit: Culture, Education, Arts and Crafts, Sports and Entertainment Products Manufacturing Industry: Cumulative Value",月,亿元,累计值,全国,中国,国家统计局,getEcoDataChina,2000-02-29,2026-06-30,1,143.0,1020008244,工业企业:利润总额:文教、工美、体育和娱乐用品制造业:累计值,"Total Profit: Culture, Education, Arts and Crafts, Sports and Entertainment Products Manufacturing Industry: Cumulative Value",M020008244,M020006126,0,月,亿元,累计值,2.0,全国,中国,人民币元,不重要,国家统计局,"从2011年起,规模以上工业企业起点标准由原来的年主营业务收入500万元提高到年主营业务收入2000万元。",2975,getEcoDataChina,2000-02-29,2026-06-30,1,EcoInfoProGet,2026-08-13T01:09:36.711019+00:00,工业企业:利润总额:文教、工美、体育和娱乐用品制造业:累计值,工业企业:利润总额:文教、工美、体育和娱乐用品制造业:累计值,False,"Total Profit: Culture, Education, Arts and Crafts, Sports and Entertainment Products Manufacturing Industry: Cumulative Value","Total Profit: Culture, Education, Arts and Crafts, Sports and Entertainment Products Manufacturing Industry: Cumulative Value",False,月,月,False,亿元,亿元,False,累计值,累计值,False,全国,全国,False,中国,中国,False,国家统计局,国家统计局,False,getEcoDataChina,getEcoDataChina,False,2000-02-29,2000-02-29,False,2026-06-30,2026-06-30,False,1,1,False,True,False,工业企业:利润总额:文教、工美、体育和娱乐用品制造业:累计值,"Total Profit: Culture, Education, Arts and Crafts, Sports and Entertainment Products Manufacturing Industry: Cumulative Value",月,亿元,累计值,全国,中国,国家统计局,getEcoDataChina,2000-02-29,2026-06-30,1,False,False,False,False,False,False,False,False,False,False,False,False,False
801140,轻工制造,22,1020008232,工业企业:利润总额:木材加工和木、竹、藤、棕、草制品业:累计值,"Total Profit: Wood Processing and Wood, Bamboo, Rattan, Palm and Straw Manufacturing Industry: Cumulative Value",月,亿元,累计值,全国,中国,国家统计局,getEcoDataChina,2000-02-29,2026-06-30,1,143.0,1020008232,工业企业:利润总额:木材加工和木、竹、藤、棕、草制品业:累计值,"Total Profit: Wood Processing and Wood, Bamboo, Rattan, Palm and Straw Manufacturing Industry: Cumulative Value",M020008232,M020006126,0,月,亿元,累计值,2.0,全国,中国,人民币元,不重要,国家统计局,"从2011年起,规模以上工业企业起点标准由原来的年主营业务收入500万元提高到年主营业务收入2000万元。",2975,getEcoDataChina,2000-02-29,2026-06-30,1,EcoInfoProGet,2026-08-13T01:09:36.711019+00:00,工业企业:利润总额:木材加工和木、竹、藤、棕、草制品业:累计值,工业企业:利润总额:木材加工和木、竹、藤、棕、草制品业:累计值,False,"Total Profit: Wood Processing and Wood, Bamboo, Rattan, Palm and Straw Manufacturing Industry: Cumulative Value","Total Profit: Wood Processing and Wood, Bamboo, Rattan, Palm and Straw Manufacturing Industry: Cumulative Value",False,月,月,False,亿元,亿元,False,累计值,累计值,False,全国,全国,False,中国,中国,False,国家统计局,国家统计局,False,getEcoDataChina,getEcoDataChina,False,2000-02-29,2000-02-29,False,2026-06-30,2026-06-30,False,1,1,False,True,False,工业企业:利润总额:木材加工和木、竹、藤、棕、草制品业:累计值,"Total Profit: Wood Processing and Wood, Bamboo, Rattan, Palm and Straw Manufacturing Industry: Cumulative Value",月,亿元,累计值,全国,中国,国家统计局,getEcoDataChina,2000-02-29,2026-06-30,1,False,False,False,False,False,False,False,False,False,False,False,False,False
801140,轻工制造,23,1020008238,工业企业:利润总额:造纸和纸制品业:累计值,Total Profit: pulp & paper industry: Cumulative value,月,亿元,累计值,全国,中国,国家统计局,getEcoDataChina,2000-02-29,2026-06-30,1,143.0,1020008238,工业企业:利润总额:造纸和纸制品业:累计值,Total Profit: pulp & paper industry: Cumulative value,M020008238,M020006126,0,月,亿元,累计值,2.0,全国,中国,人民币元,不重要,国家统计局,"从2011年起,规模以上工业企业起点标准由原来的年主营业务收入500万元提高到年主营业务收入2000万元。",2975,getEcoDataChina,2000-02-29,2026-06-30,1,EcoInfoProGet,2026-08-13T01:09:36.711019+00:00,工业企业:利润总额:造纸和纸制品业:累计值,工业企业:利润总额:造纸和纸制品业:累计值,False,Total Profit: pulp & paper industry: Cumulative value,Total Profit: pulp & paper industry: Cumulative value,False,月,月,False,亿元,亿元,False,累计值,累计值,False,全国,全国,False,中国,中国,False,国家统计局,国家统计局,False,getEcoDataChina,getEcoDataChina,False,2000-02-29,2000-02-29,False,2026-06-30,2026-06-30,False,1,1,False,True,False,工业企业:利润总额:造纸和纸制品业:累计值,Total Profit: pulp & paper industry: Cumulative value,月,亿元,累计值,全国,中国,国家统计局,getEcoDataChina,2000-02-29,2026-06-30,1,False,False,False,False,False,False,False,False,False,False,False,False,False
801140,轻工制造,24,1020010184,工业企业:营业利润:家具制造业:累计值,Operating Profit: Furniture Manufacturing Industry: Cumulative Value,月,亿元,累计值,全国,中国,国家统计局,getEcoDataChina,2017-02-28,2026-06-30,1,143.0,1020010184,工业企业:营业利润:家具制造业:累计值,Operating Profit: Furniture Manufacturing Industry: Cumulative Value,M020010184,M020010167,0,月,亿元,累计值,2.0,全国,中国,人民币元,不重要,国家统计局,"从2011年起,规模以上工业企业起点标准由原来的年主营业务收入500万元提高到年主营业务收入2000万元。",2975,getEcoDataChina,2017-02-28,2026-06-30,1,EcoInfoProGet,2026-08-13T01:09:36.711019+00:00,工业企业:营业利润:家具制造业:累计值,工业企业:营业利润:家具制造业:累计值,False,Operating Profit: Furniture Manufacturing Industry: Cumulative Value,Operating Profit: Furniture Manufacturing Industry: Cumulative Value,False,月,月,False,亿元,亿元,False,累计值,累计值,False,全国,全国,False,中国,中国,False,国家统计局,国家统计局,False,getEcoDataChina,getEcoDataChina,False,2017-02-28,2017-02-28,False,2026-06-30,2026-06-30,False,1,1,False,True,False,工业企业:营业利润:家具制造业:累计值,Operating Profit: Furniture Manufacturing Industry: Cumulative Value,月,亿元,累计值,全国,中国,国家统计局,getEcoDataChina,2017-02-28,2026-06-30,1,False,False,False,False,False,False,False,False,False,False,False,False,False
801140,轻工制造,25,1020010187,工业企业:营业利润:文教、工美、体育和娱乐用品制造业:累计值,"Operating Profit: Culture, Education, Arts and Crafts, Sports and Entertainment Products Manufacturing Industry: Cumulative Value",月,亿元,累计值,全国,中国,国家统计局,getEcoDataChina,2017-02-28,2026-06-30,1,143.0,1020010187,工业企业:营业利润:文教、工美、体育和娱乐用品制造业:累计值,"Operating Profit: Culture, Education, Arts and Crafts, Sports and Entertainment Products Manufacturing Industry: Cumulative Value",M020010187,M020010167,0,月,亿元,累计值,2.0,全国,中国,人民币元,不重要,国家统计局,"从2011年起,规模以上工业企业起点标准由原来的年主营业务收入500万元提高到年主营业务收入2000万元。",2975,getEcoDataChina,2017-02-28,2026-06-30,1,EcoInfoProGet,2026-08-13T01:09:36.711019+00:00,工业企业:营业利润:文教、工美、体育和娱乐用品制造业:累计值,工业企业:营业利润:文教、工美、体育和娱乐用品制造业:累计值,False,"Operating Profit: Culture, Education, Arts and Crafts, Sports and Entertainment Products Manufacturing Industry: Cumulative Value","Operating Profit: Culture, Education, Arts and Crafts, Sports and Entertainment Products Manufacturing Industry: Cumulative Value",False,月,月,False,亿元,亿元,False,累计值,累计值,False,全国,全国,False,中国,中国,False,国家统计局,国家统计局,False,getEcoDataChina,getEcoDataChina,False,2017-02-28,2017-02-28,False,2026-06-30,2026-06-30,False,1,1,False,True,False,工业企业:营业利润:文教、工美、体育和娱乐用品制造业:累计值,"Operating Profit: Culture, Education, Arts and Crafts, Sports and Entertainment Products Manufacturing Industry: Cumulative Value",月,亿元,累计值,全国,中国,国家统计局,getEcoDataChina,2017-02-28,2026-06-30,1,False,False,False,False,False,False,False,False,False,False,False,False,False
801140,轻工制造,26,1020010183,工业企业:营业利润:木材加工和木、竹、藤、棕、草制品业:累计值,"Operating Profit: Wood Processing and Wood, Bamboo, Rattan, Palm and Straw Manufacturing Industry: Cumulative Value",月,亿元,累计值,全国,中国,国家统计局,getEcoDataChina,2017-02-28,2026-06-30,1,143.0,1020010183,工业企业:营业利润:木材加工和木、竹、藤、棕、草制品业:累计值,"Operating Profit: Wood Processing and Wood, Bamboo, Rattan, Palm and Straw Manufacturing Industry: Cumulative Value",M020010183,M020010167,0,月,亿元,累计值,2.0,全国,中国,人民币元,不重要,国家统计局,"从2011年起,规模以上工业企业起点标准由原来的年主营业务收入500万元提高到年主营业务收入2000万元。",2975,getEcoDataChina,2017-02-28,2026-06-30,1,EcoInfoProGet,2026-08-13T01:09:36.711019+00:00,工业企业:营业利润:木材加工和木、竹、藤、棕、草制品业:累计值,工业企业:营业利润:木材加工和木、竹、藤、棕、草制品业:累计值,False,"Operating Profit: Wood Processing and Wood, Bamboo, Rattan, Palm and Straw Manufacturing Industry: Cumulative Value","Operating Profit: Wood Processing and Wood, Bamboo, Rattan, Palm and Straw Manufacturing Industry: Cumulative Value",False,月,月,False,亿元,亿元,False,累计值,累计值,False,全国,全国,False,中国,中国,False,国家统计局,国家统计局,False,getEcoDataChina,getEcoDataChina,False,2017-02-28,2017-02-28,False,2026-06-30,2026-06-30,False,1,1,False,True,False,工业企业:营业利润:木材加工和木、竹、藤、棕、草制品业:累计值,"Operating Profit: Wood Processing and Wood, Bamboo, Rattan, Palm and Straw Manufacturing Industry: Cumulative Value",月,亿元,累计值,全国,中国,国家统计局,getEcoDataChina,2017-02-28,2026-06-30,1,False,False,False,False,False,False,False,False,False,False,False,False,False
801140,轻工制造,27,1020010185,工业企业:营业利润:造纸和纸制品业:累计值,Operating Profit: Paper Making and Paper Products: Cumulative Value,月,亿元,累计值,全国,中国,国家统计局,getEcoDataChina,2017-02-28,2026-06-30,1,143.0,1020010185,工业企业:营业利润:造纸和纸制品业:累计值,Operating Profit: Paper Making and Paper Products: Cumulative Value,M020010185,M020010167,0,月,亿元,累计值,2.0,全国,中国,人民币元,不重要,国家统计局,"从2011年起,规模以上工业企业起点标准由原来的年主营业务收入500万元提高到年主营业务收入2000万元。",2975,getEcoDataChina,2017-02-28,2026-06-30,1,EcoInfoProGet,2026-08-13T01:09:36.711019+00:00,工业企业:营业利润:造纸和纸制品业:累计值,工业企业:营业利润:造纸和纸制品业:累计值,False,Operating Profit: Paper Making and Paper Products: Cumulative Value,Operating Profit: Paper Making and Paper Products: Cumulative Value,False,月,月,False,亿元,亿元,False,累计值,累计值,False,全国,全国,False,中国,中国,False,国家统计局,国家统计局,False,getEcoDataChina,getEcoDataChina,False,2017-02-28,2017-02-28,False,2026-06-30,2026-06-30,False,1,1,False,True,False,工业企业:营业利润:造纸和纸制品业:累计值,Operating Profit: Paper Making and Paper Products: Cumulative Value,月,亿元,累计值,全国,中国,国家统计局,getEcoDataChina,2017-02-28,2026-06-30,1,False,False,False,False,False,False,False,False,False,False,False,False,False
801140,轻工制造,28,1020000931,成本费用利润率:家具制造业,Profit-To-Cost Ratio: Furniture Manufacturing,月,%,当期值,全国,中国,国家统计局,getEcoDataChina,2003-02-28,2026-06-30,1,143.0,1020000931,成本费用利润率:家具制造业,Profit-To-Cost Ratio: Furniture Manufacturing,M020000931,M020000916,0,月,%,当期值,2.0,全国,中国,,不重要,国家统计局,,2975,getEcoDataChina,2003-02-28,2026-06-30,1,EcoInfoProGet,2026-08-13T01:09:36.711019+00:00,成本费用利润率:家具制造业,成本费用利润率:家具制造业,False,Profit-To-Cost Ratio: Furniture Manufacturing,Profit-To-Cost Ratio: Furniture Manufacturing,False,月,月,False,%,%,False,当期值,当期值,False,全国,全国,False,中国,中国,False,国家统计局,国家统计局,False,getEcoDataChina,getEcoDataChina,False,2003-02-28,2003-02-28,False,2026-06-30,2026-06-30,False,1,1,False,True,False,成本费用利润率:家具制造业,Profit-To-Cost Ratio: Furniture Manufacturing,月,%,当期值,全国,中国,国家统计局,getEcoDataChina,2003-02-28,2026-06-30,1,False,False,False,False,False,False,False,False,False,False,False,False,False
801140,轻工制造,29,1020000934,成本费用利润率:文教、工美、体育和娱乐用品制造业,"Profit-To-Cost Ratio: Culture, Education And Sporting Goods Manufacturing Industry",月,%,当期值,全国,中国,国家统计局,getEcoDataChina,2003-02-28,2026-06-30,1,143.0,1020000934,成本费用利润率:文教、工美、体育和娱乐用品制造业,"Profit-To-Cost Ratio: Culture, Education And Sporting Goods Manufacturing Industry",M020000934,M020000916,0,月,%,当期值,2.0,全国,中国,,不重要,国家统计局,,2975,getEcoDataChina,2003-02-28,2026-06-30,1,EcoInfoProGet,2026-08-13T01:09:36.711019+00:00,成本费用利润率:文教、工美、体育和娱乐用品制造业,成本费用利润率:文教、工美、体育和娱乐用品制造业,False,"Profit-To-Cost Ratio: Culture, Education And Sporting Goods Manufacturing Industry","Profit-To-Cost Ratio: Culture, Education And Sporting Goods Manufacturing Industry",False,月,月,False,%,%,False,当期值,当期值,False,全国,全国,False,中国,中国,False,国家统计局,国家统计局,False,getEcoDataChina,getEcoDataChina,False,2003-02-28,2003-02-28,False,2026-06-30,2026-06-30,False,1,1,False,True,False,成本费用利润率:文教、工美、体育和娱乐用品制造业,"Profit-To-Cost Ratio: Culture, Education And Sporting Goods Manufacturing Industry",月,%,当期值,全国,中国,国家统计局,getEcoDataChina,2003-02-28,2026-06-30,1,False,False,False,False,False,False,False,False,False,False,False,False,False
801140,轻工制造,30,1020000930,成本费用利润率:木材加工和木、竹、藤、棕、草制品业,"Profit-To-Cost Ratio: Wood Processing And Wood, Bamboo, Rattan, Palm, Straw Products Industry",月,%,当期值,全国,中国,国家统计局,getEcoDataChina,2003-02-28,2026-06-30,1,143.0,1020000930,成本费用利润率:木材加工和木、竹、藤、棕、草制品业,"Profit-To-Cost Ratio: Wood Processing And Wood, Bamboo, Rattan, Palm, Straw Products Industry",M020000930,M020000916,0,月,%,当期值,2.0,全国,中国,,不重要,国家统计局,,2975,getEcoDataChina,2003-02-28,2026-06-30,1,EcoInfoProGet,2026-08-13T01:09:36.711019+00:00,成本费用利润率:木材加工和木、竹、藤、棕、草制品业,成本费用利润率:木材加工和木、竹、藤、棕、草制品业,False,"Profit-To-Cost Ratio: Wood Processing And Wood, Bamboo, Rattan, Palm, Straw Products Industry","Profit-To-Cost Ratio: Wood Processing And Wood, Bamboo, Rattan, Palm, Straw Products Industry",False,月,月,False,%,%,False,当期值,当期值,False,全国,全国,False,中国,中国,False,国家统计局,国家统计局,False,getEcoDataChina,getEcoDataChina,False,2003-02-28,2003-02-28,False,2026-06-30,2026-06-30,False,1,1,False,True,False,成本费用利润率:木材加工和木、竹、藤、棕、草制品业,"Profit-To-Cost Ratio: Wood Processing And Wood, Bamboo, Rattan, Palm, Straw Products Industry",月,%,当期值,全国,中国,国家统计局,getEcoDataChina,2003-02-28,2026-06-30,1,False,False,False,False,False,False,False,False,False,False,False,False,False
801150,医药生物,1,2140001345,中药材价格指数:进口:定基,Traditional Chinese Medicine Price Index: Imports: Fixed Base,周,2012年8月=1000,当期值,全国,中国,康美中国中药材指数网,getEcoDataIndBiologicalmedicine,2012-09-01,2026-08-02,1,155.0,2140001345,中药材价格指数:进口:定基,Traditional Chinese Medicine Price Index: Imports: Fixed Base,S140001345,S140001263,0,周,2012年8月=1000,当期值,2.0,全国,中国,,不重要,康美中国中药材指数网,,2978,getEcoDataIndBiologicalmedicine,2012-09-01,2026-08-09,1,EcoInfoProGet,2026-08-13T01:09:36.711019+00:00,中药材价格指数:进口:定基,中药材价格指数:进口:定基,False,Traditional Chinese Medicine Price Index: Imports: Fixed Base,Traditional Chinese Medicine Price Index: Imports: Fixed Base,False,周,周,False,2012年8月=1000,2012年8月=1000,False,当期值,当期值,False,全国,全国,False,中国,中国,False,康美中国中药材指数网,康美中国中药材指数网,False,getEcoDataIndBiologicalmedicine,getEcoDataIndBiologicalmedicine,False,2012-09-01,2012-09-01,False,2026-08-02,2026-08-09,True,1,1,False,True,True,中药材价格指数:进口:定基,Traditional Chinese Medicine Price Index: Imports: Fixed Base,周,2012年8月=1000,当期值,全国,中国,康美中国中药材指数网,getEcoDataIndBiologicalmedicine,2012-09-01,2026-08-09,1,False,False,False,False,False,False,False,False,False,False,False,False,False
801150,医药生物,2,2140000935,中药材价格指数:总指数:定基,Traditional Chinese Medicine Price Index: General: Fixed Base,日,2012年8月=1000,当期值,全国,中国,康美中国中药材指数网,getEcoDataIndBiologicalmedicine,2013-04-16,2026-08-08,1,150.0,2140000935,中药材价格指数:总指数:定基,Traditional Chinese Medicine Price Index: General: Fixed Base,S140000935,S140000934,0,日,2012年8月=1000,当期值,2.0,全国,中国,,不重要,康美中国中药材指数网,,2978,getEcoDataIndBiologicalmedicine,2013-04-16,2026-08-12,1,EcoInfoProGet,2026-08-13T01:09:36.711019+00:00,中药材价格指数:总指数:定基,中药材价格指数:总指数:定基,False,Traditional Chinese Medicine Price Index: General: Fixed Base,Traditional Chinese Medicine Price Index: General: Fixed Base,False,日,日,False,2012年8月=1000,2012年8月=1000,False,当期值,当期值,False,全国,全国,False,中国,中国,False,康美中国中药材指数网,康美中国中药材指数网,False,getEcoDataIndBiologicalmedicine,getEcoDataIndBiologicalmedicine,False,2013-04-16,2013-04-16,False,2026-08-08,2026-08-12,True,1,1,False,True,True,中药材价格指数:总指数:定基,Traditional Chinese Medicine Price Index: General: Fixed Base,日,2012年8月=1000,当期值,全国,中国,康美中国中药材指数网,getEcoDataIndBiologicalmedicine,2013-04-16,2026-08-11,1,False,False,False,False,False,False,False,False,False,False,True,False,True
801150,医药生物,3,2140934365,价格指数:中药材:MA15日指数:定基,Price Index: Chinese Herbal Medicines: MA15 Daily Price Index: Fixed Base,日,2012年8月=1000,当期值,全国,中国,康美中国中药材指数网,getEcoDataIndBiologicalmedicine,2013-05-04,2026-08-09,1,150.0,2140934365,价格指数:中药材:MA15日指数:定基,Price Index: Chinese Herbal Medicines: MA15 Daily Price Index: Fixed Base,S140934365,S140000934,0,日,2012年8月=1000,当期值,2.0,全国,中国,,不重要,康美中国中药材指数网,,2978,getEcoDataIndBiologicalmedicine,2013-05-04,2026-08-12,1,EcoInfoProGet,2026-08-13T01:09:36.711019+00:00,价格指数:中药材:MA15日指数:定基,价格指数:中药材:MA15日指数:定基,False,Price Index: Chinese Herbal Medicines: MA15 Daily Price Index: Fixed Base,Price Index: Chinese Herbal Medicines: MA15 Daily Price Index: Fixed Base,False,日,日,False,2012年8月=1000,2012年8月=1000,False,当期值,当期值,False,全国,全国,False,中国,中国,False,康美中国中药材指数网,康美中国中药材指数网,False,getEcoDataIndBiologicalmedicine,getEcoDataIndBiologicalmedicine,False,2013-05-04,2013-05-04,False,2026-08-09,2026-08-12,True,1,1,False,True,True,价格指数:中药材:MA15日指数:定基,Price Index: Chinese Herbal Medicines: MA15 Daily Price Index: Fixed Base,日,2012年8月=1000,当期值,全国,中国,康美中国中药材指数网,getEcoDataIndBiologicalmedicine,2013-05-04,2026-08-11,1,False,False,False,False,False,False,False,False,False,False,True,False,True
801150,医药生物,4,2140934366,价格指数:中药材:MA30日指数:定基,Price Index: Chinese Herbal Medicines: MA30 Daily Price Index: Fixed Base,日,2012年8月=1000,当期值,全国,中国,康美中国中药材指数网,getEcoDataIndBiologicalmedicine,2013-05-19,2026-08-09,1,150.0,2140934366,价格指数:中药材:MA30日指数:定基,Price Index: Chinese Herbal Medicines: MA30 Daily Price Index: Fixed Base,S140934366,S140000934,0,日,2012年8月=1000,当期值,2.0,全国,中国,,不重要,康美中国中药材指数网,,2978,getEcoDataIndBiologicalmedicine,2013-05-19,2026-08-12,1,EcoInfoProGet,2026-08-13T01:09:36.711019+00:00,价格指数:中药材:MA30日指数:定基,价格指数:中药材:MA30日指数:定基,False,Price Index: Chinese Herbal Medicines: MA30 Daily Price Index: Fixed Base,Price Index: Chinese Herbal Medicines: MA30 Daily Price Index: Fixed Base,False,日,日,False,2012年8月=1000,2012年8月=1000,False,当期值,当期值,False,全国,全国,False,中国,中国,False,康美中国中药材指数网,康美中国中药材指数网,False,getEcoDataIndBiologicalmedicine,getEcoDataIndBiologicalmedicine,False,2013-05-19,2013-05-19,False,2026-08-09,2026-08-12,True,1,1,False,True,True,价格指数:中药材:MA30日指数:定基,Price Index: Chinese Herbal Medicines: MA30 Daily Price Index: Fixed Base,日,2012年8月=1000,当期值,全国,中国,康美中国中药材指数网,getEcoDataIndBiologicalmedicine,2013-05-19,2026-08-11,1,False,False,False,False,False,False,False,False,False,False,True,False,True
801150,医药生物,5,2140934364,价格指数:中药材:MA7日指数:定基,Price Index: Chinese Herbal Medicines: MA7 Daily Price Index: Fixed Base,日,2012年8月=1000,当期值,全国,中国,康美中国中药材指数网,getEcoDataIndBiologicalmedicine,2013-04-23,2026-08-09,1,150.0,2140934364,价格指数:中药材:MA7日指数:定基,Price Index: Chinese Herbal Medicines: MA7 Daily Price Index: Fixed Base,S140934364,S140000934,0,日,2012年8月=1000,当期值,2.0,全国,中国,,不重要,康美中国中药材指数网,,2978,getEcoDataIndBiologicalmedicine,2013-04-23,2026-08-12,1,EcoInfoProGet,2026-08-13T01:09:36.711019+00:00,价格指数:中药材:MA7日指数:定基,价格指数:中药材:MA7日指数:定基,False,Price Index: Chinese Herbal Medicines: MA7 Daily Price Index: Fixed Base,Price Index: Chinese Herbal Medicines: MA7 Daily Price Index: Fixed Base,False,日,日,False,2012年8月=1000,2012年8月=1000,False,当期值,当期值,False,全国,全国,False,中国,中国,False,康美中国中药材指数网,康美中国中药材指数网,False,getEcoDataIndBiologicalmedicine,getEcoDataIndBiologicalmedicine,False,2013-04-23,2013-04-23,False,2026-08-09,2026-08-12,True,1,1,False,True,True,价格指数:中药材:MA7日指数:定基,Price Index: Chinese Herbal Medicines: MA7 Daily Price Index: Fixed Base,日,2012年8月=1000,当期值,全国,中国,康美中国中药材指数网,getEcoDataIndBiologicalmedicine,2013-04-23,2026-08-11,1,False,False,False,False,False,False,False,False,False,False,True,False,True
801150,医药生物,6,2140006258,维生素:VA:50万IU/g:25kg:进口:最低价,Vitamine: VA: 50W IU/g: 25kg: Import: Lowest Price,日,元/千克,最低,全国,中国,博亚和讯,getEcoDataIndBiologicalmedicine,2008-03-10,2026-08-07,1,150.0,2140006258,维生素:VA:50万IU/g:25kg:进口:最低价,Vitamine: VA: 50W IU/g: 25kg: Import: Lowest Price,S140006258,S140006257,0,日,元/千克,最低,1.0,全国,中国,人民币元,不重要,博亚和讯,,2978,getEcoDataIndBiologicalmedicine,2008-03-10,2026-08-12,1,EcoInfoProGet,2026-08-13T01:09:36.711019+00:00,维生素:VA:50万IU/g:25kg:进口:最低价,维生素:VA:50万IU/g:25kg:进口:最低价,False,Vitamine: VA: 50W IU/g: 25kg: Import: Lowest Price,Vitamine: VA: 50W IU/g: 25kg: Import: Lowest Price,False,日,日,False,元/千克,元/千克,False,最低,最低,False,全国,全国,False,中国,中国,False,博亚和讯,博亚和讯,False,getEcoDataIndBiologicalmedicine,getEcoDataIndBiologicalmedicine,False,2008-03-10,2008-03-10,False,2026-08-07,2026-08-12,True,1,1,False,True,True,维生素:VA:50万IU/g:25kg:进口:最低价,Vitamine: VA: 50W IU/g: 25kg: Import: Lowest Price,日,元/千克,最低,全国,中国,博亚和讯,getEcoDataIndBiologicalmedicine,2008-03-10,2026-08-11,1,False,False,False,False,False,False,False,False,False,False,True,False,True
801150,医药生物,7,2140006264,维生素:VE:50%:25kg:进口:最低价,Vitamine: VE: 50%: 25kg: Import: Lowest Price,日,元/千克,最低,全国,中国,博亚和讯,getEcoDataIndBiologicalmedicine,2008-03-10,2026-08-07,1,150.0,2140006264,维生素:VE:50%:25kg:进口:最低价,Vitamine: VE: 50%: 25kg: Import: Lowest Price,S140006264,S140006257,0,日,元/千克,最低,1.0,全国,中国,人民币元,不重要,博亚和讯,,2978,getEcoDataIndBiologicalmedicine,2008-03-10,2026-08-12,1,EcoInfoProGet,2026-08-13T01:09:36.711019+00:00,维生素:VE:50%:25kg:进口:最低价,维生素:VE:50%:25kg:进口:最低价,False,Vitamine: VE: 50%: 25kg: Import: Lowest Price,Vitamine: VE: 50%: 25kg: Import: Lowest Price,False,日,日,False,元/千克,元/千克,False,最低,最低,False,全国,全国,False,中国,中国,False,博亚和讯,博亚和讯,False,getEcoDataIndBiologicalmedicine,getEcoDataIndBiologicalmedicine,False,2008-03-10,2008-03-10,False,2026-08-07,2026-08-12,True,1,1,False,True,True,维生素:VE:50%:25kg:进口:最低价,Vitamine: VE: 50%: 25kg: Import: Lowest Price,日,元/千克,最低,全国,中国,博亚和讯,getEcoDataIndBiologicalmedicine,2008-03-10,2026-08-11,1,False,False,False,False,False,False,False,False,False,False,True,False,True
801150,医药生物,8,2140006278,维生素:烟酰胺:99%:25kg:进口:最低价,Vitamine: Nicotinamide: 99%: 25kg: Import: Lowest Price,日,元/千克,最低,全国,中国,博亚和讯,getEcoDataIndBiologicalmedicine,2010-08-04,2026-08-07,1,150.0,2140006278,维生素:烟酰胺:99%:25kg:进口:最低价,Vitamine: Nicotinamide: 99%: 25kg: Import: Lowest Price,S140006278,S140006257,0,日,元/千克,最低,1.0,全国,中国,人民币元,不重要,博亚和讯,,2978,getEcoDataIndBiologicalmedicine,2010-08-04,2026-08-12,1,EcoInfoProGet,2026-08-13T01:09:36.711019+00:00,维生素:烟酰胺:99%:25kg:进口:最低价,维生素:烟酰胺:99%:25kg:进口:最低价,False,Vitamine: Nicotinamide: 99%: 25kg: Import: Lowest Price,Vitamine: Nicotinamide: 99%: 25kg: Import: Lowest Price,False,日,日,False,元/千克,元/千克,False,最低,最低,False,全国,全国,False,中国,中国,False,博亚和讯,博亚和讯,False,getEcoDataIndBiologicalmedicine,getEcoDataIndBiologicalmedicine,False,2010-08-04,2010-08-04,False,2026-08-07,2026-08-12,True,1,1,False,True,True,维生素:烟酰胺:99%:25kg:进口:最低价,Vitamine: Nicotinamide: 99%: 25kg: Import: Lowest Price,日,元/千克,最低,全国,中国,博亚和讯,getEcoDataIndBiologicalmedicine,2010-08-04,2026-08-11,1,False,False,False,False,False,False,False,False,False,False,True,False,True
801150,医药生物,9,2140001259,中药材价格指数:进口:环比,Traditional Chinese Medicine Price Index: Imports: DoD,日,%,当期环比,,中国,康美中国中药材指数网,getEcoDataIndBiologicalmedicine,2013-04-17,2026-08-08,1,148.0,2140001259,中药材价格指数:进口:环比,Traditional Chinese Medicine Price Index: Imports: DoD,S140001259,S140001203,0,日,%,当期环比,2.0,,中国,,不重要,康美中国中药材指数网,,2978,getEcoDataIndBiologicalmedicine,2013-04-17,2026-08-12,1,EcoInfoProGet,2026-08-13T01:09:36.711019+00:00,中药材价格指数:进口:环比,中药材价格指数:进口:环比,False,Traditional Chinese Medicine Price Index: Imports: DoD,Traditional Chinese Medicine Price Index: Imports: DoD,False,日,日,False,%,%,False,当期环比,当期环比,False,,,False,中国,中国,False,康美中国中药材指数网,康美中国中药材指数网,False,getEcoDataIndBiologicalmedicine,getEcoDataIndBiologicalmedicine,False,2013-04-17,2013-04-17,False,2026-08-08,2026-08-12,True,1,1,False,True,True,中药材价格指数:进口:环比,Traditional Chinese Medicine Price Index: Imports: DoD,日,%,当期环比,,中国,康美中国中药材指数网,getEcoDataIndBiologicalmedicine,2013-04-17,2026-08-11,1,False,False,False,False,False,False,False,False,False,False,True,False,True
801150,医药生物,10,2140100137,产量:化学药品原药:当月值,Output: Chemical Raw Medicine,月,万吨,当期值,全国,中国,国家统计局,getEcoDataIndBiologicalmedicine,1997-01-31,2026-06-30,1,145.0,2140100137,产量:化学药品原药:当月值,Output: Chemical Raw Medicine,S140100137,M020001541,0,月,万吨,当期值,2.0,全国,中国,,不重要,国家统计局,,2978,getEcoDataIndBiologicalmedicine,1997-01-31,2026-06-30,1,EcoInfoProGet,2026-08-13T01:09:36.711019+00:00,产量:化学药品原药:当月值,产量:化学药品原药:当月值,False,Output: Chemical Raw Medicine,Output: Chemical Raw Medicine,False,月,月,False,万吨,万吨,False,当期值,当期值,False,全国,全国,False,中国,中国,False,国家统计局,国家统计局,False,getEcoDataIndBiologicalmedicine,getEcoDataIndBiologicalmedicine,False,1997-01-31,1997-01-31,False,2026-06-30,2026-06-30,False,1,1,False,True,False,产量:化学药品原药:当月值,Output: Chemical Raw Medicine,月,万吨,当期值,全国,中国,国家统计局,getEcoDataIndBiologicalmedicine,1997-01-31,2026-06-30,1,False,False,False,False,False,False,False,False,False,False,False,False,False
801150,医药生物,11,1020000192,出口交货值:医药制造业:当月同比,Export Delivery Value: Pharmaceutical Manufacturing: Current YoY (Month),月,%,当期同比,全国,中国,国家统计局,getEcoDataChina,2007-02-28,2026-06-30,1,143.0,1020000192,出口交货值:医药制造业:当月同比,Export Delivery Value: Pharmaceutical Manufacturing: Current YoY (Month),M020000192,M020000129,0,月,%,当期同比,2.0,全国,中国,,不重要,国家统计局,,2975,getEcoDataChina,2007-02-28,2026-06-30,1,EcoInfoProGet,2026-08-13T01:09:36.711019+00:00,出口交货值:医药制造业:当月同比,出口交货值:医药制造业:当月同比,False,Export Delivery Value: Pharmaceutical Manufacturing: Current YoY (Month),Export Delivery Value: Pharmaceutical Manufacturing: Current YoY (Month),False,月,月,False,%,%,False,当期同比,当期同比,False,全国,全国,False,中国,中国,False,国家统计局,国家统计局,False,getEcoDataChina,getEcoDataChina,False,2007-02-28,2007-02-28,False,2026-06-30,2026-06-30,False,1,1,False,True,False,出口交货值:医药制造业:当月同比,Export Delivery Value: Pharmaceutical Manufacturing: Current YoY (Month),月,%,当期同比,全国,中国,国家统计局,getEcoDataChina,2007-02-28,2026-06-30,1,False,False,False,False,False,False,False,False,False,False,False,False,False
801150,医药生物,12,1020000151,出口交货值:医药制造业:当期值,Export Delivery Value: Pharmaceutical Manufacturing: Current Value,月,亿元,当期值,全国,中国,国家统计局,getEcoDataChina,2007-02-28,2026-06-30,1,143.0,1020000151,出口交货值:医药制造业:当期值,Export Delivery Value: Pharmaceutical Manufacturing: Current Value,M020000151,M020000129,0,月,亿元,当期值,2.0,全国,中国,人民币元,不重要,国家统计局,,2975,getEcoDataChina,2007-02-28,2026-06-30,1,EcoInfoProGet,2026-08-13T01:09:36.711019+00:00,出口交货值:医药制造业:当期值,出口交货值:医药制造业:当期值,False,Export Delivery Value: Pharmaceutical Manufacturing: Current Value,Export Delivery Value: Pharmaceutical Manufacturing: Current Value,False,月,月,False,亿元,亿元,False,当期值,当期值,False,全国,全国,False,中国,中国,False,国家统计局,国家统计局,False,getEcoDataChina,getEcoDataChina,False,2007-02-28,2007-02-28,False,2026-06-30,2026-06-30,False,1,1,False,True,False,出口交货值:医药制造业:当期值,Export Delivery Value: Pharmaceutical Manufacturing: Current Value,月,亿元,当期值,全国,中国,国家统计局,getEcoDataChina,2007-02-28,2026-06-30,1,False,False,False,False,False,False,False,False,False,False,False,False,False
801150,医药生物,13,2140906286,出口金额(美元):两种或两种以上成分混合而成的治病或防病药品(3003):当月值,Export Value (USD): Medicine for Treating or Preventing Diseases Made by Mixing Two or More Ingredients(3003): Current Month Value,月,美元,当期值,中国,中国,海关总署,getEcoDataIndBiologicalmedicine,2015-01-31,2026-06-30,1,143.0,2140906286,出口金额(美元):两种或两种以上成分混合而成的治病或防病药品(3003):当月值,Export Value (USD): Medicine for Treating or Preventing Diseases Made by Mixing Two or More Ingredients(3003): Current Month Value,S140906286,S140906094,0,月,美元,当期值,2.0,中国,中国,美元,一般重要,海关总署,"HS编码""3003""中文全称为""两种或两种以上成分混合而成的治病或防病药品(不包括品目3002、3005或3006的货品),未配定剂量或制成零售包装""",2978,getEcoDataIndBiologicalmedicine,2015-01-31,2026-06-30,1,EcoInfoProGet,2026-08-13T01:09:36.711019+00:00,出口金额(美元):两种或两种以上成分混合而成的治病或防病药品(3003):当月值,出口金额(美元):两种或两种以上成分混合而成的治病或防病药品(3003):当月值,False,Export Value (USD): Medicine for Treating or Preventing Diseases Made by Mixing Two or More Ingredients(3003): Current Month Value,Export Value (USD): Medicine for Treating or Preventing Diseases Made by Mixing Two or More Ingredients(3003): Current Month Value,False,月,月,False,美元,美元,False,当期值,当期值,False,中国,中国,False,中国,中国,False,海关总署,海关总署,False,getEcoDataIndBiologicalmedicine,getEcoDataIndBiologicalmedicine,False,2015-01-31,2015-01-31,False,2026-06-30,2026-06-30,False,1,1,False,True,False,出口金额(美元):两种或两种以上成分混合而成的治病或防病药品(3003):当月值,Export Value (USD): Medicine for Treating or Preventing Diseases Made by Mixing Two or More Ingredients(3003): Current Month Value,月,美元,当期值,中国,中国,海关总署,getEcoDataIndBiologicalmedicine,2015-01-31,2026-06-30,1,False,False,False,False,False,False,False,False,False,False,False,False,False
801150,医药生物,14,2140906328,出口金额(美元):医药用品(3006):当月值,Export Value (USD): Medical Supplies(3006): Current Month Value,月,美元,当期值,中国,中国,海关总署,getEcoDataIndBiologicalmedicine,2015-01-31,2026-06-30,1,143.0,2140906328,出口金额(美元):医药用品(3006):当月值,Export Value (USD): Medical Supplies(3006): Current Month Value,S140906328,S140906097,0,月,美元,当期值,2.0,中国,中国,美元,一般重要,海关总署,"HS编码""3006""中文全称为""本章注释4 所规定的医药用品""",2978,getEcoDataIndBiologicalmedicine,2015-01-31,2026-06-30,1,EcoInfoProGet,2026-08-13T01:09:36.711019+00:00,出口金额(美元):医药用品(3006):当月值,出口金额(美元):医药用品(3006):当月值,False,Export Value (USD): Medical Supplies(3006): Current Month Value,Export Value (USD): Medical Supplies(3006): Current Month Value,False,月,月,False,美元,美元,False,当期值,当期值,False,中国,中国,False,中国,中国,False,海关总署,海关总署,False,getEcoDataIndBiologicalmedicine,getEcoDataIndBiologicalmedicine,False,2015-01-31,2015-01-31,False,2026-06-30,2026-06-30,False,1,1,False,True,False,出口金额(美元):医药用品(3006):当月值,Export Value (USD): Medical Supplies(3006): Current Month Value,月,美元,当期值,中国,中国,海关总署,getEcoDataIndBiologicalmedicine,2015-01-31,2026-06-30,1,False,False,False,False,False,False,False,False,False,False,False,False,False
801150,医药生物,15,2140906300,出口金额(美元):由混合或非混合产品构成的治病或防病用药品(3004):当月值,Export Value (USD): Medicine for Treating or Preventing Diseases Composed Of Mixed or Non Mixed Products(3004): Current Month Value,月,美元,当期值,中国,中国,海关总署,getEcoDataIndBiologicalmedicine,2015-01-31,2026-06-30,1,143.0,2140906300,出口金额(美元):由混合或非混合产品构成的治病或防病用药品(3004):当月值,Export Value (USD): Medicine for Treating or Preventing Diseases Composed Of Mixed or Non Mixed Products(3004): Current Month Value,S140906300,S140906095,0,月,美元,当期值,2.0,中国,中国,美元,一般重要,海关总署,"HS编码""3004""中文全称为""由混合或非混合产品构成的治病或防病用药品(不包括品目3002、3005或3006的货品),已配定剂量(包括制成皮肤摄入形式的)或制成零售包装""",2978,getEcoDataIndBiologicalmedicine,2015-01-31,2026-06-30,1,EcoInfoProGet,2026-08-13T01:09:36.711019+00:00,出口金额(美元):由混合或非混合产品构成的治病或防病用药品(3004):当月值,出口金额(美元):由混合或非混合产品构成的治病或防病用药品(3004):当月值,False,Export Value (USD): Medicine for Treating or Preventing Diseases Composed Of Mixed or Non Mixed Products(3004): Current Month Value,Export Value (USD): Medicine for Treating or Preventing Diseases Composed Of Mixed or Non Mixed Products(3004): Current Month Value,False,月,月,False,美元,美元,False,当期值,当期值,False,中国,中国,False,中国,中国,False,海关总署,海关总署,False,getEcoDataIndBiologicalmedicine,getEcoDataIndBiologicalmedicine,False,2015-01-31,2015-01-31,False,2026-06-30,2026-06-30,False,1,1,False,True,False,出口金额(美元):由混合或非混合产品构成的治病或防病用药品(3004):当月值,Export Value (USD): Medicine for Treating or Preventing Diseases Composed Of Mixed or Non Mixed Products(3004): Current Month Value,月,美元,当期值,中国,中国,海关总署,getEcoDataIndBiologicalmedicine,2015-01-31,2026-06-30,1,False,False,False,False,False,False,False,False,False,False,False,False,False
801150,医药生物,16,2140906142,出口金额(美元):药品(30):当月值,Export Value (USD): Drugs(30): Current Month Value,月,美元,当期值,中国,中国,海关总署,getEcoDataIndBiologicalmedicine,2015-01-31,2026-06-30,1,143.0,2140906142,出口金额(美元):药品(30):当月值,Export Value (USD): Drugs(30): Current Month Value,S140906142,S140906085,0,月,美元,当期值,2.0,中国,中国,美元,一般重要,海关总署,,2978,getEcoDataIndBiologicalmedicine,2015-01-31,2026-06-30,1,EcoInfoProGet,2026-08-13T01:09:36.711019+00:00,出口金额(美元):药品(30):当月值,出口金额(美元):药品(30):当月值,False,Export Value (USD): Drugs(30): Current Month Value,Export Value (USD): Drugs(30): Current Month Value,False,月,月,False,美元,美元,False,当期值,当期值,False,中国,中国,False,中国,中国,False,海关总署,海关总署,False,getEcoDataIndBiologicalmedicine,getEcoDataIndBiologicalmedicine,False,2015-01-31,2015-01-31,False,2026-06-30,2026-06-30,False,1,1,False,True,False,出口金额(美元):药品(30):当月值,Export Value (USD): Drugs(30): Current Month Value,月,美元,当期值,中国,中国,海关总署,getEcoDataIndBiologicalmedicine,2015-01-31,2026-06-30,1,False,False,False,False,False,False,False,False,False,False,False,False,False
801150,医药生物,17,2140908332,"出口金额(美元):龙涎香等;供配制药用的,冻或用其他方法暂时保藏的(0510):当月值","Export Value (USD): Ambergris, Etc;Used for Preparing Medicine, Frozen or Temporarily Preserved by Other Methods (0510): Current Month Value",月,美元,当期值,中国,中国,海关总署,getEcoDataIndBiologicalmedicine,2015-01-31,2026-06-30,1,143.0,2140908332,"出口金额(美元):龙涎香等;供配制药用的,冻或用其他方法暂时保藏的(0510):当月值","Export Value (USD): Ambergris, Etc;Used for Preparing Medicine, Frozen or Temporarily Preserved by Other Methods (0510): Current Month Value",S140908332,S140908308,0,月,美元,当期值,2.0,中国,中国,美元,一般重要,海关总署,"HS编码""0510""中文全称为""龙涎香、海狸香、灵猫香及麝香;斑蝥;胆汁,不论是否干制;供配制药用的腺体及其他动物产品,鲜、冷、冻或用其他方法暂时保藏的"",与HS编码""051000""中文全称为""动物香料;斑蝥;胆汁;药用腺体等动物产品""相同",2978,getEcoDataIndBiologicalmedicine,2015-01-31,2026-06-30,1,EcoInfoProGet,2026-08-13T01:09:36.711019+00:00,"出口金额(美元):龙涎香等;供配制药用的,冻或用其他方法暂时保藏的(0510):当月值","出口金额(美元):龙涎香等;供配制药用的,冻或用其他方法暂时保藏的(0510):当月值",False,"Export Value (USD): Ambergris, Etc;Used for Preparing Medicine, Frozen or Temporarily Preserved by Other Methods (0510): Current Month Value","Export Value (USD): Ambergris, Etc;Used for Preparing Medicine, Frozen or Temporarily Preserved by Other Methods (0510): Current Month Value",False,月,月,False,美元,美元,False,当期值,当期值,False,中国,中国,False,中国,中国,False,海关总署,海关总署,False,getEcoDataIndBiologicalmedicine,getEcoDataIndBiologicalmedicine,False,2015-01-31,2015-01-31,False,2026-06-30,2026-06-30,False,1,1,False,True,False,"出口金额(美元):龙涎香等;供配制药用的,冻或用其他方法暂时保藏的(0510):当月值","Export Value (USD): Ambergris, Etc;Used for Preparing Medicine, Frozen or Temporarily Preserved by Other Methods (0510): Current Month Value",月,美元,当期值,中国,中国,海关总署,getEcoDataIndBiologicalmedicine,2015-01-31,2026-06-30,1,False,False,False,False,False,False,False,False,False,False,False,False,False
801150,医药生物,18,1050000349,固定资产投资完成额:制造业:医药制造业:累计同比,Fixed Assets Investment Completed: Manufacturing: Pharmaceutical Manufacturing: Cumulative YoY,月,%,累计同比,全国,中国,国家统计局,getEcoDataChina,2004-02-29,2026-06-30,1,143.0,1050000349,固定资产投资完成额:制造业:医药制造业:累计同比,Fixed Assets Investment Completed: Manufacturing: Pharmaceutical Manufacturing: Cumulative YoY,M050000349,M050009996,0,月,%,累计同比,2.0,全国,中国,,比较重要,国家统计局,,2975,getEcoDataChina,2004-02-29,2026-06-30,1,EcoInfoProGet,2026-08-13T01:09:36.711019+00:00,固定资产投资完成额:制造业:医药制造业:累计同比,固定资产投资完成额:制造业:医药制造业:累计同比,False,Fixed Assets Investment Completed: Manufacturing: Pharmaceutical Manufacturing: Cumulative YoY,Fixed Assets Investment Completed: Manufacturing: Pharmaceutical Manufacturing: Cumulative YoY,False,月,月,False,%,%,False,累计同比,累计同比,False,全国,全国,False,中国,中国,False,国家统计局,国家统计局,False,getEcoDataChina,getEcoDataChina,False,2004-02-29,2004-02-29,False,2026-06-30,2026-06-30,False,1,1,False,True,False,固定资产投资完成额:制造业:医药制造业:累计同比,Fixed Assets Investment Completed: Manufacturing: Pharmaceutical Manufacturing: Cumulative YoY,月,%,累计同比,全国,中国,国家统计局,getEcoDataChina,2004-02-29,2026-06-30,1,False,False,False,False,False,False,False,False,False,False,False,False,False
801150,医药生物,19,1020008253,工业企业:利润总额:医药制造业:累计值,Total Profit: Pharmaceutical Manufacturing Industry: Cumulative Value,月,亿元,累计值,全国,中国,国家统计局,getEcoDataChina,2000-02-29,2026-06-30,1,143.0,1020008253,工业企业:利润总额:医药制造业:累计值,Total Profit: Pharmaceutical Manufacturing Industry: Cumulative Value,M020008253,M020006126,0,月,亿元,累计值,2.0,全国,中国,人民币元,不重要,国家统计局,"从2011年起,规模以上工业企业起点标准由原来的年主营业务收入500万元提高到年主营业务收入2000万元。",2975,getEcoDataChina,2000-02-29,2026-06-30,1,EcoInfoProGet,2026-08-13T01:09:36.711019+00:00,工业企业:利润总额:医药制造业:累计值,工业企业:利润总额:医药制造业:累计值,False,Total Profit: Pharmaceutical Manufacturing Industry: Cumulative Value,Total Profit: Pharmaceutical Manufacturing Industry: Cumulative Value,False,月,月,False,亿元,亿元,False,累计值,累计值,False,全国,全国,False,中国,中国,False,国家统计局,国家统计局,False,getEcoDataChina,getEcoDataChina,False,2000-02-29,2000-02-29,False,2026-06-30,2026-06-30,False,1,1,False,True,False,工业企业:利润总额:医药制造业:累计值,Total Profit: Pharmaceutical Manufacturing Industry: Cumulative Value,月,亿元,累计值,全国,中国,国家统计局,getEcoDataChina,2000-02-29,2026-06-30,1,False,False,False,False,False,False,False,False,False,False,False,False,False
801150,医药生物,20,1020010273,工业企业:投资收益:医药制造业:累计值,Investment Return: Pharmaceutical Manufacturing Industry: Cumulative Value,月,亿元,累计值,全国,中国,国家统计局,getEcoDataChina,2017-02-28,2026-06-30,1,143.0,1020010273,工业企业:投资收益:医药制造业:累计值,Investment Return: Pharmaceutical Manufacturing Industry: Cumulative Value,M020010273,M020010168,0,月,亿元,累计值,2.0,全国,中国,人民币元,不重要,国家统计局,"从2011年起,规模以上工业企业起点标准由原来的年主营业务收入500万元提高到年主营业务收入2000万元。",2975,getEcoDataChina,2017-02-28,2026-06-30,1,EcoInfoProGet,2026-08-13T01:09:36.711019+00:00,工业企业:投资收益:医药制造业:累计值,工业企业:投资收益:医药制造业:累计值,False,Investment Return: Pharmaceutical Manufacturing Industry: Cumulative Value,Investment Return: Pharmaceutical Manufacturing Industry: Cumulative Value,False,月,月,False,亿元,亿元,False,累计值,累计值,False,全国,全国,False,中国,中国,False,国家统计局,国家统计局,False,getEcoDataChina,getEcoDataChina,False,2017-02-28,2017-02-28,False,2026-06-30,2026-06-30,False,1,1,False,True,False,工业企业:投资收益:医药制造业:累计值,Investment Return: Pharmaceutical Manufacturing Industry: Cumulative Value,月,亿元,累计值,全国,中国,国家统计局,getEcoDataChina,2017-02-28,2026-06-30,1,False,False,False,False,False,False,False,False,False,False,False,False,False
801150,医药生物,21,1020010190,工业企业:营业利润:医药制造业:累计值,Operating Profit: Pharmaceutical Manufacturing Industry: Cumulative Value,月,亿元,累计值,全国,中国,国家统计局,getEcoDataChina,2017-02-28,2026-06-30,1,143.0,1020010190,工业企业:营业利润:医药制造业:累计值,Operating Profit: Pharmaceutical Manufacturing Industry: Cumulative Value,M020010190,M020010167,0,月,亿元,累计值,2.0,全国,中国,人民币元,不重要,国家统计局,"从2011年起,规模以上工业企业起点标准由原来的年主营业务收入500万元提高到年主营业务收入2000万元。",2975,getEcoDataChina,2017-02-28,2026-06-30,1,EcoInfoProGet,2026-08-13T01:09:36.711019+00:00,工业企业:营业利润:医药制造业:累计值,工业企业:营业利润:医药制造业:累计值,False,Operating Profit: Pharmaceutical Manufacturing Industry: Cumulative Value,Operating Profit: Pharmaceutical Manufacturing Industry: Cumulative Value,False,月,月,False,亿元,亿元,False,累计值,累计值,False,全国,全国,False,中国,中国,False,国家统计局,国家统计局,False,getEcoDataChina,getEcoDataChina,False,2017-02-28,2017-02-28,False,2026-06-30,2026-06-30,False,1,1,False,True,False,工业企业:营业利润:医药制造业:累计值,Operating Profit: Pharmaceutical Manufacturing Industry: Cumulative Value,月,亿元,累计值,全国,中国,国家统计局,getEcoDataChina,2017-02-28,2026-06-30,1,False,False,False,False,False,False,False,False,False,False,False,False,False
801150,医药生物,22,1020007119,工业企业:营业收入:医药制造业:累计值,Revenue from Operations: Pharmaceutical Manufacturing: Cumulative Value,月,亿元,累计值,全国,中国,国家统计局,getEcoDataChina,2016-02-29,2026-06-30,1,143.0,1020007119,工业企业:营业收入:医药制造业:累计值,Revenue from Operations: Pharmaceutical Manufacturing: Cumulative Value,M020007119,M020006117,0,月,亿元,累计值,2.0,全国,中国,人民币元,不重要,国家统计局,"从2011年起,规模以上工业企业起点标准由原来的年主营业务收入500万元提高到年主营业务收入2000万元。",2975,getEcoDataChina,2016-02-29,2026-06-30,1,EcoInfoProGet,2026-08-13T01:09:36.711019+00:00,工业企业:营业收入:医药制造业:累计值,工业企业:营业收入:医药制造业:累计值,False,Revenue from Operations: Pharmaceutical Manufacturing: Cumulative Value,Revenue from Operations: Pharmaceutical Manufacturing: Cumulative Value,False,月,月,False,亿元,亿元,False,累计值,累计值,False,全国,全国,False,中国,中国,False,国家统计局,国家统计局,False,getEcoDataChina,getEcoDataChina,False,2016-02-29,2016-02-29,False,2026-06-30,2026-06-30,False,1,1,False,True,False,工业企业:营业收入:医药制造业:累计值,Revenue from Operations: Pharmaceutical Manufacturing: Cumulative Value,月,亿元,累计值,全国,中国,国家统计局,getEcoDataChina,2016-02-29,2026-06-30,1,False,False,False,False,False,False,False,False,False,False,False,False,False
801150,医药生物,23,1020000937,成本费用利润率:医药制造业,Profit-To-Cost Ratio: Pharmaceutical Manufacturing,月,%,当期值,全国,中国,国家统计局,getEcoDataChina,2003-02-28,2026-06-30,1,143.0,1020000937,成本费用利润率:医药制造业,Profit-To-Cost Ratio: Pharmaceutical Manufacturing,M020000937,M020000916,0,月,%,当期值,2.0,全国,中国,,不重要,国家统计局,,2975,getEcoDataChina,2003-02-28,2026-06-30,1,EcoInfoProGet,2026-08-13T01:09:36.711019+00:00,成本费用利润率:医药制造业,成本费用利润率:医药制造业,False,Profit-To-Cost Ratio: Pharmaceutical Manufacturing,Profit-To-Cost Ratio: Pharmaceutical Manufacturing,False,月,月,False,%,%,False,当期值,当期值,False,全国,全国,False,中国,中国,False,国家统计局,国家统计局,False,getEcoDataChina,getEcoDataChina,False,2003-02-28,2003-02-28,False,2026-06-30,2026-06-30,False,1,1,False,True,False,成本费用利润率:医药制造业,Profit-To-Cost Ratio: Pharmaceutical Manufacturing,月,%,当期值,全国,中国,国家统计局,getEcoDataChina,2003-02-28,2026-06-30,1,False,False,False,False,False,False,False,False,False,False,False,False,False
801150,医药生物,24,1020000617,收入增长率:医药制造业,Income Growth Rate: Pharmaceutical Manufacturing,月,%,当期值,全国,中国,国家统计局,getEcoDataChina,2011-02-28,2026-06-30,1,143.0,1020000617,收入增长率:医药制造业,Income Growth Rate: Pharmaceutical Manufacturing,M020000617,M020000596,0,月,%,当期值,2.0,全国,中国,,不重要,国家统计局,,2975,getEcoDataChina,2011-02-28,2026-06-30,1,EcoInfoProGet,2026-08-13T01:09:36.711019+00:00,收入增长率:医药制造业,收入增长率:医药制造业,False,Income Growth Rate: Pharmaceutical Manufacturing,Income Growth Rate: Pharmaceutical Manufacturing,False,月,月,False,%,%,False,当期值,当期值,False,全国,全国,False,中国,中国,False,国家统计局,国家统计局,False,getEcoDataChina,getEcoDataChina,False,2011-02-28,2011-02-28,False,2026-06-30,2026-06-30,False,1,1,False,True,False,收入增长率:医药制造业,Income Growth Rate: Pharmaceutical Manufacturing,月,%,当期值,全国,中国,国家统计局,getEcoDataChina,2011-02-28,2026-06-30,1,False,False,False,False,False,False,False,False,False,False,False,False,False
801150,医药生物,25,1020000857,税前利润率:医药制造业,Pre-Tax Profit Margin: Pharmaceutical Manufacturing,月,%,当期值,全国,中国,国家统计局,getEcoDataChina,2000-02-29,2026-06-30,1,143.0,1020000857,税前利润率:医药制造业,Pre-Tax Profit Margin: Pharmaceutical Manufacturing,M020000857,M020000836,0,月,%,当期值,2.0,全国,中国,,不重要,国家统计局,,2975,getEcoDataChina,2000-02-29,2026-06-30,1,EcoInfoProGet,2026-08-13T01:09:36.711019+00:00,税前利润率:医药制造业,税前利润率:医药制造业,False,Pre-Tax Profit Margin: Pharmaceutical Manufacturing,Pre-Tax Profit Margin: Pharmaceutical Manufacturing,False,月,月,False,%,%,False,当期值,当期值,False,全国,全国,False,中国,中国,False,国家统计局,国家统计局,False,getEcoDataChina,getEcoDataChina,False,2000-02-29,2000-02-29,False,2026-06-30,2026-06-30,False,1,1,False,True,False,税前利润率:医药制造业,Pre-Tax Profit Margin: Pharmaceutical Manufacturing,月,%,当期值,全国,中国,国家统计局,getEcoDataChina,2000-02-29,2026-06-30,1,False,False,False,False,False,False,False,False,False,False,False,False,False
801150,医药生物,26,2140820663,药审中心受理新注册申请量:中药:进口再注册:当月值,,月,个,当期值,全国,中国,国家药品监督管理局,getEcoDataIndBiologicalmedicine,2010-03-31,2026-06-30,1,143.0,2140820663,药审中心受理新注册申请量:中药:进口再注册:当月值,,S140820663,S140820639,0,月,个,当期值,0.0,全国,中国,,一般重要,国家药品监督管理局,,2978,getEcoDataIndBiologicalmedicine,2010-03-31,2026-06-30,1,EcoInfoProGet,2026-08-13T01:09:36.711019+00:00,药审中心受理新注册申请量:中药:进口再注册:当月值,药审中心受理新注册申请量:中药:进口再注册:当月值,False,,,False,月,月,False,个,个,False,当期值,当期值,False,全国,全国,False,中国,中国,False,国家药品监督管理局,国家药品监督管理局,False,getEcoDataIndBiologicalmedicine,getEcoDataIndBiologicalmedicine,False,2010-03-31,2010-03-31,False,2026-06-30,2026-06-30,False,1,1,False,True,False,药审中心受理新注册申请量:中药:进口再注册:当月值,,月,个,当期值,全国,中国,国家药品监督管理局,getEcoDataIndBiologicalmedicine,2010-03-31,2026-06-30,1,False,False,False,False,False,False,False,False,False,False,False,False,False
801150,医药生物,27,2140906288,进出口金额(美元):两种或两种以上成分混合而成的治病或防病药品(3003):当月值,Import and Export Value (USD): Medicine for Treating or Preventing Diseases Made by Mixing Two or More Ingredients(3003): Current Month Value,月,美元,当期值,中国,中国,海关总署,getEcoDataIndBiologicalmedicine,2015-01-31,2026-06-30,1,143.0,2140906288,进出口金额(美元):两种或两种以上成分混合而成的治病或防病药品(3003):当月值,Import and Export Value (USD): Medicine for Treating or Preventing Diseases Made by Mixing Two or More Ingredients(3003): Current Month Value,S140906288,S140906094,0,月,美元,当期值,2.0,中国,中国,美元,一般重要,海关总署,"HS编码""3003""中文全称为""两种或两种以上成分混合而成的治病或防病药品(不包括品目3002、3005或3006的货品),未配定剂量或制成零售包装""",2978,getEcoDataIndBiologicalmedicine,2015-01-31,2026-06-30,1,EcoInfoProGet,2026-08-13T01:09:36.711019+00:00,进出口金额(美元):两种或两种以上成分混合而成的治病或防病药品(3003):当月值,进出口金额(美元):两种或两种以上成分混合而成的治病或防病药品(3003):当月值,False,Import and Export Value (USD): Medicine for Treating or Preventing Diseases Made by Mixing Two or More Ingredients(3003): Current Month Value,Import and Export Value (USD): Medicine for Treating or Preventing Diseases Made by Mixing Two or More Ingredients(3003): Current Month Value,False,月,月,False,美元,美元,False,当期值,当期值,False,中国,中国,False,中国,中国,False,海关总署,海关总署,False,getEcoDataIndBiologicalmedicine,getEcoDataIndBiologicalmedicine,False,2015-01-31,2015-01-31,False,2026-06-30,2026-06-30,False,1,1,False,True,False,进出口金额(美元):两种或两种以上成分混合而成的治病或防病药品(3003):当月值,Import and Export Value (USD): Medicine for Treating or Preventing Diseases Made by Mixing Two or More Ingredients(3003): Current Month Value,月,美元,当期值,中国,中国,海关总署,getEcoDataIndBiologicalmedicine,2015-01-31,2026-06-30,1,False,False,False,False,False,False,False,False,False,False,False,False,False
801150,医药生物,28,2140906330,进出口金额(美元):医药用品(3006):当月值,Import and Export Value (USD): Medical Supplies(3006): Current Month Value,月,美元,当期值,中国,中国,海关总署,getEcoDataIndBiologicalmedicine,2015-01-31,2026-06-30,1,143.0,2140906330,进出口金额(美元):医药用品(3006):当月值,Import and Export Value (USD): Medical Supplies(3006): Current Month Value,S140906330,S140906097,0,月,美元,当期值,2.0,中国,中国,美元,一般重要,海关总署,"HS编码""3006""中文全称为""本章注释4 所规定的医药用品""",2978,getEcoDataIndBiologicalmedicine,2015-01-31,2026-06-30,1,EcoInfoProGet,2026-08-13T01:09:36.711019+00:00,进出口金额(美元):医药用品(3006):当月值,进出口金额(美元):医药用品(3006):当月值,False,Import and Export Value (USD): Medical Supplies(3006): Current Month Value,Import and Export Value (USD): Medical Supplies(3006): Current Month Value,False,月,月,False,美元,美元,False,当期值,当期值,False,中国,中国,False,中国,中国,False,海关总署,海关总署,False,getEcoDataIndBiologicalmedicine,getEcoDataIndBiologicalmedicine,False,2015-01-31,2015-01-31,False,2026-06-30,2026-06-30,False,1,1,False,True,False,进出口金额(美元):医药用品(3006):当月值,Import and Export Value (USD): Medical Supplies(3006): Current Month Value,月,美元,当期值,中国,中国,海关总署,getEcoDataIndBiologicalmedicine,2015-01-31,2026-06-30,1,False,False,False,False,False,False,False,False,False,False,False,False,False
801150,医药生物,29,2140906302,进出口金额(美元):由混合或非混合产品构成的治病或防病用药品(3004):当月值,Import and Export Value (USD): Medicine for Treating or Preventing Diseases Composed Of Mixed or Non Mixed Products(3004): Current Month Value,月,美元,当期值,中国,中国,海关总署,getEcoDataIndBiologicalmedicine,2015-01-31,2026-06-30,1,143.0,2140906302,进出口金额(美元):由混合或非混合产品构成的治病或防病用药品(3004):当月值,Import and Export Value (USD): Medicine for Treating or Preventing Diseases Composed Of Mixed or Non Mixed Products(3004): Current Month Value,S140906302,S140906095,0,月,美元,当期值,2.0,中国,中国,美元,一般重要,海关总署,"HS编码""3004""中文全称为""由混合或非混合产品构成的治病或防病用药品(不包括品目3002、3005或3006的货品),已配定剂量(包括制成皮肤摄入形式的)或制成零售包装""",2978,getEcoDataIndBiologicalmedicine,2015-01-31,2026-06-30,1,EcoInfoProGet,2026-08-13T01:09:36.711019+00:00,进出口金额(美元):由混合或非混合产品构成的治病或防病用药品(3004):当月值,进出口金额(美元):由混合或非混合产品构成的治病或防病用药品(3004):当月值,False,Import and Export Value (USD): Medicine for Treating or Preventing Diseases Composed Of Mixed or Non Mixed Products(3004): Current Month Value,Import and Export Value (USD): Medicine for Treating or Preventing Diseases Composed Of Mixed or Non Mixed Products(3004): Current Month Value,False,月,月,False,美元,美元,False,当期值,当期值,False,中国,中国,False,中国,中国,False,海关总署,海关总署,False,getEcoDataIndBiologicalmedicine,getEcoDataIndBiologicalmedicine,False,2015-01-31,2015-01-31,False,2026-06-30,2026-06-30,False,1,1,False,True,False,进出口金额(美元):由混合或非混合产品构成的治病或防病用药品(3004):当月值,Import and Export Value (USD): Medicine for Treating or Preventing Diseases Composed Of Mixed or Non Mixed Products(3004): Current Month Value,月,美元,当期值,中国,中国,海关总署,getEcoDataIndBiologicalmedicine,2015-01-31,2026-06-30,1,False,False,False,False,False,False,False,False,False,False,False,False,False
801150,医药生物,30,2140906144,进出口金额(美元):药品(30):当月值,Import and Export Value (USD): Drugs(30): Current Month Value,月,美元,当期值,中国,中国,海关总署,getEcoDataIndBiologicalmedicine,2015-01-31,2026-06-30,1,143.0,2140906144,进出口金额(美元):药品(30):当月值,Import and Export Value (USD): Drugs(30): Current Month Value,S140906144,S140906085,0,月,美元,当期值,2.0,中国,中国,美元,一般重要,海关总署,,2978,getEcoDataIndBiologicalmedicine,2015-01-31,2026-06-30,1,EcoInfoProGet,2026-08-13T01:09:36.711019+00:00,进出口金额(美元):药品(30):当月值,进出口金额(美元):药品(30):当月值,False,Import and Export Value (USD): Drugs(30): Current Month Value,Import and Export Value (USD): Drugs(30): Current Month Value,False,月,月,False,美元,美元,False,当期值,当期值,False,中国,中国,False,中国,中国,False,海关总署,海关总署,False,getEcoDataIndBiologicalmedicine,getEcoDataIndBiologicalmedicine,False,2015-01-31,2015-01-31,False,2026-06-30,2026-06-30,False,1,1,False,True,False,进出口金额(美元):药品(30):当月值,Import and Export Value (USD): Drugs(30): Current Month Value,月,美元,当期值,中国,中国,海关总署,getEcoDataIndBiologicalmedicine,2015-01-31,2026-06-30,1,False,False,False,False,False,False,False,False,False,False,False,False,False
801160,公用事业,1,2020105036,发电设备装机容量:核电:累计值,Installed Capacity of Power Generation Equipment: Nuclear Power: Cumulative,月,万千瓦,累计值,全国,中国,中国电力企业联合会,getEcoDataIndEnergy,2008-12-31,2026-06-30,1,145.0,2020105036,发电设备装机容量:核电:累计值,Installed Capacity of Power Generation Equipment: Nuclear Power: Cumulative,S020105036,S020101553,0,月,万千瓦,累计值,2.0,全国,中国,,不重要,中国电力企业联合会,,2985,getEcoDataIndEnergy,2008-12-31,2026-06-30,1,EcoInfoProGet,2026-08-13T01:09:36.711019+00:00,发电设备装机容量:核电:累计值,发电设备装机容量:核电:累计值,False,Installed Capacity of Power Generation Equipment: Nuclear Power: Cumulative,Installed Capacity of Power Generation Equipment: Nuclear Power: Cumulative,False,月,月,False,万千瓦,万千瓦,False,累计值,累计值,False,全国,全国,False,中国,中国,False,中国电力企业联合会,中国电力企业联合会,False,getEcoDataIndEnergy,getEcoDataIndEnergy,False,2008-12-31,2008-12-31,False,2026-06-30,2026-06-30,False,1,1,False,True,False,发电设备装机容量:核电:累计值,Installed Capacity of Power Generation Equipment: Nuclear Power: Cumulative,月,万千瓦,累计值,全国,中国,中国电力企业联合会,getEcoDataIndEnergy,2008-12-31,2026-06-30,1,False,False,False,False,False,False,False,False,False,False,False,False,False
801160,公用事业,2,2020657644,发电设备装机容量:水电:累计值,Installed Capacity of Power Generation Equipment: Hydro Power: Cumulative,月,万千瓦,累计值,全国,中国,中国电力企业联合会,getEcoDataIndEnergy,2008-12-31,2026-06-30,1,145.0,2020657644,发电设备装机容量:水电:累计值,Installed Capacity of Power Generation Equipment: Hydro Power: Cumulative,S020657644,S020101553,0,月,万千瓦,累计值,2.0,全国,中国,,不重要,中国电力企业联合会,,2985,getEcoDataIndEnergy,2008-12-31,2026-06-30,1,EcoInfoProGet,2026-08-13T01:09:36.711019+00:00,发电设备装机容量:水电:累计值,发电设备装机容量:水电:累计值,False,Installed Capacity of Power Generation Equipment: Hydro Power: Cumulative,Installed Capacity of Power Generation Equipment: Hydro Power: Cumulative,False,月,月,False,万千瓦,万千瓦,False,累计值,累计值,False,全国,全国,False,中国,中国,False,中国电力企业联合会,中国电力企业联合会,False,getEcoDataIndEnergy,getEcoDataIndEnergy,False,2008-12-31,2008-12-31,False,2026-06-30,2026-06-30,False,1,1,False,True,False,发电设备装机容量:水电:累计值,Installed Capacity of Power Generation Equipment: Hydro Power: Cumulative,月,万千瓦,累计值,全国,中国,中国电力企业联合会,getEcoDataIndEnergy,2008-12-31,2026-06-30,1,False,False,False,False,False,False,False,False,False,False,False,False,False
801160,公用事业,3,2020105035,发电设备装机容量:火电:累计值,Installed Capacity of Power Generation Equipment: Thermal Power: Cumulative,月,万千瓦,累计值,全国,中国,中国电力企业联合会,getEcoDataIndEnergy,2008-12-31,2026-06-30,1,145.0,2020105035,发电设备装机容量:火电:累计值,Installed Capacity of Power Generation Equipment: Thermal Power: Cumulative,S020105035,S020101553,0,月,万千瓦,累计值,2.0,全国,中国,,不重要,中国电力企业联合会,,2985,getEcoDataIndEnergy,2008-12-31,2026-06-30,1,EcoInfoProGet,2026-08-13T01:09:36.711019+00:00,发电设备装机容量:火电:累计值,发电设备装机容量:火电:累计值,False,Installed Capacity of Power Generation Equipment: Thermal Power: Cumulative,Installed Capacity of Power Generation Equipment: Thermal Power: Cumulative,False,月,月,False,万千瓦,万千瓦,False,累计值,累计值,False,全国,全国,False,中国,中国,False,中国电力企业联合会,中国电力企业联合会,False,getEcoDataIndEnergy,getEcoDataIndEnergy,False,2008-12-31,2008-12-31,False,2026-06-30,2026-06-30,False,1,1,False,True,False,发电设备装机容量:火电:累计值,Installed Capacity of Power Generation Equipment: Thermal Power: Cumulative,月,万千瓦,累计值,全国,中国,中国电力企业联合会,getEcoDataIndEnergy,2008-12-31,2026-06-30,1,False,False,False,False,False,False,False,False,False,False,False,False,False
801160,公用事业,4,2020657645,发电设备装机容量:风电:累计值,Installed Capacity of Power Generation Equipment: Wind Power: Cumulative,月,万千瓦,累计值,全国,中国,中国电力企业联合会,getEcoDataIndEnergy,2008-12-31,2026-06-30,1,145.0,2020657645,发电设备装机容量:风电:累计值,Installed Capacity of Power Generation Equipment: Wind Power: Cumulative,S020657645,S020101553,0,月,万千瓦,累计值,2.0,全国,中国,,不重要,中国电力企业联合会,,2985,getEcoDataIndEnergy,2008-12-31,2026-06-30,1,EcoInfoProGet,2026-08-13T01:09:36.711019+00:00,发电设备装机容量:风电:累计值,发电设备装机容量:风电:累计值,False,Installed Capacity of Power Generation Equipment: Wind Power: Cumulative,Installed Capacity of Power Generation Equipment: Wind Power: Cumulative,False,月,月,False,万千瓦,万千瓦,False,累计值,累计值,False,全国,全国,False,中国,中国,False,中国电力企业联合会,中国电力企业联合会,False,getEcoDataIndEnergy,getEcoDataIndEnergy,False,2008-12-31,2008-12-31,False,2026-06-30,2026-06-30,False,1,1,False,True,False,发电设备装机容量:风电:累计值,Installed Capacity of Power Generation Equipment: Wind Power: Cumulative,月,万千瓦,累计值,全国,中国,中国电力企业联合会,getEcoDataIndEnergy,2008-12-31,2026-06-30,1,False,False,False,False,False,False,False,False,False,False,False,False,False
801160,公用事业,5,2020101562,(全国)发电设备平均利用小时:累计值,Power Generation Equipment Average Utilization Hours: Cumulative,月,小时,累计值,全国,中国,中国电力企业联合会,getEcoDataIndEnergy,2009-07-31,2026-06-30,1,143.0,2020101562,(全国)发电设备平均利用小时:累计值,Power Generation Equipment Average Utilization Hours: Cumulative,S020101562,S020101553,0,月,小时,累计值,2.0,全国,中国,,不重要,中国电力企业联合会,,2985,getEcoDataIndEnergy,2009-07-31,2026-06-30,1,EcoInfoProGet,2026-08-13T01:09:36.711019+00:00,(全国)发电设备平均利用小时:累计值,(全国)发电设备平均利用小时:累计值,False,Power Generation Equipment Average Utilization Hours: Cumulative,Power Generation Equipment Average Utilization Hours: Cumulative,False,月,月,False,小时,小时,False,累计值,累计值,False,全国,全国,False,中国,中国,False,中国电力企业联合会,中国电力企业联合会,False,getEcoDataIndEnergy,getEcoDataIndEnergy,False,2009-07-31,2009-07-31,False,2026-06-30,2026-06-30,False,1,1,False,True,False,(全国)发电设备平均利用小时:累计值,Power Generation Equipment Average Utilization Hours: Cumulative,月,小时,累计值,全国,中国,中国电力企业联合会,getEcoDataIndEnergy,2009-07-31,2026-06-30,1,False,False,False,False,False,False,False,False,False,False,False,False,False
801160,公用事业,6,2020101578,(全国)发电设备平均利用小时:累计同比增减,(National) Power Generation Equipment Average Utilization Hours: Cumulative Per Cent Change,月,小时,累计同比增减,全国,中国,中国电力企业联合会,getEcoDataIndEnergy,2009-07-31,2026-06-30,1,143.0,2020101578,(全国)发电设备平均利用小时:累计同比增减,(National) Power Generation Equipment Average Utilization Hours: Cumulative Per Cent Change,S020101578,S020101553,0,月,小时,累计同比增减,2.0,全国,中国,,不重要,中国电力企业联合会,,2985,getEcoDataIndEnergy,2009-07-31,2026-06-30,1,EcoInfoProGet,2026-08-13T01:09:36.711019+00:00,(全国)发电设备平均利用小时:累计同比增减,(全国)发电设备平均利用小时:累计同比增减,False,(National) Power Generation Equipment Average Utilization Hours: Cumulative Per Cent Change,(National) Power Generation Equipment Average Utilization Hours: Cumulative Per Cent Change,False,月,月,False,小时,小时,False,累计同比增减,累计同比增减,False,全国,全国,False,中国,中国,False,中国电力企业联合会,中国电力企业联合会,False,getEcoDataIndEnergy,getEcoDataIndEnergy,False,2009-07-31,2009-07-31,False,2026-06-30,2026-06-30,False,1,1,False,True,False,(全国)发电设备平均利用小时:累计同比增减,(National) Power Generation Equipment Average Utilization Hours: Cumulative Per Cent Change,月,小时,累计同比增减,全国,中国,中国电力企业联合会,getEcoDataIndEnergy,2009-07-31,2026-06-30,1,False,False,False,False,False,False,False,False,False,False,False,False,False
801160,公用事业,7,1020008711,产量:发电量:核能:当月同比,Electricity Generating Capacity: Nuclear Power: Month YoY,月,%,当期同比,全国,中国,国家统计局,getEcoDataChina,1997-01-31,2026-06-30,1,143.0,1020008711,产量:发电量:核能:当月同比,Electricity Generating Capacity: Nuclear Power: Month YoY,M020008711,M020001607,0,月,%,当期同比,2.0,全国,中国,,比较重要,国家统计局,,2975,getEcoDataChina,1997-01-31,2026-06-30,1,EcoInfoProGet,2026-08-13T01:09:36.711019+00:00,产量:发电量:核能:当月同比,产量:发电量:核能:当月同比,False,Electricity Generating Capacity: Nuclear Power: Month YoY,Electricity Generating Capacity: Nuclear Power: Month YoY,False,月,月,False,%,%,False,当期同比,当期同比,False,全国,全国,False,中国,中国,False,国家统计局,国家统计局,False,getEcoDataChina,getEcoDataChina,False,1997-01-31,1997-01-31,False,2026-06-30,2026-06-30,False,1,1,False,True,False,产量:发电量:核能:当月同比,Electricity Generating Capacity: Nuclear Power: Month YoY,月,%,当期同比,全国,中国,国家统计局,getEcoDataChina,1997-01-31,2026-06-30,1,False,False,False,False,False,False,False,False,False,False,False,False,False
801160,公用事业,8,1020008655,产量:发电量:风力:当月值,Output of Electricity: Wind Power: Current Value (Month),月,亿千瓦时,当期值,全国,中国,国家统计局,getEcoDataChina,2009-09-30,2026-06-30,1,143.0,1020008655,产量:发电量:风力:当月值,Output of Electricity: Wind Power: Current Value (Month),M020008655,M020001541,0,月,亿千瓦时,当期值,2.0,全国,中国,,比较重要,国家统计局,,2975,getEcoDataChina,2009-09-30,2026-06-30,1,EcoInfoProGet,2026-08-13T01:09:36.711019+00:00,产量:发电量:风力:当月值,产量:发电量:风力:当月值,False,Output of Electricity: Wind Power: Current Value (Month),Output of Electricity: Wind Power: Current Value (Month),False,月,月,False,亿千瓦时,亿千瓦时,False,当期值,当期值,False,全国,全国,False,中国,中国,False,国家统计局,国家统计局,False,getEcoDataChina,getEcoDataChina,False,2009-09-30,2009-09-30,False,2026-06-30,2026-06-30,False,1,1,False,True,False,产量:发电量:风力:当月值,Output of Electricity: Wind Power: Current Value (Month),月,亿千瓦时,当期值,全国,中国,国家统计局,getEcoDataChina,2009-09-30,2026-06-30,1,False,False,False,False,False,False,False,False,False,False,False,False,False
801160,公用事业,9,1020005915,利润总额:电力、热力、燃气及水生产和供应业:累计值,"Industrial Enterprises: Total Profit: Electricity, Heat and Water Production and Supply Industry: Cumulative Value",月,亿元,累计值,全国,中国,国家统计局,getEcoDataChina,2015-10-31,2026-06-30,1,143.0,1020005915,利润总额:电力、热力、燃气及水生产和供应业:累计值,"Industrial Enterprises: Total Profit: Electricity, Heat and Water Production and Supply Industry: Cumulative Value",M020005915,M020000319,0,月,亿元,累计值,2.0,全国,中国,人民币元,比较重要,国家统计局,,2975,getEcoDataChina,2015-10-31,2026-06-30,1,EcoInfoProGet,2026-08-13T01:09:36.711019+00:00,利润总额:电力、热力、燃气及水生产和供应业:累计值,利润总额:电力、热力、燃气及水生产和供应业:累计值,False,"Industrial Enterprises: Total Profit: Electricity, Heat and Water Production and Supply Industry: Cumulative Value","Industrial Enterprises: Total Profit: Electricity, Heat and Water Production and Supply Industry: Cumulative Value",False,月,月,False,亿元,亿元,False,累计值,累计值,False,全国,全国,False,中国,中国,False,国家统计局,国家统计局,False,getEcoDataChina,getEcoDataChina,False,2015-10-31,2015-10-31,False,2026-06-30,2026-06-30,False,1,1,False,True,False,利润总额:电力、热力、燃气及水生产和供应业:累计值,"Industrial Enterprises: Total Profit: Electricity, Heat and Water Production and Supply Industry: Cumulative Value",月,亿元,累计值,全国,中国,国家统计局,getEcoDataChina,2015-10-31,2026-06-30,1,False,False,False,False,False,False,False,False,False,False,False,False,False
801160,公用事业,10,2020105037,发电设备装机容量:太阳能发电:累计值,Installed Capacity of Power Generation Equipment: Solar Power: Cumulative,月,万千瓦,累计值,全国,中国,中国电力企业联合会,getEcoDataIndEnergy,2009-12-31,2026-06-30,1,143.0,2020105037,发电设备装机容量:太阳能发电:累计值,Installed Capacity of Power Generation Equipment: Solar Power: Cumulative,S020105037,S020101553,0,月,万千瓦,累计值,2.0,全国,中国,,不重要,中国电力企业联合会,,2985,getEcoDataIndEnergy,2009-12-31,2026-06-30,1,EcoInfoProGet,2026-08-13T01:09:36.711019+00:00,发电设备装机容量:太阳能发电:累计值,发电设备装机容量:太阳能发电:累计值,False,Installed Capacity of Power Generation Equipment: Solar Power: Cumulative,Installed Capacity of Power Generation Equipment: Solar Power: Cumulative,False,月,月,False,万千瓦,万千瓦,False,累计值,累计值,False,全国,全国,False,中国,中国,False,中国电力企业联合会,中国电力企业联合会,False,getEcoDataIndEnergy,getEcoDataIndEnergy,False,2009-12-31,2009-12-31,False,2026-06-30,2026-06-30,False,1,1,False,True,False,发电设备装机容量:太阳能发电:累计值,Installed Capacity of Power Generation Equipment: Solar Power: Cumulative,月,万千瓦,累计值,全国,中国,中国电力企业联合会,getEcoDataIndEnergy,2009-12-31,2026-06-30,1,False,False,False,False,False,False,False,False,False,False,False,False,False
801160,公用事业,11,1020010425,投资收益:电力、热力、燃气及水生产和供应业:累计值,"Industrial Enterprises: Investment Return: Electricity, Heat and Water Production and Supply Industry: Cumulative Value",月,亿元,累计值,全国,中国,国家统计局,getEcoDataChina,2017-02-28,2026-06-30,1,143.0,1020010425,投资收益:电力、热力、燃气及水生产和供应业:累计值,"Industrial Enterprises: Investment Return: Electricity, Heat and Water Production and Supply Industry: Cumulative Value",M020010425,M020000319,0,月,亿元,累计值,2.0,全国,中国,人民币元,不重要,国家统计局,"从2011年起,规模以上工业企业起点标准由原来的年主营业务收入500万元提高到年主营业务收入2000万元。",2975,getEcoDataChina,2017-02-28,2026-06-30,1,EcoInfoProGet,2026-08-13T01:09:36.711019+00:00,投资收益:电力、热力、燃气及水生产和供应业:累计值,投资收益:电力、热力、燃气及水生产和供应业:累计值,False,"Industrial Enterprises: Investment Return: Electricity, Heat and Water Production and Supply Industry: Cumulative Value","Industrial Enterprises: Investment Return: Electricity, Heat and Water Production and Supply Industry: Cumulative Value",False,月,月,False,亿元,亿元,False,累计值,累计值,False,全国,全国,False,中国,中国,False,国家统计局,国家统计局,False,getEcoDataChina,getEcoDataChina,False,2017-02-28,2017-02-28,False,2026-06-30,2026-06-30,False,1,1,False,True,False,投资收益:电力、热力、燃气及水生产和供应业:累计值,"Industrial Enterprises: Investment Return: Electricity, Heat and Water Production and Supply Industry: Cumulative Value",月,亿元,累计值,全国,中国,国家统计局,getEcoDataChina,2017-02-28,2026-06-30,1,False,False,False,False,False,False,False,False,False,False,False,False,False
801160,公用事业,12,1020010419,营业利润:电力、热力、燃气及水生产和供应业:累计值,"Industrial Enterprises: Operating Profit: Electricity, Heat and Water Production and Supply Industry: Cumulative Value",月,亿元,累计值,全国,中国,国家统计局,getEcoDataChina,2017-02-28,2026-06-30,1,143.0,1020010419,营业利润:电力、热力、燃气及水生产和供应业:累计值,"Industrial Enterprises: Operating Profit: Electricity, Heat and Water Production and Supply Industry: Cumulative Value",M020010419,M020000319,0,月,亿元,累计值,2.0,全国,中国,人民币元,不重要,国家统计局,"从2011年起,规模以上工业企业起点标准由原来的年主营业务收入500万元提高到年主营业务收入2000万元。",2975,getEcoDataChina,2017-02-28,2026-06-30,1,EcoInfoProGet,2026-08-13T01:09:36.711019+00:00,营业利润:电力、热力、燃气及水生产和供应业:累计值,营业利润:电力、热力、燃气及水生产和供应业:累计值,False,"Industrial Enterprises: Operating Profit: Electricity, Heat and Water Production and Supply Industry: Cumulative Value","Industrial Enterprises: Operating Profit: Electricity, Heat and Water Production and Supply Industry: Cumulative Value",False,月,月,False,亿元,亿元,False,累计值,累计值,False,全国,全国,False,中国,中国,False,国家统计局,国家统计局,False,getEcoDataChina,getEcoDataChina,False,2017-02-28,2017-02-28,False,2026-06-30,2026-06-30,False,1,1,False,True,False,营业利润:电力、热力、燃气及水生产和供应业:累计值,"Industrial Enterprises: Operating Profit: Electricity, Heat and Water Production and Supply Industry: Cumulative Value",月,亿元,累计值,全国,中国,国家统计局,getEcoDataChina,2017-02-28,2026-06-30,1,False,False,False,False,False,False,False,False,False,False,False,False,False
801160,公用事业,13,2020101565,(全国)发电设备平均利用小时:核电:累计值,(National) Power Generation Equipment Average Utilization Hours: Nuclear Power: YTD,季,小时,累计值,全国,中国,中国电力企业联合会,getEcoDataIndEnergy,2009-12-31,2026-06-30,1,141.0,2020101565,(全国)发电设备平均利用小时:核电:累计值,(National) Power Generation Equipment Average Utilization Hours: Nuclear Power: YTD,S020101565,S020101553,0,季,小时,累计值,2.0,全国,中国,,不重要,中国电力企业联合会,,2985,getEcoDataIndEnergy,2009-12-31,2026-06-30,1,EcoInfoProGet,2026-08-13T01:09:36.711019+00:00,(全国)发电设备平均利用小时:核电:累计值,(全国)发电设备平均利用小时:核电:累计值,False,(National) Power Generation Equipment Average Utilization Hours: Nuclear Power: YTD,(National) Power Generation Equipment Average Utilization Hours: Nuclear Power: YTD,False,季,季,False,小时,小时,False,累计值,累计值,False,全国,全国,False,中国,中国,False,中国电力企业联合会,中国电力企业联合会,False,getEcoDataIndEnergy,getEcoDataIndEnergy,False,2009-12-31,2009-12-31,False,2026-06-30,2026-06-30,False,1,1,False,True,False,(全国)发电设备平均利用小时:核电:累计值,(National) Power Generation Equipment Average Utilization Hours: Nuclear Power: YTD,季,小时,累计值,全国,中国,中国电力企业联合会,getEcoDataIndEnergy,2009-12-31,2026-06-30,1,False,False,False,False,False,False,False,False,False,False,False,False,False
801160,公用事业,14,2020101581,(全国)发电设备平均利用小时:核电:累计同比增减,(National) Power Generation Equipment Average Utilization Hours: Nuclear Power: Cumulative Per Cent Change,季,小时,累计同比增减,全国,中国,中国电力企业联合会,getEcoDataIndEnergy,2009-12-31,2026-06-30,1,141.0,2020101581,(全国)发电设备平均利用小时:核电:累计同比增减,(National) Power Generation Equipment Average Utilization Hours: Nuclear Power: Cumulative Per Cent Change,S020101581,S020101553,0,季,小时,累计同比增减,2.0,全国,中国,,不重要,中国电力企业联合会,,2985,getEcoDataIndEnergy,2009-12-31,2026-06-30,1,EcoInfoProGet,2026-08-13T01:09:36.711019+00:00,(全国)发电设备平均利用小时:核电:累计同比增减,(全国)发电设备平均利用小时:核电:累计同比增减,False,(National) Power Generation Equipment Average Utilization Hours: Nuclear Power: Cumulative Per Cent Change,(National) Power Generation Equipment Average Utilization Hours: Nuclear Power: Cumulative Per Cent Change,False,季,季,False,小时,小时,False,累计同比增减,累计同比增减,False,全国,全国,False,中国,中国,False,中国电力企业联合会,中国电力企业联合会,False,getEcoDataIndEnergy,getEcoDataIndEnergy,False,2009-12-31,2009-12-31,False,2026-06-30,2026-06-30,False,1,1,False,True,False,(全国)发电设备平均利用小时:核电:累计同比增减,(National) Power Generation Equipment Average Utilization Hours: Nuclear Power: Cumulative Per Cent Change,季,小时,累计同比增减,全国,中国,中国电力企业联合会,getEcoDataIndEnergy,2009-12-31,2026-06-30,1,False,False,False,False,False,False,False,False,False,False,False,False,False
801160,公用事业,15,2020101563,(全国)发电设备平均利用小时:水电:累计值,Power Generation Equipment Average Utilization Hours: HydroPower: Cumulative,季,小时,累计值,全国,中国,中国电力企业联合会,getEcoDataIndEnergy,2009-07-31,2026-06-30,1,141.0,2020101563,(全国)发电设备平均利用小时:水电:累计值,Power Generation Equipment Average Utilization Hours: HydroPower: Cumulative,S020101563,S020101553,0,季,小时,累计值,2.0,全国,中国,,不重要,中国电力企业联合会,,2985,getEcoDataIndEnergy,2009-07-31,2026-06-30,1,EcoInfoProGet,2026-08-13T01:09:36.711019+00:00,(全国)发电设备平均利用小时:水电:累计值,(全国)发电设备平均利用小时:水电:累计值,False,Power Generation Equipment Average Utilization Hours: HydroPower: Cumulative,Power Generation Equipment Average Utilization Hours: HydroPower: Cumulative,False,季,季,False,小时,小时,False,累计值,累计值,False,全国,全国,False,中国,中国,False,中国电力企业联合会,中国电力企业联合会,False,getEcoDataIndEnergy,getEcoDataIndEnergy,False,2009-07-31,2009-07-31,False,2026-06-30,2026-06-30,False,1,1,False,True,False,(全国)发电设备平均利用小时:水电:累计值,Power Generation Equipment Average Utilization Hours: HydroPower: Cumulative,季,小时,累计值,全国,中国,中国电力企业联合会,getEcoDataIndEnergy,2009-07-31,2026-06-30,1,False,False,False,False,False,False,False,False,False,False,False,False,False
801160,公用事业,16,2020101579,(全国)发电设备平均利用小时:水电:累计同比增减,(National) Power Generation Equipment Average Utilization Hours: HydroPower: Cumulative Per Cent Change,季,小时,累计同比增减,全国,中国,中国电力企业联合会,getEcoDataIndEnergy,2009-07-31,2026-06-30,1,141.0,2020101579,(全国)发电设备平均利用小时:水电:累计同比增减,(National) Power Generation Equipment Average Utilization Hours: HydroPower: Cumulative Per Cent Change,S020101579,S020101553,0,季,小时,累计同比增减,2.0,全国,中国,,不重要,中国电力企业联合会,,2985,getEcoDataIndEnergy,2009-07-31,2026-06-30,1,EcoInfoProGet,2026-08-13T01:09:36.711019+00:00,(全国)发电设备平均利用小时:水电:累计同比增减,(全国)发电设备平均利用小时:水电:累计同比增减,False,(National) Power Generation Equipment Average Utilization Hours: HydroPower: Cumulative Per Cent Change,(National) Power Generation Equipment Average Utilization Hours: HydroPower: Cumulative Per Cent Change,False,季,季,False,小时,小时,False,累计同比增减,累计同比增减,False,全国,全国,False,中国,中国,False,中国电力企业联合会,中国电力企业联合会,False,getEcoDataIndEnergy,getEcoDataIndEnergy,False,2009-07-31,2009-07-31,False,2026-06-30,2026-06-30,False,1,1,False,True,False,(全国)发电设备平均利用小时:水电:累计同比增减,(National) Power Generation Equipment Average Utilization Hours: HydroPower: Cumulative Per Cent Change,季,小时,累计同比增减,全国,中国,中国电力企业联合会,getEcoDataIndEnergy,2009-07-31,2026-06-30,1,False,False,False,False,False,False,False,False,False,False,False,False,False
801160,公用事业,17,2020101564,(全国)发电设备平均利用小时:火电:累计值,Power Generation Equipment Average Utilization Hours: Rmal Power: Cumulative,季,小时,累计值,全国,中国,中国电力企业联合会,getEcoDataIndEnergy,2009-07-31,2026-06-30,1,141.0,2020101564,(全国)发电设备平均利用小时:火电:累计值,Power Generation Equipment Average Utilization Hours: Rmal Power: Cumulative,S020101564,S020101553,0,季,小时,累计值,2.0,全国,中国,,不重要,中国电力企业联合会,,2985,getEcoDataIndEnergy,2009-07-31,2026-06-30,1,EcoInfoProGet,2026-08-13T01:09:36.711019+00:00,(全国)发电设备平均利用小时:火电:累计值,(全国)发电设备平均利用小时:火电:累计值,False,Power Generation Equipment Average Utilization Hours: Rmal Power: Cumulative,Power Generation Equipment Average Utilization Hours: Rmal Power: Cumulative,False,季,季,False,小时,小时,False,累计值,累计值,False,全国,全国,False,中国,中国,False,中国电力企业联合会,中国电力企业联合会,False,getEcoDataIndEnergy,getEcoDataIndEnergy,False,2009-07-31,2009-07-31,False,2026-06-30,2026-06-30,False,1,1,False,True,False,(全国)发电设备平均利用小时:火电:累计值,Power Generation Equipment Average Utilization Hours: Rmal Power: Cumulative,季,小时,累计值,全国,中国,中国电力企业联合会,getEcoDataIndEnergy,2009-07-31,2026-06-30,1,False,False,False,False,False,False,False,False,False,False,False,False,False
801160,公用事业,18,2020101580,(全国)发电设备平均利用小时:火电:累计同比增减,(National) Power Generation Equipment Average Utilization Hours:rmal Power: Cumulative Per Cent Change,季,小时,累计同比增减,全国,中国,中国电力企业联合会,getEcoDataIndEnergy,2009-07-31,2026-06-30,1,141.0,2020101580,(全国)发电设备平均利用小时:火电:累计同比增减,(National) Power Generation Equipment Average Utilization Hours:rmal Power: Cumulative Per Cent Change,S020101580,S020101553,0,季,小时,累计同比增减,2.0,全国,中国,,不重要,中国电力企业联合会,,2985,getEcoDataIndEnergy,2009-07-31,2026-06-30,1,EcoInfoProGet,2026-08-13T01:09:36.711019+00:00,(全国)发电设备平均利用小时:火电:累计同比增减,(全国)发电设备平均利用小时:火电:累计同比增减,False,(National) Power Generation Equipment Average Utilization Hours:rmal Power: Cumulative Per Cent Change,(National) Power Generation Equipment Average Utilization Hours:rmal Power: Cumulative Per Cent Change,False,季,季,False,小时,小时,False,累计同比增减,累计同比增减,False,全国,全国,False,中国,中国,False,中国电力企业联合会,中国电力企业联合会,False,getEcoDataIndEnergy,getEcoDataIndEnergy,False,2009-07-31,2009-07-31,False,2026-06-30,2026-06-30,False,1,1,False,True,False,(全国)发电设备平均利用小时:火电:累计同比增减,(National) Power Generation Equipment Average Utilization Hours:rmal Power: Cumulative Per Cent Change,季,小时,累计同比增减,全国,中国,中国电力企业联合会,getEcoDataIndEnergy,2009-07-31,2026-06-30,1,False,False,False,False,False,False,False,False,False,False,False,False,False
801160,公用事业,19,2020101566,(全国)发电设备平均利用小时:风电:累计值,(National) Power Generation Equipment Average Utilization Hours: Wind Power: YTD,季,小时,累计值,全国,中国,中国电力企业联合会,getEcoDataIndEnergy,2009-12-31,2026-06-30,1,141.0,2020101566,(全国)发电设备平均利用小时:风电:累计值,(National) Power Generation Equipment Average Utilization Hours: Wind Power: YTD,S020101566,S020101553,0,季,小时,累计值,2.0,全国,中国,,不重要,中国电力企业联合会,,2985,getEcoDataIndEnergy,2009-12-31,2026-06-30,1,EcoInfoProGet,2026-08-13T01:09:36.711019+00:00,(全国)发电设备平均利用小时:风电:累计值,(全国)发电设备平均利用小时:风电:累计值,False,(National) Power Generation Equipment Average Utilization Hours: Wind Power: YTD,(National) Power Generation Equipment Average Utilization Hours: Wind Power: YTD,False,季,季,False,小时,小时,False,累计值,累计值,False,全国,全国,False,中国,中国,False,中国电力企业联合会,中国电力企业联合会,False,getEcoDataIndEnergy,getEcoDataIndEnergy,False,2009-12-31,2009-12-31,False,2026-06-30,2026-06-30,False,1,1,False,True,False,(全国)发电设备平均利用小时:风电:累计值,(National) Power Generation Equipment Average Utilization Hours: Wind Power: YTD,季,小时,累计值,全国,中国,中国电力企业联合会,getEcoDataIndEnergy,2009-12-31,2026-06-30,1,False,False,False,False,False,False,False,False,False,False,False,False,False
801160,公用事业,20,2020101582,(全国)发电设备平均利用小时:风电:累计同比增减,(National) Power Generation Equipment Average Utilization Hours: Wind Power: Cumulative Per Cent Change,季,小时,累计同比增减,全国,中国,中国电力企业联合会,getEcoDataIndEnergy,2009-12-31,2026-06-30,1,141.0,2020101582,(全国)发电设备平均利用小时:风电:累计同比增减,(National) Power Generation Equipment Average Utilization Hours: Wind Power: Cumulative Per Cent Change,S020101582,S020101553,0,季,小时,累计同比增减,2.0,全国,中国,,不重要,中国电力企业联合会,,2985,getEcoDataIndEnergy,2009-12-31,2026-06-30,1,EcoInfoProGet,2026-08-13T01:09:36.711019+00:00,(全国)发电设备平均利用小时:风电:累计同比增减,(全国)发电设备平均利用小时:风电:累计同比增减,False,(National) Power Generation Equipment Average Utilization Hours: Wind Power: Cumulative Per Cent Change,(National) Power Generation Equipment Average Utilization Hours: Wind Power: Cumulative Per Cent Change,False,季,季,False,小时,小时,False,累计同比增减,累计同比增减,False,全国,全国,False,中国,中国,False,中国电力企业联合会,中国电力企业联合会,False,getEcoDataIndEnergy,getEcoDataIndEnergy,False,2009-12-31,2009-12-31,False,2026-06-30,2026-06-30,False,1,1,False,True,False,(全国)发电设备平均利用小时:风电:累计同比增减,(National) Power Generation Equipment Average Utilization Hours: Wind Power: Cumulative Per Cent Change,季,小时,累计同比增减,全国,中国,中国电力企业联合会,getEcoDataIndEnergy,2009-12-31,2026-06-30,1,False,False,False,False,False,False,False,False,False,False,False,False,False
801160,公用事业,21,2020105038,发电设备平均利用小时:太阳能发电:累计值,Power Generation Equipment Average Utilization Hours: Solar Power: Cumulative,季,小时,累计值,全国,中国,中国电力企业联合会,getEcoDataIndEnergy,2012-12-31,2026-06-30,1,139.0,2020105038,发电设备平均利用小时:太阳能发电:累计值,Power Generation Equipment Average Utilization Hours: Solar Power: Cumulative,S020105038,S020101553,0,季,小时,累计值,2.0,全国,中国,,不重要,中国电力企业联合会,,2985,getEcoDataIndEnergy,2012-12-31,2026-06-30,1,EcoInfoProGet,2026-08-13T01:09:36.711019+00:00,发电设备平均利用小时:太阳能发电:累计值,发电设备平均利用小时:太阳能发电:累计值,False,Power Generation Equipment Average Utilization Hours: Solar Power: Cumulative,Power Generation Equipment Average Utilization Hours: Solar Power: Cumulative,False,季,季,False,小时,小时,False,累计值,累计值,False,全国,全国,False,中国,中国,False,中国电力企业联合会,中国电力企业联合会,False,getEcoDataIndEnergy,getEcoDataIndEnergy,False,2012-12-31,2012-12-31,False,2026-06-30,2026-06-30,False,1,1,False,True,False,发电设备平均利用小时:太阳能发电:累计值,Power Generation Equipment Average Utilization Hours: Solar Power: Cumulative,季,小时,累计值,全国,中国,中国电力企业联合会,getEcoDataIndEnergy,2012-12-31,2026-06-30,1,False,False,False,False,False,False,False,False,False,False,False,False,False
801160,公用事业,22,2020766782,核电设备利用小时数:累计值,,季,小时,累计值,全国,中国,中国核能行业协会,getEcoDataIndEnergy,2014-06-30,2026-03-31,1,139.0,2020766782,核电设备利用小时数:累计值,,S020766782,S020768090,0,季,小时,累计值,2.0,全国,中国,,一般重要,中国核能行业协会,,2985,getEcoDataIndEnergy,2014-06-30,2026-03-31,1,EcoInfoProGet,2026-08-13T01:09:36.711019+00:00,核电设备利用小时数:累计值,核电设备利用小时数:累计值,False,,,False,季,季,False,小时,小时,False,累计值,累计值,False,全国,全国,False,中国,中国,False,中国核能行业协会,中国核能行业协会,False,getEcoDataIndEnergy,getEcoDataIndEnergy,False,2014-06-30,2014-06-30,False,2026-03-31,2026-03-31,False,1,1,False,True,False,核电设备利用小时数:累计值,,季,小时,累计值,全国,中国,中国核能行业协会,getEcoDataIndEnergy,2014-06-30,2026-03-31,1,False,False,False,False,False,False,False,False,False,False,False,False,False
801160,公用事业,23,2020640997,风电并网:利用小时数:合计,Wind Power Integration to Power Grid: Number of Utilization Hours: Total,季,小时,累计值,全国,中国,能源局,getEcoDataIndEnergy,2014-03-31,2026-06-30,1,139.0,2020640997,风电并网:利用小时数:合计,Wind Power Integration to Power Grid: Number of Utilization Hours: Total,S020640997,S020640804,0,季,小时,累计值,0.0,全国,中国,,不重要,能源局,数据统计口径为中电联和电网公司调度口径.,2985,getEcoDataIndEnergy,2014-03-31,2026-06-30,1,EcoInfoProGet,2026-08-13T01:09:36.711019+00:00,风电并网:利用小时数:合计,风电并网:利用小时数:合计,False,Wind Power Integration to Power Grid: Number of Utilization Hours: Total,Wind Power Integration to Power Grid: Number of Utilization Hours: Total,False,季,季,False,小时,小时,False,累计值,累计值,False,全国,全国,False,中国,中国,False,能源局,能源局,False,getEcoDataIndEnergy,getEcoDataIndEnergy,False,2014-03-31,2014-03-31,False,2026-06-30,2026-06-30,False,1,1,False,True,False,风电并网:利用小时数:合计,Wind Power Integration to Power Grid: Number of Utilization Hours: Total,季,小时,累计值,全国,中国,能源局,getEcoDataIndEnergy,2014-03-31,2026-06-30,1,False,False,False,False,False,False,False,False,False,False,False,False,False
801160,公用事业,24,2020101525,全社会用电量:城乡居民生活用电量:当月值,Total Electricity Consumption: Electricity Consumption of Urban and Rural Residents Living: Current Value (Month),月,亿千瓦时,当期值,全国,中国,能源局,getEcoDataIndEnergy,2009-07-31,2026-06-30,1,137.0,2020101525,全社会用电量:城乡居民生活用电量:当月值,Total Electricity Consumption: Electricity Consumption of Urban and Rural Residents Living: Current Value (Month),S020101525,S020101520,0,月,亿千瓦时,当期值,2.0,全国,中国,,比较重要,能源局,,2985,getEcoDataIndEnergy,2009-07-31,2026-06-30,1,EcoInfoProGet,2026-08-13T01:09:36.711019+00:00,全社会用电量:城乡居民生活用电量:当月值,全社会用电量:城乡居民生活用电量:当月值,False,Total Electricity Consumption: Electricity Consumption of Urban and Rural Residents Living: Current Value (Month),Total Electricity Consumption: Electricity Consumption of Urban and Rural Residents Living: Current Value (Month),False,月,月,False,亿千瓦时,亿千瓦时,False,当期值,当期值,False,全国,全国,False,中国,中国,False,能源局,能源局,False,getEcoDataIndEnergy,getEcoDataIndEnergy,False,2009-07-31,2009-07-31,False,2026-06-30,2026-06-30,False,1,1,False,True,False,全社会用电量:城乡居民生活用电量:当月值,Total Electricity Consumption: Electricity Consumption of Urban and Rural Residents Living: Current Value (Month),月,亿千瓦时,当期值,全国,中国,能源局,getEcoDataIndEnergy,2009-07-31,2026-06-30,1,False,False,False,False,False,False,False,False,False,False,False,False,False
801160,公用事业,25,2020101526,全社会用电量:工业用电:当月值,Total Electricity Consumption: Industrial Electricity: Current Value (Month),月,亿千瓦时,当期值,全国,中国,能源局,getEcoDataIndEnergy,2009-07-31,2026-06-30,1,137.0,2020101526,全社会用电量:工业用电:当月值,Total Electricity Consumption: Industrial Electricity: Current Value (Month),S020101526,S020101520,0,月,亿千瓦时,当期值,2.0,全国,中国,,比较重要,能源局,,2985,getEcoDataIndEnergy,2009-07-31,2026-06-30,1,EcoInfoProGet,2026-08-13T01:09:36.711019+00:00,全社会用电量:工业用电:当月值,全社会用电量:工业用电:当月值,False,Total Electricity Consumption: Industrial Electricity: Current Value (Month),Total Electricity Consumption: Industrial Electricity: Current Value (Month),False,月,月,False,亿千瓦时,亿千瓦时,False,当期值,当期值,False,全国,全国,False,中国,中国,False,能源局,能源局,False,getEcoDataIndEnergy,getEcoDataIndEnergy,False,2009-07-31,2009-07-31,False,2026-06-30,2026-06-30,False,1,1,False,True,False,全社会用电量:工业用电:当月值,Total Electricity Consumption: Industrial Electricity: Current Value (Month),月,亿千瓦时,当期值,全国,中国,能源局,getEcoDataIndEnergy,2009-07-31,2026-06-30,1,False,False,False,False,False,False,False,False,False,False,False,False,False
801160,公用事业,26,2020101521,全社会用电量:当月值,Total Electricity Consumption: Current Value (Month),月,亿千瓦时,当期值,全国,中国,能源局,getEcoDataIndEnergy,2009-07-31,2026-06-30,1,137.0,2020101521,全社会用电量:当月值,Total Electricity Consumption: Current Value (Month),S020101521,S020101520,0,月,亿千瓦时,当期值,2.0,全国,中国,,比较重要,能源局,国家发改委与中国电力企业联合会的所有指标数据口径相同。,2985,getEcoDataIndEnergy,2009-07-31,2026-06-30,1,EcoInfoProGet,2026-08-13T01:09:36.711019+00:00,全社会用电量:当月值,全社会用电量:当月值,False,Total Electricity Consumption: Current Value (Month),Total Electricity Consumption: Current Value (Month),False,月,月,False,亿千瓦时,亿千瓦时,False,当期值,当期值,False,全国,全国,False,中国,中国,False,能源局,能源局,False,getEcoDataIndEnergy,getEcoDataIndEnergy,False,2009-07-31,2009-07-31,False,2026-06-30,2026-06-30,False,1,1,False,True,False,全社会用电量:当月值,Total Electricity Consumption: Current Value (Month),月,亿千瓦时,当期值,全国,中国,能源局,getEcoDataIndEnergy,2009-07-31,2026-06-30,1,False,False,False,False,False,False,False,False,False,False,False,False,False
801160,公用事业,27,2020101522,全社会用电量:第一产业:当月值,Total Electricity Consumption: Primary Industry: Current Value (Month),月,亿千瓦时,当期值,全国,中国,能源局,getEcoDataIndEnergy,2009-07-31,2026-06-30,1,137.0,2020101522,全社会用电量:第一产业:当月值,Total Electricity Consumption: Primary Industry: Current Value (Month),S020101522,S020101520,0,月,亿千瓦时,当期值,2.0,全国,中国,,比较重要,能源局,,2985,getEcoDataIndEnergy,2009-07-31,2026-06-30,1,EcoInfoProGet,2026-08-13T01:09:36.711019+00:00,全社会用电量:第一产业:当月值,全社会用电量:第一产业:当月值,False,Total Electricity Consumption: Primary Industry: Current Value (Month),Total Electricity Consumption: Primary Industry: Current Value (Month),False,月,月,False,亿千瓦时,亿千瓦时,False,当期值,当期值,False,全国,全国,False,中国,中国,False,能源局,能源局,False,getEcoDataIndEnergy,getEcoDataIndEnergy,False,2009-07-31,2009-07-31,False,2026-06-30,2026-06-30,False,1,1,False,True,False,全社会用电量:第一产业:当月值,Total Electricity Consumption: Primary Industry: Current Value (Month),月,亿千瓦时,当期值,全国,中国,能源局,getEcoDataIndEnergy,2009-07-31,2026-06-30,1,False,False,False,False,False,False,False,False,False,False,False,False,False
801160,公用事业,28,2020101524,全社会用电量:第三产业:当月值,Total Electricity Consumption: Tertiary Industry: Current Value (Month),月,亿千瓦时,当期值,全国,中国,能源局,getEcoDataIndEnergy,2009-07-31,2026-06-30,1,137.0,2020101524,全社会用电量:第三产业:当月值,Total Electricity Consumption: Tertiary Industry: Current Value (Month),S020101524,S020101520,0,月,亿千瓦时,当期值,2.0,全国,中国,,比较重要,能源局,,2985,getEcoDataIndEnergy,2009-07-31,2026-06-30,1,EcoInfoProGet,2026-08-13T01:09:36.711019+00:00,全社会用电量:第三产业:当月值,全社会用电量:第三产业:当月值,False,Total Electricity Consumption: Tertiary Industry: Current Value (Month),Total Electricity Consumption: Tertiary Industry: Current Value (Month),False,月,月,False,亿千瓦时,亿千瓦时,False,当期值,当期值,False,全国,全国,False,中国,中国,False,能源局,能源局,False,getEcoDataIndEnergy,getEcoDataIndEnergy,False,2009-07-31,2009-07-31,False,2026-06-30,2026-06-30,False,1,1,False,True,False,全社会用电量:第三产业:当月值,Total Electricity Consumption: Tertiary Industry: Current Value (Month),月,亿千瓦时,当期值,全国,中国,能源局,getEcoDataIndEnergy,2009-07-31,2026-06-30,1,False,False,False,False,False,False,False,False,False,False,False,False,False
801160,公用事业,29,2020101523,全社会用电量:第二产业:当月值,Total Electricity Consumption: Secondary Industry: Current Value (Month),月,亿千瓦时,当期值,全国,中国,能源局,getEcoDataIndEnergy,2009-07-31,2026-06-30,1,137.0,2020101523,全社会用电量:第二产业:当月值,Total Electricity Consumption: Secondary Industry: Current Value (Month),S020101523,S020101520,0,月,亿千瓦时,当期值,2.0,全国,中国,,比较重要,能源局,,2985,getEcoDataIndEnergy,2009-07-31,2026-06-30,1,EcoInfoProGet,2026-08-13T01:09:36.711019+00:00,全社会用电量:第二产业:当月值,全社会用电量:第二产业:当月值,False,Total Electricity Consumption: Secondary Industry: Current Value (Month),Total Electricity Consumption: Secondary Industry: Current Value (Month),False,月,月,False,亿千瓦时,亿千瓦时,False,当期值,当期值,False,全国,全国,False,中国,中国,False,能源局,能源局,False,getEcoDataIndEnergy,getEcoDataIndEnergy,False,2009-07-31,2009-07-31,False,2026-06-30,2026-06-30,False,1,1,False,True,False,全社会用电量:第二产业:当月值,Total Electricity Consumption: Secondary Industry: Current Value (Month),月,亿千瓦时,当期值,全国,中国,能源局,getEcoDataIndEnergy,2009-07-31,2026-06-30,1,False,False,False,False,False,False,False,False,False,False,False,False,False
801160,公用事业,30,1020001545,发电量:水电:当月值,Output: Hydropower: Current,月,亿千瓦时,当期值,全国,中国,国家统计局,getEcoDataChina,1986-02-28,2026-06-30,1,137.0,1020001545,发电量:水电:当月值,Output: Hydropower: Current,M020001545,M020001541,0,月,亿千瓦时,当期值,2.0,全国,中国,,比较重要,国家统计局,,2975,getEcoDataChina,1986-02-28,2026-06-30,1,EcoInfoProGet,2026-08-13T01:09:36.711019+00:00,发电量:水电:当月值,发电量:水电:当月值,False,Output: Hydropower: Current,Output: Hydropower: Current,False,月,月,False,亿千瓦时,亿千瓦时,False,当期值,当期值,False,全国,全国,False,中国,中国,False,国家统计局,国家统计局,False,getEcoDataChina,getEcoDataChina,False,1986-02-28,1986-02-28,False,2026-06-30,2026-06-30,False,1,1,False,True,False,发电量:水电:当月值,Output: Hydropower: Current,月,亿千瓦时,当期值,全国,中国,国家统计局,getEcoDataChina,1986-02-28,2026-06-30,1,False,False,False,False,False,False,False,False,False,False,False,False,False
801170,交通运输,1,2160606526,北方国际干散货运价指数(TBI),Tianjin Bulk Freight Index (TBI),日,点,当期值,全国,中国,天津国际贸易与航运服务中心,getEcoDataIndTraffictransport,2012-03-05,2026-08-07,1,152.0,2160606526,北方国际干散货运价指数(TBI),Tianjin Bulk Freight Index (TBI),S160606526,S160000070,0,日,点,当期值,2.0,全国,中国,,不重要,天津国际贸易与航运服务中心,,2996,getEcoDataIndTraffictransport,2012-03-05,2026-08-12,1,EcoInfoProGet,2026-08-13T01:09:36.711019+00:00,北方国际干散货运价指数(TBI),北方国际干散货运价指数(TBI),False,Tianjin Bulk Freight Index (TBI),Tianjin Bulk Freight Index (TBI),False,日,日,False,点,点,False,当期值,当期值,False,全国,全国,False,中国,中国,False,天津国际贸易与航运服务中心,天津国际贸易与航运服务中心,False,getEcoDataIndTraffictransport,getEcoDataIndTraffictransport,False,2012-03-05,2012-03-05,False,2026-08-07,2026-08-12,True,1,1,False,True,True,北方国际干散货运价指数(TBI),Tianjin Bulk Freight Index (TBI),日,点,当期值,全国,中国,天津国际贸易与航运服务中心,getEcoDataIndTraffictransport,2012-03-05,2026-08-11,1,False,False,False,False,False,False,False,False,False,False,True,False,True
801170,交通运输,2,2160606527,北方国际集装箱运价指数(TCI),Tianjin Container Freight Index (TCI),日,点,当期值,全国,中国,天津国际贸易与航运服务中心,getEcoDataIndTraffictransport,2012-03-05,2026-08-07,1,152.0,2160606527,北方国际集装箱运价指数(TCI),Tianjin Container Freight Index (TCI),S160606527,S160000070,0,日,点,当期值,2.0,全国,中国,,不重要,天津国际贸易与航运服务中心,,2996,getEcoDataIndTraffictransport,2012-03-05,2026-08-12,1,EcoInfoProGet,2026-08-13T01:09:36.711019+00:00,北方国际集装箱运价指数(TCI),北方国际集装箱运价指数(TCI),False,Tianjin Container Freight Index (TCI),Tianjin Container Freight Index (TCI),False,日,日,False,点,点,False,当期值,当期值,False,全国,全国,False,中国,中国,False,天津国际贸易与航运服务中心,天津国际贸易与航运服务中心,False,getEcoDataIndTraffictransport,getEcoDataIndTraffictransport,False,2012-03-05,2012-03-05,False,2026-08-07,2026-08-12,True,1,1,False,True,True,北方国际集装箱运价指数(TCI),Tianjin Container Freight Index (TCI),日,点,当期值,全国,中国,天津国际贸易与航运服务中心,getEcoDataIndTraffictransport,2012-03-05,2026-08-11,1,False,False,False,False,False,False,False,False,False,False,True,False,True
801170,交通运输,3,2160606461,北方国际集装箱运价指数(TCI):天津-中南美基本港,Tianjin Container Freight Index (TCI): Tianjin-Central and South America (Base Port),日,点,当期值,全国,中国,天津国际贸易与航运服务中心,getEcoDataIndTraffictransport,2012-11-08,2026-08-07,1,152.0,2160606461,北方国际集装箱运价指数(TCI):天津-中南美基本港,Tianjin Container Freight Index (TCI): Tianjin-Central and South America (Base Port),S160606461,S160000070,0,日,点,当期值,2.0,全国,中国,,不重要,天津国际贸易与航运服务中心,,2996,getEcoDataIndTraffictransport,2012-11-08,2026-08-12,1,EcoInfoProGet,2026-08-13T01:09:36.711019+00:00,北方国际集装箱运价指数(TCI):天津-中南美基本港,北方国际集装箱运价指数(TCI):天津-中南美基本港,False,Tianjin Container Freight Index (TCI): Tianjin-Central and South America (Base Port),Tianjin Container Freight Index (TCI): Tianjin-Central and South America (Base Port),False,日,日,False,点,点,False,当期值,当期值,False,全国,全国,False,中国,中国,False,天津国际贸易与航运服务中心,天津国际贸易与航运服务中心,False,getEcoDataIndTraffictransport,getEcoDataIndTraffictransport,False,2012-11-08,2012-11-08,False,2026-08-07,2026-08-12,True,1,1,False,True,True,北方国际集装箱运价指数(TCI):天津-中南美基本港,Tianjin Container Freight Index (TCI): Tianjin-Central and South America (Base Port),日,点,当期值,全国,中国,天津国际贸易与航运服务中心,getEcoDataIndTraffictransport,2012-11-08,2026-08-11,1,False,False,False,False,False,False,False,False,False,False,True,False,True
801170,交通运输,4,2160606460,北方国际集装箱运价指数(TCI):天津-南美东基本港,Tianjin Container Freight Index (TCI): Tianjin-East Coast of South America (Base Port),日,点,当期值,全国,中国,天津国际贸易与航运服务中心,getEcoDataIndTraffictransport,2012-11-08,2026-08-07,1,152.0,2160606460,北方国际集装箱运价指数(TCI):天津-南美东基本港,Tianjin Container Freight Index (TCI): Tianjin-East Coast of South America (Base Port),S160606460,S160000070,0,日,点,当期值,2.0,全国,中国,,不重要,天津国际贸易与航运服务中心,,2996,getEcoDataIndTraffictransport,2012-11-08,2026-08-12,1,EcoInfoProGet,2026-08-13T01:09:36.711019+00:00,北方国际集装箱运价指数(TCI):天津-南美东基本港,北方国际集装箱运价指数(TCI):天津-南美东基本港,False,Tianjin Container Freight Index (TCI): Tianjin-East Coast of South America (Base Port),Tianjin Container Freight Index (TCI): Tianjin-East Coast of South America (Base Port),False,日,日,False,点,点,False,当期值,当期值,False,全国,全国,False,中国,中国,False,天津国际贸易与航运服务中心,天津国际贸易与航运服务中心,False,getEcoDataIndTraffictransport,getEcoDataIndTraffictransport,False,2012-11-08,2012-11-08,False,2026-08-07,2026-08-12,True,1,1,False,True,True,北方国际集装箱运价指数(TCI):天津-南美东基本港,Tianjin Container Freight Index (TCI): Tianjin-East Coast of South America (Base Port),日,点,当期值,全国,中国,天津国际贸易与航运服务中心,getEcoDataIndTraffictransport,2012-11-08,2026-08-11,1,False,False,False,False,False,False,False,False,False,False,True,False,True
801170,交通运输,5,2160606459,北方国际集装箱运价指数(TCI):天津-南美西基本港,Tianjin Container Freight Index (TCI): Tianjin-West Coast of South America (Base Port),日,点,当期值,全国,中国,天津国际贸易与航运服务中心,getEcoDataIndTraffictransport,2012-11-08,2026-08-07,1,152.0,2160606459,北方国际集装箱运价指数(TCI):天津-南美西基本港,Tianjin Container Freight Index (TCI): Tianjin-West Coast of South America (Base Port),S160606459,S160000070,0,日,点,当期值,2.0,全国,中国,,不重要,天津国际贸易与航运服务中心,,2996,getEcoDataIndTraffictransport,2012-11-08,2026-08-12,1,EcoInfoProGet,2026-08-13T01:09:36.711019+00:00,北方国际集装箱运价指数(TCI):天津-南美西基本港,北方国际集装箱运价指数(TCI):天津-南美西基本港,False,Tianjin Container Freight Index (TCI): Tianjin-West Coast of South America (Base Port),Tianjin Container Freight Index (TCI): Tianjin-West Coast of South America (Base Port),False,日,日,False,点,点,False,当期值,当期值,False,全国,全国,False,中国,中国,False,天津国际贸易与航运服务中心,天津国际贸易与航运服务中心,False,getEcoDataIndTraffictransport,getEcoDataIndTraffictransport,False,2012-11-08,2012-11-08,False,2026-08-07,2026-08-12,True,1,1,False,True,True,北方国际集装箱运价指数(TCI):天津-南美西基本港,Tianjin Container Freight Index (TCI): Tianjin-West Coast of South America (Base Port),日,点,当期值,全国,中国,天津国际贸易与航运服务中心,getEcoDataIndTraffictransport,2012-11-08,2026-08-11,1,False,False,False,False,False,False,False,False,False,False,True,False,True
801170,交通运输,6,2160606455,北方国际集装箱运价指数(TCI):天津-地中海东部基本港,Tianjin Container Freight Index (TCI): Tianjin-Eastern of Mediterranean (Base Port),日,点,当期值,全国,中国,天津国际贸易与航运服务中心,getEcoDataIndTraffictransport,2012-11-08,2026-08-07,1,152.0,2160606455,北方国际集装箱运价指数(TCI):天津-地中海东部基本港,Tianjin Container Freight Index (TCI): Tianjin-Eastern of Mediterranean (Base Port),S160606455,S160000070,0,日,点,当期值,2.0,全国,中国,,不重要,天津国际贸易与航运服务中心,,2996,getEcoDataIndTraffictransport,2012-11-08,2026-08-12,1,EcoInfoProGet,2026-08-13T01:09:36.711019+00:00,北方国际集装箱运价指数(TCI):天津-地中海东部基本港,北方国际集装箱运价指数(TCI):天津-地中海东部基本港,False,Tianjin Container Freight Index (TCI): Tianjin-Eastern of Mediterranean (Base Port),Tianjin Container Freight Index (TCI): Tianjin-Eastern of Mediterranean (Base Port),False,日,日,False,点,点,False,当期值,当期值,False,全国,全国,False,中国,中国,False,天津国际贸易与航运服务中心,天津国际贸易与航运服务中心,False,getEcoDataIndTraffictransport,getEcoDataIndTraffictransport,False,2012-11-08,2012-11-08,False,2026-08-07,2026-08-12,True,1,1,False,True,True,北方国际集装箱运价指数(TCI):天津-地中海东部基本港,Tianjin Container Freight Index (TCI): Tianjin-Eastern of Mediterranean (Base Port),日,点,当期值,全国,中国,天津国际贸易与航运服务中心,getEcoDataIndTraffictransport,2012-11-08,2026-08-11,1,False,False,False,False,False,False,False,False,False,False,True,False,True
801170,交通运输,7,2160606456,北方国际集装箱运价指数(TCI):天津-地中海西部基本港,Tianjin Container Freight Index (TCI): Tianjin-Western of Mediterranean (Base Port),日,点,当期值,全国,中国,天津国际贸易与航运服务中心,getEcoDataIndTraffictransport,2012-11-08,2026-08-07,1,152.0,2160606456,北方国际集装箱运价指数(TCI):天津-地中海西部基本港,Tianjin Container Freight Index (TCI): Tianjin-Western of Mediterranean (Base Port),S160606456,S160000070,0,日,点,当期值,2.0,全国,中国,,不重要,天津国际贸易与航运服务中心,,2996,getEcoDataIndTraffictransport,2012-11-08,2026-08-12,1,EcoInfoProGet,2026-08-13T01:09:36.711019+00:00,北方国际集装箱运价指数(TCI):天津-地中海西部基本港,北方国际集装箱运价指数(TCI):天津-地中海西部基本港,False,Tianjin Container Freight Index (TCI): Tianjin-Western of Mediterranean (Base Port),Tianjin Container Freight Index (TCI): Tianjin-Western of Mediterranean (Base Port),False,日,日,False,点,点,False,当期值,当期值,False,全国,全国,False,中国,中国,False,天津国际贸易与航运服务中心,天津国际贸易与航运服务中心,False,getEcoDataIndTraffictransport,getEcoDataIndTraffictransport,False,2012-11-08,2012-11-08,False,2026-08-07,2026-08-12,True,1,1,False,True,True,北方国际集装箱运价指数(TCI):天津-地中海西部基本港,Tianjin Container Freight Index (TCI): Tianjin-Western of Mediterranean (Base Port),日,点,当期值,全国,中国,天津国际贸易与航运服务中心,getEcoDataIndTraffictransport,2012-11-08,2026-08-11,1,False,False,False,False,False,False,False,False,False,False,True,False,True
801170,交通运输,8,2160606454,北方国际集装箱运价指数(TCI):天津-欧洲基本港,Tianjin Container Freight Index (TCI): Tianjin-Europe (Base Port),日,点,当期值,全国,中国,天津国际贸易与航运服务中心,getEcoDataIndTraffictransport,2012-11-08,2026-08-07,1,152.0,2160606454,北方国际集装箱运价指数(TCI):天津-欧洲基本港,Tianjin Container Freight Index (TCI): Tianjin-Europe (Base Port),S160606454,S160000070,0,日,点,当期值,2.0,全国,中国,,不重要,天津国际贸易与航运服务中心,,2996,getEcoDataIndTraffictransport,2012-11-08,2026-08-12,1,EcoInfoProGet,2026-08-13T01:09:36.711019+00:00,北方国际集装箱运价指数(TCI):天津-欧洲基本港,北方国际集装箱运价指数(TCI):天津-欧洲基本港,False,Tianjin Container Freight Index (TCI): Tianjin-Europe (Base Port),Tianjin Container Freight Index (TCI): Tianjin-Europe (Base Port),False,日,日,False,点,点,False,当期值,当期值,False,全国,全国,False,中国,中国,False,天津国际贸易与航运服务中心,天津国际贸易与航运服务中心,False,getEcoDataIndTraffictransport,getEcoDataIndTraffictransport,False,2012-11-08,2012-11-08,False,2026-08-07,2026-08-12,True,1,1,False,True,True,北方国际集装箱运价指数(TCI):天津-欧洲基本港,Tianjin Container Freight Index (TCI): Tianjin-Europe (Base Port),日,点,当期值,全国,中国,天津国际贸易与航运服务中心,getEcoDataIndTraffictransport,2012-11-08,2026-08-11,1,False,False,False,False,False,False,False,False,False,False,True,False,True
801170,交通运输,9,2160606468,北方国际集装箱运价指数(TCI):天津-波斯湾基本港,Tianjin Container Freight Index (TCI): Tianjin-Persian Gulf (Base Port),日,点,当期值,全国,中国,天津国际贸易与航运服务中心,getEcoDataIndTraffictransport,2012-11-08,2026-08-07,1,152.0,2160606468,北方国际集装箱运价指数(TCI):天津-波斯湾基本港,Tianjin Container Freight Index (TCI): Tianjin-Persian Gulf (Base Port),S160606468,S160000070,0,日,点,当期值,2.0,全国,中国,,不重要,天津国际贸易与航运服务中心,,2996,getEcoDataIndTraffictransport,2012-11-08,2026-08-12,1,EcoInfoProGet,2026-08-13T01:09:36.711019+00:00,北方国际集装箱运价指数(TCI):天津-波斯湾基本港,北方国际集装箱运价指数(TCI):天津-波斯湾基本港,False,Tianjin Container Freight Index (TCI): Tianjin-Persian Gulf (Base Port),Tianjin Container Freight Index (TCI): Tianjin-Persian Gulf (Base Port),False,日,日,False,点,点,False,当期值,当期值,False,全国,全国,False,中国,中国,False,天津国际贸易与航运服务中心,天津国际贸易与航运服务中心,False,getEcoDataIndTraffictransport,getEcoDataIndTraffictransport,False,2012-11-08,2012-11-08,False,2026-08-07,2026-08-12,True,1,1,False,True,True,北方国际集装箱运价指数(TCI):天津-波斯湾基本港,Tianjin Container Freight Index (TCI): Tianjin-Persian Gulf (Base Port),日,点,当期值,全国,中国,天津国际贸易与航运服务中心,getEcoDataIndTraffictransport,2012-11-08,2026-08-11,1,False,False,False,False,False,False,False,False,False,False,True,False,True
801170,交通运输,10,2160606470,沿海集装箱出港运价指数(TDOI),Tianjin Domestic Container Outward Freight Index (TDOI),日,点,当期值,全国,中国,天津国际贸易与航运服务中心,getEcoDataIndTraffictransport,2012-11-08,2026-08-07,1,152.0,2160606470,沿海集装箱出港运价指数(TDOI),Tianjin Domestic Container Outward Freight Index (TDOI),S160606470,S160000070,0,日,点,当期值,2.0,全国,中国,,不重要,天津国际贸易与航运服务中心,,2996,getEcoDataIndTraffictransport,2012-11-08,2026-08-12,1,EcoInfoProGet,2026-08-13T01:09:36.711019+00:00,沿海集装箱出港运价指数(TDOI),沿海集装箱出港运价指数(TDOI),False,Tianjin Domestic Container Outward Freight Index (TDOI),Tianjin Domestic Container Outward Freight Index (TDOI),False,日,日,False,点,点,False,当期值,当期值,False,全国,全国,False,中国,中国,False,天津国际贸易与航运服务中心,天津国际贸易与航运服务中心,False,getEcoDataIndTraffictransport,getEcoDataIndTraffictransport,False,2012-11-08,2012-11-08,False,2026-08-07,2026-08-12,True,1,1,False,True,True,沿海集装箱出港运价指数(TDOI),Tianjin Domestic Container Outward Freight Index (TDOI),日,点,当期值,全国,中国,天津国际贸易与航运服务中心,getEcoDataIndTraffictransport,2012-11-08,2026-08-11,1,False,False,False,False,False,False,False,False,False,False,True,False,True
801170,交通运输,11,2160606528,沿海集装箱运价指数(TDI),Tianjin Domestic Container Freight Index (TDI),日,点,当期值,全国,中国,天津国际贸易与航运服务中心,getEcoDataIndTraffictransport,2012-10-26,2026-08-07,1,152.0,2160606528,沿海集装箱运价指数(TDI),Tianjin Domestic Container Freight Index (TDI),S160606528,S160000070,0,日,点,当期值,2.0,全国,中国,,不重要,天津国际贸易与航运服务中心,,2996,getEcoDataIndTraffictransport,2012-10-26,2026-08-12,1,EcoInfoProGet,2026-08-13T01:09:36.711019+00:00,沿海集装箱运价指数(TDI),沿海集装箱运价指数(TDI),False,Tianjin Domestic Container Freight Index (TDI),Tianjin Domestic Container Freight Index (TDI),False,日,日,False,点,点,False,当期值,当期值,False,全国,全国,False,中国,中国,False,天津国际贸易与航运服务中心,天津国际贸易与航运服务中心,False,getEcoDataIndTraffictransport,getEcoDataIndTraffictransport,False,2012-10-26,2012-10-26,False,2026-08-07,2026-08-12,True,1,1,False,True,True,沿海集装箱运价指数(TDI),Tianjin Domestic Container Freight Index (TDI),日,点,当期值,全国,中国,天津国际贸易与航运服务中心,getEcoDataIndTraffictransport,2012-10-26,2026-08-11,1,False,False,False,False,False,False,False,False,False,False,True,False,True
801170,交通运输,12,2160606474,沿海集装箱进港运价指数(TDII),Tianjin Domestic Container Inward Freight Index (TDII),日,点,当期值,全国,中国,天津国际贸易与航运服务中心,getEcoDataIndTraffictransport,2012-11-08,2026-08-07,1,152.0,2160606474,沿海集装箱进港运价指数(TDII),Tianjin Domestic Container Inward Freight Index (TDII),S160606474,S160000070,0,日,点,当期值,2.0,全国,中国,,不重要,天津国际贸易与航运服务中心,,2996,getEcoDataIndTraffictransport,2012-11-08,2026-08-12,1,EcoInfoProGet,2026-08-13T01:09:36.711019+00:00,沿海集装箱进港运价指数(TDII),沿海集装箱进港运价指数(TDII),False,Tianjin Domestic Container Inward Freight Index (TDII),Tianjin Domestic Container Inward Freight Index (TDII),False,日,日,False,点,点,False,当期值,当期值,False,全国,全国,False,中国,中国,False,天津国际贸易与航运服务中心,天津国际贸易与航运服务中心,False,getEcoDataIndTraffictransport,getEcoDataIndTraffictransport,False,2012-11-08,2012-11-08,False,2026-08-07,2026-08-12,True,1,1,False,True,True,沿海集装箱进港运价指数(TDII),Tianjin Domestic Container Inward Freight Index (TDII),日,点,当期值,全国,中国,天津国际贸易与航运服务中心,getEcoDataIndTraffictransport,2012-11-08,2026-08-11,1,False,False,False,False,False,False,False,False,False,False,True,False,True
801170,交通运输,13,2160004307,中国公路物流运价指数:东北:周环比,Logistics Area Index: Northeast China: WoW,周,%,当期环比,中国大陆,中国,中国公路物流运价指数,getEcoDataIndTraffictransport,2013-01-02,2026-08-05,1,151.0,2160004307,中国公路物流运价指数:东北:周环比,Logistics Area Index: Northeast China: WoW,S160004307,S070000107,0,周,%,当期环比,2.0,中国大陆,中国,,不重要,中国公路物流运价指数,,2996,getEcoDataIndTraffictransport,2013-01-02,2026-08-05,1,EcoInfoProGet,2026-08-13T01:09:36.711019+00:00,中国公路物流运价指数:东北:周环比,中国公路物流运价指数:东北:周环比,False,Logistics Area Index: Northeast China: WoW,Logistics Area Index: Northeast China: WoW,False,周,周,False,%,%,False,当期环比,当期环比,False,中国大陆,中国大陆,False,中国,中国,False,中国公路物流运价指数,中国公路物流运价指数,False,getEcoDataIndTraffictransport,getEcoDataIndTraffictransport,False,2013-01-02,2013-01-02,False,2026-08-05,2026-08-05,False,1,1,False,True,False,中国公路物流运价指数:东北:周环比,Logistics Area Index: Northeast China: WoW,周,%,当期环比,中国大陆,中国,中国公路物流运价指数,getEcoDataIndTraffictransport,2013-01-02,2026-08-05,1,False,False,False,False,False,False,False,False,False,False,False,False,False
801170,交通运输,14,2160004310,中国公路物流运价指数:东南沿海:周环比,Logistics Area Index: Southeast Coast: WoW,周,%,当期环比,中国大陆,中国,中国公路物流运价指数,getEcoDataIndTraffictransport,2013-01-02,2026-08-05,1,151.0,2160004310,中国公路物流运价指数:东南沿海:周环比,Logistics Area Index: Southeast Coast: WoW,S160004310,S070000107,0,周,%,当期环比,2.0,中国大陆,中国,,不重要,中国公路物流运价指数,,2996,getEcoDataIndTraffictransport,2013-01-02,2026-08-05,1,EcoInfoProGet,2026-08-13T01:09:36.711019+00:00,中国公路物流运价指数:东南沿海:周环比,中国公路物流运价指数:东南沿海:周环比,False,Logistics Area Index: Southeast Coast: WoW,Logistics Area Index: Southeast Coast: WoW,False,周,周,False,%,%,False,当期环比,当期环比,False,中国大陆,中国大陆,False,中国,中国,False,中国公路物流运价指数,中国公路物流运价指数,False,getEcoDataIndTraffictransport,getEcoDataIndTraffictransport,False,2013-01-02,2013-01-02,False,2026-08-05,2026-08-05,False,1,1,False,True,False,中国公路物流运价指数:东南沿海:周环比,Logistics Area Index: Southeast Coast: WoW,周,%,当期环比,中国大陆,中国,中国公路物流运价指数,getEcoDataIndTraffictransport,2013-01-02,2026-08-05,1,False,False,False,False,False,False,False,False,False,False,False,False,False
801170,交通运输,15,2160004313,中国公路物流运价指数:华中:周环比,Logistics Area Index: Central China: WoW,周,%,当期环比,中国大陆,中国,中国公路物流运价指数,getEcoDataIndTraffictransport,2013-01-02,2026-08-05,1,151.0,2160004313,中国公路物流运价指数:华中:周环比,Logistics Area Index: Central China: WoW,S160004313,S070000107,0,周,%,当期环比,2.0,中国大陆,中国,,不重要,中国公路物流运价指数,,2996,getEcoDataIndTraffictransport,2013-01-02,2026-08-05,1,EcoInfoProGet,2026-08-13T01:09:36.711019+00:00,中国公路物流运价指数:华中:周环比,中国公路物流运价指数:华中:周环比,False,Logistics Area Index: Central China: WoW,Logistics Area Index: Central China: WoW,False,周,周,False,%,%,False,当期环比,当期环比,False,中国大陆,中国大陆,False,中国,中国,False,中国公路物流运价指数,中国公路物流运价指数,False,getEcoDataIndTraffictransport,getEcoDataIndTraffictransport,False,2013-01-02,2013-01-02,False,2026-08-05,2026-08-05,False,1,1,False,True,False,中国公路物流运价指数:华中:周环比,Logistics Area Index: Central China: WoW,周,%,当期环比,中国大陆,中国,中国公路物流运价指数,getEcoDataIndTraffictransport,2013-01-02,2026-08-05,1,False,False,False,False,False,False,False,False,False,False,False,False,False
801170,交通运输,16,2160004306,中国公路物流运价指数:华北:周环比,Logistics Area Index: North China: WoW,周,%,当期环比,中国大陆,中国,中国公路物流运价指数,getEcoDataIndTraffictransport,2013-01-02,2026-08-05,1,151.0,2160004306,中国公路物流运价指数:华北:周环比,Logistics Area Index: North China: WoW,S160004306,S070000107,0,周,%,当期环比,2.0,中国大陆,中国,,不重要,中国公路物流运价指数,,2996,getEcoDataIndTraffictransport,2013-01-02,2026-08-05,1,EcoInfoProGet,2026-08-13T01:09:36.711019+00:00,中国公路物流运价指数:华北:周环比,中国公路物流运价指数:华北:周环比,False,Logistics Area Index: North China: WoW,Logistics Area Index: North China: WoW,False,周,周,False,%,%,False,当期环比,当期环比,False,中国大陆,中国大陆,False,中国,中国,False,中国公路物流运价指数,中国公路物流运价指数,False,getEcoDataIndTraffictransport,getEcoDataIndTraffictransport,False,2013-01-02,2013-01-02,False,2026-08-05,2026-08-05,False,1,1,False,True,False,中国公路物流运价指数:华北:周环比,Logistics Area Index: North China: WoW,周,%,当期环比,中国大陆,中国,中国公路物流运价指数,getEcoDataIndTraffictransport,2013-01-02,2026-08-05,1,False,False,False,False,False,False,False,False,False,False,False,False,False
801170,交通运输,17,2160004825,中国公路物流运价指数:呼和浩特-拉萨:周环比,Transportation Route Index: Hohhot-Lhasa: WoW,周,%,当期环比,中国大陆,中国,中国公路物流运价指数,getEcoDataIndTraffictransport,2013-01-02,2026-08-05,1,151.0,2160004825,中国公路物流运价指数:呼和浩特-拉萨:周环比,Transportation Route Index: Hohhot-Lhasa: WoW,S160004825,S070000107,0,周,%,当期环比,2.0,中国大陆,中国,,不重要,中国公路物流运价指数,,2996,getEcoDataIndTraffictransport,2013-01-02,2026-08-05,1,EcoInfoProGet,2026-08-13T01:09:36.711019+00:00,中国公路物流运价指数:呼和浩特-拉萨:周环比,中国公路物流运价指数:呼和浩特-拉萨:周环比,False,Transportation Route Index: Hohhot-Lhasa: WoW,Transportation Route Index: Hohhot-Lhasa: WoW,False,周,周,False,%,%,False,当期环比,当期环比,False,中国大陆,中国大陆,False,中国,中国,False,中国公路物流运价指数,中国公路物流运价指数,False,getEcoDataIndTraffictransport,getEcoDataIndTraffictransport,False,2013-01-02,2013-01-02,False,2026-08-05,2026-08-05,False,1,1,False,True,False,中国公路物流运价指数:呼和浩特-拉萨:周环比,Transportation Route Index: Hohhot-Lhasa: WoW,周,%,当期环比,中国大陆,中国,中国公路物流运价指数,getEcoDataIndTraffictransport,2013-01-02,2026-08-05,1,False,False,False,False,False,False,False,False,False,False,False,False,False
801170,交通运输,18,2160004812,中国公路物流运价指数:呼和浩特-石家庄:周环比,Transportation Route Index: Hohhot-Shijiazhuang: WoW,周,%,当期环比,中国大陆,中国,中国公路物流运价指数,getEcoDataIndTraffictransport,2013-01-02,2026-08-05,1,151.0,2160004812,中国公路物流运价指数:呼和浩特-石家庄:周环比,Transportation Route Index: Hohhot-Shijiazhuang: WoW,S160004812,S070000107,0,周,%,当期环比,2.0,中国大陆,中国,,不重要,中国公路物流运价指数,,2996,getEcoDataIndTraffictransport,2013-01-02,2026-08-05,1,EcoInfoProGet,2026-08-13T01:09:36.711019+00:00,中国公路物流运价指数:呼和浩特-石家庄:周环比,中国公路物流运价指数:呼和浩特-石家庄:周环比,False,Transportation Route Index: Hohhot-Shijiazhuang: WoW,Transportation Route Index: Hohhot-Shijiazhuang: WoW,False,周,周,False,%,%,False,当期环比,当期环比,False,中国大陆,中国大陆,False,中国,中国,False,中国公路物流运价指数,中国公路物流运价指数,False,getEcoDataIndTraffictransport,getEcoDataIndTraffictransport,False,2013-01-02,2013-01-02,False,2026-08-05,2026-08-05,False,1,1,False,True,False,中国公路物流运价指数:呼和浩特-石家庄:周环比,Transportation Route Index: Hohhot-Shijiazhuang: WoW,周,%,当期环比,中国大陆,中国,中国公路物流运价指数,getEcoDataIndTraffictransport,2013-01-02,2026-08-05,1,False,False,False,False,False,False,False,False,False,False,False,False,False
801170,交通运输,19,2160005438,中国公路物流运价指数:拉萨-呼和浩特:周环比,Transportation Route Index: Lhasa-Hohhot: WoW,周,%,当期环比,中国大陆,中国,中国公路物流运价指数,getEcoDataIndTraffictransport,2013-01-02,2026-08-05,1,151.0,2160005438,中国公路物流运价指数:拉萨-呼和浩特:周环比,Transportation Route Index: Lhasa-Hohhot: WoW,S160005438,S070000107,0,周,%,当期环比,2.0,中国大陆,中国,,不重要,中国公路物流运价指数,,2996,getEcoDataIndTraffictransport,2013-01-02,2026-08-05,1,EcoInfoProGet,2026-08-13T01:09:36.711019+00:00,中国公路物流运价指数:拉萨-呼和浩特:周环比,中国公路物流运价指数:拉萨-呼和浩特:周环比,False,Transportation Route Index: Lhasa-Hohhot: WoW,Transportation Route Index: Lhasa-Hohhot: WoW,False,周,周,False,%,%,False,当期环比,当期环比,False,中国大陆,中国大陆,False,中国,中国,False,中国公路物流运价指数,中国公路物流运价指数,False,getEcoDataIndTraffictransport,getEcoDataIndTraffictransport,False,2013-01-02,2013-01-02,False,2026-08-05,2026-08-05,False,1,1,False,True,False,中国公路物流运价指数:拉萨-呼和浩特:周环比,Transportation Route Index: Lhasa-Hohhot: WoW,周,%,当期环比,中国大陆,中国,中国公路物流运价指数,getEcoDataIndTraffictransport,2013-01-02,2026-08-05,1,False,False,False,False,False,False,False,False,False,False,False,False,False
801170,交通运输,20,2160005442,中国公路物流运价指数:拉萨-石家庄:周环比,Transportation Route Index: Lhasa-Shijiazhuang: WoW,周,%,当期环比,中国大陆,中国,中国公路物流运价指数,getEcoDataIndTraffictransport,2013-01-02,2026-08-05,1,151.0,2160005442,中国公路物流运价指数:拉萨-石家庄:周环比,Transportation Route Index: Lhasa-Shijiazhuang: WoW,S160005442,S070000107,0,周,%,当期环比,2.0,中国大陆,中国,,不重要,中国公路物流运价指数,,2996,getEcoDataIndTraffictransport,2013-01-02,2026-08-05,1,EcoInfoProGet,2026-08-13T01:09:36.711019+00:00,中国公路物流运价指数:拉萨-石家庄:周环比,中国公路物流运价指数:拉萨-石家庄:周环比,False,Transportation Route Index: Lhasa-Shijiazhuang: WoW,Transportation Route Index: Lhasa-Shijiazhuang: WoW,False,周,周,False,%,%,False,当期环比,当期环比,False,中国大陆,中国大陆,False,中国,中国,False,中国公路物流运价指数,中国公路物流运价指数,False,getEcoDataIndTraffictransport,getEcoDataIndTraffictransport,False,2013-01-02,2013-01-02,False,2026-08-05,2026-08-05,False,1,1,False,True,False,中国公路物流运价指数:拉萨-石家庄:周环比,Transportation Route Index: Lhasa-Shijiazhuang: WoW,周,%,当期环比,中国大陆,中国,中国公路物流运价指数,getEcoDataIndTraffictransport,2013-01-02,2026-08-05,1,False,False,False,False,False,False,False,False,False,False,False,False,False
801170,交通运输,21,2160004314,中国公路物流运价指数:珠三角:周环比,Logistics Area Index: Pearl River Delta: WoW,周,%,当期环比,中国大陆,中国,中国公路物流运价指数,getEcoDataIndTraffictransport,2013-01-02,2026-08-05,1,151.0,2160004314,中国公路物流运价指数:珠三角:周环比,Logistics Area Index: Pearl River Delta: WoW,S160004314,S070000107,0,周,%,当期环比,2.0,中国大陆,中国,,不重要,中国公路物流运价指数,,2996,getEcoDataIndTraffictransport,2013-01-02,2026-08-05,1,EcoInfoProGet,2026-08-13T01:09:36.711019+00:00,中国公路物流运价指数:珠三角:周环比,中国公路物流运价指数:珠三角:周环比,False,Logistics Area Index: Pearl River Delta: WoW,Logistics Area Index: Pearl River Delta: WoW,False,周,周,False,%,%,False,当期环比,当期环比,False,中国大陆,中国大陆,False,中国,中国,False,中国公路物流运价指数,中国公路物流运价指数,False,getEcoDataIndTraffictransport,getEcoDataIndTraffictransport,False,2013-01-02,2013-01-02,False,2026-08-05,2026-08-05,False,1,1,False,True,False,中国公路物流运价指数:珠三角:周环比,Logistics Area Index: Pearl River Delta: WoW,周,%,当期环比,中国大陆,中国,中国公路物流运价指数,getEcoDataIndTraffictransport,2013-01-02,2026-08-05,1,False,False,False,False,False,False,False,False,False,False,False,False,False
801170,交通运输,22,2160004957,中国公路物流运价指数:石家庄-呼和浩特:周环比,Transportation Route Index: Shijiazhuang-Hohhot: WoW,周,%,当期环比,中国大陆,中国,中国公路物流运价指数,getEcoDataIndTraffictransport,2013-01-02,2026-08-05,1,151.0,2160004957,中国公路物流运价指数:石家庄-呼和浩特:周环比,Transportation Route Index: Shijiazhuang-Hohhot: WoW,S160004957,S070000107,0,周,%,当期环比,2.0,中国大陆,中国,,不重要,中国公路物流运价指数,,2996,getEcoDataIndTraffictransport,2013-01-02,2026-08-05,1,EcoInfoProGet,2026-08-13T01:09:36.711019+00:00,中国公路物流运价指数:石家庄-呼和浩特:周环比,中国公路物流运价指数:石家庄-呼和浩特:周环比,False,Transportation Route Index: Shijiazhuang-Hohhot: WoW,Transportation Route Index: Shijiazhuang-Hohhot: WoW,False,周,周,False,%,%,False,当期环比,当期环比,False,中国大陆,中国大陆,False,中国,中国,False,中国公路物流运价指数,中国公路物流运价指数,False,getEcoDataIndTraffictransport,getEcoDataIndTraffictransport,False,2013-01-02,2013-01-02,False,2026-08-05,2026-08-05,False,1,1,False,True,False,中国公路物流运价指数:石家庄-呼和浩特:周环比,Transportation Route Index: Shijiazhuang-Hohhot: WoW,周,%,当期环比,中国大陆,中国,中国公路物流运价指数,getEcoDataIndTraffictransport,2013-01-02,2026-08-05,1,False,False,False,False,False,False,False,False,False,False,False,False,False
801170,交通运输,23,2160004973,中国公路物流运价指数:石家庄-拉萨:周环比,Transportation Route Index: Shijiazhuang-Lhasa: WoW,周,%,当期环比,中国大陆,中国,中国公路物流运价指数,getEcoDataIndTraffictransport,2013-01-02,2026-08-05,1,151.0,2160004973,中国公路物流运价指数:石家庄-拉萨:周环比,Transportation Route Index: Shijiazhuang-Lhasa: WoW,S160004973,S070000107,0,周,%,当期环比,2.0,中国大陆,中国,,不重要,中国公路物流运价指数,,2996,getEcoDataIndTraffictransport,2013-01-02,2026-08-05,1,EcoInfoProGet,2026-08-13T01:09:36.711019+00:00,中国公路物流运价指数:石家庄-拉萨:周环比,中国公路物流运价指数:石家庄-拉萨:周环比,False,Transportation Route Index: Shijiazhuang-Lhasa: WoW,Transportation Route Index: Shijiazhuang-Lhasa: WoW,False,周,周,False,%,%,False,当期环比,当期环比,False,中国大陆,中国大陆,False,中国,中国,False,中国公路物流运价指数,中国公路物流运价指数,False,getEcoDataIndTraffictransport,getEcoDataIndTraffictransport,False,2013-01-02,2013-01-02,False,2026-08-05,2026-08-05,False,1,1,False,True,False,中国公路物流运价指数:石家庄-拉萨:周环比,Transportation Route Index: Shijiazhuang-Lhasa: WoW,周,%,当期环比,中国大陆,中国,中国公路物流运价指数,getEcoDataIndTraffictransport,2013-01-02,2026-08-05,1,False,False,False,False,False,False,False,False,False,False,False,False,False
801170,交通运输,24,2160004311,中国公路物流运价指数:西北:周环比,Logistics Area Index: Northwest China: WoW,周,%,当期环比,中国大陆,中国,中国公路物流运价指数,getEcoDataIndTraffictransport,2013-01-02,2026-08-05,1,151.0,2160004311,中国公路物流运价指数:西北:周环比,Logistics Area Index: Northwest China: WoW,S160004311,S070000107,0,周,%,当期环比,2.0,中国大陆,中国,,不重要,中国公路物流运价指数,,2996,getEcoDataIndTraffictransport,2013-01-02,2026-08-05,1,EcoInfoProGet,2026-08-13T01:09:36.711019+00:00,中国公路物流运价指数:西北:周环比,中国公路物流运价指数:西北:周环比,False,Logistics Area Index: Northwest China: WoW,Logistics Area Index: Northwest China: WoW,False,周,周,False,%,%,False,当期环比,当期环比,False,中国大陆,中国大陆,False,中国,中国,False,中国公路物流运价指数,中国公路物流运价指数,False,getEcoDataIndTraffictransport,getEcoDataIndTraffictransport,False,2013-01-02,2013-01-02,False,2026-08-05,2026-08-05,False,1,1,False,True,False,中国公路物流运价指数:西北:周环比,Logistics Area Index: Northwest China: WoW,周,%,当期环比,中国大陆,中国,中国公路物流运价指数,getEcoDataIndTraffictransport,2013-01-02,2026-08-05,1,False,False,False,False,False,False,False,False,False,False,False,False,False
801170,交通运输,25,2160004312,中国公路物流运价指数:西南:周环比,Logistics Area Index: Southwest China: WoW,周,%,当期环比,中国大陆,中国,中国公路物流运价指数,getEcoDataIndTraffictransport,2013-01-02,2026-08-05,1,151.0,2160004312,中国公路物流运价指数:西南:周环比,Logistics Area Index: Southwest China: WoW,S160004312,S070000107,0,周,%,当期环比,2.0,中国大陆,中国,,不重要,中国公路物流运价指数,,2996,getEcoDataIndTraffictransport,2013-01-02,2026-08-05,1,EcoInfoProGet,2026-08-13T01:09:36.711019+00:00,中国公路物流运价指数:西南:周环比,中国公路物流运价指数:西南:周环比,False,Logistics Area Index: Southwest China: WoW,Logistics Area Index: Southwest China: WoW,False,周,周,False,%,%,False,当期环比,当期环比,False,中国大陆,中国大陆,False,中国,中国,False,中国公路物流运价指数,中国公路物流运价指数,False,getEcoDataIndTraffictransport,getEcoDataIndTraffictransport,False,2013-01-02,2013-01-02,False,2026-08-05,2026-08-05,False,1,1,False,True,False,中国公路物流运价指数:西南:周环比,Logistics Area Index: Southwest China: WoW,周,%,当期环比,中国大陆,中国,中国公路物流运价指数,getEcoDataIndTraffictransport,2013-01-02,2026-08-05,1,False,False,False,False,False,False,False,False,False,False,False,False,False
801170,交通运输,26,2160004309,中国公路物流运价指数:长三角:周环比,Logistics Area Index: Yangtze River Delta: WoW,周,%,当期环比,中国大陆,中国,中国公路物流运价指数,getEcoDataIndTraffictransport,2013-01-02,2026-08-05,1,151.0,2160004309,中国公路物流运价指数:长三角:周环比,Logistics Area Index: Yangtze River Delta: WoW,S160004309,S070000107,0,周,%,当期环比,2.0,中国大陆,中国,,不重要,中国公路物流运价指数,,2996,getEcoDataIndTraffictransport,2013-01-02,2026-08-05,1,EcoInfoProGet,2026-08-13T01:09:36.711019+00:00,中国公路物流运价指数:长三角:周环比,中国公路物流运价指数:长三角:周环比,False,Logistics Area Index: Yangtze River Delta: WoW,Logistics Area Index: Yangtze River Delta: WoW,False,周,周,False,%,%,False,当期环比,当期环比,False,中国大陆,中国大陆,False,中国,中国,False,中国公路物流运价指数,中国公路物流运价指数,False,getEcoDataIndTraffictransport,getEcoDataIndTraffictransport,False,2013-01-02,2013-01-02,False,2026-08-05,2026-08-05,False,1,1,False,True,False,中国公路物流运价指数:长三角:周环比,Logistics Area Index: Yangtze River Delta: WoW,周,%,当期环比,中国大陆,中国,中国公路物流运价指数,getEcoDataIndTraffictransport,2013-01-02,2026-08-05,1,False,False,False,False,False,False,False,False,False,False,False,False,False
801170,交通运输,27,2160606442,北方国际煤运价指数(TBCI),Tianjin Bulk Coal Freight Index (TBCI),日,点,当期值,全国,中国,天津国际贸易与航运服务中心,getEcoDataIndTraffictransport,2014-08-28,2026-08-07,1,150.0,2160606442,北方国际煤运价指数(TBCI),Tianjin Bulk Coal Freight Index (TBCI),S160606442,S160000070,0,日,点,当期值,2.0,全国,中国,,不重要,天津国际贸易与航运服务中心,,2996,getEcoDataIndTraffictransport,2014-08-28,2026-08-12,1,EcoInfoProGet,2026-08-13T01:09:36.711019+00:00,北方国际煤运价指数(TBCI),北方国际煤运价指数(TBCI),False,Tianjin Bulk Coal Freight Index (TBCI),Tianjin Bulk Coal Freight Index (TBCI),False,日,日,False,点,点,False,当期值,当期值,False,全国,全国,False,中国,中国,False,天津国际贸易与航运服务中心,天津国际贸易与航运服务中心,False,getEcoDataIndTraffictransport,getEcoDataIndTraffictransport,False,2014-08-28,2014-08-28,False,2026-08-07,2026-08-12,True,1,1,False,True,True,北方国际煤运价指数(TBCI),Tianjin Bulk Coal Freight Index (TBCI),日,点,当期值,全国,中国,天津国际贸易与航运服务中心,getEcoDataIndTraffictransport,2014-08-28,2026-08-11,1,False,False,False,False,False,False,False,False,False,False,True,False,True
801170,交通运输,28,2160606445,北方国际粮食运价指数(TBGI),Tianjin Bulk Grain Freight Index (TBGI),日,点,当期值,全国,中国,天津国际贸易与航运服务中心,getEcoDataIndTraffictransport,2014-08-28,2026-08-07,1,150.0,2160606445,北方国际粮食运价指数(TBGI),Tianjin Bulk Grain Freight Index (TBGI),S160606445,S160000070,0,日,点,当期值,2.0,全国,中国,,不重要,天津国际贸易与航运服务中心,,2996,getEcoDataIndTraffictransport,2014-08-28,2026-08-12,1,EcoInfoProGet,2026-08-13T01:09:36.711019+00:00,北方国际粮食运价指数(TBGI),北方国际粮食运价指数(TBGI),False,Tianjin Bulk Grain Freight Index (TBGI),Tianjin Bulk Grain Freight Index (TBGI),False,日,日,False,点,点,False,当期值,当期值,False,全国,全国,False,中国,中国,False,天津国际贸易与航运服务中心,天津国际贸易与航运服务中心,False,getEcoDataIndTraffictransport,getEcoDataIndTraffictransport,False,2014-08-28,2014-08-28,False,2026-08-07,2026-08-12,True,1,1,False,True,True,北方国际粮食运价指数(TBGI),Tianjin Bulk Grain Freight Index (TBGI),日,点,当期值,全国,中国,天津国际贸易与航运服务中心,getEcoDataIndTraffictransport,2014-08-28,2026-08-11,1,False,False,False,False,False,False,False,False,False,False,True,False,True
801170,交通运输,29,2160606447,北方国际粮食运价指数(TBGI):南美东岸(桑托斯)-天津(大豆),Tianjin Bulk Grain Freight Index (TBGI): Santos (East Coast of South America)-Tianjin (China) (Soybean),日,点,当期值,全国,中国,天津国际贸易与航运服务中心,getEcoDataIndTraffictransport,2016-02-05,2026-08-07,1,150.0,2160606447,北方国际粮食运价指数(TBGI):南美东岸(桑托斯)-天津(大豆),Tianjin Bulk Grain Freight Index (TBGI): Santos (East Coast of South America)-Tianjin (China) (Soybean),S160606447,S160000070,0,日,点,当期值,2.0,全国,中国,,不重要,天津国际贸易与航运服务中心,,2996,getEcoDataIndTraffictransport,2016-02-05,2026-08-12,1,EcoInfoProGet,2026-08-13T01:09:36.711019+00:00,北方国际粮食运价指数(TBGI):南美东岸(桑托斯)-天津(大豆),北方国际粮食运价指数(TBGI):南美东岸(桑托斯)-天津(大豆),False,Tianjin Bulk Grain Freight Index (TBGI): Santos (East Coast of South America)-Tianjin (China) (Soybean),Tianjin Bulk Grain Freight Index (TBGI): Santos (East Coast of South America)-Tianjin (China) (Soybean),False,日,日,False,点,点,False,当期值,当期值,False,全国,全国,False,中国,中国,False,天津国际贸易与航运服务中心,天津国际贸易与航运服务中心,False,getEcoDataIndTraffictransport,getEcoDataIndTraffictransport,False,2016-02-05,2016-02-05,False,2026-08-07,2026-08-12,True,1,1,False,True,True,北方国际粮食运价指数(TBGI):南美东岸(桑托斯)-天津(大豆),Tianjin Bulk Grain Freight Index (TBGI): Santos (East Coast of South America)-Tianjin (China) (Soybean),日,点,当期值,全国,中国,天津国际贸易与航运服务中心,getEcoDataIndTraffictransport,2016-02-05,2026-08-11,1,False,False,False,False,False,False,False,False,False,False,True,False,True
801170,交通运输,30,2160606446,北方国际粮食运价指数(TBGI):美湾-天津(大豆),Tianjin Bulk Grain Freight Index (TBGI): US Gulf-Tianjin (China) (Soybean),日,点,当期值,全国,中国,天津国际贸易与航运服务中心,getEcoDataIndTraffictransport,2014-08-28,2026-08-07,1,150.0,2160606446,北方国际粮食运价指数(TBGI):美湾-天津(大豆),Tianjin Bulk Grain Freight Index (TBGI): US Gulf-Tianjin (China) (Soybean),S160606446,S160000070,0,日,点,当期值,2.0,全国,中国,,不重要,天津国际贸易与航运服务中心,,2996,getEcoDataIndTraffictransport,2014-08-28,2026-08-12,1,EcoInfoProGet,2026-08-13T01:09:36.711019+00:00,北方国际粮食运价指数(TBGI):美湾-天津(大豆),北方国际粮食运价指数(TBGI):美湾-天津(大豆),False,Tianjin Bulk Grain Freight Index (TBGI): US Gulf-Tianjin (China) (Soybean),Tianjin Bulk Grain Freight Index (TBGI): US Gulf-Tianjin (China) (Soybean),False,日,日,False,点,点,False,当期值,当期值,False,全国,全国,False,中国,中国,False,天津国际贸易与航运服务中心,天津国际贸易与航运服务中心,False,getEcoDataIndTraffictransport,getEcoDataIndTraffictransport,False,2014-08-28,2014-08-28,False,2026-08-07,2026-08-12,True,1,1,False,True,True,北方国际粮食运价指数(TBGI):美湾-天津(大豆),Tianjin Bulk Grain Freight Index (TBGI): US Gulf-Tianjin (China) (Soybean),日,点,当期值,全国,中国,天津国际贸易与航运服务中心,getEcoDataIndTraffictransport,2014-08-28,2026-08-11,1,False,False,False,False,False,False,False,False,False,False,True,False,True
801180,房地产,1,2170742175,商品房竣工面积:住宅:当月同比,Floor Area Completed of Commodity Housing: Household: Month YoY,月,%,当期同比,全国,中国,国家统计局,getEcoDataIndRealestate,1999-08-31,2026-06-30,1,155.0,2170742175,商品房竣工面积:住宅:当月同比,Floor Area Completed of Commodity Housing: Household: Month YoY,S170742175,S170001936,0,月,%,当期同比,2.0,全国,中国,,不重要,国家统计局,"通过计算得到,仅供参考",2993,getEcoDataIndRealestate,1999-08-31,2026-06-30,1,EcoInfoProGet,2026-08-13T01:09:36.711019+00:00,商品房竣工面积:住宅:当月同比,商品房竣工面积:住宅:当月同比,False,Floor Area Completed of Commodity Housing: Household: Month YoY,Floor Area Completed of Commodity Housing: Household: Month YoY,False,月,月,False,%,%,False,当期同比,当期同比,False,全国,全国,False,中国,中国,False,国家统计局,国家统计局,False,getEcoDataIndRealestate,getEcoDataIndRealestate,False,1999-08-31,1999-08-31,False,2026-06-30,2026-06-30,False,1,1,False,True,False,商品房竣工面积:住宅:当月同比,Floor Area Completed of Commodity Housing: Household: Month YoY,月,%,当期同比,全国,中国,国家统计局,getEcoDataIndRealestate,1999-08-31,2026-06-30,1,False,False,False,False,False,False,False,False,False,False,False,False,False
801180,房地产,2,2170742191,商品房销售面积:住宅:当月同比,Sales Area of Commercial Housing: Residential: Current Value (Month): YoY,月,%,当期同比,全国,中国,国家统计局,getEcoDataIndRealestate,1999-08-31,2026-06-30,1,155.0,2170742191,商品房销售面积:住宅:当月同比,Sales Area of Commercial Housing: Residential: Current Value (Month): YoY,S170742191,S170001990,0,月,%,当期同比,2.0,全国,中国,,不重要,国家统计局,,2993,getEcoDataIndRealestate,1999-08-31,2026-06-30,1,EcoInfoProGet,2026-08-13T01:09:36.711019+00:00,商品房销售面积:住宅:当月同比,商品房销售面积:住宅:当月同比,False,Sales Area of Commercial Housing: Residential: Current Value (Month): YoY,Sales Area of Commercial Housing: Residential: Current Value (Month): YoY,False,月,月,False,%,%,False,当期同比,当期同比,False,全国,全国,False,中国,中国,False,国家统计局,国家统计局,False,getEcoDataIndRealestate,getEcoDataIndRealestate,False,1999-08-31,1999-08-31,False,2026-06-30,2026-06-30,False,1,1,False,True,False,商品房销售面积:住宅:当月同比,Sales Area of Commercial Housing: Residential: Current Value (Month): YoY,月,%,当期同比,全国,中国,国家统计局,getEcoDataIndRealestate,1999-08-31,2026-06-30,1,False,False,False,False,False,False,False,False,False,False,False,False,False
801180,房地产,3,2170925026,房地产开发投资:住宅:东部地区:当月同比,Real Estate Investment: Residential: East Area: Month YoY,月,%,当期同比,全国,中国,国家统计局,getEcoDataIndRealestate,2004-03-31,2026-06-30,1,155.0,2170925026,房地产开发投资:住宅:东部地区:当月同比,Real Estate Investment: Residential: East Area: Month YoY,S170925026,S170001936,0,月,%,当期同比,2.0,全国,中国,,不重要,国家统计局,,2993,getEcoDataIndRealestate,2004-03-31,2026-06-30,1,EcoInfoProGet,2026-08-13T01:09:36.711019+00:00,房地产开发投资:住宅:东部地区:当月同比,房地产开发投资:住宅:东部地区:当月同比,False,Real Estate Investment: Residential: East Area: Month YoY,Real Estate Investment: Residential: East Area: Month YoY,False,月,月,False,%,%,False,当期同比,当期同比,False,全国,全国,False,中国,中国,False,国家统计局,国家统计局,False,getEcoDataIndRealestate,getEcoDataIndRealestate,False,2004-03-31,2004-03-31,False,2026-06-30,2026-06-30,False,1,1,False,True,False,房地产开发投资:住宅:东部地区:当月同比,Real Estate Investment: Residential: East Area: Month YoY,月,%,当期同比,全国,中国,国家统计局,getEcoDataIndRealestate,2004-03-31,2026-06-30,1,False,False,False,False,False,False,False,False,False,False,False,False,False
801180,房地产,4,2170925022,房地产开发投资:住宅:中部地区:当月同比,Real Estate Investment: Residential: Central Area: Month YoY,月,%,当期同比,全国,中国,国家统计局,getEcoDataIndRealestate,2004-03-31,2026-06-30,1,155.0,2170925022,房地产开发投资:住宅:中部地区:当月同比,Real Estate Investment: Residential: Central Area: Month YoY,S170925022,S170001936,0,月,%,当期同比,2.0,全国,中国,,不重要,国家统计局,,2993,getEcoDataIndRealestate,2004-03-31,2026-06-30,1,EcoInfoProGet,2026-08-13T01:09:36.711019+00:00,房地产开发投资:住宅:中部地区:当月同比,房地产开发投资:住宅:中部地区:当月同比,False,Real Estate Investment: Residential: Central Area: Month YoY,Real Estate Investment: Residential: Central Area: Month YoY,False,月,月,False,%,%,False,当期同比,当期同比,False,全国,全国,False,中国,中国,False,国家统计局,国家统计局,False,getEcoDataIndRealestate,getEcoDataIndRealestate,False,2004-03-31,2004-03-31,False,2026-06-30,2026-06-30,False,1,1,False,True,False,房地产开发投资:住宅:中部地区:当月同比,Real Estate Investment: Residential: Central Area: Month YoY,月,%,当期同比,全国,中国,国家统计局,getEcoDataIndRealestate,2004-03-31,2026-06-30,1,False,False,False,False,False,False,False,False,False,False,False,False,False
801180,房地产,5,2170742151,房地产开发投资:住宅:当月同比,Real Estate Development Investment: Residential: Month YoY,月,%,当期同比,全国,中国,国家统计局,getEcoDataIndRealestate,1999-03-31,2026-06-30,1,155.0,2170742151,房地产开发投资:住宅:当月同比,Real Estate Development Investment: Residential: Month YoY,S170742151,S170001936,0,月,%,当期同比,2.0,全国,中国,,不重要,国家统计局,"通过计算得到,仅供参考",2993,getEcoDataIndRealestate,1999-03-31,2026-06-30,1,EcoInfoProGet,2026-08-13T01:09:36.711019+00:00,房地产开发投资:住宅:当月同比,房地产开发投资:住宅:当月同比,False,Real Estate Development Investment: Residential: Month YoY,Real Estate Development Investment: Residential: Month YoY,False,月,月,False,%,%,False,当期同比,当期同比,False,全国,全国,False,中国,中国,False,国家统计局,国家统计局,False,getEcoDataIndRealestate,getEcoDataIndRealestate,False,1999-03-31,1999-03-31,False,2026-06-30,2026-06-30,False,1,1,False,True,False,房地产开发投资:住宅:当月同比,Real Estate Development Investment: Residential: Month YoY,月,%,当期同比,全国,中国,国家统计局,getEcoDataIndRealestate,1999-03-31,2026-06-30,1,False,False,False,False,False,False,False,False,False,False,False,False,False
801180,房地产,6,2170925024,房地产开发投资:住宅:西部地区:当月同比,Real Estate Investment: Residential: Western Area: Month YoY,月,%,当期同比,全国,中国,国家统计局,getEcoDataIndRealestate,2004-03-31,2026-06-30,1,155.0,2170925024,房地产开发投资:住宅:西部地区:当月同比,Real Estate Investment: Residential: Western Area: Month YoY,S170925024,S170001936,0,月,%,当期同比,2.0,全国,中国,,不重要,国家统计局,,2993,getEcoDataIndRealestate,2004-03-31,2026-06-30,1,EcoInfoProGet,2026-08-13T01:09:36.711019+00:00,房地产开发投资:住宅:西部地区:当月同比,房地产开发投资:住宅:西部地区:当月同比,False,Real Estate Investment: Residential: Western Area: Month YoY,Real Estate Investment: Residential: Western Area: Month YoY,False,月,月,False,%,%,False,当期同比,当期同比,False,全国,全国,False,中国,中国,False,国家统计局,国家统计局,False,getEcoDataIndRealestate,getEcoDataIndRealestate,False,2004-03-31,2004-03-31,False,2026-06-30,2026-06-30,False,1,1,False,True,False,房地产开发投资:住宅:西部地区:当月同比,Real Estate Investment: Residential: Western Area: Month YoY,月,%,当期同比,全国,中国,国家统计局,getEcoDataIndRealestate,2004-03-31,2026-06-30,1,False,False,False,False,False,False,False,False,False,False,False,False,False
801180,房地产,7,2170742161,商品房新开工面积:办公楼:当月同比,Newly-built Area of Commercial Housing: Office Building: Month YoY,月,%,当期同比,全国,中国,国家统计局,getEcoDataIndRealestate,2000-03-31,2026-06-30,1,153.0,2170742161,商品房新开工面积:办公楼:当月同比,Newly-built Area of Commercial Housing: Office Building: Month YoY,S170742161,S170001936,0,月,%,当期同比,2.0,全国,中国,,不重要,国家统计局,"通过计算得到,仅供参考",2993,getEcoDataIndRealestate,2000-03-31,2026-06-30,1,EcoInfoProGet,2026-08-13T01:09:36.711019+00:00,商品房新开工面积:办公楼:当月同比,商品房新开工面积:办公楼:当月同比,False,Newly-built Area of Commercial Housing: Office Building: Month YoY,Newly-built Area of Commercial Housing: Office Building: Month YoY,False,月,月,False,%,%,False,当期同比,当期同比,False,全国,全国,False,中国,中国,False,国家统计局,国家统计局,False,getEcoDataIndRealestate,getEcoDataIndRealestate,False,2000-03-31,2000-03-31,False,2026-06-30,2026-06-30,False,1,1,False,True,False,商品房新开工面积:办公楼:当月同比,Newly-built Area of Commercial Housing: Office Building: Month YoY,月,%,当期同比,全国,中国,国家统计局,getEcoDataIndRealestate,2000-03-31,2026-06-30,1,False,False,False,False,False,False,False,False,False,False,False,False,False
801180,房地产,8,2170742163,商品房新开工面积:商业营业用房:当月同比,Newly-built Area of Commercial Housing: Housing for Business Operation: Month YoY,月,%,当期同比,全国,中国,国家统计局,getEcoDataIndRealestate,2000-03-31,2026-06-30,1,153.0,2170742163,商品房新开工面积:商业营业用房:当月同比,Newly-built Area of Commercial Housing: Housing for Business Operation: Month YoY,S170742163,S170001936,0,月,%,当期同比,2.0,全国,中国,,不重要,国家统计局,"通过计算得到,仅供参考",2993,getEcoDataIndRealestate,2000-03-31,2026-06-30,1,EcoInfoProGet,2026-08-13T01:09:36.711019+00:00,商品房新开工面积:商业营业用房:当月同比,商品房新开工面积:商业营业用房:当月同比,False,Newly-built Area of Commercial Housing: Housing for Business Operation: Month YoY,Newly-built Area of Commercial Housing: Housing for Business Operation: Month YoY,False,月,月,False,%,%,False,当期同比,当期同比,False,全国,全国,False,中国,中国,False,国家统计局,国家统计局,False,getEcoDataIndRealestate,getEcoDataIndRealestate,False,2000-03-31,2000-03-31,False,2026-06-30,2026-06-30,False,1,1,False,True,False,商品房新开工面积:商业营业用房:当月同比,Newly-built Area of Commercial Housing: Housing for Business Operation: Month YoY,月,%,当期同比,全国,中国,国家统计局,getEcoDataIndRealestate,2000-03-31,2026-06-30,1,False,False,False,False,False,False,False,False,False,False,False,False,False
801180,房地产,9,2170742159,商品房新开工面积:当月同比,Newly-built Area of Commercial Housing: Month YoY,月,%,当期同比,全国,中国,国家统计局,getEcoDataIndRealestate,2000-03-31,2026-06-30,1,153.0,2170742159,商品房新开工面积:当月同比,Newly-built Area of Commercial Housing: Month YoY,S170742159,S170001936,0,月,%,当期同比,2.0,全国,中国,,不重要,国家统计局,"通过计算得到,仅供参考",2993,getEcoDataIndRealestate,2000-03-31,2026-06-30,1,EcoInfoProGet,2026-08-13T01:09:36.711019+00:00,商品房新开工面积:当月同比,商品房新开工面积:当月同比,False,Newly-built Area of Commercial Housing: Month YoY,Newly-built Area of Commercial Housing: Month YoY,False,月,月,False,%,%,False,当期同比,当期同比,False,全国,全国,False,中国,中国,False,国家统计局,国家统计局,False,getEcoDataIndRealestate,getEcoDataIndRealestate,False,2000-03-31,2000-03-31,False,2026-06-30,2026-06-30,False,1,1,False,True,False,商品房新开工面积:当月同比,Newly-built Area of Commercial Housing: Month YoY,月,%,当期同比,全国,中国,国家统计局,getEcoDataIndRealestate,2000-03-31,2026-06-30,1,False,False,False,False,False,False,False,False,False,False,False,False,False
801180,房地产,10,2170742167,商品房施工面积:住宅:当月同比,Construction Area of Commodity Housing: Household: Month YoY,月,%,当期同比,全国,中国,国家统计局,getEcoDataIndRealestate,1999-08-31,2026-06-30,1,153.0,2170742167,商品房施工面积:住宅:当月同比,Construction Area of Commodity Housing: Household: Month YoY,S170742167,S170001936,0,月,%,当期同比,2.0,全国,中国,,不重要,国家统计局,"通过计算得到,仅供参考",2993,getEcoDataIndRealestate,1999-08-31,2026-06-30,1,EcoInfoProGet,2026-08-13T01:09:36.711019+00:00,商品房施工面积:住宅:当月同比,商品房施工面积:住宅:当月同比,False,Construction Area of Commodity Housing: Household: Month YoY,Construction Area of Commodity Housing: Household: Month YoY,False,月,月,False,%,%,False,当期同比,当期同比,False,全国,全国,False,中国,中国,False,国家统计局,国家统计局,False,getEcoDataIndRealestate,getEcoDataIndRealestate,False,1999-08-31,1999-08-31,False,2026-06-30,2026-06-30,False,1,1,False,True,False,商品房施工面积:住宅:当月同比,Construction Area of Commodity Housing: Household: Month YoY,月,%,当期同比,全国,中国,国家统计局,getEcoDataIndRealestate,1999-08-31,2026-06-30,1,False,False,False,False,False,False,False,False,False,False,False,False,False
801180,房地产,11,2170742177,商品房竣工面积:办公楼:当月同比,Floor Area Completed of Commodity Housing: Office Building: Month YoY,月,%,当期同比,全国,中国,国家统计局,getEcoDataIndRealestate,2000-03-31,2026-06-30,1,153.0,2170742177,商品房竣工面积:办公楼:当月同比,Floor Area Completed of Commodity Housing: Office Building: Month YoY,S170742177,S170001936,0,月,%,当期同比,2.0,全国,中国,,不重要,国家统计局,"通过计算得到,仅供参考",2993,getEcoDataIndRealestate,2000-03-31,2026-06-30,1,EcoInfoProGet,2026-08-13T01:09:36.711019+00:00,商品房竣工面积:办公楼:当月同比,商品房竣工面积:办公楼:当月同比,False,Floor Area Completed of Commodity Housing: Office Building: Month YoY,Floor Area Completed of Commodity Housing: Office Building: Month YoY,False,月,月,False,%,%,False,当期同比,当期同比,False,全国,全国,False,中国,中国,False,国家统计局,国家统计局,False,getEcoDataIndRealestate,getEcoDataIndRealestate,False,2000-03-31,2000-03-31,False,2026-06-30,2026-06-30,False,1,1,False,True,False,商品房竣工面积:办公楼:当月同比,Floor Area Completed of Commodity Housing: Office Building: Month YoY,月,%,当期同比,全国,中国,国家统计局,getEcoDataIndRealestate,2000-03-31,2026-06-30,1,False,False,False,False,False,False,False,False,False,False,False,False,False
801180,房地产,12,2170742179,商品房竣工面积:商业营业用房:当月同比,Floor Area Completed of Commodity Housing: Commercial Premises: Month YoY,月,%,当期同比,全国,中国,国家统计局,getEcoDataIndRealestate,2000-03-31,2026-06-30,1,153.0,2170742179,商品房竣工面积:商业营业用房:当月同比,Floor Area Completed of Commodity Housing: Commercial Premises: Month YoY,S170742179,S170001936,0,月,%,当期同比,2.0,全国,中国,,不重要,国家统计局,"通过计算得到,仅供参考",2993,getEcoDataIndRealestate,2000-03-31,2026-06-30,1,EcoInfoProGet,2026-08-13T01:09:36.711019+00:00,商品房竣工面积:商业营业用房:当月同比,商品房竣工面积:商业营业用房:当月同比,False,Floor Area Completed of Commodity Housing: Commercial Premises: Month YoY,Floor Area Completed of Commodity Housing: Commercial Premises: Month YoY,False,月,月,False,%,%,False,当期同比,当期同比,False,全国,全国,False,中国,中国,False,国家统计局,国家统计局,False,getEcoDataIndRealestate,getEcoDataIndRealestate,False,2000-03-31,2000-03-31,False,2026-06-30,2026-06-30,False,1,1,False,True,False,商品房竣工面积:商业营业用房:当月同比,Floor Area Completed of Commodity Housing: Commercial Premises: Month YoY,月,%,当期同比,全国,中国,国家统计局,getEcoDataIndRealestate,2000-03-31,2026-06-30,1,False,False,False,False,False,False,False,False,False,False,False,False,False
801180,房地产,13,2170742173,商品房竣工面积:当月同比,Floor Area Completed of Commodity Housing: Month YoY,月,%,当期同比,全国,中国,国家统计局,getEcoDataIndRealestate,1999-08-31,2026-06-30,1,153.0,2170742173,商品房竣工面积:当月同比,Floor Area Completed of Commodity Housing: Month YoY,S170742173,S170001936,0,月,%,当期同比,2.0,全国,中国,,不重要,国家统计局,"通过计算得到,仅供参考",2993,getEcoDataIndRealestate,1999-08-31,2026-06-30,1,EcoInfoProGet,2026-08-13T01:09:36.711019+00:00,商品房竣工面积:当月同比,商品房竣工面积:当月同比,False,Floor Area Completed of Commodity Housing: Month YoY,Floor Area Completed of Commodity Housing: Month YoY,False,月,月,False,%,%,False,当期同比,当期同比,False,全国,全国,False,中国,中国,False,国家统计局,国家统计局,False,getEcoDataIndRealestate,getEcoDataIndRealestate,False,1999-08-31,1999-08-31,False,2026-06-30,2026-06-30,False,1,1,False,True,False,商品房竣工面积:当月同比,Floor Area Completed of Commodity Housing: Month YoY,月,%,当期同比,全国,中国,国家统计局,getEcoDataIndRealestate,1999-08-31,2026-06-30,1,False,False,False,False,False,False,False,False,False,False,False,False,False
801180,房地产,14,2170744841,商品房销售面积:东北地区:累计同比,Sales Area of Commercial Housing: Northeast Area: Cumulative YoY,月,%,累计同比,全国,中国,国家统计局,getEcoDataIndRealestate,2017-03-31,2026-06-30,1,153.0,2170744841,商品房销售面积:东北地区:累计同比,Sales Area of Commercial Housing: Northeast Area: Cumulative YoY,S170744841,S170001990,0,月,%,累计同比,2.0,全国,中国,,不重要,国家统计局,,2993,getEcoDataIndRealestate,2017-03-31,2026-06-30,1,EcoInfoProGet,2026-08-13T01:09:36.711019+00:00,商品房销售面积:东北地区:累计同比,商品房销售面积:东北地区:累计同比,False,Sales Area of Commercial Housing: Northeast Area: Cumulative YoY,Sales Area of Commercial Housing: Northeast Area: Cumulative YoY,False,月,月,False,%,%,False,累计同比,累计同比,False,全国,全国,False,中国,中国,False,国家统计局,国家统计局,False,getEcoDataIndRealestate,getEcoDataIndRealestate,False,2017-03-31,2017-03-31,False,2026-06-30,2026-06-30,False,1,1,False,True,False,商品房销售面积:东北地区:累计同比,Sales Area of Commercial Housing: Northeast Area: Cumulative YoY,月,%,累计同比,全国,中国,国家统计局,getEcoDataIndRealestate,2017-03-31,2026-06-30,1,False,False,False,False,False,False,False,False,False,False,False,False,False
801180,房地产,15,2170742189,商品房销售面积:办公楼:当月同比,Sales Area of Commercial Housing: Office Building: Current Value (Month): YoY,月,%,当期同比,全国,中国,国家统计局,getEcoDataIndRealestate,2000-03-31,2026-06-30,1,153.0,2170742189,商品房销售面积:办公楼:当月同比,Sales Area of Commercial Housing: Office Building: Current Value (Month): YoY,S170742189,S170001990,0,月,%,当期同比,2.0,全国,中国,,不重要,国家统计局,,2993,getEcoDataIndRealestate,2000-03-31,2026-06-30,1,EcoInfoProGet,2026-08-13T01:09:36.711019+00:00,商品房销售面积:办公楼:当月同比,商品房销售面积:办公楼:当月同比,False,Sales Area of Commercial Housing: Office Building: Current Value (Month): YoY,Sales Area of Commercial Housing: Office Building: Current Value (Month): YoY,False,月,月,False,%,%,False,当期同比,当期同比,False,全国,全国,False,中国,中国,False,国家统计局,国家统计局,False,getEcoDataIndRealestate,getEcoDataIndRealestate,False,2000-03-31,2000-03-31,False,2026-06-30,2026-06-30,False,1,1,False,True,False,商品房销售面积:办公楼:当月同比,Sales Area of Commercial Housing: Office Building: Current Value (Month): YoY,月,%,当期同比,全国,中国,国家统计局,getEcoDataIndRealestate,2000-03-31,2026-06-30,1,False,False,False,False,False,False,False,False,False,False,False,False,False
801180,房地产,16,2170742187,商品房销售面积:商业营业用房:当月同比,Sales Area of Commercial Housing: Commercial Premises: Current Value (Month): YoY,月,%,当期同比,全国,中国,国家统计局,getEcoDataIndRealestate,2000-03-31,2026-06-30,1,153.0,2170742187,商品房销售面积:商业营业用房:当月同比,Sales Area of Commercial Housing: Commercial Premises: Current Value (Month): YoY,S170742187,S170001990,0,月,%,当期同比,2.0,全国,中国,,不重要,国家统计局,,2993,getEcoDataIndRealestate,2000-03-31,2026-06-30,1,EcoInfoProGet,2026-08-13T01:09:36.711019+00:00,商品房销售面积:商业营业用房:当月同比,商品房销售面积:商业营业用房:当月同比,False,Sales Area of Commercial Housing: Commercial Premises: Current Value (Month): YoY,Sales Area of Commercial Housing: Commercial Premises: Current Value (Month): YoY,False,月,月,False,%,%,False,当期同比,当期同比,False,全国,全国,False,中国,中国,False,国家统计局,国家统计局,False,getEcoDataIndRealestate,getEcoDataIndRealestate,False,2000-03-31,2000-03-31,False,2026-06-30,2026-06-30,False,1,1,False,True,False,商品房销售面积:商业营业用房:当月同比,Sales Area of Commercial Housing: Commercial Premises: Current Value (Month): YoY,月,%,当期同比,全国,中国,国家统计局,getEcoDataIndRealestate,2000-03-31,2026-06-30,1,False,False,False,False,False,False,False,False,False,False,False,False,False
801180,房地产,17,2170742203,商品房销售面积:当月同比,Sales Area of Commercial Housing: Current Value (Month): YoY,月,%,当期同比,全国,中国,国家统计局,getEcoDataIndRealestate,1999-08-31,2026-06-30,1,153.0,2170742203,商品房销售面积:当月同比,Sales Area of Commercial Housing: Current Value (Month): YoY,S170742203,S170001990,0,月,%,当期同比,2.0,全国,中国,,不重要,国家统计局,2005年8月份以前的商品房销售面积和销售额为实际销售统计口径;2005年8月份以后的销售面积和销售额包括期房和现房。,2993,getEcoDataIndRealestate,1999-08-31,2026-06-30,1,EcoInfoProGet,2026-08-13T01:09:36.711019+00:00,商品房销售面积:当月同比,商品房销售面积:当月同比,False,Sales Area of Commercial Housing: Current Value (Month): YoY,Sales Area of Commercial Housing: Current Value (Month): YoY,False,月,月,False,%,%,False,当期同比,当期同比,False,全国,全国,False,中国,中国,False,国家统计局,国家统计局,False,getEcoDataIndRealestate,getEcoDataIndRealestate,False,1999-08-31,1999-08-31,False,2026-06-30,2026-06-30,False,1,1,False,True,False,商品房销售面积:当月同比,Sales Area of Commercial Housing: Current Value (Month): YoY,月,%,当期同比,全国,中国,国家统计局,getEcoDataIndRealestate,1999-08-31,2026-06-30,1,False,False,False,False,False,False,False,False,False,False,False,False,False
801180,房地产,18,2170002024,商品房销售额:住宅:累计同比,Sales of Commercial Housing: Residential: Cumulative YoY,月,%,累计同比,全国,中国,国家统计局,getEcoDataIndRealestate,1999-02-28,2026-06-30,1,153.0,2170002024,商品房销售额:住宅:累计同比,Sales of Commercial Housing: Residential: Cumulative YoY,S170002024,S170001990,0,月,%,累计同比,2.0,全国,中国,,不重要,国家统计局,,2993,getEcoDataIndRealestate,1999-02-28,2026-06-30,1,EcoInfoProGet,2026-08-13T01:09:36.711019+00:00,商品房销售额:住宅:累计同比,商品房销售额:住宅:累计同比,False,Sales of Commercial Housing: Residential: Cumulative YoY,Sales of Commercial Housing: Residential: Cumulative YoY,False,月,月,False,%,%,False,累计同比,累计同比,False,全国,全国,False,中国,中国,False,国家统计局,国家统计局,False,getEcoDataIndRealestate,getEcoDataIndRealestate,False,1999-02-28,1999-02-28,False,2026-06-30,2026-06-30,False,1,1,False,True,False,商品房销售额:住宅:累计同比,Sales of Commercial Housing: Residential: Cumulative YoY,月,%,累计同比,全国,中国,国家统计局,getEcoDataIndRealestate,1999-02-28,2026-06-30,1,False,False,False,False,False,False,False,False,False,False,False,False,False
801180,房地产,19,2170925032,房地产开发投资:东部地区:当月同比,Real Estate Investment: East Area: Month YoY,月,%,当期同比,全国,中国,国家统计局,getEcoDataIndRealestate,2004-03-31,2026-06-30,1,153.0,2170925032,房地产开发投资:东部地区:当月同比,Real Estate Investment: East Area: Month YoY,S170925032,S170001936,0,月,%,当期同比,2.0,全国,中国,,不重要,国家统计局,,2993,getEcoDataIndRealestate,2004-03-31,2026-06-30,1,EcoInfoProGet,2026-08-13T01:09:36.711019+00:00,房地产开发投资:东部地区:当月同比,房地产开发投资:东部地区:当月同比,False,Real Estate Investment: East Area: Month YoY,Real Estate Investment: East Area: Month YoY,False,月,月,False,%,%,False,当期同比,当期同比,False,全国,全国,False,中国,中国,False,国家统计局,国家统计局,False,getEcoDataIndRealestate,getEcoDataIndRealestate,False,2004-03-31,2004-03-31,False,2026-06-30,2026-06-30,False,1,1,False,True,False,房地产开发投资:东部地区:当月同比,Real Estate Investment: East Area: Month YoY,月,%,当期同比,全国,中国,国家统计局,getEcoDataIndRealestate,2004-03-31,2026-06-30,1,False,False,False,False,False,False,False,False,False,False,False,False,False
801180,房地产,20,2170925028,房地产开发投资:中部地区:当月同比,Real Estate Investment: Central Area: Month YoY,月,%,当期同比,全国,中国,国家统计局,getEcoDataIndRealestate,2004-03-31,2026-06-30,1,153.0,2170925028,房地产开发投资:中部地区:当月同比,Real Estate Investment: Central Area: Month YoY,S170925028,S170001936,0,月,%,当期同比,2.0,全国,中国,,不重要,国家统计局,,2993,getEcoDataIndRealestate,2004-03-31,2026-06-30,1,EcoInfoProGet,2026-08-13T01:09:36.711019+00:00,房地产开发投资:中部地区:当月同比,房地产开发投资:中部地区:当月同比,False,Real Estate Investment: Central Area: Month YoY,Real Estate Investment: Central Area: Month YoY,False,月,月,False,%,%,False,当期同比,当期同比,False,全国,全国,False,中国,中国,False,国家统计局,国家统计局,False,getEcoDataIndRealestate,getEcoDataIndRealestate,False,2004-03-31,2004-03-31,False,2026-06-30,2026-06-30,False,1,1,False,True,False,房地产开发投资:中部地区:当月同比,Real Estate Investment: Central Area: Month YoY,月,%,当期同比,全国,中国,国家统计局,getEcoDataIndRealestate,2004-03-31,2026-06-30,1,False,False,False,False,False,False,False,False,False,False,False,False,False
801180,房地产,21,2170742155,房地产开发投资:商业营业用房:当月同比,Real Estate Development Investment: Commercial Premises: Month YoY,月,%,当期同比,全国,中国,国家统计局,getEcoDataIndRealestate,1999-03-31,2026-06-30,1,153.0,2170742155,房地产开发投资:商业营业用房:当月同比,Real Estate Development Investment: Commercial Premises: Month YoY,S170742155,S170001936,0,月,%,当期同比,2.0,全国,中国,,不重要,国家统计局,"通过计算得到,仅供参考",2993,getEcoDataIndRealestate,1999-03-31,2026-06-30,1,EcoInfoProGet,2026-08-13T01:09:36.711019+00:00,房地产开发投资:商业营业用房:当月同比,房地产开发投资:商业营业用房:当月同比,False,Real Estate Development Investment: Commercial Premises: Month YoY,Real Estate Development Investment: Commercial Premises: Month YoY,False,月,月,False,%,%,False,当期同比,当期同比,False,全国,全国,False,中国,中国,False,国家统计局,国家统计局,False,getEcoDataIndRealestate,getEcoDataIndRealestate,False,1999-03-31,1999-03-31,False,2026-06-30,2026-06-30,False,1,1,False,True,False,房地产开发投资:商业营业用房:当月同比,Real Estate Development Investment: Commercial Premises: Month YoY,月,%,当期同比,全国,中国,国家统计局,getEcoDataIndRealestate,1999-03-31,2026-06-30,1,False,False,False,False,False,False,False,False,False,False,False,False,False
801180,房地产,22,2170742149,房地产开发投资:当月同比,Real Estate Development Investment: Month YoY,月,%,当期同比,全国,中国,国家统计局,getEcoDataIndRealestate,1995-03-31,2026-06-30,1,153.0,2170742149,房地产开发投资:当月同比,Real Estate Development Investment: Month YoY,S170742149,S170001936,0,月,%,当期同比,2.0,全国,中国,,不重要,国家统计局,"通过计算得到,仅供参考",2993,getEcoDataIndRealestate,1995-03-31,2026-06-30,1,EcoInfoProGet,2026-08-13T01:09:36.711019+00:00,房地产开发投资:当月同比,房地产开发投资:当月同比,False,Real Estate Development Investment: Month YoY,Real Estate Development Investment: Month YoY,False,月,月,False,%,%,False,当期同比,当期同比,False,全国,全国,False,中国,中国,False,国家统计局,国家统计局,False,getEcoDataIndRealestate,getEcoDataIndRealestate,False,1995-03-31,1995-03-31,False,2026-06-30,2026-06-30,False,1,1,False,True,False,房地产开发投资:当月同比,Real Estate Development Investment: Month YoY,月,%,当期同比,全国,中国,国家统计局,getEcoDataIndRealestate,1995-03-31,2026-06-30,1,False,False,False,False,False,False,False,False,False,False,False,False,False
801180,房地产,23,2170925030,房地产开发投资:西部地区:当月同比,Real Estate Investment: Western Area: Month YoY,月,%,当期同比,全国,中国,国家统计局,getEcoDataIndRealestate,2004-03-31,2026-06-30,1,153.0,2170925030,房地产开发投资:西部地区:当月同比,Real Estate Investment: Western Area: Month YoY,S170925030,S170001936,0,月,%,当期同比,2.0,全国,中国,,不重要,国家统计局,,2993,getEcoDataIndRealestate,2004-03-31,2026-06-30,1,EcoInfoProGet,2026-08-13T01:09:36.711019+00:00,房地产开发投资:西部地区:当月同比,房地产开发投资:西部地区:当月同比,False,Real Estate Investment: Western Area: Month YoY,Real Estate Investment: Western Area: Month YoY,False,月,月,False,%,%,False,当期同比,当期同比,False,全国,全国,False,中国,中国,False,国家统计局,国家统计局,False,getEcoDataIndRealestate,getEcoDataIndRealestate,False,2004-03-31,2004-03-31,False,2026-06-30,2026-06-30,False,1,1,False,True,False,房地产开发投资:西部地区:当月同比,Real Estate Investment: Western Area: Month YoY,月,%,当期同比,全国,中国,国家统计局,getEcoDataIndRealestate,2004-03-31,2026-06-30,1,False,False,False,False,False,False,False,False,False,False,False,False,False
801180,房地产,24,2170742153,房地产开发投资完成额:办公楼:当月同比,Real Estate Development Investment: Office Building: Month YoY,月,%,当期同比,全国,中国,国家统计局,getEcoDataIndRealestate,1999-03-31,2026-06-30,1,153.0,2170742153,房地产开发投资完成额:办公楼:当月同比,Real Estate Development Investment: Office Building: Month YoY,S170742153,S170001936,0,月,%,当期同比,2.0,全国,中国,,不重要,国家统计局,"通过计算得到,仅供参考",2993,getEcoDataIndRealestate,1999-03-31,2026-06-30,1,EcoInfoProGet,2026-08-13T01:09:36.711019+00:00,房地产开发投资完成额:办公楼:当月同比,房地产开发投资完成额:办公楼:当月同比,False,Real Estate Development Investment: Office Building: Month YoY,Real Estate Development Investment: Office Building: Month YoY,False,月,月,False,%,%,False,当期同比,当期同比,False,全国,全国,False,中国,中国,False,国家统计局,国家统计局,False,getEcoDataIndRealestate,getEcoDataIndRealestate,False,1999-03-31,1999-03-31,False,2026-06-30,2026-06-30,False,1,1,False,True,False,房地产开发投资完成额:办公楼:当月同比,Real Estate Development Investment: Office Building: Month YoY,月,%,当期同比,全国,中国,国家统计局,getEcoDataIndRealestate,1999-03-31,2026-06-30,1,False,False,False,False,False,False,False,False,False,False,False,False,False
801180,房地产,25,1050000035,房地产开发投资完成额:当月同比,Real Estate Development Investment Completed Amount: YoY,月,%,当期同比,全国,中国,Datayes!,getEcoDataChina,1992-03-31,2026-06-30,1,153.0,1050000035,房地产开发投资完成额:当月同比,Real Estate Development Investment Completed Amount: YoY,M050000035,M050000003,0,月,%,当期同比,2.0,全国,中国,,不重要,Datayes!,,2975,getEcoDataChina,1992-03-31,2026-06-30,1,EcoInfoProGet,2026-08-13T01:09:36.711019+00:00,房地产开发投资完成额:当月同比,房地产开发投资完成额:当月同比,False,Real Estate Development Investment Completed Amount: YoY,Real Estate Development Investment Completed Amount: YoY,False,月,月,False,%,%,False,当期同比,当期同比,False,全国,全国,False,中国,中国,False,Datayes!,Datayes!,False,getEcoDataChina,getEcoDataChina,False,1992-03-31,1992-03-31,False,2026-06-30,2026-06-30,False,1,1,False,True,False,房地产开发投资完成额:当月同比,Real Estate Development Investment Completed Amount: YoY,月,%,当期同比,全国,中国,Datayes!,getEcoDataChina,1992-03-31,2026-06-30,1,False,False,False,False,False,False,False,False,False,False,False,False,False
801180,房地产,26,2170915530,二手住宅价格指数:一线城市:当月同比,,月,上年同期=100,当期同比,全国,中国,国家统计局,getEcoDataIndRealestate,2006-01-31,2026-06-30,1,151.0,2170915530,二手住宅价格指数:一线城市:当月同比,,S170915530,S170000523,0,月,上年同期=100,当期同比,2.0,全国,中国,,不重要,国家统计局,,2993,getEcoDataIndRealestate,2006-01-31,2026-06-30,1,EcoInfoProGet,2026-08-13T01:09:36.711019+00:00,二手住宅价格指数:一线城市:当月同比,二手住宅价格指数:一线城市:当月同比,False,,,False,月,月,False,上年同期=100,上年同期=100,False,当期同比,当期同比,False,全国,全国,False,中国,中国,False,国家统计局,国家统计局,False,getEcoDataIndRealestate,getEcoDataIndRealestate,False,2006-01-31,2006-01-31,False,2026-06-30,2026-06-30,False,1,1,False,True,False,二手住宅价格指数:一线城市:当月同比,,月,上年同期=100,当期同比,全国,中国,国家统计局,getEcoDataIndRealestate,2006-01-31,2026-06-30,1,False,False,False,False,False,False,False,False,False,False,False,False,False
801180,房地产,27,2170915531,二手住宅价格指数:三线城市:当月同比,,月,上年同期=100,当期同比,全国,中国,国家统计局,getEcoDataIndRealestate,2006-01-31,2026-06-30,1,151.0,2170915531,二手住宅价格指数:三线城市:当月同比,,S170915531,S170000523,0,月,上年同期=100,当期同比,2.0,全国,中国,,不重要,国家统计局,,2993,getEcoDataIndRealestate,2006-01-31,2026-06-30,1,EcoInfoProGet,2026-08-13T01:09:36.711019+00:00,二手住宅价格指数:三线城市:当月同比,二手住宅价格指数:三线城市:当月同比,False,,,False,月,月,False,上年同期=100,上年同期=100,False,当期同比,当期同比,False,全国,全国,False,中国,中国,False,国家统计局,国家统计局,False,getEcoDataIndRealestate,getEcoDataIndRealestate,False,2006-01-31,2006-01-31,False,2026-06-30,2026-06-30,False,1,1,False,True,False,二手住宅价格指数:三线城市:当月同比,,月,上年同期=100,当期同比,全国,中国,国家统计局,getEcoDataIndRealestate,2006-01-31,2026-06-30,1,False,False,False,False,False,False,False,False,False,False,False,False,False
801180,房地产,28,2170915532,二手住宅价格指数:二线城市:当月同比,,月,上年同期=100,当期同比,全国,中国,国家统计局,getEcoDataIndRealestate,2006-01-31,2026-06-30,1,151.0,2170915532,二手住宅价格指数:二线城市:当月同比,,S170915532,S170000523,0,月,上年同期=100,当期同比,2.0,全国,中国,,不重要,国家统计局,,2993,getEcoDataIndRealestate,2006-01-31,2026-06-30,1,EcoInfoProGet,2026-08-13T01:09:36.711019+00:00,二手住宅价格指数:二线城市:当月同比,二手住宅价格指数:二线城市:当月同比,False,,,False,月,月,False,上年同期=100,上年同期=100,False,当期同比,当期同比,False,全国,全国,False,中国,中国,False,国家统计局,国家统计局,False,getEcoDataIndRealestate,getEcoDataIndRealestate,False,2006-01-31,2006-01-31,False,2026-06-30,2026-06-30,False,1,1,False,True,False,二手住宅价格指数:二线城市:当月同比,,月,上年同期=100,当期同比,全国,中国,国家统计局,getEcoDataIndRealestate,2006-01-31,2026-06-30,1,False,False,False,False,False,False,False,False,False,False,False,False,False
801180,房地产,29,2170915526,二手住宅价格指数:环比,,月,上月=100,当期环比,全国,中国,国家统计局,getEcoDataIndRealestate,2006-01-31,2026-06-30,1,151.0,2170915526,二手住宅价格指数:环比,,S170915526,S170000595,0,月,上月=100,当期环比,2.0,全国,中国,,不重要,国家统计局,,2993,getEcoDataIndRealestate,2006-01-31,2026-06-30,1,EcoInfoProGet,2026-08-13T01:09:36.711019+00:00,二手住宅价格指数:环比,二手住宅价格指数:环比,False,,,False,月,月,False,上月=100,上月=100,False,当期环比,当期环比,False,全国,全国,False,中国,中国,False,国家统计局,国家统计局,False,getEcoDataIndRealestate,getEcoDataIndRealestate,False,2006-01-31,2006-01-31,False,2026-06-30,2026-06-30,False,1,1,False,True,False,二手住宅价格指数:环比,,月,上月=100,当期环比,全国,中国,国家统计局,getEcoDataIndRealestate,2006-01-31,2026-06-30,1,False,False,False,False,False,False,False,False,False,False,False,False,False
801180,房地产,30,2170000524,全国:二手住宅价格指数:同比,(Discontinued)National: Price Index of Second-hand Residence: YoY,月,上年同期=100,当期同比,全国,中国,国家统计局,getEcoDataIndRealestate,2006-01-31,2026-06-30,1,151.0,2170000524,全国:二手住宅价格指数:同比,(Discontinued)National: Price Index of Second-hand Residence: YoY,S170000524,S170000523,0,月,上年同期=100,当期同比,2.0,全国,中国,,不重要,国家统计局,,2993,getEcoDataIndRealestate,2006-01-31,2026-06-30,1,EcoInfoProGet,2026-08-13T01:09:36.711019+00:00,全国:二手住宅价格指数:同比,全国:二手住宅价格指数:同比,False,(Discontinued)National: Price Index of Second-hand Residence: YoY,(Discontinued)National: Price Index of Second-hand Residence: YoY,False,月,月,False,上年同期=100,上年同期=100,False,当期同比,当期同比,False,全国,全国,False,中国,中国,False,国家统计局,国家统计局,False,getEcoDataIndRealestate,getEcoDataIndRealestate,False,2006-01-31,2006-01-31,False,2026-06-30,2026-06-30,False,1,1,False,True,False,全国:二手住宅价格指数:同比,(Discontinued)National: Price Index of Second-hand Residence: YoY,月,上年同期=100,当期同比,全国,中国,国家统计局,getEcoDataIndRealestate,2006-01-31,2026-06-30,1,False,False,False,False,False,False,False,False,False,False,False,False,False
801200,商贸零售,1,2200000457,全国百家重点大型零售企业商品零售额:化妆品:当月同比,Merchandise Sales of National Hundred Key Large-Scale Enterprise: Cosmetic: YoY,月,%,当期同比,,中国,中华全国商业信息中心,getEcoDataIndCommercialtrade,2011-03-31,2026-04-30,1,145.0,2200000457,全国百家重点大型零售企业商品零售额:化妆品:当月同比,Merchandise Sales of National Hundred Key Large-Scale Enterprise: Cosmetic: YoY,S200000457,S200000453,0,月,%,当期同比,2.0,,中国,,不重要,中华全国商业信息中心,,2982,getEcoDataIndCommercialtrade,2011-03-31,2026-04-30,1,EcoInfoProGet,2026-08-13T01:09:36.711019+00:00,全国百家重点大型零售企业商品零售额:化妆品:当月同比,全国百家重点大型零售企业商品零售额:化妆品:当月同比,False,Merchandise Sales of National Hundred Key Large-Scale Enterprise: Cosmetic: YoY,Merchandise Sales of National Hundred Key Large-Scale Enterprise: Cosmetic: YoY,False,月,月,False,%,%,False,当期同比,当期同比,False,,,False,中国,中国,False,中华全国商业信息中心,中华全国商业信息中心,False,getEcoDataIndCommercialtrade,getEcoDataIndCommercialtrade,False,2011-03-31,2011-03-31,False,2026-04-30,2026-04-30,False,1,1,False,True,False,全国百家重点大型零售企业商品零售额:化妆品:当月同比,Merchandise Sales of National Hundred Key Large-Scale Enterprise: Cosmetic: YoY,月,%,当期同比,,中国,中华全国商业信息中心,getEcoDataIndCommercialtrade,2011-03-31,2026-04-30,1,False,False,False,False,False,False,False,False,False,False,False,False,False
801200,商贸零售,2,2200000460,全国百家重点大型零售企业商品零售额:家用电器:当月同比,Merchandise Sales of National Hundred Key Large-Scale Enterprise: Household Appliances: YoY,月,%,当期同比,,中国,中华全国商业信息中心,getEcoDataIndCommercialtrade,2007-04-30,2026-03-31,1,145.0,2200000460,全国百家重点大型零售企业商品零售额:家用电器:当月同比,Merchandise Sales of National Hundred Key Large-Scale Enterprise: Household Appliances: YoY,S200000460,S200000453,0,月,%,当期同比,2.0,,中国,,不重要,中华全国商业信息中心,,2982,getEcoDataIndCommercialtrade,2007-04-30,2026-03-31,1,EcoInfoProGet,2026-08-13T01:09:36.711019+00:00,全国百家重点大型零售企业商品零售额:家用电器:当月同比,全国百家重点大型零售企业商品零售额:家用电器:当月同比,False,Merchandise Sales of National Hundred Key Large-Scale Enterprise: Household Appliances: YoY,Merchandise Sales of National Hundred Key Large-Scale Enterprise: Household Appliances: YoY,False,月,月,False,%,%,False,当期同比,当期同比,False,,,False,中国,中国,False,中华全国商业信息中心,中华全国商业信息中心,False,getEcoDataIndCommercialtrade,getEcoDataIndCommercialtrade,False,2007-04-30,2007-04-30,False,2026-03-31,2026-03-31,False,1,1,False,True,False,全国百家重点大型零售企业商品零售额:家用电器:当月同比,Merchandise Sales of National Hundred Key Large-Scale Enterprise: Household Appliances: YoY,月,%,当期同比,,中国,中华全国商业信息中心,getEcoDataIndCommercialtrade,2007-04-30,2026-03-31,1,False,False,False,False,False,False,False,False,False,False,False,False,False
801200,商贸零售,3,2200000454,全国百家重点大型零售企业商品零售额:当月同比,Merchandise Sales of National Hundred Key Large-Scale Enterprise: YoY,月,%,当期同比,,中国,中华全国商业信息中心,getEcoDataIndCommercialtrade,2007-04-30,2026-06-30,1,145.0,2200000454,全国百家重点大型零售企业商品零售额:当月同比,Merchandise Sales of National Hundred Key Large-Scale Enterprise: YoY,S200000454,S200000453,0,月,%,当期同比,2.0,,中国,,不重要,中华全国商业信息中心,,2982,getEcoDataIndCommercialtrade,2007-04-30,2026-06-30,1,EcoInfoProGet,2026-08-13T01:09:36.711019+00:00,全国百家重点大型零售企业商品零售额:当月同比,全国百家重点大型零售企业商品零售额:当月同比,False,Merchandise Sales of National Hundred Key Large-Scale Enterprise: YoY,Merchandise Sales of National Hundred Key Large-Scale Enterprise: YoY,False,月,月,False,%,%,False,当期同比,当期同比,False,,,False,中国,中国,False,中华全国商业信息中心,中华全国商业信息中心,False,getEcoDataIndCommercialtrade,getEcoDataIndCommercialtrade,False,2007-04-30,2007-04-30,False,2026-06-30,2026-06-30,False,1,1,False,True,False,全国百家重点大型零售企业商品零售额:当月同比,Merchandise Sales of National Hundred Key Large-Scale Enterprise: YoY,月,%,当期同比,,中国,中华全国商业信息中心,getEcoDataIndCommercialtrade,2007-04-30,2026-06-30,1,False,False,False,False,False,False,False,False,False,False,False,False,False
801200,商贸零售,4,2200000458,全国百家重点大型零售企业商品零售额:日用品:当月同比,Merchandise Sales of National Hundred Key Large-Scale Enterprise: Commodity: YoY,月,%,当期同比,,中国,中华全国商业信息中心,getEcoDataIndCommercialtrade,2011-03-31,2026-04-30,1,145.0,2200000458,全国百家重点大型零售企业商品零售额:日用品:当月同比,Merchandise Sales of National Hundred Key Large-Scale Enterprise: Commodity: YoY,S200000458,S200000453,0,月,%,当期同比,2.0,,中国,,不重要,中华全国商业信息中心,,2982,getEcoDataIndCommercialtrade,2011-03-31,2026-04-30,1,EcoInfoProGet,2026-08-13T01:09:36.711019+00:00,全国百家重点大型零售企业商品零售额:日用品:当月同比,全国百家重点大型零售企业商品零售额:日用品:当月同比,False,Merchandise Sales of National Hundred Key Large-Scale Enterprise: Commodity: YoY,Merchandise Sales of National Hundred Key Large-Scale Enterprise: Commodity: YoY,False,月,月,False,%,%,False,当期同比,当期同比,False,,,False,中国,中国,False,中华全国商业信息中心,中华全国商业信息中心,False,getEcoDataIndCommercialtrade,getEcoDataIndCommercialtrade,False,2011-03-31,2011-03-31,False,2026-04-30,2026-04-30,False,1,1,False,True,False,全国百家重点大型零售企业商品零售额:日用品:当月同比,Merchandise Sales of National Hundred Key Large-Scale Enterprise: Commodity: YoY,月,%,当期同比,,中国,中华全国商业信息中心,getEcoDataIndCommercialtrade,2011-03-31,2026-04-30,1,False,False,False,False,False,False,False,False,False,False,False,False,False
801200,商贸零售,5,2200000459,全国百家重点大型零售企业商品零售额:金银珠宝:当月同比,Merchandise Sales of National Hundred Key Large-Scale Enterprise: Gold and Silver Jewelry: YoY,月,%,当期同比,,中国,中华全国商业信息中心,getEcoDataIndCommercialtrade,2007-04-30,2026-05-31,1,145.0,2200000459,全国百家重点大型零售企业商品零售额:金银珠宝:当月同比,Merchandise Sales of National Hundred Key Large-Scale Enterprise: Gold and Silver Jewelry: YoY,S200000459,S200000453,0,月,%,当期同比,2.0,,中国,,不重要,中华全国商业信息中心,,2982,getEcoDataIndCommercialtrade,2007-04-30,2026-05-31,1,EcoInfoProGet,2026-08-13T01:09:36.711019+00:00,全国百家重点大型零售企业商品零售额:金银珠宝:当月同比,全国百家重点大型零售企业商品零售额:金银珠宝:当月同比,False,Merchandise Sales of National Hundred Key Large-Scale Enterprise: Gold and Silver Jewelry: YoY,Merchandise Sales of National Hundred Key Large-Scale Enterprise: Gold and Silver Jewelry: YoY,False,月,月,False,%,%,False,当期同比,当期同比,False,,,False,中国,中国,False,中华全国商业信息中心,中华全国商业信息中心,False,getEcoDataIndCommercialtrade,getEcoDataIndCommercialtrade,False,2007-04-30,2007-04-30,False,2026-05-31,2026-05-31,False,1,1,False,True,False,全国百家重点大型零售企业商品零售额:金银珠宝:当月同比,Merchandise Sales of National Hundred Key Large-Scale Enterprise: Gold and Silver Jewelry: YoY,月,%,当期同比,,中国,中华全国商业信息中心,getEcoDataIndCommercialtrade,2007-04-30,2026-05-31,1,False,False,False,False,False,False,False,False,False,False,False,False,False
801200,商贸零售,6,2200000455,全国百家重点大型零售企业商品零售额:食品:当月同比,Merchandise Sales of National Hundred Key Large-Scale Enterprise: Food: YoY,月,%,当期同比,,中国,中华全国商业信息中心,getEcoDataIndCommercialtrade,2007-04-30,2026-04-30,1,145.0,2200000455,全国百家重点大型零售企业商品零售额:食品:当月同比,Merchandise Sales of National Hundred Key Large-Scale Enterprise: Food: YoY,S200000455,S200000453,0,月,%,当期同比,2.0,,中国,,不重要,中华全国商业信息中心,,2982,getEcoDataIndCommercialtrade,2007-04-30,2026-04-30,1,EcoInfoProGet,2026-08-13T01:09:36.711019+00:00,全国百家重点大型零售企业商品零售额:食品:当月同比,全国百家重点大型零售企业商品零售额:食品:当月同比,False,Merchandise Sales of National Hundred Key Large-Scale Enterprise: Food: YoY,Merchandise Sales of National Hundred Key Large-Scale Enterprise: Food: YoY,False,月,月,False,%,%,False,当期同比,当期同比,False,,,False,中国,中国,False,中华全国商业信息中心,中华全国商业信息中心,False,getEcoDataIndCommercialtrade,getEcoDataIndCommercialtrade,False,2007-04-30,2007-04-30,False,2026-04-30,2026-04-30,False,1,1,False,True,False,全国百家重点大型零售企业商品零售额:食品:当月同比,Merchandise Sales of National Hundred Key Large-Scale Enterprise: Food: YoY,月,%,当期同比,,中国,中华全国商业信息中心,getEcoDataIndCommercialtrade,2007-04-30,2026-04-30,1,False,False,False,False,False,False,False,False,False,False,False,False,False
801200,商贸零售,7,1050000370,固定资产投资完成额:批发和零售业:累计同比,Fixed Assets Investment Realized: Cumulative YoY: Wholesale and Retail,月,%,累计同比,全国,中国,国家统计局,getEcoDataChina,2004-02-29,2026-06-30,1,143.0,1050000370,固定资产投资完成额:批发和零售业:累计同比,Fixed Assets Investment Realized: Cumulative YoY: Wholesale and Retail,M050000370,M050009996,0,月,%,累计同比,2.0,全国,中国,,比较重要,国家统计局,,2975,getEcoDataChina,2004-02-29,2026-06-30,1,EcoInfoProGet,2026-08-13T01:09:36.711019+00:00,固定资产投资完成额:批发和零售业:累计同比,固定资产投资完成额:批发和零售业:累计同比,False,Fixed Assets Investment Realized: Cumulative YoY: Wholesale and Retail,Fixed Assets Investment Realized: Cumulative YoY: Wholesale and Retail,False,月,月,False,%,%,False,累计同比,累计同比,False,全国,全国,False,中国,中国,False,国家统计局,国家统计局,False,getEcoDataChina,getEcoDataChina,False,2004-02-29,2004-02-29,False,2026-06-30,2026-06-30,False,1,1,False,True,False,固定资产投资完成额:批发和零售业:累计同比,Fixed Assets Investment Realized: Cumulative YoY: Wholesale and Retail,月,%,累计同比,全国,中国,国家统计局,getEcoDataChina,2004-02-29,2026-06-30,1,False,False,False,False,False,False,False,False,False,False,False,False,False
801200,商贸零售,8,1010008421,GDP:不变价:批发和零售业:当季同比,GDP: at Constant Price: Wholesale and Retail Trades: Current Quarter YoY,季,%,当期同比,全国,中国,国家统计局,getEcoDataChina,1993-03-31,2026-06-30,1,139.0,1010008421,GDP:不变价:批发和零售业:当季同比,GDP: at Constant Price: Wholesale and Retail Trades: Current Quarter YoY,M010008421,M010000003,0,季,%,当期同比,2.0,全国,中国,,比较重要,国家统计局,"国家统计局从2015年3季度开始改为分季核算方式,即分别计算各年1季度,2季度,3季度和4季度的GDP数据,累计数据通过当季数据相加得到。",2975,getEcoDataChina,1993-03-31,2026-06-30,1,EcoInfoProGet,2026-08-13T01:09:36.711019+00:00,GDP:不变价:批发和零售业:当季同比,GDP:不变价:批发和零售业:当季同比,False,GDP: at Constant Price: Wholesale and Retail Trades: Current Quarter YoY,GDP: at Constant Price: Wholesale and Retail Trades: Current Quarter YoY,False,季,季,False,%,%,False,当期同比,当期同比,False,全国,全国,False,中国,中国,False,国家统计局,国家统计局,False,getEcoDataChina,getEcoDataChina,False,1993-03-31,1993-03-31,False,2026-06-30,2026-06-30,False,1,1,False,True,False,GDP:不变价:批发和零售业:当季同比,GDP: at Constant Price: Wholesale and Retail Trades: Current Quarter YoY,季,%,当期同比,全国,中国,国家统计局,getEcoDataChina,1993-03-31,2026-06-30,1,False,False,False,False,False,False,False,False,False,False,False,False,False
801200,商贸零售,9,1010000025,GDP:不变价:批发和零售业:累计同比,GDP: at Constant Price: Wholesale and Retail Trades: Cumulative YoY,季,%,累计同比,全国,中国,国家统计局,getEcoDataChina,1953-12-31,2026-06-30,1,139.0,1010000025,GDP:不变价:批发和零售业:累计同比,GDP: at Constant Price: Wholesale and Retail Trades: Cumulative YoY,M010000025,M010000003,0,季,%,累计同比,2.0,全国,中国,,比较重要,国家统计局,按可比价格计算。,2975,getEcoDataChina,1953-12-31,2026-06-30,1,EcoInfoProGet,2026-08-13T01:09:36.711019+00:00,GDP:不变价:批发和零售业:累计同比,GDP:不变价:批发和零售业:累计同比,False,GDP: at Constant Price: Wholesale and Retail Trades: Cumulative YoY,GDP: at Constant Price: Wholesale and Retail Trades: Cumulative YoY,False,季,季,False,%,%,False,累计同比,累计同比,False,全国,全国,False,中国,中国,False,国家统计局,国家统计局,False,getEcoDataChina,getEcoDataChina,False,1953-12-31,1953-12-31,False,2026-06-30,2026-06-30,False,1,1,False,True,False,GDP:不变价:批发和零售业:累计同比,GDP: at Constant Price: Wholesale and Retail Trades: Cumulative YoY,季,%,累计同比,全国,中国,国家统计局,getEcoDataChina,1953-12-31,2026-06-30,1,False,False,False,False,False,False,False,False,False,False,False,False,False
801200,商贸零售,10,1010017950,GDP:现价:初步核算数:批发和零售业:当季同比,GDP: at Current Price: Preliminary Accounting Results: Wholesale and Retail Trades: Current Quarter YoY,季,%,初值同比,全国,中国,Datayes!,getEcoDataChina,2016-09-30,2026-06-30,1,139.0,1010017950,GDP:现价:初步核算数:批发和零售业:当季同比,GDP: at Current Price: Preliminary Accounting Results: Wholesale and Retail Trades: Current Quarter YoY,M010017950,M010000003,0,季,%,初值同比,2.0,全国,中国,,比较重要,Datayes!,按当年价格计算。数据为初步核算数、不调整。,2975,getEcoDataChina,2016-09-30,2026-06-30,1,EcoInfoProGet,2026-08-13T01:09:36.711019+00:00,GDP:现价:初步核算数:批发和零售业:当季同比,GDP:现价:初步核算数:批发和零售业:当季同比,False,GDP: at Current Price: Preliminary Accounting Results: Wholesale and Retail Trades: Current Quarter YoY,GDP: at Current Price: Preliminary Accounting Results: Wholesale and Retail Trades: Current Quarter YoY,False,季,季,False,%,%,False,初值同比,初值同比,False,全国,全国,False,中国,中国,False,Datayes!,Datayes!,False,getEcoDataChina,getEcoDataChina,False,2016-09-30,2016-09-30,False,2026-06-30,2026-06-30,False,1,1,False,True,False,GDP:现价:初步核算数:批发和零售业:当季同比,GDP: at Current Price: Preliminary Accounting Results: Wholesale and Retail Trades: Current Quarter YoY,季,%,初值同比,全国,中国,Datayes!,getEcoDataChina,2016-09-30,2026-06-30,1,False,False,False,False,False,False,False,False,False,False,False,False,False
801200,商贸零售,11,1010017977,GDP:现价:初步核算数:批发和零售业:累计同比,GDP: at Current Price: Preliminary Accounting Results: Wholesale and Retail Trades: Cumulative YoY,季,%,累计同比(初值),全国,中国,Datayes!,getEcoDataChina,2013-09-30,2026-06-30,1,139.0,1010017977,GDP:现价:初步核算数:批发和零售业:累计同比,GDP: at Current Price: Preliminary Accounting Results: Wholesale and Retail Trades: Cumulative YoY,M010017977,M010000003,0,季,%,累计同比(初值),2.0,全国,中国,,比较重要,Datayes!,按当年价格计算。数据为初步核算数、不调整。,2975,getEcoDataChina,2013-09-30,2026-06-30,1,EcoInfoProGet,2026-08-13T01:09:36.711019+00:00,GDP:现价:初步核算数:批发和零售业:累计同比,GDP:现价:初步核算数:批发和零售业:累计同比,False,GDP: at Current Price: Preliminary Accounting Results: Wholesale and Retail Trades: Cumulative YoY,GDP: at Current Price: Preliminary Accounting Results: Wholesale and Retail Trades: Cumulative YoY,False,季,季,False,%,%,False,累计同比(初值),累计同比(初值),False,全国,全国,False,中国,中国,False,Datayes!,Datayes!,False,getEcoDataChina,getEcoDataChina,False,2013-09-30,2013-09-30,False,2026-06-30,2026-06-30,False,1,1,False,True,False,GDP:现价:初步核算数:批发和零售业:累计同比,GDP: at Current Price: Preliminary Accounting Results: Wholesale and Retail Trades: Cumulative YoY,季,%,累计同比(初值),全国,中国,Datayes!,getEcoDataChina,2013-09-30,2026-06-30,1,False,False,False,False,False,False,False,False,False,False,False,False,False
801200,商贸零售,12,1010015487,GDP:现价:批发和零售业:当季同比,GDP: at Current Price: Wholesale and Retail Trades: Current Quarter YoY,季,%,当期同比,全国,中国,Datayes!,getEcoDataChina,1993-03-31,2026-06-30,1,139.0,1010015487,GDP:现价:批发和零售业:当季同比,GDP: at Current Price: Wholesale and Retail Trades: Current Quarter YoY,M010015487,M010000003,0,季,%,当期同比,2.0,全国,中国,,比较重要,Datayes!,按当年价格计算,2975,getEcoDataChina,1993-03-31,2026-06-30,1,EcoInfoProGet,2026-08-13T01:09:36.711019+00:00,GDP:现价:批发和零售业:当季同比,GDP:现价:批发和零售业:当季同比,False,GDP: at Current Price: Wholesale and Retail Trades: Current Quarter YoY,GDP: at Current Price: Wholesale and Retail Trades: Current Quarter YoY,False,季,季,False,%,%,False,当期同比,当期同比,False,全国,全国,False,中国,中国,False,Datayes!,Datayes!,False,getEcoDataChina,getEcoDataChina,False,1993-03-31,1993-03-31,False,2026-06-30,2026-06-30,False,1,1,False,True,False,GDP:现价:批发和零售业:当季同比,GDP: at Current Price: Wholesale and Retail Trades: Current Quarter YoY,季,%,当期同比,全国,中国,Datayes!,getEcoDataChina,1993-03-31,2026-06-30,1,False,False,False,False,False,False,False,False,False,False,False,False,False
801200,商贸零售,13,1010015488,GDP:现价:批发和零售业:累计同比,GDP: at Current Price: Wholesale and Retail Trades: Cumulative YoY,季,%,累计同比,全国,中国,Datayes!,getEcoDataChina,1953-12-31,2026-06-30,1,139.0,1010015488,GDP:现价:批发和零售业:累计同比,GDP: at Current Price: Wholesale and Retail Trades: Cumulative YoY,M010015488,M010000003,0,季,%,累计同比,2.0,全国,中国,,比较重要,Datayes!,按当年价格计算,2975,getEcoDataChina,1953-12-31,2026-06-30,1,EcoInfoProGet,2026-08-13T01:09:36.711019+00:00,GDP:现价:批发和零售业:累计同比,GDP:现价:批发和零售业:累计同比,False,GDP: at Current Price: Wholesale and Retail Trades: Cumulative YoY,GDP: at Current Price: Wholesale and Retail Trades: Cumulative YoY,False,季,季,False,%,%,False,累计同比,累计同比,False,全国,全国,False,中国,中国,False,Datayes!,Datayes!,False,getEcoDataChina,getEcoDataChina,False,1953-12-31,1953-12-31,False,2026-06-30,2026-06-30,False,1,1,False,True,False,GDP:现价:批发和零售业:累计同比,GDP: at Current Price: Wholesale and Retail Trades: Cumulative YoY,季,%,累计同比,全国,中国,Datayes!,getEcoDataChina,1953-12-31,2026-06-30,1,False,False,False,False,False,False,False,False,False,False,False,False,False
801200,商贸零售,14,1010014354,GDP平减指数:批发和零售业:当季同比,GDP Deflators Index: Wholesale and Retail Trades: Current Quarter YoY,季,%,当期同比,全国,中国,Datayes!,getEcoDataChina,1993-03-31,2026-06-30,1,139.0,1010014354,GDP平减指数:批发和零售业:当季同比,GDP Deflators Index: Wholesale and Retail Trades: Current Quarter YoY,M010014354,M010000230,0,季,%,当期同比,2.0,全国,中国,,不重要,Datayes!,,2975,getEcoDataChina,1993-03-31,2026-06-30,1,EcoInfoProGet,2026-08-13T01:09:36.711019+00:00,GDP平减指数:批发和零售业:当季同比,GDP平减指数:批发和零售业:当季同比,False,GDP Deflators Index: Wholesale and Retail Trades: Current Quarter YoY,GDP Deflators Index: Wholesale and Retail Trades: Current Quarter YoY,False,季,季,False,%,%,False,当期同比,当期同比,False,全国,全国,False,中国,中国,False,Datayes!,Datayes!,False,getEcoDataChina,getEcoDataChina,False,1993-03-31,1993-03-31,False,2026-06-30,2026-06-30,False,1,1,False,True,False,GDP平减指数:批发和零售业:当季同比,GDP Deflators Index: Wholesale and Retail Trades: Current Quarter YoY,季,%,当期同比,全国,中国,Datayes!,getEcoDataChina,1993-03-31,2026-06-30,1,False,False,False,False,False,False,False,False,False,False,False,False,False
801200,商贸零售,15,1010014342,GDP平减指数:批发和零售业:累计同比,GDP Deflators Index: Wholesale and Retail Trades: Cumulative YoY,季,%,累计同比,全国,中国,Datayes!,getEcoDataChina,1993-03-31,2026-06-30,1,139.0,1010014342,GDP平减指数:批发和零售业:累计同比,GDP Deflators Index: Wholesale and Retail Trades: Cumulative YoY,M010014342,M010000230,0,季,%,累计同比,2.0,全国,中国,,不重要,Datayes!,,2975,getEcoDataChina,1993-03-31,2026-06-30,1,EcoInfoProGet,2026-08-13T01:09:36.711019+00:00,GDP平减指数:批发和零售业:累计同比,GDP平减指数:批发和零售业:累计同比,False,GDP Deflators Index: Wholesale and Retail Trades: Cumulative YoY,GDP Deflators Index: Wholesale and Retail Trades: Cumulative YoY,False,季,季,False,%,%,False,累计同比,累计同比,False,全国,全国,False,中国,中国,False,Datayes!,Datayes!,False,getEcoDataChina,getEcoDataChina,False,1993-03-31,1993-03-31,False,2026-06-30,2026-06-30,False,1,1,False,True,False,GDP平减指数:批发和零售业:累计同比,GDP Deflators Index: Wholesale and Retail Trades: Cumulative YoY,季,%,累计同比,全国,中国,Datayes!,getEcoDataChina,1993-03-31,2026-06-30,1,False,False,False,False,False,False,False,False,False,False,False,False,False
801200,商贸零售,16,1010000049,GDP累计同比贡献率:批发和零售业,Share of the Contributions to the Increase of the Accumulated GDP: Wholesale and Retail Trades,季,%,当期值,全国,中国,Datayes!,getEcoDataChina,1993-03-31,2026-06-30,1,139.0,1010000049,GDP累计同比贡献率:批发和零售业,Share of the Contributions to the Increase of the Accumulated GDP: Wholesale and Retail Trades,M010000049,M010000041,0,季,%,当期值,2.0,全国,中国,,比较重要,Datayes!,,2975,getEcoDataChina,1993-03-31,2026-06-30,1,EcoInfoProGet,2026-08-13T01:09:36.711019+00:00,GDP累计同比贡献率:批发和零售业,GDP累计同比贡献率:批发和零售业,False,Share of the Contributions to the Increase of the Accumulated GDP: Wholesale and Retail Trades,Share of the Contributions to the Increase of the Accumulated GDP: Wholesale and Retail Trades,False,季,季,False,%,%,False,当期值,当期值,False,全国,全国,False,中国,中国,False,Datayes!,Datayes!,False,getEcoDataChina,getEcoDataChina,False,1993-03-31,1993-03-31,False,2026-06-30,2026-06-30,False,1,1,False,True,False,GDP累计同比贡献率:批发和零售业,Share of the Contributions to the Increase of the Accumulated GDP: Wholesale and Retail Trades,季,%,当期值,全国,中国,Datayes!,getEcoDataChina,1993-03-31,2026-06-30,1,False,False,False,False,False,False,False,False,False,False,False,False,False
801200,商贸零售,17,1010000061,对GDP累计同比的拉动:批发和零售业,Contribution to the Accumulated GDP Growth: Wholesale and Retail Trades,季,百分点,当期值,全国,中国,Datayes!,getEcoDataChina,1993-03-31,2026-06-30,1,139.0,1010000061,对GDP累计同比的拉动:批发和零售业,Contribution to the Accumulated GDP Growth: Wholesale and Retail Trades,M010000061,M010000041,0,季,百分点,当期值,2.0,全国,中国,,比较重要,Datayes!,,2975,getEcoDataChina,1993-03-31,2026-06-30,1,EcoInfoProGet,2026-08-13T01:09:36.711019+00:00,对GDP累计同比的拉动:批发和零售业,对GDP累计同比的拉动:批发和零售业,False,Contribution to the Accumulated GDP Growth: Wholesale and Retail Trades,Contribution to the Accumulated GDP Growth: Wholesale and Retail Trades,False,季,季,False,百分点,百分点,False,当期值,当期值,False,全国,全国,False,中国,中国,False,Datayes!,Datayes!,False,getEcoDataChina,getEcoDataChina,False,1993-03-31,1993-03-31,False,2026-06-30,2026-06-30,False,1,1,False,True,False,对GDP累计同比的拉动:批发和零售业,Contribution to the Accumulated GDP Growth: Wholesale and Retail Trades,季,百分点,当期值,全国,中国,Datayes!,getEcoDataChina,1993-03-31,2026-06-30,1,False,False,False,False,False,False,False,False,False,False,False,False,False
801200,商贸零售,18,1010014281,GDP指数:批发和零售业:当季值,Indices of GDP: Wholesale and Retail Trades: Current Quarter Value,季,上年同期=100,当期同比,全国,中国,国家统计局,getEcoDataChina,1993-03-31,2026-06-30,1,131.0,1010014281,GDP指数:批发和零售业:当季值,Indices of GDP: Wholesale and Retail Trades: Current Quarter Value,M010014281,M010014272,0,季,上年同期=100,当期同比,2.0,全国,中国,,不重要,国家统计局,,2975,getEcoDataChina,1993-03-31,2026-06-30,1,EcoInfoProGet,2026-08-13T01:09:36.711019+00:00,GDP指数:批发和零售业:当季值,GDP指数:批发和零售业:当季值,False,Indices of GDP: Wholesale and Retail Trades: Current Quarter Value,Indices of GDP: Wholesale and Retail Trades: Current Quarter Value,False,季,季,False,上年同期=100,上年同期=100,False,当期同比,当期同比,False,全国,全国,False,中国,中国,False,国家统计局,国家统计局,False,getEcoDataChina,getEcoDataChina,False,1993-03-31,1993-03-31,False,2026-06-30,2026-06-30,False,1,1,False,True,False,GDP指数:批发和零售业:当季值,Indices of GDP: Wholesale and Retail Trades: Current Quarter Value,季,上年同期=100,当期同比,全国,中国,国家统计局,getEcoDataChina,1993-03-31,2026-06-30,1,False,False,False,False,False,False,False,False,False,False,False,False,False
801200,商贸零售,19,1010014297,GDP指数:批发和零售业:累计值,Indices of GDP: Wholesale and Retail Trades: Cumulative Value,季,上年同期=100,累计同比,全国,中国,国家统计局,getEcoDataChina,1993-03-31,2026-06-30,1,131.0,1010014297,GDP指数:批发和零售业:累计值,Indices of GDP: Wholesale and Retail Trades: Cumulative Value,M010014297,M010014272,0,季,上年同期=100,累计同比,2.0,全国,中国,,不重要,国家统计局,,2975,getEcoDataChina,1993-03-31,2026-06-30,1,EcoInfoProGet,2026-08-13T01:09:36.711019+00:00,GDP指数:批发和零售业:累计值,GDP指数:批发和零售业:累计值,False,Indices of GDP: Wholesale and Retail Trades: Cumulative Value,Indices of GDP: Wholesale and Retail Trades: Cumulative Value,False,季,季,False,上年同期=100,上年同期=100,False,累计同比,累计同比,False,全国,全国,False,中国,中国,False,国家统计局,国家统计局,False,getEcoDataChina,getEcoDataChina,False,1993-03-31,1993-03-31,False,2026-06-30,2026-06-30,False,1,1,False,True,False,GDP指数:批发和零售业:累计值,Indices of GDP: Wholesale and Retail Trades: Cumulative Value,季,上年同期=100,累计同比,全国,中国,国家统计局,getEcoDataChina,1993-03-31,2026-06-30,1,False,False,False,False,False,False,False,False,False,False,False,False,False
801200,商贸零售,20,1030000473,企业景气指数:即期指数:批发和零售业,Business Climate Index: Current: Wholesale And Retail Trade,季,%,当期值,全国,中国,国家统计局,getEcoDataChina,2012-03-31,2026-06-30,1,131.0,1030000473,企业景气指数:即期指数:批发和零售业,Business Climate Index: Current: Wholesale And Retail Trade,M030000473,M030000084,0,季,%,当期值,1.0,全国,中国,,不重要,国家统计局,,2975,getEcoDataChina,2012-03-31,2026-06-30,1,EcoInfoProGet,2026-08-13T01:09:36.711019+00:00,企业景气指数:即期指数:批发和零售业,企业景气指数:即期指数:批发和零售业,False,Business Climate Index: Current: Wholesale And Retail Trade,Business Climate Index: Current: Wholesale And Retail Trade,False,季,季,False,%,%,False,当期值,当期值,False,全国,全国,False,中国,中国,False,国家统计局,国家统计局,False,getEcoDataChina,getEcoDataChina,False,2012-03-31,2012-03-31,False,2026-06-30,2026-06-30,False,1,1,False,True,False,企业景气指数:即期指数:批发和零售业,Business Climate Index: Current: Wholesale And Retail Trade,季,%,当期值,全国,中国,国家统计局,getEcoDataChina,2012-03-31,2026-06-30,1,False,False,False,False,False,False,False,False,False,False,False,False,False
801200,商贸零售,21,1030000130,企业景气指数:批发和零售业,Corporate Boom Index: Wholesale and Retail Trade Industry,季,%,当期值,全国,中国,国家统计局,getEcoDataChina,1999-03-31,2026-06-30,1,131.0,1030000130,企业景气指数:批发和零售业,Corporate Boom Index: Wholesale and Retail Trade Industry,M030000130,M030000084,0,季,%,当期值,2.0,全国,中国,,不重要,国家统计局,,2975,getEcoDataChina,1999-03-31,2026-06-30,1,EcoInfoProGet,2026-08-13T01:09:36.711019+00:00,企业景气指数:批发和零售业,企业景气指数:批发和零售业,False,Corporate Boom Index: Wholesale and Retail Trade Industry,Corporate Boom Index: Wholesale and Retail Trade Industry,False,季,季,False,%,%,False,当期值,当期值,False,全国,全国,False,中国,中国,False,国家统计局,国家统计局,False,getEcoDataChina,getEcoDataChina,False,1999-03-31,1999-03-31,False,2026-06-30,2026-06-30,False,1,1,False,True,False,企业景气指数:批发和零售业,Corporate Boom Index: Wholesale and Retail Trade Industry,季,%,当期值,全国,中国,国家统计局,getEcoDataChina,1999-03-31,2026-06-30,1,False,False,False,False,False,False,False,False,False,False,False,False,False
801200,商贸零售,22,1030000533,企业景气指数:预期指数:批发和零售业,Business Climate Index: Expectation: Wholesale And Retail Trade,季,%,当期值,全国,中国,国家统计局,getEcoDataChina,2012-03-31,2026-06-30,1,131.0,1030000533,企业景气指数:预期指数:批发和零售业,Business Climate Index: Expectation: Wholesale And Retail Trade,M030000533,M030000084,0,季,%,当期值,1.0,全国,中国,,不重要,国家统计局,,2975,getEcoDataChina,2012-03-31,2026-06-30,1,EcoInfoProGet,2026-08-13T01:09:36.711019+00:00,企业景气指数:预期指数:批发和零售业,企业景气指数:预期指数:批发和零售业,False,Business Climate Index: Expectation: Wholesale And Retail Trade,Business Climate Index: Expectation: Wholesale And Retail Trade,False,季,季,False,%,%,False,当期值,当期值,False,全国,全国,False,中国,中国,False,国家统计局,国家统计局,False,getEcoDataChina,getEcoDataChina,False,2012-03-31,2012-03-31,False,2026-06-30,2026-06-30,False,1,1,False,True,False,企业景气指数:预期指数:批发和零售业,Business Climate Index: Expectation: Wholesale And Retail Trade,季,%,当期值,全国,中国,国家统计局,getEcoDataChina,2012-03-31,2026-06-30,1,False,False,False,False,False,False,False,False,False,False,False,False,False
801200,商贸零售,23,1030000169,大额商品消费意愿比例,Large Purchasing Intent Ratio,季,%,当期值,全国,中国,中国人民银行,getEcoDataChina,2010-12-31,2025-12-31,1,131.0,1030000169,大额商品消费意愿比例,Large Purchasing Intent Ratio,M030000169,M030000153,0,季,%,当期值,2.0,全国,中国,,不重要,中国人民银行,,2975,getEcoDataChina,2010-12-31,2025-12-31,1,EcoInfoProGet,2026-08-13T01:09:36.711019+00:00,大额商品消费意愿比例,大额商品消费意愿比例,False,Large Purchasing Intent Ratio,Large Purchasing Intent Ratio,False,季,季,False,%,%,False,当期值,当期值,False,全国,全国,False,中国,中国,False,中国人民银行,中国人民银行,False,getEcoDataChina,getEcoDataChina,False,2010-12-31,2010-12-31,False,2025-12-31,2025-12-31,False,1,1,False,True,False,大额商品消费意愿比例,Large Purchasing Intent Ratio,季,%,当期值,全国,中国,中国人民银行,getEcoDataChina,2010-12-31,2025-12-31,1,False,False,False,False,False,False,False,False,False,False,False,False,False
801200,商贸零售,24,1030000164,消费意愿比例,Consumption Intention Ratio,季,%,当期值,全国,中国,中国人民银行,getEcoDataChina,2009-03-31,2025-12-31,1,131.0,1030000164,消费意愿比例,Consumption Intention Ratio,M030000164,M030000153,0,季,%,当期值,2.0,全国,中国,,不重要,中国人民银行,,2975,getEcoDataChina,2009-03-31,2025-12-31,1,EcoInfoProGet,2026-08-13T01:09:36.711019+00:00,消费意愿比例,消费意愿比例,False,Consumption Intention Ratio,Consumption Intention Ratio,False,季,季,False,%,%,False,当期值,当期值,False,全国,全国,False,中国,中国,False,中国人民银行,中国人民银行,False,getEcoDataChina,getEcoDataChina,False,2009-03-31,2009-03-31,False,2025-12-31,2025-12-31,False,1,1,False,True,False,消费意愿比例,Consumption Intention Ratio,季,%,当期值,全国,中国,中国人民银行,getEcoDataChina,2009-03-31,2025-12-31,1,False,False,False,False,False,False,False,False,False,False,False,False,False
801200,商贸零售,25,1030002264,消费者信心指数,Consumer Confidence Index,季,%,当期值,全国,中国,Datayes!,getEcoDataChina,1998-09-30,2026-06-30,1,131.0,1030002264,消费者信心指数,Consumer Confidence Index,M030002264,M030002263,0,季,%,当期值,2.0,全国,中国,,不重要,Datayes!,,2975,getEcoDataChina,1998-09-30,2026-06-30,1,EcoInfoProGet,2026-08-13T01:09:36.711019+00:00,消费者信心指数,消费者信心指数,False,Consumer Confidence Index,Consumer Confidence Index,False,季,季,False,%,%,False,当期值,当期值,False,全国,全国,False,中国,中国,False,Datayes!,Datayes!,False,getEcoDataChina,getEcoDataChina,False,1998-09-30,1998-09-30,False,2026-06-30,2026-06-30,False,1,1,False,True,False,消费者信心指数,Consumer Confidence Index,季,%,当期值,全国,中国,Datayes!,getEcoDataChina,1998-09-30,2026-06-30,1,False,False,False,False,False,False,False,False,False,False,False,False,False
801200,商贸零售,26,3240008663,OECD消费者信心指数:幅度调节型:G7,OECD Standardised CCI: Amplitude Adjusted: G7,月,长期平均=100,季调,,G7国家,OECD,getEcoDataGlobeRest,1973-01-31,2026-06-30,1,105.0,3240008663,OECD消费者信心指数:幅度调节型:G7,OECD Standardised CCI: Amplitude Adjusted: G7,Y240008663,Y240008482,0,月,长期平均=100,季调,2.0,,G7国家,,不重要,OECD,,2999,getEcoDataGlobeRest,1973-01-31,2026-06-30,1,EcoInfoProGet,2026-08-13T01:09:36.711019+00:00,OECD消费者信心指数:幅度调节型:G7,OECD消费者信心指数:幅度调节型:G7,False,OECD Standardised CCI: Amplitude Adjusted: G7,OECD Standardised CCI: Amplitude Adjusted: G7,False,月,月,False,长期平均=100,长期平均=100,False,季调,季调,False,,,False,G7国家,G7国家,False,OECD,OECD,False,getEcoDataGlobeRest,getEcoDataGlobeRest,False,1973-01-31,1973-01-31,False,2026-06-30,2026-06-30,False,1,1,False,True,False,OECD消费者信心指数:幅度调节型:G7,OECD Standardised CCI: Amplitude Adjusted: G7,月,长期平均=100,季调,,G7国家,OECD,getEcoDataGlobeRest,1973-01-31,2026-06-30,1,False,False,False,False,False,False,False,False,False,False,False,False,False
801200,商贸零售,27,3240008670,OECD消费者信心指数:幅度调节型:中国,OECD Standardised CCI: Amplitude Adjusted: China (People's Republic of),月,长期平均=100,季调,,中国,OECD,getEcoDataGlobeRest,1990-01-31,2026-03-31,1,105.0,3240008670,OECD消费者信心指数:幅度调节型:中国,OECD Standardised CCI: Amplitude Adjusted: China (People's Republic of),Y240008670,Y240008482,0,月,长期平均=100,季调,2.0,,中国,,不重要,OECD,,2999,getEcoDataGlobeRest,1990-01-31,2026-03-31,1,EcoInfoProGet,2026-08-13T01:09:36.711019+00:00,OECD消费者信心指数:幅度调节型:中国,OECD消费者信心指数:幅度调节型:中国,False,OECD Standardised CCI: Amplitude Adjusted: China (People's Republic of),OECD Standardised CCI: Amplitude Adjusted: China (People's Republic of),False,月,月,False,长期平均=100,长期平均=100,False,季调,季调,False,,,False,中国,中国,False,OECD,OECD,False,getEcoDataGlobeRest,getEcoDataGlobeRest,False,1990-01-31,1990-01-31,False,2026-03-31,2026-03-31,False,1,1,False,True,False,OECD消费者信心指数:幅度调节型:中国,OECD Standardised CCI: Amplitude Adjusted: China (People's Republic of),月,长期平均=100,季调,,中国,OECD,getEcoDataGlobeRest,1990-01-31,2026-03-31,1,False,False,False,False,False,False,False,False,False,False,False,False,False
801200,商贸零售,28,3240008682,OECD消费者信心指数:幅度调节型:丹麦,OECD Standardised CCI: Amplitude Adjusted: Denmark,月,长期平均=100,季调,,丹麦,OECD,getEcoDataGlobeRest,1974-01-31,2026-06-30,1,105.0,3240008682,OECD消费者信心指数:幅度调节型:丹麦,OECD Standardised CCI: Amplitude Adjusted: Denmark,Y240008682,Y240008482,0,月,长期平均=100,季调,2.0,,丹麦,,不重要,OECD,,2999,getEcoDataGlobeRest,1974-01-31,2026-06-30,1,EcoInfoProGet,2026-08-13T01:09:36.711019+00:00,OECD消费者信心指数:幅度调节型:丹麦,OECD消费者信心指数:幅度调节型:丹麦,False,OECD Standardised CCI: Amplitude Adjusted: Denmark,OECD Standardised CCI: Amplitude Adjusted: Denmark,False,月,月,False,长期平均=100,长期平均=100,False,季调,季调,False,,,False,丹麦,丹麦,False,OECD,OECD,False,getEcoDataGlobeRest,getEcoDataGlobeRest,False,1974-01-31,1974-01-31,False,2026-06-30,2026-06-30,False,1,1,False,True,False,OECD消费者信心指数:幅度调节型:丹麦,OECD Standardised CCI: Amplitude Adjusted: Denmark,月,长期平均=100,季调,,丹麦,OECD,getEcoDataGlobeRest,1974-01-31,2026-06-30,1,False,False,False,False,False,False,False,False,False,False,False,False,False
801200,商贸零售,29,3240008664,OECD消费者信心指数:幅度调节型:五个主要亚洲国家,OECD Standardised CCI: Amplitude Adjusted: Major Five Asia,月,长期平均=100,季调,,,OECD,getEcoDataGlobeRest,1990-01-31,2026-04-30,1,105.0,3240008664,OECD消费者信心指数:幅度调节型:五个主要亚洲国家,OECD Standardised CCI: Amplitude Adjusted: Major Five Asia,Y240008664,Y240008482,0,月,长期平均=100,季调,2.0,,,,不重要,OECD,,2999,getEcoDataGlobeRest,1990-01-31,2026-04-30,1,EcoInfoProGet,2026-08-13T01:09:36.711019+00:00,OECD消费者信心指数:幅度调节型:五个主要亚洲国家,OECD消费者信心指数:幅度调节型:五个主要亚洲国家,False,OECD Standardised CCI: Amplitude Adjusted: Major Five Asia,OECD Standardised CCI: Amplitude Adjusted: Major Five Asia,False,月,月,False,长期平均=100,长期平均=100,False,季调,季调,False,,,False,,,False,OECD,OECD,False,getEcoDataGlobeRest,getEcoDataGlobeRest,False,1990-01-31,1990-01-31,False,2026-04-30,2026-04-30,False,1,1,False,True,False,OECD消费者信心指数:幅度调节型:五个主要亚洲国家,OECD Standardised CCI: Amplitude Adjusted: Major Five Asia,月,长期平均=100,季调,,,OECD,getEcoDataGlobeRest,1990-01-31,2026-04-30,1,False,False,False,False,False,False,False,False,False,False,False,False,False
801200,商贸零售,30,3240008705,OECD消费者信心指数:幅度调节型:以色列,OECD Standardised CCI: Amplitude Adjusted: Israel,月,长期平均=100,季调,,以色列,OECD,getEcoDataGlobeRest,2011-03-31,2026-04-30,1,105.0,3240008705,OECD消费者信心指数:幅度调节型:以色列,OECD Standardised CCI: Amplitude Adjusted: Israel,Y240008705,Y240008482,0,月,长期平均=100,季调,2.0,,以色列,,不重要,OECD,,2999,getEcoDataGlobeRest,2011-03-31,2026-04-30,1,EcoInfoProGet,2026-08-13T01:09:36.711019+00:00,OECD消费者信心指数:幅度调节型:以色列,OECD消费者信心指数:幅度调节型:以色列,False,OECD Standardised CCI: Amplitude Adjusted: Israel,OECD Standardised CCI: Amplitude Adjusted: Israel,False,月,月,False,长期平均=100,长期平均=100,False,季调,季调,False,,,False,以色列,以色列,False,OECD,OECD,False,getEcoDataGlobeRest,getEcoDataGlobeRest,False,2011-03-31,2011-03-31,False,2026-04-30,2026-04-30,False,1,1,False,True,False,OECD消费者信心指数:幅度调节型:以色列,OECD Standardised CCI: Amplitude Adjusted: Israel,月,长期平均=100,季调,,以色列,OECD,getEcoDataGlobeRest,2011-03-31,2026-04-30,1,False,False,False,False,False,False,False,False,False,False,False,False,False
801210,社会服务,1,2180708870,国内旅游人数:累计值,Number of Domestic Tourists: Cumulative Value,季,亿人次,累计值,全国,中国,中华人民共和国文化和旅游部,getEcoDataIndCateringtourism,2002-12-31,2026-03-31,1,141.0,2180708870,国内旅游人数:累计值,Number of Domestic Tourists: Cumulative Value,S180708870,S180708537,0,季,亿人次,累计值,2.0,全国,中国,,不重要,中华人民共和国文化和旅游部,,2980,getEcoDataIndCateringtourism,2002-12-31,2026-06-30,1,EcoInfoProGet,2026-08-13T01:09:36.711019+00:00,国内旅游人数:累计值,国内旅游人数:累计值,False,Number of Domestic Tourists: Cumulative Value,Number of Domestic Tourists: Cumulative Value,False,季,季,False,亿人次,亿人次,False,累计值,累计值,False,全国,全国,False,中国,中国,False,中华人民共和国文化和旅游部,中华人民共和国文化和旅游部,False,getEcoDataIndCateringtourism,getEcoDataIndCateringtourism,False,2002-12-31,2002-12-31,False,2026-03-31,2026-06-30,True,1,1,False,True,True,国内旅游人数:累计值,Number of Domestic Tourists: Cumulative Value,季,亿人次,累计值,全国,中国,中华人民共和国文化和旅游部,getEcoDataIndCateringtourism,2002-12-31,2026-06-30,1,False,False,False,False,False,False,False,False,False,False,False,False,False
801210,社会服务,2,2180708872,国内旅游人数:累计值:农村居民,Domestic Tourist Number: Cumulative Value: Rural Resident,季,亿人次,累计值,全国,中国,中华人民共和国文化和旅游部,getEcoDataIndCateringtourism,2002-12-31,2026-03-31,1,141.0,2180708872,国内旅游人数:累计值:农村居民,Domestic Tourist Number: Cumulative Value: Rural Resident,S180708872,S180708537,0,季,亿人次,累计值,2.0,全国,中国,,不重要,中华人民共和国文化和旅游部,,2980,getEcoDataIndCateringtourism,2002-12-31,2026-06-30,1,EcoInfoProGet,2026-08-13T01:09:36.711019+00:00,国内旅游人数:累计值:农村居民,国内旅游人数:累计值:农村居民,False,Domestic Tourist Number: Cumulative Value: Rural Resident,Domestic Tourist Number: Cumulative Value: Rural Resident,False,季,季,False,亿人次,亿人次,False,累计值,累计值,False,全国,全国,False,中国,中国,False,中华人民共和国文化和旅游部,中华人民共和国文化和旅游部,False,getEcoDataIndCateringtourism,getEcoDataIndCateringtourism,False,2002-12-31,2002-12-31,False,2026-03-31,2026-06-30,True,1,1,False,True,True,国内旅游人数:累计值:农村居民,Domestic Tourist Number: Cumulative Value: Rural Resident,季,亿人次,累计值,全国,中国,中华人民共和国文化和旅游部,getEcoDataIndCateringtourism,2002-12-31,2026-06-30,1,False,False,False,False,False,False,False,False,False,False,False,False,False
801210,社会服务,3,2180708871,国内旅游人数:累计值:城镇居民,Domestic Tourist Number: Cumulative Value: Urban Resident,季,亿人次,累计值,全国,中国,中华人民共和国文化和旅游部,getEcoDataIndCateringtourism,2002-12-31,2026-03-31,1,141.0,2180708871,国内旅游人数:累计值:城镇居民,Domestic Tourist Number: Cumulative Value: Urban Resident,S180708871,S180708537,0,季,亿人次,累计值,2.0,全国,中国,,不重要,中华人民共和国文化和旅游部,,2980,getEcoDataIndCateringtourism,2002-12-31,2026-06-30,1,EcoInfoProGet,2026-08-13T01:09:36.711019+00:00,国内旅游人数:累计值:城镇居民,国内旅游人数:累计值:城镇居民,False,Domestic Tourist Number: Cumulative Value: Urban Resident,Domestic Tourist Number: Cumulative Value: Urban Resident,False,季,季,False,亿人次,亿人次,False,累计值,累计值,False,全国,全国,False,中国,中国,False,中华人民共和国文化和旅游部,中华人民共和国文化和旅游部,False,getEcoDataIndCateringtourism,getEcoDataIndCateringtourism,False,2002-12-31,2002-12-31,False,2026-03-31,2026-06-30,True,1,1,False,True,True,国内旅游人数:累计值:城镇居民,Domestic Tourist Number: Cumulative Value: Urban Resident,季,亿人次,累计值,全国,中国,中华人民共和国文化和旅游部,getEcoDataIndCateringtourism,2002-12-31,2026-06-30,1,False,False,False,False,False,False,False,False,False,False,False,False,False
801210,社会服务,4,2180708873,国内旅游消费:累计值,Domestic Tourism Consumption: Cumulative Value,季,万亿元,累计值,全国,中国,中华人民共和国文化和旅游部,getEcoDataIndCateringtourism,2002-12-31,2026-03-31,1,141.0,2180708873,国内旅游消费:累计值,Domestic Tourism Consumption: Cumulative Value,S180708873,S180708537,0,季,万亿元,累计值,2.0,全国,中国,人民币元,不重要,中华人民共和国文化和旅游部,,2980,getEcoDataIndCateringtourism,2002-12-31,2026-06-30,1,EcoInfoProGet,2026-08-13T01:09:36.711019+00:00,国内旅游消费:累计值,国内旅游消费:累计值,False,Domestic Tourism Consumption: Cumulative Value,Domestic Tourism Consumption: Cumulative Value,False,季,季,False,万亿元,万亿元,False,累计值,累计值,False,全国,全国,False,中国,中国,False,中华人民共和国文化和旅游部,中华人民共和国文化和旅游部,False,getEcoDataIndCateringtourism,getEcoDataIndCateringtourism,False,2002-12-31,2002-12-31,False,2026-03-31,2026-06-30,True,1,1,False,True,True,国内旅游消费:累计值,Domestic Tourism Consumption: Cumulative Value,季,万亿元,累计值,全国,中国,中华人民共和国文化和旅游部,getEcoDataIndCateringtourism,2002-12-31,2026-06-30,1,False,False,False,False,False,False,False,False,False,False,False,False,False
801210,社会服务,5,2180708875,国内旅游消费:累计值:农村居民,Domestic Tourism Consumption: Cumulative Value: Rural Resident,季,万亿元,累计值,全国,中国,中华人民共和国文化和旅游部,getEcoDataIndCateringtourism,2002-12-31,2026-03-31,1,141.0,2180708875,国内旅游消费:累计值:农村居民,Domestic Tourism Consumption: Cumulative Value: Rural Resident,S180708875,S180708537,0,季,万亿元,累计值,2.0,全国,中国,人民币元,不重要,中华人民共和国文化和旅游部,,2980,getEcoDataIndCateringtourism,2002-12-31,2026-06-30,1,EcoInfoProGet,2026-08-13T01:09:36.711019+00:00,国内旅游消费:累计值:农村居民,国内旅游消费:累计值:农村居民,False,Domestic Tourism Consumption: Cumulative Value: Rural Resident,Domestic Tourism Consumption: Cumulative Value: Rural Resident,False,季,季,False,万亿元,万亿元,False,累计值,累计值,False,全国,全国,False,中国,中国,False,中华人民共和国文化和旅游部,中华人民共和国文化和旅游部,False,getEcoDataIndCateringtourism,getEcoDataIndCateringtourism,False,2002-12-31,2002-12-31,False,2026-03-31,2026-06-30,True,1,1,False,True,True,国内旅游消费:累计值:农村居民,Domestic Tourism Consumption: Cumulative Value: Rural Resident,季,万亿元,累计值,全国,中国,中华人民共和国文化和旅游部,getEcoDataIndCateringtourism,2002-12-31,2026-06-30,1,False,False,False,False,False,False,False,False,False,False,False,False,False
801210,社会服务,6,2180708874,国内旅游消费:累计值:城镇居民,Domestic Tourism Consumption: Cumulative Value: Urban Resident,季,万亿元,累计值,全国,中国,中华人民共和国文化和旅游部,getEcoDataIndCateringtourism,2002-12-31,2026-03-31,1,141.0,2180708874,国内旅游消费:累计值:城镇居民,Domestic Tourism Consumption: Cumulative Value: Urban Resident,S180708874,S180708537,0,季,万亿元,累计值,2.0,全国,中国,人民币元,不重要,中华人民共和国文化和旅游部,,2980,getEcoDataIndCateringtourism,2002-12-31,2026-06-30,1,EcoInfoProGet,2026-08-13T01:09:36.711019+00:00,国内旅游消费:累计值:城镇居民,国内旅游消费:累计值:城镇居民,False,Domestic Tourism Consumption: Cumulative Value: Urban Resident,Domestic Tourism Consumption: Cumulative Value: Urban Resident,False,季,季,False,万亿元,万亿元,False,累计值,累计值,False,全国,全国,False,中国,中国,False,中华人民共和国文化和旅游部,中华人民共和国文化和旅游部,False,getEcoDataIndCateringtourism,getEcoDataIndCateringtourism,False,2002-12-31,2002-12-31,False,2026-03-31,2026-06-30,True,1,1,False,True,True,国内旅游消费:累计值:城镇居民,Domestic Tourism Consumption: Cumulative Value: Urban Resident,季,万亿元,累计值,全国,中国,中华人民共和国文化和旅游部,getEcoDataIndCateringtourism,2002-12-31,2026-06-30,1,False,False,False,False,False,False,False,False,False,False,False,False,False
801210,社会服务,7,1040005237,CPI:教育文化和娱乐:教育服务(上年同月=100),CPI: Educational Culture and Entertainment: Educational Services (CYoY=100),月,上年同月=100,当期值,全国,中国,国家统计局,getEcoDataChina,2001-01-31,2026-06-30,1,135.0,1040005237,CPI:教育文化和娱乐:教育服务(上年同月=100),CPI: Educational Culture and Entertainment: Educational Services (CYoY=100),M040005237,M040000051,0,月,上年同月=100,当期值,2.0,全国,中国,,不重要,国家统计局,,2975,getEcoDataChina,2001-01-31,2026-07-31,1,EcoInfoProGet,2026-08-13T01:09:36.711019+00:00,CPI:教育文化和娱乐:教育服务(上年同月=100),CPI:教育文化和娱乐:教育服务(上年同月=100),False,CPI: Educational Culture and Entertainment: Educational Services (CYoY=100),CPI: Educational Culture and Entertainment: Educational Services (CYoY=100),False,月,月,False,上年同月=100,上年同月=100,False,当期值,当期值,False,全国,全国,False,中国,中国,False,国家统计局,国家统计局,False,getEcoDataChina,getEcoDataChina,False,2001-01-31,2001-01-31,False,2026-06-30,2026-07-31,True,1,1,False,True,True,CPI:教育文化和娱乐:教育服务(上年同月=100),CPI: Educational Culture and Entertainment: Educational Services (CYoY=100),月,上年同月=100,当期值,全国,中国,国家统计局,getEcoDataChina,2001-01-31,2026-07-31,1,False,False,False,False,False,False,False,False,False,False,False,False,False
801210,社会服务,8,1040000057,CPI:教育文化和娱乐:旅行社及其他旅游服务(上年同月=100),CPI: Educational Culture and Entertainment: Travel Services and Other Tourism-related Services (CYoY=100),月,上年同月=100,当期值,全国,中国,国家统计局,getEcoDataChina,2001-01-31,2026-06-30,1,135.0,1040000057,CPI:教育文化和娱乐:旅行社及其他旅游服务(上年同月=100),CPI: Educational Culture and Entertainment: Travel Services and Other Tourism-related Services (CYoY=100),M040000057,M040000051,0,月,上年同月=100,当期值,2.0,全国,中国,,不重要,国家统计局,2026年1月起由旅游修改为旅行社及其他旅游服务,2975,getEcoDataChina,2001-01-31,2026-07-31,1,EcoInfoProGet,2026-08-13T01:09:36.711019+00:00,CPI:教育文化和娱乐:旅行社及其他旅游服务(上年同月=100),CPI:教育文化和娱乐:旅行社及其他旅游服务(上年同月=100),False,CPI: Educational Culture and Entertainment: Travel Services and Other Tourism-related Services (CYoY=100),CPI: Educational Culture and Entertainment: Travel Services and Other Tourism-related Services (CYoY=100),False,月,月,False,上年同月=100,上年同月=100,False,当期值,当期值,False,全国,全国,False,中国,中国,False,国家统计局,国家统计局,False,getEcoDataChina,getEcoDataChina,False,2001-01-31,2001-01-31,False,2026-06-30,2026-07-31,True,1,1,False,True,True,CPI:教育文化和娱乐:旅行社及其他旅游服务(上年同月=100),CPI: Educational Culture and Entertainment: Travel Services and Other Tourism-related Services (CYoY=100),月,上年同月=100,当期值,全国,中国,国家统计局,getEcoDataChina,2001-01-31,2026-07-31,1,False,False,False,False,False,False,False,False,False,False,False,False,False
801210,社会服务,9,1050000378,固定资产投资完成额:住宿和餐饮业:累计同比,Fixed Assets Investment Realized: Cumulative YoY: Accommodation and Catering,月,%,累计同比,全国,中国,国家统计局,getEcoDataChina,2004-02-29,2026-06-30,1,135.0,1050000378,固定资产投资完成额:住宿和餐饮业:累计同比,Fixed Assets Investment Realized: Cumulative YoY: Accommodation and Catering,M050000378,M050009996,0,月,%,累计同比,2.0,全国,中国,,比较重要,国家统计局,,2975,getEcoDataChina,2004-02-29,2026-06-30,1,EcoInfoProGet,2026-08-13T01:09:36.711019+00:00,固定资产投资完成额:住宿和餐饮业:累计同比,固定资产投资完成额:住宿和餐饮业:累计同比,False,Fixed Assets Investment Realized: Cumulative YoY: Accommodation and Catering,Fixed Assets Investment Realized: Cumulative YoY: Accommodation and Catering,False,月,月,False,%,%,False,累计同比,累计同比,False,全国,全国,False,中国,中国,False,国家统计局,国家统计局,False,getEcoDataChina,getEcoDataChina,False,2004-02-29,2004-02-29,False,2026-06-30,2026-06-30,False,1,1,False,True,False,固定资产投资完成额:住宿和餐饮业:累计同比,Fixed Assets Investment Realized: Cumulative YoY: Accommodation and Catering,月,%,累计同比,全国,中国,国家统计局,getEcoDataChina,2004-02-29,2026-06-30,1,False,False,False,False,False,False,False,False,False,False,False,False,False
801210,社会服务,10,1010008423,GDP:不变价:住宿和餐饮业:当季同比,GDP: at Constant Price: Accommodation and Restaurants: Current Quarter YoY,季,%,当期同比,全国,中国,国家统计局,getEcoDataChina,1993-03-31,2026-06-30,1,131.0,1010008423,GDP:不变价:住宿和餐饮业:当季同比,GDP: at Constant Price: Accommodation and Restaurants: Current Quarter YoY,M010008423,M010000003,0,季,%,当期同比,2.0,全国,中国,,比较重要,国家统计局,"国家统计局从2015年3季度开始改为分季核算方式,即分别计算各年1季度,2季度,3季度和4季度的GDP数据,累计数据通过当季数据相加得到。",2975,getEcoDataChina,1993-03-31,2026-06-30,1,EcoInfoProGet,2026-08-13T01:09:36.711019+00:00,GDP:不变价:住宿和餐饮业:当季同比,GDP:不变价:住宿和餐饮业:当季同比,False,GDP: at Constant Price: Accommodation and Restaurants: Current Quarter YoY,GDP: at Constant Price: Accommodation and Restaurants: Current Quarter YoY,False,季,季,False,%,%,False,当期同比,当期同比,False,全国,全国,False,中国,中国,False,国家统计局,国家统计局,False,getEcoDataChina,getEcoDataChina,False,1993-03-31,1993-03-31,False,2026-06-30,2026-06-30,False,1,1,False,True,False,GDP:不变价:住宿和餐饮业:当季同比,GDP: at Constant Price: Accommodation and Restaurants: Current Quarter YoY,季,%,当期同比,全国,中国,国家统计局,getEcoDataChina,1993-03-31,2026-06-30,1,False,False,False,False,False,False,False,False,False,False,False,False,False
801210,社会服务,11,1010000026,GDP:不变价:住宿和餐饮业:累计同比,GDP: at Constant Price: Accommodation and Restaurants: Cumulative YoY,季,%,累计同比,全国,中国,国家统计局,getEcoDataChina,1953-12-31,2026-06-30,1,131.0,1010000026,GDP:不变价:住宿和餐饮业:累计同比,GDP: at Constant Price: Accommodation and Restaurants: Cumulative YoY,M010000026,M010000003,0,季,%,累计同比,2.0,全国,中国,,比较重要,国家统计局,按可比价格计算。,2975,getEcoDataChina,1953-12-31,2026-06-30,1,EcoInfoProGet,2026-08-13T01:09:36.711019+00:00,GDP:不变价:住宿和餐饮业:累计同比,GDP:不变价:住宿和餐饮业:累计同比,False,GDP: at Constant Price: Accommodation and Restaurants: Cumulative YoY,GDP: at Constant Price: Accommodation and Restaurants: Cumulative YoY,False,季,季,False,%,%,False,累计同比,累计同比,False,全国,全国,False,中国,中国,False,国家统计局,国家统计局,False,getEcoDataChina,getEcoDataChina,False,1953-12-31,1953-12-31,False,2026-06-30,2026-06-30,False,1,1,False,True,False,GDP:不变价:住宿和餐饮业:累计同比,GDP: at Constant Price: Accommodation and Restaurants: Cumulative YoY,季,%,累计同比,全国,中国,国家统计局,getEcoDataChina,1953-12-31,2026-06-30,1,False,False,False,False,False,False,False,False,False,False,False,False,False
801210,社会服务,12,1010008406,GDP:现价:住宿和餐饮业:当季值,GDP: at Current Price: Accommodation and Restaurants: Current Quarter Value,季,亿元,当期值,全国,中国,国家统计局,getEcoDataChina,1992-03-31,2026-06-30,1,131.0,1010008406,GDP:现价:住宿和餐饮业:当季值,GDP: at Current Price: Accommodation and Restaurants: Current Quarter Value,M010008406,M010000003,0,季,亿元,当期值,2.0,全国,中国,人民币元,比较重要,国家统计局,"国家统计局从2015年3季度开始改为分季核算方式,即分别计算各年1季度,2季度,3季度和4季度的GDP数据,累计数据通过当季数据相加得到。",2975,getEcoDataChina,1992-03-31,2026-06-30,1,EcoInfoProGet,2026-08-13T01:09:36.711019+00:00,GDP:现价:住宿和餐饮业:当季值,GDP:现价:住宿和餐饮业:当季值,False,GDP: at Current Price: Accommodation and Restaurants: Current Quarter Value,GDP: at Current Price: Accommodation and Restaurants: Current Quarter Value,False,季,季,False,亿元,亿元,False,当期值,当期值,False,全国,全国,False,中国,中国,False,国家统计局,国家统计局,False,getEcoDataChina,getEcoDataChina,False,1992-03-31,1992-03-31,False,2026-06-30,2026-06-30,False,1,1,False,True,False,GDP:现价:住宿和餐饮业:当季值,GDP: at Current Price: Accommodation and Restaurants: Current Quarter Value,季,亿元,当期值,全国,中国,国家统计局,getEcoDataChina,1992-03-31,2026-06-30,1,False,False,False,False,False,False,False,False,False,False,False,False,False
801210,社会服务,13,1010000013,GDP:现价:住宿和餐饮业:累计值,GDP: at Current Price: Accommodation and Restaurants: Cumulative Value,季,亿元,累计值,全国,中国,国家统计局,getEcoDataChina,1952-12-31,2026-06-30,1,131.0,1010000013,GDP:现价:住宿和餐饮业:累计值,GDP: at Current Price: Accommodation and Restaurants: Cumulative Value,M010000013,M010000003,0,季,亿元,累计值,2.0,全国,中国,人民币元,比较重要,国家统计局,住宿和餐饮业增加值是指按市场价格计算的一个国家(或地区)所有常住单位在一定时期内从事住宿和餐饮业生产活动的最终成果。,2975,getEcoDataChina,1952-12-31,2026-06-30,1,EcoInfoProGet,2026-08-13T01:09:36.711019+00:00,GDP:现价:住宿和餐饮业:累计值,GDP:现价:住宿和餐饮业:累计值,False,GDP: at Current Price: Accommodation and Restaurants: Cumulative Value,GDP: at Current Price: Accommodation and Restaurants: Cumulative Value,False,季,季,False,亿元,亿元,False,累计值,累计值,False,全国,全国,False,中国,中国,False,国家统计局,国家统计局,False,getEcoDataChina,getEcoDataChina,False,1952-12-31,1952-12-31,False,2026-06-30,2026-06-30,False,1,1,False,True,False,GDP:现价:住宿和餐饮业:累计值,GDP: at Current Price: Accommodation and Restaurants: Cumulative Value,季,亿元,累计值,全国,中国,国家统计局,getEcoDataChina,1952-12-31,2026-06-30,1,False,False,False,False,False,False,False,False,False,False,False,False,False
801210,社会服务,14,1010017937,GDP:现价:初步核算数:住宿和餐饮业:当季值,GDP: at Current Price: Preliminary Accounting Results: Accommodation and Restaurants: Current Quarter Value,季,亿元,初值,全国,中国,国家统计局,getEcoDataChina,2015-09-30,2026-06-30,1,131.0,1010017937,GDP:现价:初步核算数:住宿和餐饮业:当季值,GDP: at Current Price: Preliminary Accounting Results: Accommodation and Restaurants: Current Quarter Value,M010017937,M010000003,0,季,亿元,初值,2.0,全国,中国,人民币元,比较重要,国家统计局,按当年价格计算。数据为初步核算数、不调整。,2975,getEcoDataChina,2015-09-30,2026-06-30,1,EcoInfoProGet,2026-08-13T01:09:36.711019+00:00,GDP:现价:初步核算数:住宿和餐饮业:当季值,GDP:现价:初步核算数:住宿和餐饮业:当季值,False,GDP: at Current Price: Preliminary Accounting Results: Accommodation and Restaurants: Current Quarter Value,GDP: at Current Price: Preliminary Accounting Results: Accommodation and Restaurants: Current Quarter Value,False,季,季,False,亿元,亿元,False,初值,初值,False,全国,全国,False,中国,中国,False,国家统计局,国家统计局,False,getEcoDataChina,getEcoDataChina,False,2015-09-30,2015-09-30,False,2026-06-30,2026-06-30,False,1,1,False,True,False,GDP:现价:初步核算数:住宿和餐饮业:当季值,GDP: at Current Price: Preliminary Accounting Results: Accommodation and Restaurants: Current Quarter Value,季,亿元,初值,全国,中国,国家统计局,getEcoDataChina,2015-09-30,2026-06-30,1,False,False,False,False,False,False,False,False,False,False,False,False,False
801210,社会服务,15,1010017964,GDP:现价:初步核算数:住宿和餐饮业:累计值,GDP: at Current Price: Preliminary Accounting Results: Accommodation and Restaurants: Cumulative Value,季,亿元,累计值(初值),全国,中国,国家统计局,getEcoDataChina,2012-09-30,2026-06-30,1,131.0,1010017964,GDP:现价:初步核算数:住宿和餐饮业:累计值,GDP: at Current Price: Preliminary Accounting Results: Accommodation and Restaurants: Cumulative Value,M010017964,M010000003,0,季,亿元,累计值(初值),2.0,全国,中国,人民币元,比较重要,国家统计局,按当年价格计算。数据为初步核算数、不调整。,2975,getEcoDataChina,2012-09-30,2026-06-30,1,EcoInfoProGet,2026-08-13T01:09:36.711019+00:00,GDP:现价:初步核算数:住宿和餐饮业:累计值,GDP:现价:初步核算数:住宿和餐饮业:累计值,False,GDP: at Current Price: Preliminary Accounting Results: Accommodation and Restaurants: Cumulative Value,GDP: at Current Price: Preliminary Accounting Results: Accommodation and Restaurants: Cumulative Value,False,季,季,False,亿元,亿元,False,累计值(初值),累计值(初值),False,全国,全国,False,中国,中国,False,国家统计局,国家统计局,False,getEcoDataChina,getEcoDataChina,False,2012-09-30,2012-09-30,False,2026-06-30,2026-06-30,False,1,1,False,True,False,GDP:现价:初步核算数:住宿和餐饮业:累计值,GDP: at Current Price: Preliminary Accounting Results: Accommodation and Restaurants: Cumulative Value,季,亿元,累计值(初值),全国,中国,国家统计局,getEcoDataChina,2012-09-30,2026-06-30,1,False,False,False,False,False,False,False,False,False,False,False,False,False
801210,社会服务,16,1010014356,GDP平减指数:住宿和餐饮业:当季同比,GDP Deflators Index: Accommodation and Restaurants: Current Quarter YoY,季,%,当期同比,全国,中国,Datayes!,getEcoDataChina,1993-03-31,2026-06-30,1,131.0,1010014356,GDP平减指数:住宿和餐饮业:当季同比,GDP Deflators Index: Accommodation and Restaurants: Current Quarter YoY,M010014356,M010000230,0,季,%,当期同比,2.0,全国,中国,,不重要,Datayes!,,2975,getEcoDataChina,1993-03-31,2026-06-30,1,EcoInfoProGet,2026-08-13T01:09:36.711019+00:00,GDP平减指数:住宿和餐饮业:当季同比,GDP平减指数:住宿和餐饮业:当季同比,False,GDP Deflators Index: Accommodation and Restaurants: Current Quarter YoY,GDP Deflators Index: Accommodation and Restaurants: Current Quarter YoY,False,季,季,False,%,%,False,当期同比,当期同比,False,全国,全国,False,中国,中国,False,Datayes!,Datayes!,False,getEcoDataChina,getEcoDataChina,False,1993-03-31,1993-03-31,False,2026-06-30,2026-06-30,False,1,1,False,True,False,GDP平减指数:住宿和餐饮业:当季同比,GDP Deflators Index: Accommodation and Restaurants: Current Quarter YoY,季,%,当期同比,全国,中国,Datayes!,getEcoDataChina,1993-03-31,2026-06-30,1,False,False,False,False,False,False,False,False,False,False,False,False,False
801210,社会服务,17,1010014344,GDP平减指数:住宿和餐饮业:累计同比,GDP Deflators Index: Accommodation and Restaurants: Cumulative YoY,季,%,累计同比,全国,中国,Datayes!,getEcoDataChina,1993-03-31,2026-06-30,1,131.0,1010014344,GDP平减指数:住宿和餐饮业:累计同比,GDP Deflators Index: Accommodation and Restaurants: Cumulative YoY,M010014344,M010000230,0,季,%,累计同比,2.0,全国,中国,,不重要,Datayes!,,2975,getEcoDataChina,1993-03-31,2026-06-30,1,EcoInfoProGet,2026-08-13T01:09:36.711019+00:00,GDP平减指数:住宿和餐饮业:累计同比,GDP平减指数:住宿和餐饮业:累计同比,False,GDP Deflators Index: Accommodation and Restaurants: Cumulative YoY,GDP Deflators Index: Accommodation and Restaurants: Cumulative YoY,False,季,季,False,%,%,False,累计同比,累计同比,False,全国,全国,False,中国,中国,False,Datayes!,Datayes!,False,getEcoDataChina,getEcoDataChina,False,1993-03-31,1993-03-31,False,2026-06-30,2026-06-30,False,1,1,False,True,False,GDP平减指数:住宿和餐饮业:累计同比,GDP Deflators Index: Accommodation and Restaurants: Cumulative YoY,季,%,累计同比,全国,中国,Datayes!,getEcoDataChina,1993-03-31,2026-06-30,1,False,False,False,False,False,False,False,False,False,False,False,False,False
801210,社会服务,18,1010014283,GDP指数:住宿和餐饮业:当季值,Indices of GDP: Accommodation and Restaurants: Current Quarter Value,季,上年同期=100,当期同比,全国,中国,国家统计局,getEcoDataChina,1993-03-31,2026-06-30,1,131.0,1010014283,GDP指数:住宿和餐饮业:当季值,Indices of GDP: Accommodation and Restaurants: Current Quarter Value,M010014283,M010014272,0,季,上年同期=100,当期同比,2.0,全国,中国,,不重要,国家统计局,,2975,getEcoDataChina,1993-03-31,2026-06-30,1,EcoInfoProGet,2026-08-13T01:09:36.711019+00:00,GDP指数:住宿和餐饮业:当季值,GDP指数:住宿和餐饮业:当季值,False,Indices of GDP: Accommodation and Restaurants: Current Quarter Value,Indices of GDP: Accommodation and Restaurants: Current Quarter Value,False,季,季,False,上年同期=100,上年同期=100,False,当期同比,当期同比,False,全国,全国,False,中国,中国,False,国家统计局,国家统计局,False,getEcoDataChina,getEcoDataChina,False,1993-03-31,1993-03-31,False,2026-06-30,2026-06-30,False,1,1,False,True,False,GDP指数:住宿和餐饮业:当季值,Indices of GDP: Accommodation and Restaurants: Current Quarter Value,季,上年同期=100,当期同比,全国,中国,国家统计局,getEcoDataChina,1993-03-31,2026-06-30,1,False,False,False,False,False,False,False,False,False,False,False,False,False
801210,社会服务,19,1010014299,GDP指数:住宿和餐饮业:累计值,Indices of GDP: Accommodation and Restaurants: Cumulative Value,季,上年同期=100,累计同比,全国,中国,国家统计局,getEcoDataChina,1993-03-31,2026-06-30,1,131.0,1010014299,GDP指数:住宿和餐饮业:累计值,Indices of GDP: Accommodation and Restaurants: Cumulative Value,M010014299,M010014272,0,季,上年同期=100,累计同比,2.0,全国,中国,,不重要,国家统计局,,2975,getEcoDataChina,1993-03-31,2026-06-30,1,EcoInfoProGet,2026-08-13T01:09:36.711019+00:00,GDP指数:住宿和餐饮业:累计值,GDP指数:住宿和餐饮业:累计值,False,Indices of GDP: Accommodation and Restaurants: Cumulative Value,Indices of GDP: Accommodation and Restaurants: Cumulative Value,False,季,季,False,上年同期=100,上年同期=100,False,累计同比,累计同比,False,全国,全国,False,中国,中国,False,国家统计局,国家统计局,False,getEcoDataChina,getEcoDataChina,False,1993-03-31,1993-03-31,False,2026-06-30,2026-06-30,False,1,1,False,True,False,GDP指数:住宿和餐饮业:累计值,Indices of GDP: Accommodation and Restaurants: Cumulative Value,季,上年同期=100,累计同比,全国,中国,国家统计局,getEcoDataChina,1993-03-31,2026-06-30,1,False,False,False,False,False,False,False,False,False,False,False,False,False
801210,社会服务,20,1010000050,GDP累计同比贡献率:住宿和餐饮业,Share of the Contributions to the Increase of the Accumulated GDP: Accommodation and Restaurants,季,%,当期值,全国,中国,Datayes!,getEcoDataChina,1993-03-31,2026-06-30,1,131.0,1010000050,GDP累计同比贡献率:住宿和餐饮业,Share of the Contributions to the Increase of the Accumulated GDP: Accommodation and Restaurants,M010000050,M010000041,0,季,%,当期值,2.0,全国,中国,,比较重要,Datayes!,,2975,getEcoDataChina,1993-03-31,2026-06-30,1,EcoInfoProGet,2026-08-13T01:09:36.711019+00:00,GDP累计同比贡献率:住宿和餐饮业,GDP累计同比贡献率:住宿和餐饮业,False,Share of the Contributions to the Increase of the Accumulated GDP: Accommodation and Restaurants,Share of the Contributions to the Increase of the Accumulated GDP: Accommodation and Restaurants,False,季,季,False,%,%,False,当期值,当期值,False,全国,全国,False,中国,中国,False,Datayes!,Datayes!,False,getEcoDataChina,getEcoDataChina,False,1993-03-31,1993-03-31,False,2026-06-30,2026-06-30,False,1,1,False,True,False,GDP累计同比贡献率:住宿和餐饮业,Share of the Contributions to the Increase of the Accumulated GDP: Accommodation and Restaurants,季,%,当期值,全国,中国,Datayes!,getEcoDataChina,1993-03-31,2026-06-30,1,False,False,False,False,False,False,False,False,False,False,False,False,False
801210,社会服务,21,1030000131,企业景气指数:住宿和餐饮业,Industry Prosperity Index: Accommodation and Catering Industry: Value in Current Quarter,季,%,当期值,全国,中国,国家统计局,getEcoDataChina,2002-03-31,2026-06-30,1,131.0,1030000131,企业景气指数:住宿和餐饮业,Industry Prosperity Index: Accommodation and Catering Industry: Value in Current Quarter,M030000131,M030000084,0,季,%,当期值,2.0,全国,中国,,不重要,国家统计局,,2975,getEcoDataChina,2002-03-31,2026-06-30,1,EcoInfoProGet,2026-08-13T01:09:36.711019+00:00,企业景气指数:住宿和餐饮业,企业景气指数:住宿和餐饮业,False,Industry Prosperity Index: Accommodation and Catering Industry: Value in Current Quarter,Industry Prosperity Index: Accommodation and Catering Industry: Value in Current Quarter,False,季,季,False,%,%,False,当期值,当期值,False,全国,全国,False,中国,中国,False,国家统计局,国家统计局,False,getEcoDataChina,getEcoDataChina,False,2002-03-31,2002-03-31,False,2026-06-30,2026-06-30,False,1,1,False,True,False,企业景气指数:住宿和餐饮业,Industry Prosperity Index: Accommodation and Catering Industry: Value in Current Quarter,季,%,当期值,全国,中国,国家统计局,getEcoDataChina,2002-03-31,2026-06-30,1,False,False,False,False,False,False,False,False,False,False,False,False,False
801210,社会服务,22,1030000475,企业景气指数:即期指数:住宿和餐饮业,Business Climate Index: Current: Accommodation And Catering Trade,季,%,当期值,全国,中国,国家统计局,getEcoDataChina,2012-03-31,2026-06-30,1,131.0,1030000475,企业景气指数:即期指数:住宿和餐饮业,Business Climate Index: Current: Accommodation And Catering Trade,M030000475,M030000084,0,季,%,当期值,1.0,全国,中国,,不重要,国家统计局,,2975,getEcoDataChina,2012-03-31,2026-06-30,1,EcoInfoProGet,2026-08-13T01:09:36.711019+00:00,企业景气指数:即期指数:住宿和餐饮业,企业景气指数:即期指数:住宿和餐饮业,False,Business Climate Index: Current: Accommodation And Catering Trade,Business Climate Index: Current: Accommodation And Catering Trade,False,季,季,False,%,%,False,当期值,当期值,False,全国,全国,False,中国,中国,False,国家统计局,国家统计局,False,getEcoDataChina,getEcoDataChina,False,2012-03-31,2012-03-31,False,2026-06-30,2026-06-30,False,1,1,False,True,False,企业景气指数:即期指数:住宿和餐饮业,Business Climate Index: Current: Accommodation And Catering Trade,季,%,当期值,全国,中国,国家统计局,getEcoDataChina,2012-03-31,2026-06-30,1,False,False,False,False,False,False,False,False,False,False,False,False,False
801210,社会服务,23,1030000535,企业景气指数:预期指数:住宿和餐饮业,Business Climate Index: Expectation: Accommodation And Catering Trade,季,%,当期值,全国,中国,国家统计局,getEcoDataChina,2012-03-31,2026-06-30,1,131.0,1030000535,企业景气指数:预期指数:住宿和餐饮业,Business Climate Index: Expectation: Accommodation And Catering Trade,M030000535,M030000084,0,季,%,当期值,1.0,全国,中国,,不重要,国家统计局,,2975,getEcoDataChina,2012-03-31,2026-06-30,1,EcoInfoProGet,2026-08-13T01:09:36.711019+00:00,企业景气指数:预期指数:住宿和餐饮业,企业景气指数:预期指数:住宿和餐饮业,False,Business Climate Index: Expectation: Accommodation And Catering Trade,Business Climate Index: Expectation: Accommodation And Catering Trade,False,季,季,False,%,%,False,当期值,当期值,False,全国,全国,False,中国,中国,False,国家统计局,国家统计局,False,getEcoDataChina,getEcoDataChina,False,2012-03-31,2012-03-31,False,2026-06-30,2026-06-30,False,1,1,False,True,False,企业景气指数:预期指数:住宿和餐饮业,Business Climate Index: Expectation: Accommodation And Catering Trade,季,%,当期值,全国,中国,国家统计局,getEcoDataChina,2012-03-31,2026-06-30,1,False,False,False,False,False,False,False,False,False,False,False,False,False
801210,社会服务,24,1010000062,对GDP累计同比的拉动:住宿和餐饮业,Contribution to the Accumulated GDP Growth: Accommodation and Restaurants,季,百分点,当期值,全国,中国,Datayes!,getEcoDataChina,1993-03-31,2026-06-30,1,131.0,1010000062,对GDP累计同比的拉动:住宿和餐饮业,Contribution to the Accumulated GDP Growth: Accommodation and Restaurants,M010000062,M010000041,0,季,百分点,当期值,2.0,全国,中国,,比较重要,Datayes!,,2975,getEcoDataChina,1993-03-31,2026-06-30,1,EcoInfoProGet,2026-08-13T01:09:36.711019+00:00,对GDP累计同比的拉动:住宿和餐饮业,对GDP累计同比的拉动:住宿和餐饮业,False,Contribution to the Accumulated GDP Growth: Accommodation and Restaurants,Contribution to the Accumulated GDP Growth: Accommodation and Restaurants,False,季,季,False,百分点,百分点,False,当期值,当期值,False,全国,全国,False,中国,中国,False,Datayes!,Datayes!,False,getEcoDataChina,getEcoDataChina,False,1993-03-31,1993-03-31,False,2026-06-30,2026-06-30,False,1,1,False,True,False,对GDP累计同比的拉动:住宿和餐饮业,Contribution to the Accumulated GDP Growth: Accommodation and Restaurants,季,百分点,当期值,全国,中国,Datayes!,getEcoDataChina,1993-03-31,2026-06-30,1,False,False,False,False,False,False,False,False,False,False,False,False,False
801210,社会服务,25,3190000996,南非:每间客房收入:现价:酒店:同比:未季调,South Africa: Income Per Stay Unit Nights Sold: At Current Prices: Hotels: YoY: NSA,月,%,当期同比,南非,南非,南非统计局,getEcoDataGlobeRest,2008-01-31,2026-05-31,1,121.0,3190000996,南非:每间客房收入:现价:酒店:同比:未季调,South Africa: Income Per Stay Unit Nights Sold: At Current Prices: Hotels: YoY: NSA,Y190000996,Y190001651,0,月,%,当期同比,2.0,南非,南非,,一般重要,南非统计局,,2999,getEcoDataGlobeRest,2008-01-31,2026-05-31,1,EcoInfoProGet,2026-08-13T01:09:36.711019+00:00,南非:每间客房收入:现价:酒店:同比:未季调,南非:每间客房收入:现价:酒店:同比:未季调,False,South Africa: Income Per Stay Unit Nights Sold: At Current Prices: Hotels: YoY: NSA,South Africa: Income Per Stay Unit Nights Sold: At Current Prices: Hotels: YoY: NSA,False,月,月,False,%,%,False,当期同比,当期同比,False,南非,南非,False,南非,南非,False,南非统计局,南非统计局,False,getEcoDataGlobeRest,getEcoDataGlobeRest,False,2008-01-31,2008-01-31,False,2026-05-31,2026-05-31,False,1,1,False,True,False,南非:每间客房收入:现价:酒店:同比:未季调,South Africa: Income Per Stay Unit Nights Sold: At Current Prices: Hotels: YoY: NSA,月,%,当期同比,南非,南非,南非统计局,getEcoDataGlobeRest,2008-01-31,2026-05-31,1,False,False,False,False,False,False,False,False,False,False,False,False,False
801210,社会服务,26,3190000956,南非:每间客房收入:现价:酒店:季调,South Africa: Income Per Stay Unit Nights Sold: At Current Prices: Hotels: SA,月,兰特,季调,南非,南非,南非统计局,getEcoDataGlobeRest,2007-01-31,2026-05-31,1,121.0,3190000956,南非:每间客房收入:现价:酒店:季调,South Africa: Income Per Stay Unit Nights Sold: At Current Prices: Hotels: SA,Y190000956,Y190001651,0,月,兰特,季调,2.0,南非,南非,南非兰特,一般重要,南非统计局,,2999,getEcoDataGlobeRest,2007-01-31,2026-05-31,1,EcoInfoProGet,2026-08-13T01:09:36.711019+00:00,南非:每间客房收入:现价:酒店:季调,南非:每间客房收入:现价:酒店:季调,False,South Africa: Income Per Stay Unit Nights Sold: At Current Prices: Hotels: SA,South Africa: Income Per Stay Unit Nights Sold: At Current Prices: Hotels: SA,False,月,月,False,兰特,兰特,False,季调,季调,False,南非,南非,False,南非,南非,False,南非统计局,南非统计局,False,getEcoDataGlobeRest,getEcoDataGlobeRest,False,2007-01-31,2007-01-31,False,2026-05-31,2026-05-31,False,1,1,False,True,False,南非:每间客房收入:现价:酒店:季调,South Africa: Income Per Stay Unit Nights Sold: At Current Prices: Hotels: SA,月,兰特,季调,南非,南非,南非统计局,getEcoDataGlobeRest,2007-01-31,2026-05-31,1,False,False,False,False,False,False,False,False,False,False,False,False,False
801210,社会服务,27,3190000921,南非:每间客房收入:现价:酒店:未季调,South Africa: Income Per Stay Unit Nights Sold: At Current Prices: Hotels: NSA,月,兰特,当期值,南非,南非,南非统计局,getEcoDataGlobeRest,2007-01-31,2026-05-31,1,121.0,3190000921,南非:每间客房收入:现价:酒店:未季调,South Africa: Income Per Stay Unit Nights Sold: At Current Prices: Hotels: NSA,Y190000921,Y190001651,0,月,兰特,当期值,2.0,南非,南非,南非兰特,一般重要,南非统计局,,2999,getEcoDataGlobeRest,2007-01-31,2026-05-31,1,EcoInfoProGet,2026-08-13T01:09:36.711019+00:00,南非:每间客房收入:现价:酒店:未季调,南非:每间客房收入:现价:酒店:未季调,False,South Africa: Income Per Stay Unit Nights Sold: At Current Prices: Hotels: NSA,South Africa: Income Per Stay Unit Nights Sold: At Current Prices: Hotels: NSA,False,月,月,False,兰特,兰特,False,当期值,当期值,False,南非,南非,False,南非,南非,False,南非统计局,南非统计局,False,getEcoDataGlobeRest,getEcoDataGlobeRest,False,2007-01-31,2007-01-31,False,2026-05-31,2026-05-31,False,1,1,False,True,False,南非:每间客房收入:现价:酒店:未季调,South Africa: Income Per Stay Unit Nights Sold: At Current Prices: Hotels: NSA,月,兰特,当期值,南非,南非,南非统计局,getEcoDataGlobeRest,2007-01-31,2026-05-31,1,False,False,False,False,False,False,False,False,False,False,False,False,False
801210,社会服务,28,3190001031,南非:每间客房收入:现价:酒店:环比:季调,South Africa: Income Per Stay Unit Nights Sold: At Current Prices: Hotels: MoM: SA,月,%,环比(季调),南非,南非,南非统计局,getEcoDataGlobeRest,2007-02-28,2026-05-31,1,121.0,3190001031,南非:每间客房收入:现价:酒店:环比:季调,South Africa: Income Per Stay Unit Nights Sold: At Current Prices: Hotels: MoM: SA,Y190001031,Y190001651,0,月,%,环比(季调),2.0,南非,南非,,一般重要,南非统计局,,2999,getEcoDataGlobeRest,2007-02-28,2026-05-31,1,EcoInfoProGet,2026-08-13T01:09:36.711019+00:00,南非:每间客房收入:现价:酒店:环比:季调,南非:每间客房收入:现价:酒店:环比:季调,False,South Africa: Income Per Stay Unit Nights Sold: At Current Prices: Hotels: MoM: SA,South Africa: Income Per Stay Unit Nights Sold: At Current Prices: Hotels: MoM: SA,False,月,月,False,%,%,False,环比(季调),环比(季调),False,南非,南非,False,南非,南非,False,南非统计局,南非统计局,False,getEcoDataGlobeRest,getEcoDataGlobeRest,False,2007-02-28,2007-02-28,False,2026-05-31,2026-05-31,False,1,1,False,True,False,南非:每间客房收入:现价:酒店:环比:季调,South Africa: Income Per Stay Unit Nights Sold: At Current Prices: Hotels: MoM: SA,月,%,环比(季调),南非,南非,南非统计局,getEcoDataGlobeRest,2007-02-28,2026-05-31,1,False,False,False,False,False,False,False,False,False,False,False,False,False
801210,社会服务,29,3190001006,南非:住宿收入:现价:酒店:同比:未季调,South Africa: Income from Accommodation: At Current Prices: Hotels: YoY: NSA,月,%,当期同比,南非,南非,南非统计局,getEcoDataGlobeRest,2008-01-31,2026-05-31,1,113.0,3190001006,南非:住宿收入:现价:酒店:同比:未季调,South Africa: Income from Accommodation: At Current Prices: Hotels: YoY: NSA,Y190001006,Y190001651,0,月,%,当期同比,2.0,南非,南非,,一般重要,南非统计局,,2999,getEcoDataGlobeRest,2008-01-31,2026-05-31,1,EcoInfoProGet,2026-08-13T01:09:36.711019+00:00,南非:住宿收入:现价:酒店:同比:未季调,南非:住宿收入:现价:酒店:同比:未季调,False,South Africa: Income from Accommodation: At Current Prices: Hotels: YoY: NSA,South Africa: Income from Accommodation: At Current Prices: Hotels: YoY: NSA,False,月,月,False,%,%,False,当期同比,当期同比,False,南非,南非,False,南非,南非,False,南非统计局,南非统计局,False,getEcoDataGlobeRest,getEcoDataGlobeRest,False,2008-01-31,2008-01-31,False,2026-05-31,2026-05-31,False,1,1,False,True,False,南非:住宿收入:现价:酒店:同比:未季调,South Africa: Income from Accommodation: At Current Prices: Hotels: YoY: NSA,月,%,当期同比,南非,南非,南非统计局,getEcoDataGlobeRest,2008-01-31,2026-05-31,1,False,False,False,False,False,False,False,False,False,False,False,False,False
801210,社会服务,30,3190000966,南非:住宿收入:现价:酒店:季调,South Africa: Income from Accommodation: At Current Prices: Hotels: SA,月,百万兰特,季调,南非,南非,南非统计局,getEcoDataGlobeRest,2007-01-31,2026-05-31,1,113.0,3190000966,南非:住宿收入:现价:酒店:季调,South Africa: Income from Accommodation: At Current Prices: Hotels: SA,Y190000966,Y190001651,0,月,百万兰特,季调,2.0,南非,南非,南非兰特,一般重要,南非统计局,,2999,getEcoDataGlobeRest,2007-01-31,2026-05-31,1,EcoInfoProGet,2026-08-13T01:09:36.711019+00:00,南非:住宿收入:现价:酒店:季调,南非:住宿收入:现价:酒店:季调,False,South Africa: Income from Accommodation: At Current Prices: Hotels: SA,South Africa: Income from Accommodation: At Current Prices: Hotels: SA,False,月,月,False,百万兰特,百万兰特,False,季调,季调,False,南非,南非,False,南非,南非,False,南非统计局,南非统计局,False,getEcoDataGlobeRest,getEcoDataGlobeRest,False,2007-01-31,2007-01-31,False,2026-05-31,2026-05-31,False,1,1,False,True,False,南非:住宿收入:现价:酒店:季调,South Africa: Income from Accommodation: At Current Prices: Hotels: SA,月,百万兰特,季调,南非,南非,南非统计局,getEcoDataGlobeRest,2007-01-31,2026-05-31,1,False,False,False,False,False,False,False,False,False,False,False,False,False
801710,建筑材料,1,2060819342,出口金额(美元):水泥、混凝土或人造石制品(6810):当月值,"Export Value (USD): Cement, Concrete or Artificial Stone Products (6810): Current Month Value",月,美元,当期值,中国,中国,海关总署,getEcoDataIndBuildingmaterials,2015-01-31,2026-06-30,1,145.0,2060819342,出口金额(美元):水泥、混凝土或人造石制品(6810):当月值,"Export Value (USD): Cement, Concrete or Artificial Stone Products (6810): Current Month Value",S060819342,S060818983,0,月,美元,当期值,2.0,中国,中国,美元,一般重要,海关总署,"HS编码""6810""中文全称为""水泥、混凝土或人造石制品,不论是否加强""",2979,getEcoDataIndBuildingmaterials,2015-01-31,2026-06-30,1,EcoInfoProGet,2026-08-13T01:09:36.711019+00:00,出口金额(美元):水泥、混凝土或人造石制品(6810):当月值,出口金额(美元):水泥、混凝土或人造石制品(6810):当月值,False,"Export Value (USD): Cement, Concrete or Artificial Stone Products (6810): Current Month Value","Export Value (USD): Cement, Concrete or Artificial Stone Products (6810): Current Month Value",False,月,月,False,美元,美元,False,当期值,当期值,False,中国,中国,False,中国,中国,False,海关总署,海关总署,False,getEcoDataIndBuildingmaterials,getEcoDataIndBuildingmaterials,False,2015-01-31,2015-01-31,False,2026-06-30,2026-06-30,False,1,1,False,True,False,出口金额(美元):水泥、混凝土或人造石制品(6810):当月值,"Export Value (USD): Cement, Concrete or Artificial Stone Products (6810): Current Month Value",月,美元,当期值,中国,中国,海关总署,getEcoDataIndBuildingmaterials,2015-01-31,2026-06-30,1,False,False,False,False,False,False,False,False,False,False,False,False,False
801710,建筑材料,2,2060819202,出口金额(美元):石料、石膏、水泥、石棉、云母及类似材料的制品(68):当月值,"Export Value (USD): Articles of Stone, Gypsum, Cement, Asbestos, Mica and Similar Materials (68): Current Month Value",月,美元,当期值,中国,中国,海关总署,getEcoDataIndBuildingmaterials,2015-01-31,2026-06-30,1,145.0,2060819202,出口金额(美元):石料、石膏、水泥、石棉、云母及类似材料的制品(68):当月值,"Export Value (USD): Articles of Stone, Gypsum, Cement, Asbestos, Mica and Similar Materials (68): Current Month Value",S060819202,S060818942,0,月,美元,当期值,2.0,中国,中国,美元,一般重要,海关总署,,2979,getEcoDataIndBuildingmaterials,2015-01-31,2026-06-30,1,EcoInfoProGet,2026-08-13T01:09:36.711019+00:00,出口金额(美元):石料、石膏、水泥、石棉、云母及类似材料的制品(68):当月值,出口金额(美元):石料、石膏、水泥、石棉、云母及类似材料的制品(68):当月值,False,"Export Value (USD): Articles of Stone, Gypsum, Cement, Asbestos, Mica and Similar Materials (68): Current Month Value","Export Value (USD): Articles of Stone, Gypsum, Cement, Asbestos, Mica and Similar Materials (68): Current Month Value",False,月,月,False,美元,美元,False,当期值,当期值,False,中国,中国,False,中国,中国,False,海关总署,海关总署,False,getEcoDataIndBuildingmaterials,getEcoDataIndBuildingmaterials,False,2015-01-31,2015-01-31,False,2026-06-30,2026-06-30,False,1,1,False,True,False,出口金额(美元):石料、石膏、水泥、石棉、云母及类似材料的制品(68):当月值,"Export Value (USD): Articles of Stone, Gypsum, Cement, Asbestos, Mica and Similar Materials (68): Current Month Value",月,美元,当期值,中国,中国,海关总署,getEcoDataIndBuildingmaterials,2015-01-31,2026-06-30,1,False,False,False,False,False,False,False,False,False,False,False,False,False
801710,建筑材料,3,1040005448,"生产资料价格:建材:普通硅酸盐水泥:42.5强度,散装:当月值","Price of Means of Production: Building Materials: Ordinary Portland Cement: 42.5 Strength, in Bulk: Current",月,元/吨,当期值,全国,中国,发改委,getEcoDataChina,2015-05-31,2026-06-30,1,145.0,1040005448,"生产资料价格:建材:普通硅酸盐水泥:42.5强度,散装:当月值","Price of Means of Production: Building Materials: Ordinary Portland Cement: 42.5 Strength, in Bulk: Current",M040005448,M040015365,0,月,元/吨,当期值,0.0,全国,中国,人民币元,不重要,发改委,,2975,getEcoDataChina,2015-05-31,2026-06-30,1,EcoInfoProGet,2026-08-13T01:09:36.711019+00:00,"生产资料价格:建材:普通硅酸盐水泥:42.5强度,散装:当月值","生产资料价格:建材:普通硅酸盐水泥:42.5强度,散装:当月值",False,"Price of Means of Production: Building Materials: Ordinary Portland Cement: 42.5 Strength, in Bulk: Current","Price of Means of Production: Building Materials: Ordinary Portland Cement: 42.5 Strength, in Bulk: Current",False,月,月,False,元/吨,元/吨,False,当期值,当期值,False,全国,全国,False,中国,中国,False,发改委,发改委,False,getEcoDataChina,getEcoDataChina,False,2015-05-31,2015-05-31,False,2026-06-30,2026-06-30,False,1,1,False,True,False,"生产资料价格:建材:普通硅酸盐水泥:42.5强度,散装:当月值","Price of Means of Production: Building Materials: Ordinary Portland Cement: 42.5 Strength, in Bulk: Current",月,元/吨,当期值,全国,中国,发改委,getEcoDataChina,2015-05-31,2026-06-30,1,False,False,False,False,False,False,False,False,False,False,False,False,False
801710,建筑材料,4,1040005451,"生产资料价格:建材:普通硅酸盐水泥:52.5强度,散装:当月值","Price of Means of Production: Building Materials: Portland Cement: 52.5 Strength, in Bulk: Current",月,元/吨,当期值,全国,中国,发改委,getEcoDataChina,2015-05-31,2026-06-30,1,145.0,1040005451,"生产资料价格:建材:普通硅酸盐水泥:52.5强度,散装:当月值","Price of Means of Production: Building Materials: Portland Cement: 52.5 Strength, in Bulk: Current",M040005451,M040015365,0,月,元/吨,当期值,0.0,全国,中国,人民币元,不重要,发改委,,2975,getEcoDataChina,2015-05-31,2026-06-30,1,EcoInfoProGet,2026-08-13T01:09:36.711019+00:00,"生产资料价格:建材:普通硅酸盐水泥:52.5强度,散装:当月值","生产资料价格:建材:普通硅酸盐水泥:52.5强度,散装:当月值",False,"Price of Means of Production: Building Materials: Portland Cement: 52.5 Strength, in Bulk: Current","Price of Means of Production: Building Materials: Portland Cement: 52.5 Strength, in Bulk: Current",False,月,月,False,元/吨,元/吨,False,当期值,当期值,False,全国,全国,False,中国,中国,False,发改委,发改委,False,getEcoDataChina,getEcoDataChina,False,2015-05-31,2015-05-31,False,2026-06-30,2026-06-30,False,1,1,False,True,False,"生产资料价格:建材:普通硅酸盐水泥:52.5强度,散装:当月值","Price of Means of Production: Building Materials: Portland Cement: 52.5 Strength, in Bulk: Current",月,元/吨,当期值,全国,中国,发改委,getEcoDataChina,2015-05-31,2026-06-30,1,False,False,False,False,False,False,False,False,False,False,False,False,False
801710,建筑材料,5,1040005436,生产资料价格:建材:浮法平板玻璃:5mm:当月值,Price of Means of Production: Building Materials: Float Glass: 5mm: Current,月,元/平方米,当期值,全国,中国,发改委,getEcoDataChina,2015-05-31,2026-06-30,1,145.0,1040005436,生产资料价格:建材:浮法平板玻璃:5mm:当月值,Price of Means of Production: Building Materials: Float Glass: 5mm: Current,M040005436,M040015365,0,月,元/平方米,当期值,2.0,全国,中国,人民币元,不重要,发改委,,2975,getEcoDataChina,2015-05-31,2026-06-30,1,EcoInfoProGet,2026-08-13T01:09:36.711019+00:00,生产资料价格:建材:浮法平板玻璃:5mm:当月值,生产资料价格:建材:浮法平板玻璃:5mm:当月值,False,Price of Means of Production: Building Materials: Float Glass: 5mm: Current,Price of Means of Production: Building Materials: Float Glass: 5mm: Current,False,月,月,False,元/平方米,元/平方米,False,当期值,当期值,False,全国,全国,False,中国,中国,False,发改委,发改委,False,getEcoDataChina,getEcoDataChina,False,2015-05-31,2015-05-31,False,2026-06-30,2026-06-30,False,1,1,False,True,False,生产资料价格:建材:浮法平板玻璃:5mm:当月值,Price of Means of Production: Building Materials: Float Glass: 5mm: Current,月,元/平方米,当期值,全国,中国,发改委,getEcoDataChina,2015-05-31,2026-06-30,1,False,False,False,False,False,False,False,False,False,False,False,False,False
801710,建筑材料,6,1040005445,生产资料价格:建材:矿渣硅酸盐水泥:42.5强度:当月值,Price of Means of Production: Building Material: Portland Slag Cement: 42.5 Strength: Current,月,元/吨,当期值,全国,中国,发改委,getEcoDataChina,2015-05-31,2026-06-30,1,145.0,1040005445,生产资料价格:建材:矿渣硅酸盐水泥:42.5强度:当月值,Price of Means of Production: Building Material: Portland Slag Cement: 42.5 Strength: Current,M040005445,M040015365,0,月,元/吨,当期值,0.0,全国,中国,人民币元,不重要,发改委,,2975,getEcoDataChina,2015-05-31,2026-06-30,1,EcoInfoProGet,2026-08-13T01:09:36.711019+00:00,生产资料价格:建材:矿渣硅酸盐水泥:42.5强度:当月值,生产资料价格:建材:矿渣硅酸盐水泥:42.5强度:当月值,False,Price of Means of Production: Building Material: Portland Slag Cement: 42.5 Strength: Current,Price of Means of Production: Building Material: Portland Slag Cement: 42.5 Strength: Current,False,月,月,False,元/吨,元/吨,False,当期值,当期值,False,全国,全国,False,中国,中国,False,发改委,发改委,False,getEcoDataChina,getEcoDataChina,False,2015-05-31,2015-05-31,False,2026-06-30,2026-06-30,False,1,1,False,True,False,生产资料价格:建材:矿渣硅酸盐水泥:42.5强度:当月值,Price of Means of Production: Building Material: Portland Slag Cement: 42.5 Strength: Current,月,元/吨,当期值,全国,中国,发改委,getEcoDataChina,2015-05-31,2026-06-30,1,False,False,False,False,False,False,False,False,False,False,False,False,False
801710,建筑材料,7,1040005442,生产资料价格:建材:钢化平板玻璃:5mm:当月值,Price of Means of Production: Building Materials: Tempered Glass: 5mm: Current,月,元/平方米,当期值,全国,中国,发改委,getEcoDataChina,2015-05-31,2026-06-30,1,145.0,1040005442,生产资料价格:建材:钢化平板玻璃:5mm:当月值,Price of Means of Production: Building Materials: Tempered Glass: 5mm: Current,M040005442,M040015365,0,月,元/平方米,当期值,2.0,全国,中国,人民币元,不重要,发改委,,2975,getEcoDataChina,2015-05-31,2026-06-30,1,EcoInfoProGet,2026-08-13T01:09:36.711019+00:00,生产资料价格:建材:钢化平板玻璃:5mm:当月值,生产资料价格:建材:钢化平板玻璃:5mm:当月值,False,Price of Means of Production: Building Materials: Tempered Glass: 5mm: Current,Price of Means of Production: Building Materials: Tempered Glass: 5mm: Current,False,月,月,False,元/平方米,元/平方米,False,当期值,当期值,False,全国,全国,False,中国,中国,False,发改委,发改委,False,getEcoDataChina,getEcoDataChina,False,2015-05-31,2015-05-31,False,2026-06-30,2026-06-30,False,1,1,False,True,False,生产资料价格:建材:钢化平板玻璃:5mm:当月值,Price of Means of Production: Building Materials: Tempered Glass: 5mm: Current,月,元/平方米,当期值,全国,中国,发改委,getEcoDataChina,2015-05-31,2026-06-30,1,False,False,False,False,False,False,False,False,False,False,False,False,False
801710,建筑材料,8,2060819344,进出口金额(美元):水泥、混凝土或人造石制品(6810):当月值,"Import and Export Value (USD): Cement, Concrete or Artificial Stone Products (6810): Current Month Value",月,美元,当期值,中国,中国,海关总署,getEcoDataIndBuildingmaterials,2015-01-31,2026-06-30,1,145.0,2060819344,进出口金额(美元):水泥、混凝土或人造石制品(6810):当月值,"Import and Export Value (USD): Cement, Concrete or Artificial Stone Products (6810): Current Month Value",S060819344,S060818983,0,月,美元,当期值,2.0,中国,中国,美元,一般重要,海关总署,"HS编码""6810""中文全称为""水泥、混凝土或人造石制品,不论是否加强""",2979,getEcoDataIndBuildingmaterials,2015-01-31,2026-06-30,1,EcoInfoProGet,2026-08-13T01:09:36.711019+00:00,进出口金额(美元):水泥、混凝土或人造石制品(6810):当月值,进出口金额(美元):水泥、混凝土或人造石制品(6810):当月值,False,"Import and Export Value (USD): Cement, Concrete or Artificial Stone Products (6810): Current Month Value","Import and Export Value (USD): Cement, Concrete or Artificial Stone Products (6810): Current Month Value",False,月,月,False,美元,美元,False,当期值,当期值,False,中国,中国,False,中国,中国,False,海关总署,海关总署,False,getEcoDataIndBuildingmaterials,getEcoDataIndBuildingmaterials,False,2015-01-31,2015-01-31,False,2026-06-30,2026-06-30,False,1,1,False,True,False,进出口金额(美元):水泥、混凝土或人造石制品(6810):当月值,"Import and Export Value (USD): Cement, Concrete or Artificial Stone Products (6810): Current Month Value",月,美元,当期值,中国,中国,海关总署,getEcoDataIndBuildingmaterials,2015-01-31,2026-06-30,1,False,False,False,False,False,False,False,False,False,False,False,False,False
801710,建筑材料,9,2060819204,进出口金额(美元):石料、石膏、水泥、石棉、云母及类似材料的制品(68):当月值,"Import and Export Value (USD): Articles of Stone, Gypsum, Cement, Asbestos, Mica and Similar Materials (68): Current Month Value",月,美元,当期值,中国,中国,海关总署,getEcoDataIndBuildingmaterials,2015-01-31,2026-06-30,1,145.0,2060819204,进出口金额(美元):石料、石膏、水泥、石棉、云母及类似材料的制品(68):当月值,"Import and Export Value (USD): Articles of Stone, Gypsum, Cement, Asbestos, Mica and Similar Materials (68): Current Month Value",S060819204,S060818942,0,月,美元,当期值,2.0,中国,中国,美元,一般重要,海关总署,,2979,getEcoDataIndBuildingmaterials,2015-01-31,2026-06-30,1,EcoInfoProGet,2026-08-13T01:09:36.711019+00:00,进出口金额(美元):石料、石膏、水泥、石棉、云母及类似材料的制品(68):当月值,进出口金额(美元):石料、石膏、水泥、石棉、云母及类似材料的制品(68):当月值,False,"Import and Export Value (USD): Articles of Stone, Gypsum, Cement, Asbestos, Mica and Similar Materials (68): Current Month Value","Import and Export Value (USD): Articles of Stone, Gypsum, Cement, Asbestos, Mica and Similar Materials (68): Current Month Value",False,月,月,False,美元,美元,False,当期值,当期值,False,中国,中国,False,中国,中国,False,海关总署,海关总署,False,getEcoDataIndBuildingmaterials,getEcoDataIndBuildingmaterials,False,2015-01-31,2015-01-31,False,2026-06-30,2026-06-30,False,1,1,False,True,False,进出口金额(美元):石料、石膏、水泥、石棉、云母及类似材料的制品(68):当月值,"Import and Export Value (USD): Articles of Stone, Gypsum, Cement, Asbestos, Mica and Similar Materials (68): Current Month Value",月,美元,当期值,中国,中国,海关总署,getEcoDataIndBuildingmaterials,2015-01-31,2026-06-30,1,False,False,False,False,False,False,False,False,False,False,False,False,False
801710,建筑材料,10,1020000195,出口交货值:非金属矿物制品业:当月同比,Export Delivery Value: Non-Metallic Mineral Products Industry: Current YoY (Month),月,%,当期同比,全国,中国,国家统计局,getEcoDataChina,2007-02-28,2026-06-30,1,143.0,1020000195,出口交货值:非金属矿物制品业:当月同比,Export Delivery Value: Non-Metallic Mineral Products Industry: Current YoY (Month),M020000195,M020000129,0,月,%,当期同比,2.0,全国,中国,,不重要,国家统计局,,2975,getEcoDataChina,2007-02-28,2026-06-30,1,EcoInfoProGet,2026-08-13T01:09:36.711019+00:00,出口交货值:非金属矿物制品业:当月同比,出口交货值:非金属矿物制品业:当月同比,False,Export Delivery Value: Non-Metallic Mineral Products Industry: Current YoY (Month),Export Delivery Value: Non-Metallic Mineral Products Industry: Current YoY (Month),False,月,月,False,%,%,False,当期同比,当期同比,False,全国,全国,False,中国,中国,False,国家统计局,国家统计局,False,getEcoDataChina,getEcoDataChina,False,2007-02-28,2007-02-28,False,2026-06-30,2026-06-30,False,1,1,False,True,False,出口交货值:非金属矿物制品业:当月同比,Export Delivery Value: Non-Metallic Mineral Products Industry: Current YoY (Month),月,%,当期同比,全国,中国,国家统计局,getEcoDataChina,2007-02-28,2026-06-30,1,False,False,False,False,False,False,False,False,False,False,False,False,False
801710,建筑材料,11,1020000154,出口交货值:非金属矿物制品业:当期值,Export Delivery Value: Non-Metallic Mineral Products Industry: Current Value,月,亿元,当期值,全国,中国,国家统计局,getEcoDataChina,2007-02-28,2026-06-30,1,143.0,1020000154,出口交货值:非金属矿物制品业:当期值,Export Delivery Value: Non-Metallic Mineral Products Industry: Current Value,M020000154,M020000129,0,月,亿元,当期值,2.0,全国,中国,人民币元,不重要,国家统计局,,2975,getEcoDataChina,2007-02-28,2026-06-30,1,EcoInfoProGet,2026-08-13T01:09:36.711019+00:00,出口交货值:非金属矿物制品业:当期值,出口交货值:非金属矿物制品业:当期值,False,Export Delivery Value: Non-Metallic Mineral Products Industry: Current Value,Export Delivery Value: Non-Metallic Mineral Products Industry: Current Value,False,月,月,False,亿元,亿元,False,当期值,当期值,False,全国,全国,False,中国,中国,False,国家统计局,国家统计局,False,getEcoDataChina,getEcoDataChina,False,2007-02-28,2007-02-28,False,2026-06-30,2026-06-30,False,1,1,False,True,False,出口交货值:非金属矿物制品业:当期值,Export Delivery Value: Non-Metallic Mineral Products Industry: Current Value,月,亿元,当期值,全国,中国,国家统计局,getEcoDataChina,2007-02-28,2026-06-30,1,False,False,False,False,False,False,False,False,False,False,False,False,False
801710,建筑材料,12,2060810247,出口数量:石灰石助熔剂;制造石灰或水泥的钙质石(2521):当月值,Export Quantity: Limestone Flux; Calcareous Stone (2521) For Manufacturing Lime Or Cement: Current Month Value,月,千克,当期值,中国,中国,海关总署,getEcoDataIndBuildingmaterials,2015-01-31,2026-06-30,1,143.0,2060810247,出口数量:石灰石助熔剂;制造石灰或水泥的钙质石(2521):当月值,Export Quantity: Limestone Flux; Calcareous Stone (2521) For Manufacturing Lime Or Cement: Current Month Value,S060810247,S060810187,0,月,千克,当期值,2.0,中国,中国,,一般重要,海关总署,"HS编码""2521""中文全称为""石灰石助熔剂;通常用于制造石灰或水泥的石灰石及其他钙质石"",与HS编码""252100""中文全称为""石灰石助熔剂;用于制造石灰或水泥的钙质石""相同,与HS编码""25210000""中文全称为""石灰石助熔剂;制造石灰或水泥的钙质石""相同",2979,getEcoDataIndBuildingmaterials,2015-01-31,2026-06-30,1,EcoInfoProGet,2026-08-13T01:09:36.711019+00:00,出口数量:石灰石助熔剂;制造石灰或水泥的钙质石(2521):当月值,出口数量:石灰石助熔剂;制造石灰或水泥的钙质石(2521):当月值,False,Export Quantity: Limestone Flux; Calcareous Stone (2521) For Manufacturing Lime Or Cement: Current Month Value,Export Quantity: Limestone Flux; Calcareous Stone (2521) For Manufacturing Lime Or Cement: Current Month Value,False,月,月,False,千克,千克,False,当期值,当期值,False,中国,中国,False,中国,中国,False,海关总署,海关总署,False,getEcoDataIndBuildingmaterials,getEcoDataIndBuildingmaterials,False,2015-01-31,2015-01-31,False,2026-06-30,2026-06-30,False,1,1,False,True,False,出口数量:石灰石助熔剂;制造石灰或水泥的钙质石(2521):当月值,Export Quantity: Limestone Flux; Calcareous Stone (2521) For Manufacturing Lime Or Cement: Current Month Value,月,千克,当期值,中国,中国,海关总署,getEcoDataIndBuildingmaterials,2015-01-31,2026-06-30,1,False,False,False,False,False,False,False,False,False,False,False,False,False
801710,建筑材料,13,2060809995,出口金额(人民币):玻璃纤维及其制品(7019):当月值,Export Amount (Rmb) : Glass Fiber And Its Products (7019) : Value During The Month,月,元,当期值,中国,中国,海关总署,getEcoDataIndBuildingmaterials,2015-01-31,2026-06-30,1,143.0,2060809995,出口金额(人民币):玻璃纤维及其制品(7019):当月值,Export Amount (Rmb) : Glass Fiber And Its Products (7019) : Value During The Month,S060809995,S060808878,0,月,元,当期值,0.0,中国,中国,人民币元,一般重要,海关总署,,2979,getEcoDataIndBuildingmaterials,2015-01-31,2026-06-30,1,EcoInfoProGet,2026-08-13T01:09:36.711019+00:00,出口金额(人民币):玻璃纤维及其制品(7019):当月值,出口金额(人民币):玻璃纤维及其制品(7019):当月值,False,Export Amount (Rmb) : Glass Fiber And Its Products (7019) : Value During The Month,Export Amount (Rmb) : Glass Fiber And Its Products (7019) : Value During The Month,False,月,月,False,元,元,False,当期值,当期值,False,中国,中国,False,中国,中国,False,海关总署,海关总署,False,getEcoDataIndBuildingmaterials,getEcoDataIndBuildingmaterials,False,2015-01-31,2015-01-31,False,2026-06-30,2026-06-30,False,1,1,False,True,False,出口金额(人民币):玻璃纤维及其制品(7019):当月值,Export Amount (Rmb) : Glass Fiber And Its Products (7019) : Value During The Month,月,元,当期值,中国,中国,海关总署,getEcoDataIndBuildingmaterials,2015-01-31,2026-06-30,1,False,False,False,False,False,False,False,False,False,False,False,False,False
801710,建筑材料,14,2060811226,出口金额(美元):其他玻璃制品(7020):当月值,Export Value (USD): Other Glass Products(7020): Current Month Value,月,美元,当期值,中国,中国,海关总署,getEcoDataIndBuildingmaterials,2015-01-31,2026-06-30,1,143.0,2060811226,出口金额(美元):其他玻璃制品(7020):当月值,Export Value (USD): Other Glass Products(7020): Current Month Value,S060811226,S060810751,0,月,美元,当期值,2.0,中国,中国,美元,一般重要,海关总署,,2979,getEcoDataIndBuildingmaterials,2015-01-31,2026-06-30,1,EcoInfoProGet,2026-08-13T01:09:36.711019+00:00,出口金额(美元):其他玻璃制品(7020):当月值,出口金额(美元):其他玻璃制品(7020):当月值,False,Export Value (USD): Other Glass Products(7020): Current Month Value,Export Value (USD): Other Glass Products(7020): Current Month Value,False,月,月,False,美元,美元,False,当期值,当期值,False,中国,中国,False,中国,中国,False,海关总署,海关总署,False,getEcoDataIndBuildingmaterials,getEcoDataIndBuildingmaterials,False,2015-01-31,2015-01-31,False,2026-06-30,2026-06-30,False,1,1,False,True,False,出口金额(美元):其他玻璃制品(7020):当月值,Export Value (USD): Other Glass Products(7020): Current Month Value,月,美元,当期值,中国,中国,海关总署,getEcoDataIndBuildingmaterials,2015-01-31,2026-06-30,1,False,False,False,False,False,False,False,False,False,False,False,False,False
801710,建筑材料,15,2060809996,出口金额(美元):玻璃纤维及其制品(7019):当月值,Export Amount (Us $) : Glass Fiber And Its Products (7019) : Value During The Month,月,美元,当期值,中国,中国,海关总署,getEcoDataIndBuildingmaterials,2015-01-31,2026-06-30,1,143.0,2060809996,出口金额(美元):玻璃纤维及其制品(7019):当月值,Export Amount (Us $) : Glass Fiber And Its Products (7019) : Value During The Month,S060809996,S060808878,0,月,美元,当期值,0.0,中国,中国,美元,一般重要,海关总署,"HS编码""7019""中文全称为""玻璃纤维(包括玻璃棉)及其制品(例如,玻璃纤维纱线及其织物)""",2979,getEcoDataIndBuildingmaterials,2015-01-31,2026-06-30,1,EcoInfoProGet,2026-08-13T01:09:36.711019+00:00,出口金额(美元):玻璃纤维及其制品(7019):当月值,出口金额(美元):玻璃纤维及其制品(7019):当月值,False,Export Amount (Us $) : Glass Fiber And Its Products (7019) : Value During The Month,Export Amount (Us $) : Glass Fiber And Its Products (7019) : Value During The Month,False,月,月,False,美元,美元,False,当期值,当期值,False,中国,中国,False,中国,中国,False,海关总署,海关总署,False,getEcoDataIndBuildingmaterials,getEcoDataIndBuildingmaterials,False,2015-01-31,2015-01-31,False,2026-06-30,2026-06-30,False,1,1,False,True,False,出口金额(美元):玻璃纤维及其制品(7019):当月值,Export Amount (Us $) : Glass Fiber And Its Products (7019) : Value During The Month,月,美元,当期值,中国,中国,海关总署,getEcoDataIndBuildingmaterials,2015-01-31,2026-06-30,1,False,False,False,False,False,False,False,False,False,False,False,False,False
801710,建筑材料,16,2060819356,出口金额(美元):石棉水泥、纤维素水泥或类似材料的制品(6811):当月值,"Export Value (USD): Products of Asbestos Cement, Cellulose Cement or Similar Materials (6811): Current Month Value",月,美元,当期值,中国,中国,海关总署,getEcoDataIndBuildingmaterials,2015-01-31,2026-06-30,1,143.0,2060819356,出口金额(美元):石棉水泥、纤维素水泥或类似材料的制品(6811):当月值,"Export Value (USD): Products of Asbestos Cement, Cellulose Cement or Similar Materials (6811): Current Month Value",S060819356,S060818984,0,月,美元,当期值,2.0,中国,中国,美元,一般重要,海关总署,,2979,getEcoDataIndBuildingmaterials,2015-01-31,2026-06-30,1,EcoInfoProGet,2026-08-13T01:09:36.711019+00:00,出口金额(美元):石棉水泥、纤维素水泥或类似材料的制品(6811):当月值,出口金额(美元):石棉水泥、纤维素水泥或类似材料的制品(6811):当月值,False,"Export Value (USD): Products of Asbestos Cement, Cellulose Cement or Similar Materials (6811): Current Month Value","Export Value (USD): Products of Asbestos Cement, Cellulose Cement or Similar Materials (6811): Current Month Value",False,月,月,False,美元,美元,False,当期值,当期值,False,中国,中国,False,中国,中国,False,海关总署,海关总署,False,getEcoDataIndBuildingmaterials,getEcoDataIndBuildingmaterials,False,2015-01-31,2015-01-31,False,2026-06-30,2026-06-30,False,1,1,False,True,False,出口金额(美元):石棉水泥、纤维素水泥或类似材料的制品(6811):当月值,"Export Value (USD): Products of Asbestos Cement, Cellulose Cement or Similar Materials (6811): Current Month Value",月,美元,当期值,中国,中国,海关总署,getEcoDataIndBuildingmaterials,2015-01-31,2026-06-30,1,False,False,False,False,False,False,False,False,False,False,False,False,False
801710,建筑材料,17,2060810240,出口金额(美元):石灰石助熔剂;制造石灰或水泥的钙质石(2521):当月值,Export Value (USD): Limestone Flux; Calcareous Stone For Manufacturing Lime Or Cement (2521): Current Month Value,月,美元,当期值,中国,中国,海关总署,getEcoDataIndBuildingmaterials,2015-01-31,2026-06-30,1,143.0,2060810240,出口金额(美元):石灰石助熔剂;制造石灰或水泥的钙质石(2521):当月值,Export Value (USD): Limestone Flux; Calcareous Stone For Manufacturing Lime Or Cement (2521): Current Month Value,S060810240,S060810187,0,月,美元,当期值,2.0,中国,中国,美元,一般重要,海关总署,"HS编码""2521""中文全称为""石灰石助熔剂;通常用于制造石灰或水泥的石灰石及其他钙质石"",与HS编码""252100""中文全称为""石灰石助熔剂;用于制造石灰或水泥的钙质石""相同,与HS编码""25210000""中文全称为""石灰石助熔剂;制造石灰或水泥的钙质石""相同",2979,getEcoDataIndBuildingmaterials,2015-01-31,2026-06-30,1,EcoInfoProGet,2026-08-13T01:09:36.711019+00:00,出口金额(美元):石灰石助熔剂;制造石灰或水泥的钙质石(2521):当月值,出口金额(美元):石灰石助熔剂;制造石灰或水泥的钙质石(2521):当月值,False,Export Value (USD): Limestone Flux; Calcareous Stone For Manufacturing Lime Or Cement (2521): Current Month Value,Export Value (USD): Limestone Flux; Calcareous Stone For Manufacturing Lime Or Cement (2521): Current Month Value,False,月,月,False,美元,美元,False,当期值,当期值,False,中国,中国,False,中国,中国,False,海关总署,海关总署,False,getEcoDataIndBuildingmaterials,getEcoDataIndBuildingmaterials,False,2015-01-31,2015-01-31,False,2026-06-30,2026-06-30,False,1,1,False,True,False,出口金额(美元):石灰石助熔剂;制造石灰或水泥的钙质石(2521):当月值,Export Value (USD): Limestone Flux; Calcareous Stone For Manufacturing Lime Or Cement (2521): Current Month Value,月,美元,当期值,中国,中国,海关总署,getEcoDataIndBuildingmaterials,2015-01-31,2026-06-30,1,False,False,False,False,False,False,False,False,False,False,False,False,False
801710,建筑材料,18,2060819328,出口金额(美元):石膏制品及以石膏为基本成分的混合材料制品(6809):当月值,Export Value (USD): Gypsum Products and Mixed Material Products With Gypsum As The Basic Component (6809): Current Month Value,月,美元,当期值,中国,中国,海关总署,getEcoDataIndBuildingmaterials,2015-01-31,2026-06-30,1,143.0,2060819328,出口金额(美元):石膏制品及以石膏为基本成分的混合材料制品(6809):当月值,Export Value (USD): Gypsum Products and Mixed Material Products With Gypsum As The Basic Component (6809): Current Month Value,S060819328,S060818982,0,月,美元,当期值,2.0,中国,中国,美元,一般重要,海关总署,,2979,getEcoDataIndBuildingmaterials,2015-01-31,2026-06-30,1,EcoInfoProGet,2026-08-13T01:09:36.711019+00:00,出口金额(美元):石膏制品及以石膏为基本成分的混合材料制品(6809):当月值,出口金额(美元):石膏制品及以石膏为基本成分的混合材料制品(6809):当月值,False,Export Value (USD): Gypsum Products and Mixed Material Products With Gypsum As The Basic Component (6809): Current Month Value,Export Value (USD): Gypsum Products and Mixed Material Products With Gypsum As The Basic Component (6809): Current Month Value,False,月,月,False,美元,美元,False,当期值,当期值,False,中国,中国,False,中国,中国,False,海关总署,海关总署,False,getEcoDataIndBuildingmaterials,getEcoDataIndBuildingmaterials,False,2015-01-31,2015-01-31,False,2026-06-30,2026-06-30,False,1,1,False,True,False,出口金额(美元):石膏制品及以石膏为基本成分的混合材料制品(6809):当月值,Export Value (USD): Gypsum Products and Mixed Material Products With Gypsum As The Basic Component (6809): Current Month Value,月,美元,当期值,中国,中国,海关总署,getEcoDataIndBuildingmaterials,2015-01-31,2026-06-30,1,False,False,False,False,False,False,False,False,False,False,False,False,False
801710,建筑材料,19,2060810274,出口金额(美元):硅酸盐水泥、矾土水泥等类似的水凝水泥(2523):当月值,"Export Value (USD): Portland Cement, Bauxite Cement And Similar Hydraulic Cement (2523): Current Month Value",月,美元,当期值,中国,中国,海关总署,getEcoDataIndBuildingmaterials,2015-01-31,2026-06-30,1,143.0,2060810274,出口金额(美元):硅酸盐水泥、矾土水泥等类似的水凝水泥(2523):当月值,"Export Value (USD): Portland Cement, Bauxite Cement And Similar Hydraulic Cement (2523): Current Month Value",S060810274,S060810192,0,月,美元,当期值,2.0,中国,中国,美元,一般重要,海关总署,"HS编码""2523""中文全称为""硅酸盐水泥、矾土水泥、矿渣水泥、富硫酸盐水泥及类似的水凝水泥""",2979,getEcoDataIndBuildingmaterials,2015-01-31,2026-06-30,1,EcoInfoProGet,2026-08-13T01:09:36.711019+00:00,出口金额(美元):硅酸盐水泥、矾土水泥等类似的水凝水泥(2523):当月值,出口金额(美元):硅酸盐水泥、矾土水泥等类似的水凝水泥(2523):当月值,False,"Export Value (USD): Portland Cement, Bauxite Cement And Similar Hydraulic Cement (2523): Current Month Value","Export Value (USD): Portland Cement, Bauxite Cement And Similar Hydraulic Cement (2523): Current Month Value",False,月,月,False,美元,美元,False,当期值,当期值,False,中国,中国,False,中国,中国,False,海关总署,海关总署,False,getEcoDataIndBuildingmaterials,getEcoDataIndBuildingmaterials,False,2015-01-31,2015-01-31,False,2026-06-30,2026-06-30,False,1,1,False,True,False,出口金额(美元):硅酸盐水泥、矾土水泥等类似的水凝水泥(2523):当月值,"Export Value (USD): Portland Cement, Bauxite Cement And Similar Hydraulic Cement (2523): Current Month Value",月,美元,当期值,中国,中国,海关总署,getEcoDataIndBuildingmaterials,2015-01-31,2026-06-30,1,False,False,False,False,False,False,False,False,False,False,False,False,False
801710,建筑材料,20,2060819412,出口金额(美元):耐火砖瓦及类似耐火陶瓷建材制品(6902):当月值,"Export Value (USD): Refractory Bricks, Tiles and Similar Refractory Ceramic Building Materials (6902): Current Month Value",月,美元,当期值,中国,中国,海关总署,getEcoDataIndBuildingmaterials,2015-01-31,2026-06-30,1,143.0,2060819412,出口金额(美元):耐火砖瓦及类似耐火陶瓷建材制品(6902):当月值,"Export Value (USD): Refractory Bricks, Tiles and Similar Refractory Ceramic Building Materials (6902): Current Month Value",S060819412,S060818989,0,月,美元,当期值,2.0,中国,中国,美元,一般重要,海关总署,"HS编码""6902""中文全称为""耐火砖、块、瓦及类似耐火陶瓷建材制品,但硅质化石粉及类似硅土制的除外""",2979,getEcoDataIndBuildingmaterials,2015-01-31,2026-06-30,1,EcoInfoProGet,2026-08-13T01:09:36.711019+00:00,出口金额(美元):耐火砖瓦及类似耐火陶瓷建材制品(6902):当月值,出口金额(美元):耐火砖瓦及类似耐火陶瓷建材制品(6902):当月值,False,"Export Value (USD): Refractory Bricks, Tiles and Similar Refractory Ceramic Building Materials (6902): Current Month Value","Export Value (USD): Refractory Bricks, Tiles and Similar Refractory Ceramic Building Materials (6902): Current Month Value",False,月,月,False,美元,美元,False,当期值,当期值,False,中国,中国,False,中国,中国,False,海关总署,海关总署,False,getEcoDataIndBuildingmaterials,getEcoDataIndBuildingmaterials,False,2015-01-31,2015-01-31,False,2026-06-30,2026-06-30,False,1,1,False,True,False,出口金额(美元):耐火砖瓦及类似耐火陶瓷建材制品(6902):当月值,"Export Value (USD): Refractory Bricks, Tiles and Similar Refractory Ceramic Building Materials (6902): Current Month Value",月,美元,当期值,中国,中国,海关总署,getEcoDataIndBuildingmaterials,2015-01-31,2026-06-30,1,False,False,False,False,False,False,False,False,False,False,False,False,False
801710,建筑材料,21,1020008262,工业企业:利润总额:非金属矿物制品业:累计值,Total Profit: Non-Metallic Mineral Manufacturing Industry: Cumulative Value,月,亿元,累计值,全国,中国,国家统计局,getEcoDataChina,2000-02-29,2026-06-30,1,143.0,1020008262,工业企业:利润总额:非金属矿物制品业:累计值,Total Profit: Non-Metallic Mineral Manufacturing Industry: Cumulative Value,M020008262,M020006126,0,月,亿元,累计值,2.0,全国,中国,人民币元,不重要,国家统计局,"从2011年起,规模以上工业企业起点标准由原来的年主营业务收入500万元提高到年主营业务收入2000万元。",2975,getEcoDataChina,2000-02-29,2026-06-30,1,EcoInfoProGet,2026-08-13T01:09:36.711019+00:00,工业企业:利润总额:非金属矿物制品业:累计值,工业企业:利润总额:非金属矿物制品业:累计值,False,Total Profit: Non-Metallic Mineral Manufacturing Industry: Cumulative Value,Total Profit: Non-Metallic Mineral Manufacturing Industry: Cumulative Value,False,月,月,False,亿元,亿元,False,累计值,累计值,False,全国,全国,False,中国,中国,False,国家统计局,国家统计局,False,getEcoDataChina,getEcoDataChina,False,2000-02-29,2000-02-29,False,2026-06-30,2026-06-30,False,1,1,False,True,False,工业企业:利润总额:非金属矿物制品业:累计值,Total Profit: Non-Metallic Mineral Manufacturing Industry: Cumulative Value,月,亿元,累计值,全国,中国,国家统计局,getEcoDataChina,2000-02-29,2026-06-30,1,False,False,False,False,False,False,False,False,False,False,False,False,False
801710,建筑材料,22,1020010193,工业企业:营业利润:非金属矿物制品业:累计值,Operating Profit: Non-Metallic Mineral Manufacturing Industry: Cumulative Value,月,亿元,累计值,全国,中国,国家统计局,getEcoDataChina,2017-02-28,2026-06-30,1,143.0,1020010193,工业企业:营业利润:非金属矿物制品业:累计值,Operating Profit: Non-Metallic Mineral Manufacturing Industry: Cumulative Value,M020010193,M020010167,0,月,亿元,累计值,2.0,全国,中国,人民币元,不重要,国家统计局,"从2011年起,规模以上工业企业起点标准由原来的年主营业务收入500万元提高到年主营业务收入2000万元。",2975,getEcoDataChina,2017-02-28,2026-06-30,1,EcoInfoProGet,2026-08-13T01:09:36.711019+00:00,工业企业:营业利润:非金属矿物制品业:累计值,工业企业:营业利润:非金属矿物制品业:累计值,False,Operating Profit: Non-Metallic Mineral Manufacturing Industry: Cumulative Value,Operating Profit: Non-Metallic Mineral Manufacturing Industry: Cumulative Value,False,月,月,False,亿元,亿元,False,累计值,累计值,False,全国,全国,False,中国,中国,False,国家统计局,国家统计局,False,getEcoDataChina,getEcoDataChina,False,2017-02-28,2017-02-28,False,2026-06-30,2026-06-30,False,1,1,False,True,False,工业企业:营业利润:非金属矿物制品业:累计值,Operating Profit: Non-Metallic Mineral Manufacturing Industry: Cumulative Value,月,亿元,累计值,全国,中国,国家统计局,getEcoDataChina,2017-02-28,2026-06-30,1,False,False,False,False,False,False,False,False,False,False,False,False,False
801710,建筑材料,23,1020001570,平板玻璃:产量:当月值,Output: Plate Glass,月,万重量箱,当期值,全国,中国,国家统计局,getEcoDataChina,1989-02-28,2026-06-30,1,143.0,1020001570,平板玻璃:产量:当月值,Output: Plate Glass,M020001570,M020001541,0,月,万重量箱,当期值,2.0,全国,中国,,比较重要,国家统计局,,2975,getEcoDataChina,1989-02-28,2026-06-30,1,EcoInfoProGet,2026-08-13T01:09:36.711019+00:00,平板玻璃:产量:当月值,平板玻璃:产量:当月值,False,Output: Plate Glass,Output: Plate Glass,False,月,月,False,万重量箱,万重量箱,False,当期值,当期值,False,全国,全国,False,中国,中国,False,国家统计局,国家统计局,False,getEcoDataChina,getEcoDataChina,False,1989-02-28,1989-02-28,False,2026-06-30,2026-06-30,False,1,1,False,True,False,平板玻璃:产量:当月值,Output: Plate Glass,月,万重量箱,当期值,全国,中国,国家统计局,getEcoDataChina,1989-02-28,2026-06-30,1,False,False,False,False,False,False,False,False,False,False,False,False,False
801710,建筑材料,24,1020000941,成本费用利润率:非金属矿物制品业,Profit-To-Cost Ratio: Non-Metallic Mineral Products Industry,月,%,当期值,全国,中国,国家统计局,getEcoDataChina,2003-02-28,2026-06-30,1,143.0,1020000941,成本费用利润率:非金属矿物制品业,Profit-To-Cost Ratio: Non-Metallic Mineral Products Industry,M020000941,M020000916,0,月,%,当期值,2.0,全国,中国,,不重要,国家统计局,,2975,getEcoDataChina,2003-02-28,2026-06-30,1,EcoInfoProGet,2026-08-13T01:09:36.711019+00:00,成本费用利润率:非金属矿物制品业,成本费用利润率:非金属矿物制品业,False,Profit-To-Cost Ratio: Non-Metallic Mineral Products Industry,Profit-To-Cost Ratio: Non-Metallic Mineral Products Industry,False,月,月,False,%,%,False,当期值,当期值,False,全国,全国,False,中国,中国,False,国家统计局,国家统计局,False,getEcoDataChina,getEcoDataChina,False,2003-02-28,2003-02-28,False,2026-06-30,2026-06-30,False,1,1,False,True,False,成本费用利润率:非金属矿物制品业,Profit-To-Cost Ratio: Non-Metallic Mineral Products Industry,月,%,当期值,全国,中国,国家统计局,getEcoDataChina,2003-02-28,2026-06-30,1,False,False,False,False,False,False,False,False,False,False,False,False,False
801710,建筑材料,25,1020001569,水泥:产量:当月值,Output: Cement: Current Value (Month),月,万吨,当期值,全国,中国,国家统计局,getEcoDataChina,1989-02-28,2026-06-30,1,143.0,1020001569,水泥:产量:当月值,Output: Cement: Current Value (Month),M020001569,M020001541,0,月,万吨,当期值,2.0,全国,中国,,比较重要,国家统计局,,2975,getEcoDataChina,1989-02-28,2026-06-30,1,EcoInfoProGet,2026-08-13T01:09:36.711019+00:00,水泥:产量:当月值,水泥:产量:当月值,False,Output: Cement: Current Value (Month),Output: Cement: Current Value (Month),False,月,月,False,万吨,万吨,False,当期值,当期值,False,全国,全国,False,中国,中国,False,国家统计局,国家统计局,False,getEcoDataChina,getEcoDataChina,False,1989-02-28,1989-02-28,False,2026-06-30,2026-06-30,False,1,1,False,True,False,水泥:产量:当月值,Output: Cement: Current Value (Month),月,万吨,当期值,全国,中国,国家统计局,getEcoDataChina,1989-02-28,2026-06-30,1,False,False,False,False,False,False,False,False,False,False,False,False,False
801710,建筑材料,26,1020000861,税前利润率:非金属矿物制品业,Pre-Tax Profit Margin: Non-Metallic Mineral Products Industry,月,%,当期值,全国,中国,国家统计局,getEcoDataChina,2000-02-29,2026-06-30,1,143.0,1020000861,税前利润率:非金属矿物制品业,Pre-Tax Profit Margin: Non-Metallic Mineral Products Industry,M020000861,M020000836,0,月,%,当期值,2.0,全国,中国,,不重要,国家统计局,,2975,getEcoDataChina,2000-02-29,2026-06-30,1,EcoInfoProGet,2026-08-13T01:09:36.711019+00:00,税前利润率:非金属矿物制品业,税前利润率:非金属矿物制品业,False,Pre-Tax Profit Margin: Non-Metallic Mineral Products Industry,Pre-Tax Profit Margin: Non-Metallic Mineral Products Industry,False,月,月,False,%,%,False,当期值,当期值,False,全国,全国,False,中国,中国,False,国家统计局,国家统计局,False,getEcoDataChina,getEcoDataChina,False,2000-02-29,2000-02-29,False,2026-06-30,2026-06-30,False,1,1,False,True,False,税前利润率:非金属矿物制品业,Pre-Tax Profit Margin: Non-Metallic Mineral Products Industry,月,%,当期值,全国,中国,国家统计局,getEcoDataChina,2000-02-29,2026-06-30,1,False,False,False,False,False,False,False,False,False,False,False,False,False
801710,建筑材料,27,2060810249,进出口数量:石灰石助熔剂;制造石灰或水泥的钙质石(2521):当月值,Import And Export Quantity: Limestone Flux; Calcareous Stone For Manufacturing Lime Or Cement (2521): Current Month Value,月,千克,当期值,中国,中国,海关总署,getEcoDataIndBuildingmaterials,2015-01-31,2026-06-30,1,143.0,2060810249,进出口数量:石灰石助熔剂;制造石灰或水泥的钙质石(2521):当月值,Import And Export Quantity: Limestone Flux; Calcareous Stone For Manufacturing Lime Or Cement (2521): Current Month Value,S060810249,S060810187,0,月,千克,当期值,2.0,中国,中国,,一般重要,海关总署,"HS编码""2521""中文全称为""石灰石助熔剂;通常用于制造石灰或水泥的石灰石及其他钙质石"",与HS编码""252100""中文全称为""石灰石助熔剂;用于制造石灰或水泥的钙质石""相同,与HS编码""25210000""中文全称为""石灰石助熔剂;制造石灰或水泥的钙质石""相同",2979,getEcoDataIndBuildingmaterials,2015-01-31,2026-06-30,1,EcoInfoProGet,2026-08-13T01:09:36.711019+00:00,进出口数量:石灰石助熔剂;制造石灰或水泥的钙质石(2521):当月值,进出口数量:石灰石助熔剂;制造石灰或水泥的钙质石(2521):当月值,False,Import And Export Quantity: Limestone Flux; Calcareous Stone For Manufacturing Lime Or Cement (2521): Current Month Value,Import And Export Quantity: Limestone Flux; Calcareous Stone For Manufacturing Lime Or Cement (2521): Current Month Value,False,月,月,False,千克,千克,False,当期值,当期值,False,中国,中国,False,中国,中国,False,海关总署,海关总署,False,getEcoDataIndBuildingmaterials,getEcoDataIndBuildingmaterials,False,2015-01-31,2015-01-31,False,2026-06-30,2026-06-30,False,1,1,False,True,False,进出口数量:石灰石助熔剂;制造石灰或水泥的钙质石(2521):当月值,Import And Export Quantity: Limestone Flux; Calcareous Stone For Manufacturing Lime Or Cement (2521): Current Month Value,月,千克,当期值,中国,中国,海关总署,getEcoDataIndBuildingmaterials,2015-01-31,2026-06-30,1,False,False,False,False,False,False,False,False,False,False,False,False,False
801710,建筑材料,28,2060811228,进出口金额(美元):其他玻璃制品(7020):当月值,Import And Export Value (USD): Other Glass Products(7020): Current Month Value,月,美元,当期值,中国,中国,海关总署,getEcoDataIndBuildingmaterials,2015-01-31,2026-06-30,1,143.0,2060811228,进出口金额(美元):其他玻璃制品(7020):当月值,Import And Export Value (USD): Other Glass Products(7020): Current Month Value,S060811228,S060810751,0,月,美元,当期值,2.0,中国,中国,美元,一般重要,海关总署,,2979,getEcoDataIndBuildingmaterials,2015-01-31,2026-06-30,1,EcoInfoProGet,2026-08-13T01:09:36.711019+00:00,进出口金额(美元):其他玻璃制品(7020):当月值,进出口金额(美元):其他玻璃制品(7020):当月值,False,Import And Export Value (USD): Other Glass Products(7020): Current Month Value,Import And Export Value (USD): Other Glass Products(7020): Current Month Value,False,月,月,False,美元,美元,False,当期值,当期值,False,中国,中国,False,中国,中国,False,海关总署,海关总署,False,getEcoDataIndBuildingmaterials,getEcoDataIndBuildingmaterials,False,2015-01-31,2015-01-31,False,2026-06-30,2026-06-30,False,1,1,False,True,False,进出口金额(美元):其他玻璃制品(7020):当月值,Import And Export Value (USD): Other Glass Products(7020): Current Month Value,月,美元,当期值,中国,中国,海关总署,getEcoDataIndBuildingmaterials,2015-01-31,2026-06-30,1,False,False,False,False,False,False,False,False,False,False,False,False,False
801710,建筑材料,29,2060811214,进出口金额(美元):玻璃纤维及其制品(7019):当月值,Import And Export Value (USD): Glass Fiber And Its Products(7019): Current Month Value,月,美元,当期值,中国,中国,海关总署,getEcoDataIndBuildingmaterials,2015-01-31,2026-06-30,1,143.0,2060811214,进出口金额(美元):玻璃纤维及其制品(7019):当月值,Import And Export Value (USD): Glass Fiber And Its Products(7019): Current Month Value,S060811214,S060810750,0,月,美元,当期值,2.0,中国,中国,美元,一般重要,海关总署,"HS编码""7019""中文全称为""玻璃纤维(包括玻璃棉)及其制品(例如,玻璃纤维纱线及其织物)""",2979,getEcoDataIndBuildingmaterials,2015-01-31,2026-06-30,1,EcoInfoProGet,2026-08-13T01:09:36.711019+00:00,进出口金额(美元):玻璃纤维及其制品(7019):当月值,进出口金额(美元):玻璃纤维及其制品(7019):当月值,False,Import And Export Value (USD): Glass Fiber And Its Products(7019): Current Month Value,Import And Export Value (USD): Glass Fiber And Its Products(7019): Current Month Value,False,月,月,False,美元,美元,False,当期值,当期值,False,中国,中国,False,中国,中国,False,海关总署,海关总署,False,getEcoDataIndBuildingmaterials,getEcoDataIndBuildingmaterials,False,2015-01-31,2015-01-31,False,2026-06-30,2026-06-30,False,1,1,False,True,False,进出口金额(美元):玻璃纤维及其制品(7019):当月值,Import And Export Value (USD): Glass Fiber And Its Products(7019): Current Month Value,月,美元,当期值,中国,中国,海关总署,getEcoDataIndBuildingmaterials,2015-01-31,2026-06-30,1,False,False,False,False,False,False,False,False,False,False,False,False,False
801710,建筑材料,30,2060819358,进出口金额(美元):石棉水泥、纤维素水泥或类似材料的制品(6811):当月值,"Import and Export Value (USD): Products of Asbestos Cement, Cellulose Cement or Similar Materials (6811): Current Month Value",月,美元,当期值,中国,中国,海关总署,getEcoDataIndBuildingmaterials,2015-01-31,2026-06-30,1,143.0,2060819358,进出口金额(美元):石棉水泥、纤维素水泥或类似材料的制品(6811):当月值,"Import and Export Value (USD): Products of Asbestos Cement, Cellulose Cement or Similar Materials (6811): Current Month Value",S060819358,S060818984,0,月,美元,当期值,2.0,中国,中国,美元,一般重要,海关总署,,2979,getEcoDataIndBuildingmaterials,2015-01-31,2026-06-30,1,EcoInfoProGet,2026-08-13T01:09:36.711019+00:00,进出口金额(美元):石棉水泥、纤维素水泥或类似材料的制品(6811):当月值,进出口金额(美元):石棉水泥、纤维素水泥或类似材料的制品(6811):当月值,False,"Import and Export Value (USD): Products of Asbestos Cement, Cellulose Cement or Similar Materials (6811): Current Month Value","Import and Export Value (USD): Products of Asbestos Cement, Cellulose Cement or Similar Materials (6811): Current Month Value",False,月,月,False,美元,美元,False,当期值,当期值,False,中国,中国,False,中国,中国,False,海关总署,海关总署,False,getEcoDataIndBuildingmaterials,getEcoDataIndBuildingmaterials,False,2015-01-31,2015-01-31,False,2026-06-30,2026-06-30,False,1,1,False,True,False,进出口金额(美元):石棉水泥、纤维素水泥或类似材料的制品(6811):当月值,"Import and Export Value (USD): Products of Asbestos Cement, Cellulose Cement or Similar Materials (6811): Current Month Value",月,美元,当期值,中国,中国,海关总署,getEcoDataIndBuildingmaterials,2015-01-31,2026-06-30,1,False,False,False,False,False,False,False,False,False,False,False,False,False
801720,建筑装饰,1,2170923949,建筑业企业本年新签合同额:累计同比,Value of Newly Signed Constructional Enterprises Contract This Year: Cumulative,季,%,累计同比,中国,中国,Datayes!,getEcoDataIndRealestate,2005-03-31,2026-06-30,1,157.0,2170923949,建筑业企业本年新签合同额:累计同比,Value of Newly Signed Constructional Enterprises Contract This Year: Cumulative,S170923949,S170744852,0,季,%,累计同比,2.0,中国,中国,,不重要,Datayes!,,2993,getEcoDataIndRealestate,2005-03-31,2026-06-30,1,EcoInfoProGet,2026-08-13T01:09:36.711019+00:00,建筑业企业本年新签合同额:累计同比,建筑业企业本年新签合同额:累计同比,False,Value of Newly Signed Constructional Enterprises Contract This Year: Cumulative,Value of Newly Signed Constructional Enterprises Contract This Year: Cumulative,False,季,季,False,%,%,False,累计同比,累计同比,False,中国,中国,False,中国,中国,False,Datayes!,Datayes!,False,getEcoDataIndRealestate,getEcoDataIndRealestate,False,2005-03-31,2005-03-31,False,2026-06-30,2026-06-30,False,1,1,False,True,False,建筑业企业本年新签合同额:累计同比,Value of Newly Signed Constructional Enterprises Contract This Year: Cumulative,季,%,累计同比,中国,中国,Datayes!,getEcoDataIndRealestate,2005-03-31,2026-06-30,1,False,False,False,False,False,False,False,False,False,False,False,False,False
801720,建筑装饰,2,1050021433,固定资产投资完成额:基础设施建设投资:累计同比,Fixed Assets Investment Completed: Infrastructure Construction Investment: Cumulative YoY,月,%,累计同比,全国,中国,Datayes!,getEcoDataChina,2004-02-29,2026-06-30,1,151.0,1050021433,固定资产投资完成额:基础设施建设投资:累计同比,Fixed Assets Investment Completed: Infrastructure Construction Investment: Cumulative YoY,M050021433,M050000003,0,月,%,累计同比,2.0,全国,中国,,比较重要,Datayes!,,2975,getEcoDataChina,2004-02-29,2026-06-30,1,EcoInfoProGet,2026-08-13T01:09:36.711019+00:00,固定资产投资完成额:基础设施建设投资:累计同比,固定资产投资完成额:基础设施建设投资:累计同比,False,Fixed Assets Investment Completed: Infrastructure Construction Investment: Cumulative YoY,Fixed Assets Investment Completed: Infrastructure Construction Investment: Cumulative YoY,False,月,月,False,%,%,False,累计同比,累计同比,False,全国,全国,False,中国,中国,False,Datayes!,Datayes!,False,getEcoDataChina,getEcoDataChina,False,2004-02-29,2004-02-29,False,2026-06-30,2026-06-30,False,1,1,False,True,False,固定资产投资完成额:基础设施建设投资:累计同比,Fixed Assets Investment Completed: Infrastructure Construction Investment: Cumulative YoY,月,%,累计同比,全国,中国,Datayes!,getEcoDataChina,2004-02-29,2026-06-30,1,False,False,False,False,False,False,False,False,False,False,False,False,False
801720,建筑装饰,3,1050000369,固定资产投资完成额:建筑业:累计同比,Fixed Assets Investment Realized: Cumulative YoY: Construction Industry ,月,%,累计同比,全国,中国,国家统计局,getEcoDataChina,2004-02-29,2026-06-30,1,151.0,1050000369,固定资产投资完成额:建筑业:累计同比,Fixed Assets Investment Realized: Cumulative YoY: Construction Industry ,M050000369,M050009996,0,月,%,累计同比,2.0,全国,中国,,比较重要,国家统计局,,2975,getEcoDataChina,2004-02-29,2026-06-30,1,EcoInfoProGet,2026-08-13T01:09:36.711019+00:00,固定资产投资完成额:建筑业:累计同比,固定资产投资完成额:建筑业:累计同比,False,Fixed Assets Investment Realized: Cumulative YoY: Construction Industry,Fixed Assets Investment Realized: Cumulative YoY: Construction Industry,False,月,月,False,%,%,False,累计同比,累计同比,False,全国,全国,False,中国,中国,False,国家统计局,国家统计局,False,getEcoDataChina,getEcoDataChina,False,2004-02-29,2004-02-29,False,2026-06-30,2026-06-30,False,1,1,False,True,False,固定资产投资完成额:建筑业:累计同比,Fixed Assets Investment Realized: Cumulative YoY: Construction Industry,月,%,累计同比,全国,中国,国家统计局,getEcoDataChina,2004-02-29,2026-06-30,1,False,False,False,False,False,False,False,False,False,False,False,False,False
801720,建筑装饰,4,1050000056,固定资产投资完成额:建筑安装工程:累计同比,Fixed Assets Investment Completed: Construction And Installation Work: Cumulative YoY,月,%,累计同比,全国,中国,国家统计局,getEcoDataChina,2004-02-29,2026-06-30,1,151.0,1050000056,固定资产投资完成额:建筑安装工程:累计同比,Fixed Assets Investment Completed: Construction And Installation Work: Cumulative YoY,M050000056,M050000052,0,月,%,累计同比,2.0,全国,中国,,比较重要,国家统计局,,2975,getEcoDataChina,2004-02-29,2026-06-30,1,EcoInfoProGet,2026-08-13T01:09:36.711019+00:00,固定资产投资完成额:建筑安装工程:累计同比,固定资产投资完成额:建筑安装工程:累计同比,False,Fixed Assets Investment Completed: Construction And Installation Work: Cumulative YoY,Fixed Assets Investment Completed: Construction And Installation Work: Cumulative YoY,False,月,月,False,%,%,False,累计同比,累计同比,False,全国,全国,False,中国,中国,False,国家统计局,国家统计局,False,getEcoDataChina,getEcoDataChina,False,2004-02-29,2004-02-29,False,2026-06-30,2026-06-30,False,1,1,False,True,False,固定资产投资完成额:建筑安装工程:累计同比,Fixed Assets Investment Completed: Construction And Installation Work: Cumulative YoY,月,%,累计同比,全国,中国,国家统计局,getEcoDataChina,2004-02-29,2026-06-30,1,False,False,False,False,False,False,False,False,False,False,False,False,False
801720,建筑装饰,5,1050007874,基础设施建设投资:当月同比,Infrastructure Development Investment: Month YoY,月,%,当期同比,全国,中国,Datayes!,getEcoDataChina,2004-03-31,2026-06-30,1,151.0,1050007874,基础设施建设投资:当月同比,Infrastructure Development Investment: Month YoY,M050007874,M050000003,0,月,%,当期同比,2.0,全国,中国,,不重要,Datayes!,,2975,getEcoDataChina,2004-03-31,2026-06-30,1,EcoInfoProGet,2026-08-13T01:09:36.711019+00:00,基础设施建设投资:当月同比,基础设施建设投资:当月同比,False,Infrastructure Development Investment: Month YoY,Infrastructure Development Investment: Month YoY,False,月,月,False,%,%,False,当期同比,当期同比,False,全国,全国,False,中国,中国,False,Datayes!,Datayes!,False,getEcoDataChina,getEcoDataChina,False,2004-03-31,2004-03-31,False,2026-06-30,2026-06-30,False,1,1,False,True,False,基础设施建设投资:当月同比,Infrastructure Development Investment: Month YoY,月,%,当期同比,全国,中国,Datayes!,getEcoDataChina,2004-03-31,2026-06-30,1,False,False,False,False,False,False,False,False,False,False,False,False,False
801720,建筑装饰,6,1050000446,民间固定资产投资完成额:建筑业:累计同比,Private Investment In Fixed Assets Completed: Construction Industry: Cumulative YoY,月,%,累计同比,全国,中国,国家统计局,getEcoDataChina,2012-03-31,2026-06-30,1,151.0,1050000446,民间固定资产投资完成额:建筑业:累计同比,Private Investment In Fixed Assets Completed: Construction Industry: Cumulative YoY,M050000446,M050000396,0,月,%,累计同比,2.0,全国,中国,,比较重要,国家统计局,,2975,getEcoDataChina,2012-03-31,2026-06-30,1,EcoInfoProGet,2026-08-13T01:09:36.711019+00:00,民间固定资产投资完成额:建筑业:累计同比,民间固定资产投资完成额:建筑业:累计同比,False,Private Investment In Fixed Assets Completed: Construction Industry: Cumulative YoY,Private Investment In Fixed Assets Completed: Construction Industry: Cumulative YoY,False,月,月,False,%,%,False,累计同比,累计同比,False,全国,全国,False,中国,中国,False,国家统计局,国家统计局,False,getEcoDataChina,getEcoDataChina,False,2012-03-31,2012-03-31,False,2026-06-30,2026-06-30,False,1,1,False,True,False,民间固定资产投资完成额:建筑业:累计同比,Private Investment In Fixed Assets Completed: Construction Industry: Cumulative YoY,月,%,累计同比,全国,中国,国家统计局,getEcoDataChina,2012-03-31,2026-06-30,1,False,False,False,False,False,False,False,False,False,False,False,False,False
801720,建筑装饰,7,2170923944,建筑业安装工程产值:累计同比,Output of Installation Engineering: Cumulative,季,%,累计同比,中国,中国,Datayes!,getEcoDataIndRealestate,2004-06-30,2026-06-30,1,147.0,2170923944,建筑业安装工程产值:累计同比,Output of Installation Engineering: Cumulative,S170923944,S170744852,0,季,%,累计同比,2.0,中国,中国,,不重要,Datayes!,,2993,getEcoDataIndRealestate,2004-06-30,2026-06-30,1,EcoInfoProGet,2026-08-13T01:09:36.711019+00:00,建筑业安装工程产值:累计同比,建筑业安装工程产值:累计同比,False,Output of Installation Engineering: Cumulative,Output of Installation Engineering: Cumulative,False,季,季,False,%,%,False,累计同比,累计同比,False,中国,中国,False,中国,中国,False,Datayes!,Datayes!,False,getEcoDataIndRealestate,getEcoDataIndRealestate,False,2004-06-30,2004-06-30,False,2026-06-30,2026-06-30,False,1,1,False,True,False,建筑业安装工程产值:累计同比,Output of Installation Engineering: Cumulative,季,%,累计同比,中国,中国,Datayes!,getEcoDataIndRealestate,2004-06-30,2026-06-30,1,False,False,False,False,False,False,False,False,False,False,False,False,False
801720,建筑装饰,8,2170923945,建筑业建筑工程产值:累计同比,Output of Constructional Engineering: Cumulative,季,%,累计同比,中国,中国,Datayes!,getEcoDataIndRealestate,2004-06-30,2026-06-30,1,147.0,2170923945,建筑业建筑工程产值:累计同比,Output of Constructional Engineering: Cumulative,S170923945,S170744852,0,季,%,累计同比,2.0,中国,中国,,不重要,Datayes!,,2993,getEcoDataIndRealestate,2004-06-30,2026-06-30,1,EcoInfoProGet,2026-08-13T01:09:36.711019+00:00,建筑业建筑工程产值:累计同比,建筑业建筑工程产值:累计同比,False,Output of Constructional Engineering: Cumulative,Output of Constructional Engineering: Cumulative,False,季,季,False,%,%,False,累计同比,累计同比,False,中国,中国,False,中国,中国,False,Datayes!,Datayes!,False,getEcoDataIndRealestate,getEcoDataIndRealestate,False,2004-06-30,2004-06-30,False,2026-06-30,2026-06-30,False,1,1,False,True,False,建筑业建筑工程产值:累计同比,Output of Constructional Engineering: Cumulative,季,%,累计同比,中国,中国,Datayes!,getEcoDataIndRealestate,2004-06-30,2026-06-30,1,False,False,False,False,False,False,False,False,False,False,False,False,False
801720,建筑装饰,9,2170923943,建筑业总产值:累计同比,Output of Construction Industry: YOY Quarterly,季,%,累计同比,中国,中国,Datayes!,getEcoDataIndRealestate,2004-06-30,2026-06-30,1,147.0,2170923943,建筑业总产值:累计同比,Output of Construction Industry: YOY Quarterly,S170923943,S170744852,0,季,%,累计同比,2.0,中国,中国,,不重要,Datayes!,,2993,getEcoDataIndRealestate,2004-06-30,2026-06-30,1,EcoInfoProGet,2026-08-13T01:09:36.711019+00:00,建筑业总产值:累计同比,建筑业总产值:累计同比,False,Output of Construction Industry: YOY Quarterly,Output of Construction Industry: YOY Quarterly,False,季,季,False,%,%,False,累计同比,累计同比,False,中国,中国,False,中国,中国,False,Datayes!,Datayes!,False,getEcoDataIndRealestate,getEcoDataIndRealestate,False,2004-06-30,2004-06-30,False,2026-06-30,2026-06-30,False,1,1,False,True,False,建筑业总产值:累计同比,Output of Construction Industry: YOY Quarterly,季,%,累计同比,中国,中国,Datayes!,getEcoDataIndRealestate,2004-06-30,2026-06-30,1,False,False,False,False,False,False,False,False,False,False,False,False,False
801720,建筑装饰,10,2170700008,建筑业竣工产值:累计值,Output of Construction Completion: Cumulative,季,亿元,累计值,全国,中国,国家统计局,getEcoDataIndRealestate,2003-06-30,2026-06-30,1,147.0,2170700008,建筑业竣工产值:累计值,Output of Construction Completion: Cumulative,S170700008,S170744852,0,季,亿元,累计值,,全国,中国,人民币元,不重要,国家统计局,,2993,getEcoDataIndRealestate,2003-06-30,2026-06-30,1,EcoInfoProGet,2026-08-13T01:09:36.711019+00:00,建筑业竣工产值:累计值,建筑业竣工产值:累计值,False,Output of Construction Completion: Cumulative,Output of Construction Completion: Cumulative,False,季,季,False,亿元,亿元,False,累计值,累计值,False,全国,全国,False,中国,中国,False,国家统计局,国家统计局,False,getEcoDataIndRealestate,getEcoDataIndRealestate,False,2003-06-30,2003-06-30,False,2026-06-30,2026-06-30,False,1,1,False,True,False,建筑业竣工产值:累计值,Output of Construction Completion: Cumulative,季,亿元,累计值,全国,中国,国家统计局,getEcoDataIndRealestate,2003-06-30,2026-06-30,1,False,False,False,False,False,False,False,False,False,False,False,False,False
801720,建筑装饰,11,2170923947,房屋建筑施工面积:累计同比,Housing Construction Area: Cumulative,季,%,累计同比,中国,中国,Datayes!,getEcoDataIndRealestate,2004-06-30,2026-06-30,1,147.0,2170923947,房屋建筑施工面积:累计同比,Housing Construction Area: Cumulative,S170923947,S170744852,0,季,%,累计同比,2.0,中国,中国,,不重要,Datayes!,,2993,getEcoDataIndRealestate,2004-06-30,2026-06-30,1,EcoInfoProGet,2026-08-13T01:09:36.711019+00:00,房屋建筑施工面积:累计同比,房屋建筑施工面积:累计同比,False,Housing Construction Area: Cumulative,Housing Construction Area: Cumulative,False,季,季,False,%,%,False,累计同比,累计同比,False,中国,中国,False,中国,中国,False,Datayes!,Datayes!,False,getEcoDataIndRealestate,getEcoDataIndRealestate,False,2004-06-30,2004-06-30,False,2026-06-30,2026-06-30,False,1,1,False,True,False,房屋建筑施工面积:累计同比,Housing Construction Area: Cumulative,季,%,累计同比,中国,中国,Datayes!,getEcoDataIndRealestate,2004-06-30,2026-06-30,1,False,False,False,False,False,False,False,False,False,False,False,False,False
801720,建筑装饰,12,2170923946,房屋建筑竣工面积:累计同比,Floor Space of Completed Building: Cumulative,季,%,累计同比,中国,中国,Datayes!,getEcoDataIndRealestate,2005-03-31,2026-06-30,1,147.0,2170923946,房屋建筑竣工面积:累计同比,Floor Space of Completed Building: Cumulative,S170923946,S170744852,0,季,%,累计同比,2.0,中国,中国,,不重要,Datayes!,,2993,getEcoDataIndRealestate,2005-03-31,2026-06-30,1,EcoInfoProGet,2026-08-13T01:09:36.711019+00:00,房屋建筑竣工面积:累计同比,房屋建筑竣工面积:累计同比,False,Floor Space of Completed Building: Cumulative,Floor Space of Completed Building: Cumulative,False,季,季,False,%,%,False,累计同比,累计同比,False,中国,中国,False,中国,中国,False,Datayes!,Datayes!,False,getEcoDataIndRealestate,getEcoDataIndRealestate,False,2005-03-31,2005-03-31,False,2026-06-30,2026-06-30,False,1,1,False,True,False,房屋建筑竣工面积:累计同比,Floor Space of Completed Building: Cumulative,季,%,累计同比,中国,中国,Datayes!,getEcoDataIndRealestate,2005-03-31,2026-06-30,1,False,False,False,False,False,False,False,False,False,False,False,False,False
801720,建筑装饰,13,1030000727,非制造业PMI:建筑业:新订单,Non-manufacturing PMI: Construction Industry: New Orders,月,%,当期值,全国,中国,国家统计局,getEcoDataChina,2008-02-29,2026-07-31,1,145.0,1030000727,非制造业PMI:建筑业:新订单,Non-manufacturing PMI: Construction Industry: New Orders,M030000727,M030000027,0,月,%,当期值,2.0,全国,中国,,一般重要,国家统计局,,2975,getEcoDataChina,2008-02-29,2026-07-31,1,EcoInfoProGet,2026-08-13T01:09:36.711019+00:00,非制造业PMI:建筑业:新订单,非制造业PMI:建筑业:新订单,False,Non-manufacturing PMI: Construction Industry: New Orders,Non-manufacturing PMI: Construction Industry: New Orders,False,月,月,False,%,%,False,当期值,当期值,False,全国,全国,False,中国,中国,False,国家统计局,国家统计局,False,getEcoDataChina,getEcoDataChina,False,2008-02-29,2008-02-29,False,2026-07-31,2026-07-31,False,1,1,False,True,False,非制造业PMI:建筑业:新订单,Non-manufacturing PMI: Construction Industry: New Orders,月,%,当期值,全国,中国,国家统计局,getEcoDataChina,2008-02-29,2026-07-31,1,False,False,False,False,False,False,False,False,False,False,False,False,False
801720,建筑装饰,14,2170700010,建筑业企业上年结转合同额:累计值,Value of Constructional Enterprises Contact Settlement and Transfer During Last Year: Cumulative,季,亿元,累计值,全国,中国,国家统计局,getEcoDataIndRealestate,2004-03-31,2026-06-30,1,141.0,2170700010,建筑业企业上年结转合同额:累计值,Value of Constructional Enterprises Contact Settlement and Transfer During Last Year: Cumulative,S170700010,S170744852,0,季,亿元,累计值,,全国,中国,人民币元,不重要,国家统计局,,2993,getEcoDataIndRealestate,2004-03-31,2026-06-30,1,EcoInfoProGet,2026-08-13T01:09:36.711019+00:00,建筑业企业上年结转合同额:累计值,建筑业企业上年结转合同额:累计值,False,Value of Constructional Enterprises Contact Settlement and Transfer During Last Year: Cumulative,Value of Constructional Enterprises Contact Settlement and Transfer During Last Year: Cumulative,False,季,季,False,亿元,亿元,False,累计值,累计值,False,全国,全国,False,中国,中国,False,国家统计局,国家统计局,False,getEcoDataIndRealestate,getEcoDataIndRealestate,False,2004-03-31,2004-03-31,False,2026-06-30,2026-06-30,False,1,1,False,True,False,建筑业企业上年结转合同额:累计值,Value of Constructional Enterprises Contact Settlement and Transfer During Last Year: Cumulative,季,亿元,累计值,全国,中国,国家统计局,getEcoDataIndRealestate,2004-03-31,2026-06-30,1,False,False,False,False,False,False,False,False,False,False,False,False,False
801720,建筑装饰,15,2170700009,建筑业企业签订合同金额:累计值,Value of Constructional Enterprises Contracts: Cumulative,季,亿元,累计值,全国,中国,国家统计局,getEcoDataIndRealestate,2004-03-31,2026-06-30,1,141.0,2170700009,建筑业企业签订合同金额:累计值,Value of Constructional Enterprises Contracts: Cumulative,S170700009,S170744852,0,季,亿元,累计值,,全国,中国,人民币元,不重要,国家统计局,,2993,getEcoDataIndRealestate,2004-03-31,2026-06-30,1,EcoInfoProGet,2026-08-13T01:09:36.711019+00:00,建筑业企业签订合同金额:累计值,建筑业企业签订合同金额:累计值,False,Value of Constructional Enterprises Contracts: Cumulative,Value of Constructional Enterprises Contracts: Cumulative,False,季,季,False,亿元,亿元,False,累计值,累计值,False,全国,全国,False,中国,中国,False,国家统计局,国家统计局,False,getEcoDataIndRealestate,getEcoDataIndRealestate,False,2004-03-31,2004-03-31,False,2026-06-30,2026-06-30,False,1,1,False,True,False,建筑业企业签订合同金额:累计值,Value of Constructional Enterprises Contracts: Cumulative,季,亿元,累计值,全国,中国,国家统计局,getEcoDataIndRealestate,2004-03-31,2026-06-30,1,False,False,False,False,False,False,False,False,False,False,False,False,False
801720,建筑装饰,16,1010008420,GDP:不变价:建筑业:当季同比,GDP: at Constant Price: Construction: Current Quarter YoY,季,%,当期同比,全国,中国,国家统计局,getEcoDataChina,1993-03-31,2026-06-30,1,139.0,1010008420,GDP:不变价:建筑业:当季同比,GDP: at Constant Price: Construction: Current Quarter YoY,M010008420,M010000003,0,季,%,当期同比,2.0,全国,中国,,比较重要,国家统计局,"国家统计局从2015年3季度开始改为分季核算方式,即分别计算各年1季度,2季度,3季度和4季度的GDP数据,累计数据通过当季数据相加得到。",2975,getEcoDataChina,1993-03-31,2026-06-30,1,EcoInfoProGet,2026-08-13T01:09:36.711019+00:00,GDP:不变价:建筑业:当季同比,GDP:不变价:建筑业:当季同比,False,GDP: at Constant Price: Construction: Current Quarter YoY,GDP: at Constant Price: Construction: Current Quarter YoY,False,季,季,False,%,%,False,当期同比,当期同比,False,全国,全国,False,中国,中国,False,国家统计局,国家统计局,False,getEcoDataChina,getEcoDataChina,False,1993-03-31,1993-03-31,False,2026-06-30,2026-06-30,False,1,1,False,True,False,GDP:不变价:建筑业:当季同比,GDP: at Constant Price: Construction: Current Quarter YoY,季,%,当期同比,全国,中国,国家统计局,getEcoDataChina,1993-03-31,2026-06-30,1,False,False,False,False,False,False,False,False,False,False,False,False,False
801720,建筑装饰,17,1010000022,GDP:不变价:建筑业:累计同比,GDP: at Constant Price: Construction: Cumulative YoY,季,%,累计同比,全国,中国,国家统计局,getEcoDataChina,1953-12-31,2026-06-30,1,139.0,1010000022,GDP:不变价:建筑业:累计同比,GDP: at Constant Price: Construction: Cumulative YoY,M010000022,M010000003,0,季,%,累计同比,2.0,全国,中国,,比较重要,国家统计局,按可比价格计算。,2975,getEcoDataChina,1953-12-31,2026-06-30,1,EcoInfoProGet,2026-08-13T01:09:36.711019+00:00,GDP:不变价:建筑业:累计同比,GDP:不变价:建筑业:累计同比,False,GDP: at Constant Price: Construction: Cumulative YoY,GDP: at Constant Price: Construction: Cumulative YoY,False,季,季,False,%,%,False,累计同比,累计同比,False,全国,全国,False,中国,中国,False,国家统计局,国家统计局,False,getEcoDataChina,getEcoDataChina,False,1953-12-31,1953-12-31,False,2026-06-30,2026-06-30,False,1,1,False,True,False,GDP:不变价:建筑业:累计同比,GDP: at Constant Price: Construction: Cumulative YoY,季,%,累计同比,全国,中国,国家统计局,getEcoDataChina,1953-12-31,2026-06-30,1,False,False,False,False,False,False,False,False,False,False,False,False,False
801720,建筑装饰,18,1010017949,GDP:现价:初步核算数:建筑业:当季同比,GDP: at Current Price: Preliminary Accounting Results: Construction: Current Quarter YoY,季,%,初值同比,全国,中国,Datayes!,getEcoDataChina,2016-09-30,2026-06-30,1,139.0,1010017949,GDP:现价:初步核算数:建筑业:当季同比,GDP: at Current Price: Preliminary Accounting Results: Construction: Current Quarter YoY,M010017949,M010000003,0,季,%,初值同比,2.0,全国,中国,,比较重要,Datayes!,按当年价格计算。数据为初步核算数、不调整。,2975,getEcoDataChina,2016-09-30,2026-06-30,1,EcoInfoProGet,2026-08-13T01:09:36.711019+00:00,GDP:现价:初步核算数:建筑业:当季同比,GDP:现价:初步核算数:建筑业:当季同比,False,GDP: at Current Price: Preliminary Accounting Results: Construction: Current Quarter YoY,GDP: at Current Price: Preliminary Accounting Results: Construction: Current Quarter YoY,False,季,季,False,%,%,False,初值同比,初值同比,False,全国,全国,False,中国,中国,False,Datayes!,Datayes!,False,getEcoDataChina,getEcoDataChina,False,2016-09-30,2016-09-30,False,2026-06-30,2026-06-30,False,1,1,False,True,False,GDP:现价:初步核算数:建筑业:当季同比,GDP: at Current Price: Preliminary Accounting Results: Construction: Current Quarter YoY,季,%,初值同比,全国,中国,Datayes!,getEcoDataChina,2016-09-30,2026-06-30,1,False,False,False,False,False,False,False,False,False,False,False,False,False
801720,建筑装饰,19,1010017976,GDP:现价:初步核算数:建筑业:累计同比,GDP: at Current Price: Preliminary Accounting Results: Construction: Cumulative YoY,季,%,累计同比(初值),全国,中国,Datayes!,getEcoDataChina,2013-09-30,2026-06-30,1,139.0,1010017976,GDP:现价:初步核算数:建筑业:累计同比,GDP: at Current Price: Preliminary Accounting Results: Construction: Cumulative YoY,M010017976,M010000003,0,季,%,累计同比(初值),2.0,全国,中国,,比较重要,Datayes!,按当年价格计算。数据为初步核算数、不调整。,2975,getEcoDataChina,2013-09-30,2026-06-30,1,EcoInfoProGet,2026-08-13T01:09:36.711019+00:00,GDP:现价:初步核算数:建筑业:累计同比,GDP:现价:初步核算数:建筑业:累计同比,False,GDP: at Current Price: Preliminary Accounting Results: Construction: Cumulative YoY,GDP: at Current Price: Preliminary Accounting Results: Construction: Cumulative YoY,False,季,季,False,%,%,False,累计同比(初值),累计同比(初值),False,全国,全国,False,中国,中国,False,Datayes!,Datayes!,False,getEcoDataChina,getEcoDataChina,False,2013-09-30,2013-09-30,False,2026-06-30,2026-06-30,False,1,1,False,True,False,GDP:现价:初步核算数:建筑业:累计同比,GDP: at Current Price: Preliminary Accounting Results: Construction: Cumulative YoY,季,%,累计同比(初值),全国,中国,Datayes!,getEcoDataChina,2013-09-30,2026-06-30,1,False,False,False,False,False,False,False,False,False,False,False,False,False
801720,建筑装饰,20,1010015483,GDP:现价:建筑业:当季同比,GDP: at Current Price: Construction: Current Quarter YoY,季,%,当期同比,全国,中国,Datayes!,getEcoDataChina,1993-03-31,2026-06-30,1,139.0,1010015483,GDP:现价:建筑业:当季同比,GDP: at Current Price: Construction: Current Quarter YoY,M010015483,M010000003,0,季,%,当期同比,2.0,全国,中国,,比较重要,Datayes!,按当年价格计算,2975,getEcoDataChina,1993-03-31,2026-06-30,1,EcoInfoProGet,2026-08-13T01:09:36.711019+00:00,GDP:现价:建筑业:当季同比,GDP:现价:建筑业:当季同比,False,GDP: at Current Price: Construction: Current Quarter YoY,GDP: at Current Price: Construction: Current Quarter YoY,False,季,季,False,%,%,False,当期同比,当期同比,False,全国,全国,False,中国,中国,False,Datayes!,Datayes!,False,getEcoDataChina,getEcoDataChina,False,1993-03-31,1993-03-31,False,2026-06-30,2026-06-30,False,1,1,False,True,False,GDP:现价:建筑业:当季同比,GDP: at Current Price: Construction: Current Quarter YoY,季,%,当期同比,全国,中国,Datayes!,getEcoDataChina,1993-03-31,2026-06-30,1,False,False,False,False,False,False,False,False,False,False,False,False,False
801720,建筑装饰,21,1010015484,GDP:现价:建筑业:累计同比,GDP: at Current Price: Construction: Cumulative YoY,季,%,累计同比,全国,中国,Datayes!,getEcoDataChina,1953-12-31,2026-06-30,1,139.0,1010015484,GDP:现价:建筑业:累计同比,GDP: at Current Price: Construction: Cumulative YoY,M010015484,M010000003,0,季,%,累计同比,2.0,全国,中国,,比较重要,Datayes!,按当年价格计算,2975,getEcoDataChina,1953-12-31,2026-06-30,1,EcoInfoProGet,2026-08-13T01:09:36.711019+00:00,GDP:现价:建筑业:累计同比,GDP:现价:建筑业:累计同比,False,GDP: at Current Price: Construction: Cumulative YoY,GDP: at Current Price: Construction: Cumulative YoY,False,季,季,False,%,%,False,累计同比,累计同比,False,全国,全国,False,中国,中国,False,Datayes!,Datayes!,False,getEcoDataChina,getEcoDataChina,False,1953-12-31,1953-12-31,False,2026-06-30,2026-06-30,False,1,1,False,True,False,GDP:现价:建筑业:累计同比,GDP: at Current Price: Construction: Cumulative YoY,季,%,累计同比,全国,中国,Datayes!,getEcoDataChina,1953-12-31,2026-06-30,1,False,False,False,False,False,False,False,False,False,False,False,False,False
801720,建筑装饰,22,1010014353,GDP平减指数:建筑业:当季同比,GDP Deflators Index: Construction: Current Quarter YoY,季,%,当期同比,全国,中国,Datayes!,getEcoDataChina,1993-03-31,2026-06-30,1,139.0,1010014353,GDP平减指数:建筑业:当季同比,GDP Deflators Index: Construction: Current Quarter YoY,M010014353,M010000230,0,季,%,当期同比,2.0,全国,中国,,不重要,Datayes!,,2975,getEcoDataChina,1993-03-31,2026-06-30,1,EcoInfoProGet,2026-08-13T01:09:36.711019+00:00,GDP平减指数:建筑业:当季同比,GDP平减指数:建筑业:当季同比,False,GDP Deflators Index: Construction: Current Quarter YoY,GDP Deflators Index: Construction: Current Quarter YoY,False,季,季,False,%,%,False,当期同比,当期同比,False,全国,全国,False,中国,中国,False,Datayes!,Datayes!,False,getEcoDataChina,getEcoDataChina,False,1993-03-31,1993-03-31,False,2026-06-30,2026-06-30,False,1,1,False,True,False,GDP平减指数:建筑业:当季同比,GDP Deflators Index: Construction: Current Quarter YoY,季,%,当期同比,全国,中国,Datayes!,getEcoDataChina,1993-03-31,2026-06-30,1,False,False,False,False,False,False,False,False,False,False,False,False,False
801720,建筑装饰,23,1010014341,GDP平减指数:建筑业:累计同比,GDP Deflators Index: Construction: Cumulative YoY,季,%,累计同比,全国,中国,Datayes!,getEcoDataChina,1993-03-31,2026-06-30,1,139.0,1010014341,GDP平减指数:建筑业:累计同比,GDP Deflators Index: Construction: Cumulative YoY,M010014341,M010000230,0,季,%,累计同比,2.0,全国,中国,,不重要,Datayes!,,2975,getEcoDataChina,1993-03-31,2026-06-30,1,EcoInfoProGet,2026-08-13T01:09:36.711019+00:00,GDP平减指数:建筑业:累计同比,GDP平减指数:建筑业:累计同比,False,GDP Deflators Index: Construction: Cumulative YoY,GDP Deflators Index: Construction: Cumulative YoY,False,季,季,False,%,%,False,累计同比,累计同比,False,全国,全国,False,中国,中国,False,Datayes!,Datayes!,False,getEcoDataChina,getEcoDataChina,False,1993-03-31,1993-03-31,False,2026-06-30,2026-06-30,False,1,1,False,True,False,GDP平减指数:建筑业:累计同比,GDP Deflators Index: Construction: Cumulative YoY,季,%,累计同比,全国,中国,Datayes!,getEcoDataChina,1993-03-31,2026-06-30,1,False,False,False,False,False,False,False,False,False,False,False,False,False
801720,建筑装饰,24,1010000047,GDP累计同比贡献率:建筑业,Share of the Contributions to the Increase of the Accumulated GDP: Construction,季,%,当期值,全国,中国,Datayes!,getEcoDataChina,1993-03-31,2026-06-30,1,139.0,1010000047,GDP累计同比贡献率:建筑业,Share of the Contributions to the Increase of the Accumulated GDP: Construction,M010000047,M010000041,0,季,%,当期值,2.0,全国,中国,,比较重要,Datayes!,,2975,getEcoDataChina,1993-03-31,2026-06-30,1,EcoInfoProGet,2026-08-13T01:09:36.711019+00:00,GDP累计同比贡献率:建筑业,GDP累计同比贡献率:建筑业,False,Share of the Contributions to the Increase of the Accumulated GDP: Construction,Share of the Contributions to the Increase of the Accumulated GDP: Construction,False,季,季,False,%,%,False,当期值,当期值,False,全国,全国,False,中国,中国,False,Datayes!,Datayes!,False,getEcoDataChina,getEcoDataChina,False,1993-03-31,1993-03-31,False,2026-06-30,2026-06-30,False,1,1,False,True,False,GDP累计同比贡献率:建筑业,Share of the Contributions to the Increase of the Accumulated GDP: Construction,季,%,当期值,全国,中国,Datayes!,getEcoDataChina,1993-03-31,2026-06-30,1,False,False,False,False,False,False,False,False,False,False,False,False,False
801720,建筑装饰,25,2170700063,其他未列明的房屋建筑物竣工价值:累计值,Value of Completed Other Unlisted Buildings: Cumulative,季,亿元,累计值,全国,中国,国家统计局,getEcoDataIndRealestate,2004-12-31,2026-06-30,1,139.0,2170700063,其他未列明的房屋建筑物竣工价值:累计值,Value of Completed Other Unlisted Buildings: Cumulative,S170700063,S170744852,0,季,亿元,累计值,,全国,中国,人民币元,不重要,国家统计局,,2993,getEcoDataIndRealestate,2004-12-31,2026-06-30,1,EcoInfoProGet,2026-08-13T01:09:36.711019+00:00,其他未列明的房屋建筑物竣工价值:累计值,其他未列明的房屋建筑物竣工价值:累计值,False,Value of Completed Other Unlisted Buildings: Cumulative,Value of Completed Other Unlisted Buildings: Cumulative,False,季,季,False,亿元,亿元,False,累计值,累计值,False,全国,全国,False,中国,中国,False,国家统计局,国家统计局,False,getEcoDataIndRealestate,getEcoDataIndRealestate,False,2004-12-31,2004-12-31,False,2026-06-30,2026-06-30,False,1,1,False,True,False,其他未列明的房屋建筑物竣工价值:累计值,Value of Completed Other Unlisted Buildings: Cumulative,季,亿元,累计值,全国,中国,国家统计局,getEcoDataIndRealestate,2004-12-31,2026-06-30,1,False,False,False,False,False,False,False,False,False,False,False,False,False
801720,建筑装饰,26,2170700042,其他未列明的房屋建筑物竣工面积:累计值,Floor Space of Completed Other Unlisted Buildings: Cumulative,季,万平方米,累计值,全国,中国,国家统计局,getEcoDataIndRealestate,2004-03-31,2026-06-30,1,139.0,2170700042,其他未列明的房屋建筑物竣工面积:累计值,Floor Space of Completed Other Unlisted Buildings: Cumulative,S170700042,S170744852,0,季,万平方米,累计值,,全国,中国,,不重要,国家统计局,,2993,getEcoDataIndRealestate,2004-03-31,2026-06-30,1,EcoInfoProGet,2026-08-13T01:09:36.711019+00:00,其他未列明的房屋建筑物竣工面积:累计值,其他未列明的房屋建筑物竣工面积:累计值,False,Floor Space of Completed Other Unlisted Buildings: Cumulative,Floor Space of Completed Other Unlisted Buildings: Cumulative,False,季,季,False,万平方米,万平方米,False,累计值,累计值,False,全国,全国,False,中国,中国,False,国家统计局,国家统计局,False,getEcoDataIndRealestate,getEcoDataIndRealestate,False,2004-03-31,2004-03-31,False,2026-06-30,2026-06-30,False,1,1,False,True,False,其他未列明的房屋建筑物竣工面积:累计值,Floor Space of Completed Other Unlisted Buildings: Cumulative,季,万平方米,累计值,全国,中国,国家统计局,getEcoDataIndRealestate,2004-03-31,2026-06-30,1,False,False,False,False,False,False,False,False,False,False,False,False,False
801720,建筑装饰,27,1010000059,对GDP累计同比的拉动:建筑业,Contribution to the Accumulated GDP Growth: Construction,季,百分点,当期值,全国,中国,Datayes!,getEcoDataChina,1993-03-31,2026-06-30,1,139.0,1010000059,对GDP累计同比的拉动:建筑业,Contribution to the Accumulated GDP Growth: Construction,M010000059,M010000041,0,季,百分点,当期值,2.0,全国,中国,,比较重要,Datayes!,,2975,getEcoDataChina,1993-03-31,2026-06-30,1,EcoInfoProGet,2026-08-13T01:09:36.711019+00:00,对GDP累计同比的拉动:建筑业,对GDP累计同比的拉动:建筑业,False,Contribution to the Accumulated GDP Growth: Construction,Contribution to the Accumulated GDP Growth: Construction,False,季,季,False,百分点,百分点,False,当期值,当期值,False,全国,全国,False,中国,中国,False,Datayes!,Datayes!,False,getEcoDataChina,getEcoDataChina,False,1993-03-31,1993-03-31,False,2026-06-30,2026-06-30,False,1,1,False,True,False,对GDP累计同比的拉动:建筑业,Contribution to the Accumulated GDP Growth: Construction,季,百分点,当期值,全国,中国,Datayes!,getEcoDataChina,1993-03-31,2026-06-30,1,False,False,False,False,False,False,False,False,False,False,False,False,False
801720,建筑装饰,28,2170923948,房屋建筑新开工面积:累计同比,New Construction Area: Cumulative,季,%,累计同比,中国,中国,Datayes!,getEcoDataIndRealestate,2004-06-30,2026-06-30,1,139.0,2170923948,房屋建筑新开工面积:累计同比,New Construction Area: Cumulative,S170923948,S170744852,0,季,%,累计同比,2.0,中国,中国,,不重要,Datayes!,,2993,getEcoDataIndRealestate,2004-06-30,2026-06-30,1,EcoInfoProGet,2026-08-13T01:09:36.711019+00:00,房屋建筑新开工面积:累计同比,房屋建筑新开工面积:累计同比,False,New Construction Area: Cumulative,New Construction Area: Cumulative,False,季,季,False,%,%,False,累计同比,累计同比,False,中国,中国,False,中国,中国,False,Datayes!,Datayes!,False,getEcoDataIndRealestate,getEcoDataIndRealestate,False,2004-06-30,2004-06-30,False,2026-06-30,2026-06-30,False,1,1,False,True,False,房屋建筑新开工面积:累计同比,New Construction Area: Cumulative,季,%,累计同比,中国,中国,Datayes!,getEcoDataIndRealestate,2004-06-30,2026-06-30,1,False,False,False,False,False,False,False,False,False,False,False,False,False
801720,建筑装饰,29,1030002380,非制造业PMI:建筑业:土木工程,Non-Manufacturing PMI: Construction Industry: Civil Engineering,月,%,当期值,全国,中国,国家统计局,getEcoDataChina,2016-08-31,2026-02-28,1,139.0,1030002380,非制造业PMI:建筑业:土木工程,Non-Manufacturing PMI: Construction Industry: Civil Engineering,M030002380,M030000027,0,月,%,当期值,2.0,全国,中国,,一般重要,国家统计局,,2975,getEcoDataChina,2016-08-31,2026-02-28,1,EcoInfoProGet,2026-08-13T01:09:36.711019+00:00,非制造业PMI:建筑业:土木工程,非制造业PMI:建筑业:土木工程,False,Non-Manufacturing PMI: Construction Industry: Civil Engineering,Non-Manufacturing PMI: Construction Industry: Civil Engineering,False,月,月,False,%,%,False,当期值,当期值,False,全国,全国,False,中国,中国,False,国家统计局,国家统计局,False,getEcoDataChina,getEcoDataChina,False,2016-08-31,2016-08-31,False,2026-02-28,2026-02-28,False,1,1,False,True,False,非制造业PMI:建筑业:土木工程,Non-Manufacturing PMI: Construction Industry: Civil Engineering,月,%,当期值,全国,中国,国家统计局,getEcoDataChina,2016-08-31,2026-02-28,1,False,False,False,False,False,False,False,False,False,False,False,False,False
801720,建筑装饰,30,1030000729,非制造业PMI:建筑业:业务活动预期,Non-Manufacturing PMI: Construction Industry: Business Activity Expect,月,%,当期值,全国,中国,国家统计局,getEcoDataChina,2008-02-29,2026-07-31,1,137.0,1030000729,非制造业PMI:建筑业:业务活动预期,Non-Manufacturing PMI: Construction Industry: Business Activity Expect,M030000729,M030000027,0,月,%,当期值,2.0,全国,中国,,一般重要,国家统计局,,2975,getEcoDataChina,2008-02-29,2026-07-31,1,EcoInfoProGet,2026-08-13T01:09:36.711019+00:00,非制造业PMI:建筑业:业务活动预期,非制造业PMI:建筑业:业务活动预期,False,Non-Manufacturing PMI: Construction Industry: Business Activity Expect,Non-Manufacturing PMI: Construction Industry: Business Activity Expect,False,月,月,False,%,%,False,当期值,当期值,False,全国,全国,False,中国,中国,False,国家统计局,国家统计局,False,getEcoDataChina,getEcoDataChina,False,2008-02-29,2008-02-29,False,2026-07-31,2026-07-31,False,1,1,False,True,False,非制造业PMI:建筑业:业务活动预期,Non-Manufacturing PMI: Construction Industry: Business Activity Expect,月,%,当期值,全国,中国,国家统计局,getEcoDataChina,2008-02-29,2026-07-31,1,False,False,False,False,False,False,False,False,False,False,False,False,False
801730,电力设备,1,2020656318,光伏产品价格指数(SPI):综合,PV Product Price Index(SPI):Composite,周,,当期值,全国,中国,Datayes!,getEcoDataIndEnergy,2014-04-04,2026-08-03,1,147.0,2020656318,光伏产品价格指数(SPI):综合,PV Product Price Index(SPI):Composite,S020656318,S020656317,0,周,,当期值,2.0,全国,中国,,不重要,Datayes!,,2985,getEcoDataIndEnergy,2014-04-04,2026-08-10,1,EcoInfoProGet,2026-08-13T01:09:36.711019+00:00,光伏产品价格指数(SPI):综合,光伏产品价格指数(SPI):综合,False,PV Product Price Index(SPI):Composite,PV Product Price Index(SPI):Composite,False,周,周,False,,,False,当期值,当期值,False,全国,全国,False,中国,中国,False,Datayes!,Datayes!,False,getEcoDataIndEnergy,getEcoDataIndEnergy,False,2014-04-04,2014-04-04,False,2026-08-03,2026-08-10,True,1,1,False,True,True,光伏产品价格指数(SPI):综合,PV Product Price Index(SPI):Composite,周,,当期值,全国,中国,Datayes!,getEcoDataIndEnergy,2014-04-04,2026-08-03,1,False,False,False,False,False,False,False,False,False,False,True,False,True
801730,电力设备,2,2080110940,产量:发电机组(发电设备):当月值,Output: Generators (Power Generation Equipment): Current Value (Month),月,万千瓦,当期值,全国,中国,国家统计局,getEcoDataIndMachineryequipment,1989-02-28,2026-06-30,1,145.0,2080110940,产量:发电机组(发电设备):当月值,Output: Generators (Power Generation Equipment): Current Value (Month),M020001576,M020001541,0,月,万千瓦,当期值,2.0,全国,中国,,不重要,国家统计局,,2990,getEcoDataIndMachineryequipment,1989-02-28,2026-06-30,1,EcoInfoProGet,2026-08-13T01:09:36.711019+00:00,产量:发电机组(发电设备):当月值,产量:发电机组(发电设备):当月值,False,Output: Generators (Power Generation Equipment): Current Value (Month),Output: Generators (Power Generation Equipment): Current Value (Month),False,月,月,False,万千瓦,万千瓦,False,当期值,当期值,False,全国,全国,False,中国,中国,False,国家统计局,国家统计局,False,getEcoDataIndMachineryequipment,getEcoDataIndMachineryequipment,False,1989-02-28,1989-02-28,False,2026-06-30,2026-06-30,False,1,1,False,True,False,产量:发电机组(发电设备):当月值,Output: Generators (Power Generation Equipment): Current Value (Month),月,万千瓦,当期值,全国,中国,国家统计局,getEcoDataIndMachineryequipment,1989-02-28,2026-06-30,1,False,False,False,False,False,False,False,False,False,False,False,False,False
801730,电力设备,3,1020008700,产量:太阳能电池:当月值,Output: Solar Battery: Current Value (Month),月,万千瓦,当期值,全国,中国,国家统计局,getEcoDataChina,2010-01-31,2026-06-30,1,143.0,1020008700,产量:太阳能电池:当月值,Output: Solar Battery: Current Value (Month),M020008700,M020001541,0,月,万千瓦,当期值,2.0,全国,中国,,不重要,国家统计局,,2975,getEcoDataChina,2010-01-31,2026-06-30,1,EcoInfoProGet,2026-08-13T01:09:36.711019+00:00,产量:太阳能电池:当月值,产量:太阳能电池:当月值,False,Output: Solar Battery: Current Value (Month),Output: Solar Battery: Current Value (Month),False,月,月,False,万千瓦,万千瓦,False,当期值,当期值,False,全国,全国,False,中国,中国,False,国家统计局,国家统计局,False,getEcoDataChina,getEcoDataChina,False,2010-01-31,2010-01-31,False,2026-06-30,2026-06-30,False,1,1,False,True,False,产量:太阳能电池:当月值,Output: Solar Battery: Current Value (Month),月,万千瓦,当期值,全国,中国,国家统计局,getEcoDataChina,2010-01-31,2026-06-30,1,False,False,False,False,False,False,False,False,False,False,False,False,False
801730,电力设备,4,2087007021,出口金额(美元):发电机组及旋转式变流机(8502):当月值,Export Value (USD): Generator Set and Rotary Converter(8502): Current Month Value,月,美元,当期值,中国,中国,海关总署,getEcoDataIndMachineryequipment,2015-01-31,2026-06-30,1,143.0,2087007021,出口金额(美元):发电机组及旋转式变流机(8502):当月值,Export Value (USD): Generator Set and Rotary Converter(8502): Current Month Value,S087007021,S087002694,0,月,美元,当期值,2.0,中国,中国,美元,一般重要,海关总署,,2990,getEcoDataIndMachineryequipment,2015-01-31,2026-06-30,1,EcoInfoProGet,2026-08-13T01:09:36.711019+00:00,出口金额(美元):发电机组及旋转式变流机(8502):当月值,出口金额(美元):发电机组及旋转式变流机(8502):当月值,False,Export Value (USD): Generator Set and Rotary Converter(8502): Current Month Value,Export Value (USD): Generator Set and Rotary Converter(8502): Current Month Value,False,月,月,False,美元,美元,False,当期值,当期值,False,中国,中国,False,中国,中国,False,海关总署,海关总署,False,getEcoDataIndMachineryequipment,getEcoDataIndMachineryequipment,False,2015-01-31,2015-01-31,False,2026-06-30,2026-06-30,False,1,1,False,True,False,出口金额(美元):发电机组及旋转式变流机(8502):当月值,Export Value (USD): Generator Set and Rotary Converter(8502): Current Month Value,月,美元,当期值,中国,中国,海关总署,getEcoDataIndMachineryequipment,2015-01-31,2026-06-30,1,False,False,False,False,False,False,False,False,False,False,False,False,False
801730,电力设备,5,2087007049,出口金额(美元):变压器、静止式变流器(例如整流器)及电感器(8504):当月值,"Export Value (USD): Transformers, Static Converters (E.G. Rectifiers) and Inductors(8504): Current Month Value",月,美元,当期值,中国,中国,海关总署,getEcoDataIndMachineryequipment,2015-01-31,2026-06-30,1,143.0,2087007049,出口金额(美元):变压器、静止式变流器(例如整流器)及电感器(8504):当月值,"Export Value (USD): Transformers, Static Converters (E.G. Rectifiers) and Inductors(8504): Current Month Value",S087007049,S087002696,0,月,美元,当期值,2.0,中国,中国,美元,一般重要,海关总署,,2990,getEcoDataIndMachineryequipment,2015-01-31,2026-06-30,1,EcoInfoProGet,2026-08-13T01:09:36.711019+00:00,出口金额(美元):变压器、静止式变流器(例如整流器)及电感器(8504):当月值,出口金额(美元):变压器、静止式变流器(例如整流器)及电感器(8504):当月值,False,"Export Value (USD): Transformers, Static Converters (E.G. Rectifiers) and Inductors(8504): Current Month Value","Export Value (USD): Transformers, Static Converters (E.G. Rectifiers) and Inductors(8504): Current Month Value",False,月,月,False,美元,美元,False,当期值,当期值,False,中国,中国,False,中国,中国,False,海关总署,海关总署,False,getEcoDataIndMachineryequipment,getEcoDataIndMachineryequipment,False,2015-01-31,2015-01-31,False,2026-06-30,2026-06-30,False,1,1,False,True,False,出口金额(美元):变压器、静止式变流器(例如整流器)及电感器(8504):当月值,"Export Value (USD): Transformers, Static Converters (E.G. Rectifiers) and Inductors(8504): Current Month Value",月,美元,当期值,中国,中国,海关总署,getEcoDataIndMachineryequipment,2015-01-31,2026-06-30,1,False,False,False,False,False,False,False,False,False,False,False,False,False
801730,电力设备,6,2080200815,出口金额:变压器:累计同比,Transformer: Exportss Value: YTD: YoY,月,%,累计同比,全国,中国,海关总署,getEcoDataIndMachineryequipment,1999-01-31,2026-06-30,1,143.0,2080200815,出口金额:变压器:累计同比,Transformer: Exportss Value: YTD: YoY,S080200815,S080200640,0,月,%,累计同比,2.0,全国,中国,,不重要,海关总署,,2990,getEcoDataIndMachineryequipment,1999-01-31,2026-06-30,1,EcoInfoProGet,2026-08-13T01:09:36.711019+00:00,出口金额:变压器:累计同比,出口金额:变压器:累计同比,False,Transformer: Exportss Value: YTD: YoY,Transformer: Exportss Value: YTD: YoY,False,月,月,False,%,%,False,累计同比,累计同比,False,全国,全国,False,中国,中国,False,海关总署,海关总署,False,getEcoDataIndMachineryequipment,getEcoDataIndMachineryequipment,False,1999-01-31,1999-01-31,False,2026-06-30,2026-06-30,False,1,1,False,True,False,出口金额:变压器:累计同比,Transformer: Exportss Value: YTD: YoY,月,%,累计同比,全国,中国,海关总署,getEcoDataIndMachineryequipment,1999-01-31,2026-06-30,1,False,False,False,False,False,False,False,False,False,False,False,False,False
801730,电力设备,12,2020104973,电源工程投资完成:累计值,Completed Investments in Power Generation Projects: Cumulative Value,月,亿元,累计值,全国,中国,中国电力企业联合会,getEcoDataIndEnergy,2009-07-31,2026-06-30,1,143.0,2020104973,电源工程投资完成:累计值,Completed Investments in Power Generation Projects: Cumulative Value,S020104973,S020101553,0,月,亿元,累计值,2.0,全国,中国,人民币元,不重要,中国电力企业联合会,,2985,getEcoDataIndEnergy,2009-07-31,2026-06-30,1,EcoInfoProGet,2026-08-13T01:09:36.711019+00:00,电源工程投资完成:累计值,电源工程投资完成:累计值,False,Completed Investments in Power Generation Projects: Cumulative Value,Completed Investments in Power Generation Projects: Cumulative Value,False,月,月,False,亿元,亿元,False,累计值,累计值,False,全国,全国,False,中国,中国,False,中国电力企业联合会,中国电力企业联合会,False,getEcoDataIndEnergy,getEcoDataIndEnergy,False,2009-07-31,2009-07-31,False,2026-06-30,2026-06-30,False,1,1,False,True,False,电源工程投资完成:累计值,Completed Investments in Power Generation Projects: Cumulative Value,月,亿元,累计值,全国,中国,中国电力企业联合会,getEcoDataIndEnergy,2009-07-31,2026-06-30,1,False,False,False,False,False,False,False,False,False,False,False,False,False
801730,电力设备,13,2087007023,进出口金额(美元):发电机组及旋转式变流机(8502):当月值,Import and Export Value (USD): Generator Set and Rotary Converter(8502): Current Month Value,月,美元,当期值,中国,中国,海关总署,getEcoDataIndMachineryequipment,2015-01-31,2026-06-30,1,143.0,2087007023,进出口金额(美元):发电机组及旋转式变流机(8502):当月值,Import and Export Value (USD): Generator Set and Rotary Converter(8502): Current Month Value,S087007023,S087002694,0,月,美元,当期值,2.0,中国,中国,美元,一般重要,海关总署,,2990,getEcoDataIndMachineryequipment,2015-01-31,2026-06-30,1,EcoInfoProGet,2026-08-13T01:09:36.711019+00:00,进出口金额(美元):发电机组及旋转式变流机(8502):当月值,进出口金额(美元):发电机组及旋转式变流机(8502):当月值,False,Import and Export Value (USD): Generator Set and Rotary Converter(8502): Current Month Value,Import and Export Value (USD): Generator Set and Rotary Converter(8502): Current Month Value,False,月,月,False,美元,美元,False,当期值,当期值,False,中国,中国,False,中国,中国,False,海关总署,海关总署,False,getEcoDataIndMachineryequipment,getEcoDataIndMachineryequipment,False,2015-01-31,2015-01-31,False,2026-06-30,2026-06-30,False,1,1,False,True,False,进出口金额(美元):发电机组及旋转式变流机(8502):当月值,Import and Export Value (USD): Generator Set and Rotary Converter(8502): Current Month Value,月,美元,当期值,中国,中国,海关总署,getEcoDataIndMachineryequipment,2015-01-31,2026-06-30,1,False,False,False,False,False,False,False,False,False,False,False,False,False
801730,电力设备,14,2087007051,进出口金额(美元):变压器、静止式变流器(例如整流器)及电感器(8504):当月值,"Import and Export Value (USD): Transformers, Static Converters (E.G. Rectifiers) and Inductors(8504): Current Month Value",月,美元,当期值,中国,中国,海关总署,getEcoDataIndMachineryequipment,2015-01-31,2026-06-30,1,143.0,2087007051,进出口金额(美元):变压器、静止式变流器(例如整流器)及电感器(8504):当月值,"Import and Export Value (USD): Transformers, Static Converters (E.G. Rectifiers) and Inductors(8504): Current Month Value",S087007051,S087002696,0,月,美元,当期值,2.0,中国,中国,美元,一般重要,海关总署,,2990,getEcoDataIndMachineryequipment,2015-01-31,2026-06-30,1,EcoInfoProGet,2026-08-13T01:09:36.711019+00:00,进出口金额(美元):变压器、静止式变流器(例如整流器)及电感器(8504):当月值,进出口金额(美元):变压器、静止式变流器(例如整流器)及电感器(8504):当月值,False,"Import and Export Value (USD): Transformers, Static Converters (E.G. Rectifiers) and Inductors(8504): Current Month Value","Import and Export Value (USD): Transformers, Static Converters (E.G. Rectifiers) and Inductors(8504): Current Month Value",False,月,月,False,美元,美元,False,当期值,当期值,False,中国,中国,False,中国,中国,False,海关总署,海关总署,False,getEcoDataIndMachineryequipment,getEcoDataIndMachineryequipment,False,2015-01-31,2015-01-31,False,2026-06-30,2026-06-30,False,1,1,False,True,False,进出口金额(美元):变压器、静止式变流器(例如整流器)及电感器(8504):当月值,"Import and Export Value (USD): Transformers, Static Converters (E.G. Rectifiers) and Inductors(8504): Current Month Value",月,美元,当期值,中国,中国,海关总署,getEcoDataIndMachineryequipment,2015-01-31,2026-06-30,1,False,False,False,False,False,False,False,False,False,False,False,False,False
801730,电力设备,17,2087007024,贸易差额(美元):发电机组及旋转式变流机(8502):当月值,Trade Balance (USD): Generator Set and Rotary Converter(8502): Current Month Value,月,美元,当期值,中国,中国,海关总署,getEcoDataIndMachineryequipment,2015-01-31,2026-06-30,1,135.0,2087007024,贸易差额(美元):发电机组及旋转式变流机(8502):当月值,Trade Balance (USD): Generator Set and Rotary Converter(8502): Current Month Value,S087007024,S087002694,0,月,美元,当期值,2.0,中国,中国,美元,一般重要,海关总署,,2990,getEcoDataIndMachineryequipment,2015-01-31,2026-06-30,1,EcoInfoProGet,2026-08-13T01:09:36.711019+00:00,贸易差额(美元):发电机组及旋转式变流机(8502):当月值,贸易差额(美元):发电机组及旋转式变流机(8502):当月值,False,Trade Balance (USD): Generator Set and Rotary Converter(8502): Current Month Value,Trade Balance (USD): Generator Set and Rotary Converter(8502): Current Month Value,False,月,月,False,美元,美元,False,当期值,当期值,False,中国,中国,False,中国,中国,False,海关总署,海关总署,False,getEcoDataIndMachineryequipment,getEcoDataIndMachineryequipment,False,2015-01-31,2015-01-31,False,2026-06-30,2026-06-30,False,1,1,False,True,False,贸易差额(美元):发电机组及旋转式变流机(8502):当月值,Trade Balance (USD): Generator Set and Rotary Converter(8502): Current Month Value,月,美元,当期值,中国,中国,海关总署,getEcoDataIndMachineryequipment,2015-01-31,2026-06-30,1,False,False,False,False,False,False,False,False,False,False,False,False,False
801730,电力设备,18,2087007052,贸易差额(美元):变压器、静止式变流器(例如整流器)及电感器(8504):当月值,"Trade Balance (USD): Transformers, Static Converters (E.G. Rectifiers) and Inductors(8504): Current Month Value",月,美元,当期值,中国,中国,海关总署,getEcoDataIndMachineryequipment,2015-01-31,2026-06-30,1,135.0,2087007052,贸易差额(美元):变压器、静止式变流器(例如整流器)及电感器(8504):当月值,"Trade Balance (USD): Transformers, Static Converters (E.G. Rectifiers) and Inductors(8504): Current Month Value",S087007052,S087002696,0,月,美元,当期值,2.0,中国,中国,美元,一般重要,海关总署,,2990,getEcoDataIndMachineryequipment,2015-01-31,2026-06-30,1,EcoInfoProGet,2026-08-13T01:09:36.711019+00:00,贸易差额(美元):变压器、静止式变流器(例如整流器)及电感器(8504):当月值,贸易差额(美元):变压器、静止式变流器(例如整流器)及电感器(8504):当月值,False,"Trade Balance (USD): Transformers, Static Converters (E.G. Rectifiers) and Inductors(8504): Current Month Value","Trade Balance (USD): Transformers, Static Converters (E.G. Rectifiers) and Inductors(8504): Current Month Value",False,月,月,False,美元,美元,False,当期值,当期值,False,中国,中国,False,中国,中国,False,海关总署,海关总署,False,getEcoDataIndMachineryequipment,getEcoDataIndMachineryequipment,False,2015-01-31,2015-01-31,False,2026-06-30,2026-06-30,False,1,1,False,True,False,贸易差额(美元):变压器、静止式变流器(例如整流器)及电感器(8504):当月值,"Trade Balance (USD): Transformers, Static Converters (E.G. Rectifiers) and Inductors(8504): Current Month Value",月,美元,当期值,中国,中国,海关总署,getEcoDataIndMachineryequipment,2015-01-31,2026-06-30,1,False,False,False,False,False,False,False,False,False,False,False,False,False
801730,电力设备,19,2087007022,进口金额(美元):发电机组及旋转式变流机(8502):当月值,Import Value (USD): Generator Set and Rotary Converter(8502): Current Month Value,月,美元,当期值,中国,中国,海关总署,getEcoDataIndMachineryequipment,2015-01-31,2026-06-30,1,135.0,2087007022,进口金额(美元):发电机组及旋转式变流机(8502):当月值,Import Value (USD): Generator Set and Rotary Converter(8502): Current Month Value,S087007022,S087002694,0,月,美元,当期值,2.0,中国,中国,美元,一般重要,海关总署,,2990,getEcoDataIndMachineryequipment,2015-01-31,2026-06-30,1,EcoInfoProGet,2026-08-13T01:09:36.711019+00:00,进口金额(美元):发电机组及旋转式变流机(8502):当月值,进口金额(美元):发电机组及旋转式变流机(8502):当月值,False,Import Value (USD): Generator Set and Rotary Converter(8502): Current Month Value,Import Value (USD): Generator Set and Rotary Converter(8502): Current Month Value,False,月,月,False,美元,美元,False,当期值,当期值,False,中国,中国,False,中国,中国,False,海关总署,海关总署,False,getEcoDataIndMachineryequipment,getEcoDataIndMachineryequipment,False,2015-01-31,2015-01-31,False,2026-06-30,2026-06-30,False,1,1,False,True,False,进口金额(美元):发电机组及旋转式变流机(8502):当月值,Import Value (USD): Generator Set and Rotary Converter(8502): Current Month Value,月,美元,当期值,中国,中国,海关总署,getEcoDataIndMachineryequipment,2015-01-31,2026-06-30,1,False,False,False,False,False,False,False,False,False,False,False,False,False
801730,电力设备,20,2087007050,进口金额(美元):变压器、静止式变流器(例如整流器)及电感器(8504):当月值,"Import Value (USD): Transformers, Static Converters (E.G. Rectifiers) and Inductors(8504): Current Month Value",月,美元,当期值,中国,中国,海关总署,getEcoDataIndMachineryequipment,2015-01-31,2026-06-30,1,135.0,2087007050,进口金额(美元):变压器、静止式变流器(例如整流器)及电感器(8504):当月值,"Import Value (USD): Transformers, Static Converters (E.G. Rectifiers) and Inductors(8504): Current Month Value",S087007050,S087002696,0,月,美元,当期值,2.0,中国,中国,美元,一般重要,海关总署,,2990,getEcoDataIndMachineryequipment,2015-01-31,2026-06-30,1,EcoInfoProGet,2026-08-13T01:09:36.711019+00:00,进口金额(美元):变压器、静止式变流器(例如整流器)及电感器(8504):当月值,进口金额(美元):变压器、静止式变流器(例如整流器)及电感器(8504):当月值,False,"Import Value (USD): Transformers, Static Converters (E.G. Rectifiers) and Inductors(8504): Current Month Value","Import Value (USD): Transformers, Static Converters (E.G. Rectifiers) and Inductors(8504): Current Month Value",False,月,月,False,美元,美元,False,当期值,当期值,False,中国,中国,False,中国,中国,False,海关总署,海关总署,False,getEcoDataIndMachineryequipment,getEcoDataIndMachineryequipment,False,2015-01-31,2015-01-31,False,2026-06-30,2026-06-30,False,1,1,False,True,False,进口金额(美元):变压器、静止式变流器(例如整流器)及电感器(8504):当月值,"Import Value (USD): Transformers, Static Converters (E.G. Rectifiers) and Inductors(8504): Current Month Value",月,美元,当期值,中国,中国,海关总署,getEcoDataIndMachineryequipment,2015-01-31,2026-06-30,1,False,False,False,False,False,False,False,False,False,False,False,False,False
801730,电力设备,21,2080200369,出口数量:变压器:当月同比,Transformer: Exports Quantity: YoY,月,%,当期同比,,中国,海关总署,getEcoDataIndMachineryequipment,2000-01-31,2026-06-30,1,133.0,2080200369,出口数量:变压器:当月同比,Transformer: Exports Quantity: YoY,S080200369,S080200203,0,月,%,当期同比,2.0,,中国,,不重要,海关总署,,2990,getEcoDataIndMachineryequipment,2000-01-31,2026-06-30,1,EcoInfoProGet,2026-08-13T01:09:36.711019+00:00,出口数量:变压器:当月同比,出口数量:变压器:当月同比,False,Transformer: Exports Quantity: YoY,Transformer: Exports Quantity: YoY,False,月,月,False,%,%,False,当期同比,当期同比,False,,,False,中国,中国,False,海关总署,海关总署,False,getEcoDataIndMachineryequipment,getEcoDataIndMachineryequipment,False,2000-01-31,2000-01-31,False,2026-06-30,2026-06-30,False,1,1,False,True,False,出口数量:变压器:当月同比,Transformer: Exports Quantity: YoY,月,%,当期同比,,中国,海关总署,getEcoDataIndMachineryequipment,2000-01-31,2026-06-30,1,False,False,False,False,False,False,False,False,False,False,False,False,False
801730,电力设备,22,2080200377,出口数量:太阳能电池:当月同比,Solar Battery: Exports Quantity: YoY,月,%,当期同比,,中国,海关总署,getEcoDataIndMachineryequipment,2013-01-31,2026-06-30,1,133.0,2080200377,出口数量:太阳能电池:当月同比,Solar Battery: Exports Quantity: YoY,S080200377,S080200203,0,月,%,当期同比,2.0,,中国,,不重要,海关总署,,2990,getEcoDataIndMachineryequipment,2013-01-31,2026-06-30,1,EcoInfoProGet,2026-08-13T01:09:36.711019+00:00,出口数量:太阳能电池:当月同比,出口数量:太阳能电池:当月同比,False,Solar Battery: Exports Quantity: YoY,Solar Battery: Exports Quantity: YoY,False,月,月,False,%,%,False,当期同比,当期同比,False,,,False,中国,中国,False,海关总署,海关总署,False,getEcoDataIndMachineryequipment,getEcoDataIndMachineryequipment,False,2013-01-31,2013-01-31,False,2026-06-30,2026-06-30,False,1,1,False,True,False,出口数量:太阳能电池:当月同比,Solar Battery: Exports Quantity: YoY,月,%,当期同比,,中国,海关总署,getEcoDataIndMachineryequipment,2013-01-31,2026-06-30,1,False,False,False,False,False,False,False,False,False,False,False,False,False
801730,电力设备,23,2080200822,出口金额:太阳能电池:当月同比,Solar Battery: Exportss Value: YoY,月,%,当期同比,,中国,海关总署,getEcoDataIndMachineryequipment,2013-01-31,2026-06-30,1,133.0,2080200822,出口金额:太阳能电池:当月同比,Solar Battery: Exportss Value: YoY,S080200822,S080200640,0,月,%,当期同比,2.0,,中国,,不重要,海关总署,,2990,getEcoDataIndMachineryequipment,2013-01-31,2026-06-30,1,EcoInfoProGet,2026-08-13T01:09:36.711019+00:00,出口金额:太阳能电池:当月同比,出口金额:太阳能电池:当月同比,False,Solar Battery: Exportss Value: YoY,Solar Battery: Exportss Value: YoY,False,月,月,False,%,%,False,当期同比,当期同比,False,,,False,中国,中国,False,海关总署,海关总署,False,getEcoDataIndMachineryequipment,getEcoDataIndMachineryequipment,False,2013-01-31,2013-01-31,False,2026-06-30,2026-06-30,False,1,1,False,True,False,出口金额:太阳能电池:当月同比,Solar Battery: Exportss Value: YoY,月,%,当期同比,,中国,海关总署,getEcoDataIndMachineryequipment,2013-01-31,2026-06-30,1,False,False,False,False,False,False,False,False,False,False,False,False,False
801730,电力设备,24,2080100199,销量:内燃机:发电机组:累计值,Consumption: Internal Combustion Engine: Generator: YTD,月,万台,累计值,,中国,中国内燃机工业协会,getEcoDataIndMachineryequipment,2014-01-31,2026-06-30,1,133.0,2080100199,销量:内燃机:发电机组:累计值,Consumption: Internal Combustion Engine: Generator: YTD,S080100199,S080100187,0,月,万台,累计值,2.0,,中国,,不重要,中国内燃机工业协会,,2990,getEcoDataIndMachineryequipment,2014-01-31,2026-06-30,1,EcoInfoProGet,2026-08-13T01:09:36.711019+00:00,销量:内燃机:发电机组:累计值,销量:内燃机:发电机组:累计值,False,Consumption: Internal Combustion Engine: Generator: YTD,Consumption: Internal Combustion Engine: Generator: YTD,False,月,月,False,万台,万台,False,累计值,累计值,False,,,False,中国,中国,False,中国内燃机工业协会,中国内燃机工业协会,False,getEcoDataIndMachineryequipment,getEcoDataIndMachineryequipment,False,2014-01-31,2014-01-31,False,2026-06-30,2026-06-30,False,1,1,False,True,False,销量:内燃机:发电机组:累计值,Consumption: Internal Combustion Engine: Generator: YTD,月,万台,累计值,,中国,中国内燃机工业协会,getEcoDataIndMachineryequipment,2014-01-31,2026-06-30,1,False,False,False,False,False,False,False,False,False,False,False,False,False
801740,国防军工,1,2160029360,全国造船手持订单量:出口占比,National Volume of Ship Building Handheld Orders: Proportion of Export,月,%,累计占比,,中国,中国船舶工业行业协会,getEcoDataIndTraffictransport,2013-12-31,2026-03-31,1,149.0,2160029360,全国造船手持订单量:出口占比,National Volume of Ship Building Handheld Orders: Proportion of Export,S160029360,S160029348,0,月,%,累计占比,1.0,,中国,,不重要,中国船舶工业行业协会,,2996,getEcoDataIndTraffictransport,2013-12-31,2026-03-31,1,EcoInfoProGet,2026-08-13T01:09:36.711019+00:00,全国造船手持订单量:出口占比,全国造船手持订单量:出口占比,False,National Volume of Ship Building Handheld Orders: Proportion of Export,National Volume of Ship Building Handheld Orders: Proportion of Export,False,月,月,False,%,%,False,累计占比,累计占比,False,,,False,中国,中国,False,中国船舶工业行业协会,中国船舶工业行业协会,False,getEcoDataIndTraffictransport,getEcoDataIndTraffictransport,False,2013-12-31,2013-12-31,False,2026-03-31,2026-03-31,False,1,1,False,True,False,全国造船手持订单量:出口占比,National Volume of Ship Building Handheld Orders: Proportion of Export,月,%,累计占比,,中国,中国船舶工业行业协会,getEcoDataIndTraffictransport,2013-12-31,2026-03-31,1,False,False,False,False,False,False,False,False,False,False,False,False,False
801740,国防军工,2,1020000202,出口交货值:铁路、船舶、航空航天和其他运输设备制造业:当月同比,"Export Delivery Value: Railway, Marine, Aerospace And Other Transportation Equipment Manufacturing: Current YoY (Month)",月,%,当期同比,全国,中国,国家统计局,getEcoDataChina,2012-02-29,2026-06-30,1,145.0,1020000202,出口交货值:铁路、船舶、航空航天和其他运输设备制造业:当月同比,"Export Delivery Value: Railway, Marine, Aerospace And Other Transportation Equipment Manufacturing: Current YoY (Month)",M020000202,M020000129,0,月,%,当期同比,2.0,全国,中国,,不重要,国家统计局,,2975,getEcoDataChina,2012-02-29,2026-06-30,1,EcoInfoProGet,2026-08-13T01:09:36.711019+00:00,出口交货值:铁路、船舶、航空航天和其他运输设备制造业:当月同比,出口交货值:铁路、船舶、航空航天和其他运输设备制造业:当月同比,False,"Export Delivery Value: Railway, Marine, Aerospace And Other Transportation Equipment Manufacturing: Current YoY (Month)","Export Delivery Value: Railway, Marine, Aerospace And Other Transportation Equipment Manufacturing: Current YoY (Month)",False,月,月,False,%,%,False,当期同比,当期同比,False,全国,全国,False,中国,中国,False,国家统计局,国家统计局,False,getEcoDataChina,getEcoDataChina,False,2012-02-29,2012-02-29,False,2026-06-30,2026-06-30,False,1,1,False,True,False,出口交货值:铁路、船舶、航空航天和其他运输设备制造业:当月同比,"Export Delivery Value: Railway, Marine, Aerospace And Other Transportation Equipment Manufacturing: Current YoY (Month)",月,%,当期同比,全国,中国,国家统计局,getEcoDataChina,2012-02-29,2026-06-30,1,False,False,False,False,False,False,False,False,False,False,False,False,False
801740,国防军工,3,1020000161,出口交货值:铁路、船舶、航空航天和其他运输设备制造业:当期值,"Export Delivery Value: Railway, Marine, Aerospace And Other Transportation Equipment Manufacturing: Current Value",月,亿元,当期值,全国,中国,国家统计局,getEcoDataChina,2012-02-29,2026-06-30,1,145.0,1020000161,出口交货值:铁路、船舶、航空航天和其他运输设备制造业:当期值,"Export Delivery Value: Railway, Marine, Aerospace And Other Transportation Equipment Manufacturing: Current Value",M020000161,M020000129,0,月,亿元,当期值,2.0,全国,中国,人民币元,不重要,国家统计局,,2975,getEcoDataChina,2012-02-29,2026-06-30,1,EcoInfoProGet,2026-08-13T01:09:36.711019+00:00,出口交货值:铁路、船舶、航空航天和其他运输设备制造业:当期值,出口交货值:铁路、船舶、航空航天和其他运输设备制造业:当期值,False,"Export Delivery Value: Railway, Marine, Aerospace And Other Transportation Equipment Manufacturing: Current Value","Export Delivery Value: Railway, Marine, Aerospace And Other Transportation Equipment Manufacturing: Current Value",False,月,月,False,亿元,亿元,False,当期值,当期值,False,全国,全国,False,中国,中国,False,国家统计局,国家统计局,False,getEcoDataChina,getEcoDataChina,False,2012-02-29,2012-02-29,False,2026-06-30,2026-06-30,False,1,1,False,True,False,出口交货值:铁路、船舶、航空航天和其他运输设备制造业:当期值,"Export Delivery Value: Railway, Marine, Aerospace And Other Transportation Equipment Manufacturing: Current Value",月,亿元,当期值,全国,中国,国家统计局,getEcoDataChina,2012-02-29,2026-06-30,1,False,False,False,False,False,False,False,False,False,False,False,False,False
801740,国防军工,4,1050000359,固定资产投资完成额:制造业:铁路、船舶、航空航天和其他运输设备制造业:累计同比,"Fixed Assets Investment Completed: Manufacturing: Railway, Marine, Aerospace And Other Transportation Equipment Manufacturing: Cumulative YoY",月,%,累计同比,全国,中国,国家统计局,getEcoDataChina,2012-02-29,2026-06-30,1,145.0,1050000359,固定资产投资完成额:制造业:铁路、船舶、航空航天和其他运输设备制造业:累计同比,"Fixed Assets Investment Completed: Manufacturing: Railway, Marine, Aerospace And Other Transportation Equipment Manufacturing: Cumulative YoY",M050000359,M050009996,0,月,%,累计同比,2.0,全国,中国,,比较重要,国家统计局,,2975,getEcoDataChina,2012-02-29,2026-06-30,1,EcoInfoProGet,2026-08-13T01:09:36.711019+00:00,固定资产投资完成额:制造业:铁路、船舶、航空航天和其他运输设备制造业:累计同比,固定资产投资完成额:制造业:铁路、船舶、航空航天和其他运输设备制造业:累计同比,False,"Fixed Assets Investment Completed: Manufacturing: Railway, Marine, Aerospace And Other Transportation Equipment Manufacturing: Cumulative YoY","Fixed Assets Investment Completed: Manufacturing: Railway, Marine, Aerospace And Other Transportation Equipment Manufacturing: Cumulative YoY",False,月,月,False,%,%,False,累计同比,累计同比,False,全国,全国,False,中国,中国,False,国家统计局,国家统计局,False,getEcoDataChina,getEcoDataChina,False,2012-02-29,2012-02-29,False,2026-06-30,2026-06-30,False,1,1,False,True,False,固定资产投资完成额:制造业:铁路、船舶、航空航天和其他运输设备制造业:累计同比,"Fixed Assets Investment Completed: Manufacturing: Railway, Marine, Aerospace And Other Transportation Equipment Manufacturing: Cumulative YoY",月,%,累计同比,全国,中国,国家统计局,getEcoDataChina,2012-02-29,2026-06-30,1,False,False,False,False,False,False,False,False,False,False,False,False,False
801740,国防军工,5,1020010283,工业企业:投资收益:铁路、船舶、航空航天和其他运输设备制造业:累计值,"Investment Return: Railway, Ship, Aerospace and Other Transportation Equipment Manufacturing Industry: Cumulative Value",月,亿元,累计值,全国,中国,国家统计局,getEcoDataChina,2017-02-28,2026-06-30,1,145.0,1020010283,工业企业:投资收益:铁路、船舶、航空航天和其他运输设备制造业:累计值,"Investment Return: Railway, Ship, Aerospace and Other Transportation Equipment Manufacturing Industry: Cumulative Value",M020010283,M020010168,0,月,亿元,累计值,2.0,全国,中国,人民币元,不重要,国家统计局,"从2011年起,规模以上工业企业起点标准由原来的年主营业务收入500万元提高到年主营业务收入2000万元。",2975,getEcoDataChina,2017-02-28,2026-06-30,1,EcoInfoProGet,2026-08-13T01:09:36.711019+00:00,工业企业:投资收益:铁路、船舶、航空航天和其他运输设备制造业:累计值,工业企业:投资收益:铁路、船舶、航空航天和其他运输设备制造业:累计值,False,"Investment Return: Railway, Ship, Aerospace and Other Transportation Equipment Manufacturing Industry: Cumulative Value","Investment Return: Railway, Ship, Aerospace and Other Transportation Equipment Manufacturing Industry: Cumulative Value",False,月,月,False,亿元,亿元,False,累计值,累计值,False,全国,全国,False,中国,中国,False,国家统计局,国家统计局,False,getEcoDataChina,getEcoDataChina,False,2017-02-28,2017-02-28,False,2026-06-30,2026-06-30,False,1,1,False,True,False,工业企业:投资收益:铁路、船舶、航空航天和其他运输设备制造业:累计值,"Investment Return: Railway, Ship, Aerospace and Other Transportation Equipment Manufacturing Industry: Cumulative Value",月,亿元,累计值,全国,中国,国家统计局,getEcoDataChina,2017-02-28,2026-06-30,1,False,False,False,False,False,False,False,False,False,False,False,False,False
801740,国防军工,6,1050000441,民间固定资产投资完成额:铁路、船舶、航空航天和其他运输设备制造业:累计同比,"Private Investment In Fixed Assets Completed: Railway, Marine, Aerospace And Other Transportation Equipment Manufacturing: Cumulative YoY",月,%,累计同比,全国,中国,国家统计局,getEcoDataChina,2012-03-31,2026-06-30,1,145.0,1050000441,民间固定资产投资完成额:铁路、船舶、航空航天和其他运输设备制造业:累计同比,"Private Investment In Fixed Assets Completed: Railway, Marine, Aerospace And Other Transportation Equipment Manufacturing: Cumulative YoY",M050000441,M050000396,0,月,%,累计同比,2.0,全国,中国,,比较重要,国家统计局,,2975,getEcoDataChina,2012-03-31,2026-06-30,1,EcoInfoProGet,2026-08-13T01:09:36.711019+00:00,民间固定资产投资完成额:铁路、船舶、航空航天和其他运输设备制造业:累计同比,民间固定资产投资完成额:铁路、船舶、航空航天和其他运输设备制造业:累计同比,False,"Private Investment In Fixed Assets Completed: Railway, Marine, Aerospace And Other Transportation Equipment Manufacturing: Cumulative YoY","Private Investment In Fixed Assets Completed: Railway, Marine, Aerospace And Other Transportation Equipment Manufacturing: Cumulative YoY",False,月,月,False,%,%,False,累计同比,累计同比,False,全国,全国,False,中国,中国,False,国家统计局,国家统计局,False,getEcoDataChina,getEcoDataChina,False,2012-03-31,2012-03-31,False,2026-06-30,2026-06-30,False,1,1,False,True,False,民间固定资产投资完成额:铁路、船舶、航空航天和其他运输设备制造业:累计同比,"Private Investment In Fixed Assets Completed: Railway, Marine, Aerospace And Other Transportation Equipment Manufacturing: Cumulative YoY",月,%,累计同比,全国,中国,国家统计局,getEcoDataChina,2012-03-31,2026-06-30,1,False,False,False,False,False,False,False,False,False,False,False,False,False
801740,国防军工,7,1020001585,产量:民用钢质船舶:当月值,Output: Civil Steel Ships: Current,月,万载重吨,当期值,全国,中国,国家统计局,getEcoDataChina,1989-02-28,2026-06-30,1,143.0,1020001585,产量:民用钢质船舶:当月值,Output: Civil Steel Ships: Current,M020001585,M020001541,0,月,万载重吨,当期值,2.0,全国,中国,,不重要,国家统计局,200412前:万综合吨,2975,getEcoDataChina,1989-02-28,2026-06-30,1,EcoInfoProGet,2026-08-13T01:09:36.711019+00:00,产量:民用钢质船舶:当月值,产量:民用钢质船舶:当月值,False,Output: Civil Steel Ships: Current,Output: Civil Steel Ships: Current,False,月,月,False,万载重吨,万载重吨,False,当期值,当期值,False,全国,全国,False,中国,中国,False,国家统计局,国家统计局,False,getEcoDataChina,getEcoDataChina,False,1989-02-28,1989-02-28,False,2026-06-30,2026-06-30,False,1,1,False,True,False,产量:民用钢质船舶:当月值,Output: Civil Steel Ships: Current,月,万载重吨,当期值,全国,中国,国家统计局,getEcoDataChina,1989-02-28,2026-06-30,1,False,False,False,False,False,False,False,False,False,False,False,False,False
801740,国防军工,8,2087007385,"出口金额(美元):其他航空器;航天器及运载工具,亚轨道运载工具(8802):当月值","Export Value (USD): Other Aircraft;Spacecraft and Vehicles, Suborbital Vehicles(8802): Current Month Value",月,美元,当期值,中国,中国,海关总署,getEcoDataIndMachineryequipment,2015-01-31,2026-06-30,1,143.0,2087007385,"出口金额(美元):其他航空器;航天器及运载工具,亚轨道运载工具(8802):当月值","Export Value (USD): Other Aircraft;Spacecraft and Vehicles, Suborbital Vehicles(8802): Current Month Value",S087007385,S087002721,0,月,美元,当期值,2.0,中国,中国,美元,一般重要,海关总署,"HS编码""8802""中文全称为""其他航空器(例如,直升机、飞机);航天器(包括卫星)及运载工具,亚轨道运载工具""",2990,getEcoDataIndMachineryequipment,2015-01-31,2026-06-30,1,EcoInfoProGet,2026-08-13T01:09:36.711019+00:00,"出口金额(美元):其他航空器;航天器及运载工具,亚轨道运载工具(8802):当月值","出口金额(美元):其他航空器;航天器及运载工具,亚轨道运载工具(8802):当月值",False,"Export Value (USD): Other Aircraft;Spacecraft and Vehicles, Suborbital Vehicles(8802): Current Month Value","Export Value (USD): Other Aircraft;Spacecraft and Vehicles, Suborbital Vehicles(8802): Current Month Value",False,月,月,False,美元,美元,False,当期值,当期值,False,中国,中国,False,中国,中国,False,海关总署,海关总署,False,getEcoDataIndMachineryequipment,getEcoDataIndMachineryequipment,False,2015-01-31,2015-01-31,False,2026-06-30,2026-06-30,False,1,1,False,True,False,"出口金额(美元):其他航空器;航天器及运载工具,亚轨道运载工具(8802):当月值","Export Value (USD): Other Aircraft;Spacecraft and Vehicles, Suborbital Vehicles(8802): Current Month Value",月,美元,当期值,中国,中国,海关总署,getEcoDataIndMachineryequipment,2015-01-31,2026-06-30,1,False,False,False,False,False,False,False,False,False,False,False,False,False
801740,国防军工,9,2087007371,出口金额(美元):气球及飞艇;滑翔机、悬挂滑翔机等无动力航空器(8801):当月值,Export Value (USD): Balloons and Airships;Unpowered Aircraft such as Glider and Hang Glider(8801): Current Month Value,月,美元,当期值,中国,中国,海关总署,getEcoDataIndMachineryequipment,2015-01-31,2026-06-30,1,143.0,2087007371,出口金额(美元):气球及飞艇;滑翔机、悬挂滑翔机等无动力航空器(8801):当月值,Export Value (USD): Balloons and Airships;Unpowered Aircraft such as Glider and Hang Glider(8801): Current Month Value,S087007371,S087002720,0,月,美元,当期值,2.0,中国,中国,美元,一般重要,海关总署,"HS编码""8801""中文全称为""气球及飞艇;滑翔机、悬挂滑翔机及其他无动力航空器""",2990,getEcoDataIndMachineryequipment,2015-01-31,2026-06-30,1,EcoInfoProGet,2026-08-13T01:09:36.711019+00:00,出口金额(美元):气球及飞艇;滑翔机、悬挂滑翔机等无动力航空器(8801):当月值,出口金额(美元):气球及飞艇;滑翔机、悬挂滑翔机等无动力航空器(8801):当月值,False,Export Value (USD): Balloons and Airships;Unpowered Aircraft such as Glider and Hang Glider(8801): Current Month Value,Export Value (USD): Balloons and Airships;Unpowered Aircraft such as Glider and Hang Glider(8801): Current Month Value,False,月,月,False,美元,美元,False,当期值,当期值,False,中国,中国,False,中国,中国,False,海关总署,海关总署,False,getEcoDataIndMachineryequipment,getEcoDataIndMachineryequipment,False,2015-01-31,2015-01-31,False,2026-06-30,2026-06-30,False,1,1,False,True,False,出口金额(美元):气球及飞艇;滑翔机、悬挂滑翔机等无动力航空器(8801):当月值,Export Value (USD): Balloons and Airships;Unpowered Aircraft such as Glider and Hang Glider(8801): Current Month Value,月,美元,当期值,中国,中国,海关总署,getEcoDataIndMachineryequipment,2015-01-31,2026-06-30,1,False,False,False,False,False,False,False,False,False,False,False,False,False
801740,国防军工,10,2087005765,出口金额(美元):航空器、航天器及其零件(88):当月同比,"Export Value (USD): Aircraft, Spacecraft And Their Parts(88): Mom",月,%,当期同比,中国,中国,海关总署,getEcoDataIndMachineryequipment,2016-01-31,2026-06-30,1,143.0,2087005765,出口金额(美元):航空器、航天器及其零件(88):当月同比,"Export Value (USD): Aircraft, Spacecraft And Their Parts(88): Mom",S087005765,S087002417,0,月,%,当期同比,2.0,中国,中国,,一般重要,海关总署,,2990,getEcoDataIndMachineryequipment,2016-01-31,2026-06-30,1,EcoInfoProGet,2026-08-13T01:09:36.711019+00:00,出口金额(美元):航空器、航天器及其零件(88):当月同比,出口金额(美元):航空器、航天器及其零件(88):当月同比,False,"Export Value (USD): Aircraft, Spacecraft And Their Parts(88): Mom","Export Value (USD): Aircraft, Spacecraft And Their Parts(88): Mom",False,月,月,False,%,%,False,当期同比,当期同比,False,中国,中国,False,中国,中国,False,海关总署,海关总署,False,getEcoDataIndMachineryequipment,getEcoDataIndMachineryequipment,False,2016-01-31,2016-01-31,False,2026-06-30,2026-06-30,False,1,1,False,True,False,出口金额(美元):航空器、航天器及其零件(88):当月同比,"Export Value (USD): Aircraft, Spacecraft And Their Parts(88): Mom",月,%,当期同比,中国,中国,海关总署,getEcoDataIndMachineryequipment,2016-01-31,2026-06-30,1,False,False,False,False,False,False,False,False,False,False,False,False,False
801740,国防军工,11,2087007413,出口金额(美元):航空器的发射装置、甲板停机装置等及其零件(8805):当月值,"Export Value (USD): Aunching Device, Deck Stop Device, Etc. of 8805 Aircraft and Their Parts(8805): Current Month Value",月,美元,当期值,中国,中国,海关总署,getEcoDataIndMachineryequipment,2015-01-31,2026-06-30,1,143.0,2087007413,出口金额(美元):航空器的发射装置、甲板停机装置等及其零件(8805):当月值,"Export Value (USD): Aunching Device, Deck Stop Device, Etc. of 8805 Aircraft and Their Parts(8805): Current Month Value",S087007413,S087002724,0,月,美元,当期值,2.0,中国,中国,美元,一般重要,海关总署,"HS编码""8805""中文全称为""航空器的发射装置、甲板停机装置或类似装置和地面飞行训练器及其零件""",2990,getEcoDataIndMachineryequipment,2015-01-31,2026-06-30,1,EcoInfoProGet,2026-08-13T01:09:36.711019+00:00,出口金额(美元):航空器的发射装置、甲板停机装置等及其零件(8805):当月值,出口金额(美元):航空器的发射装置、甲板停机装置等及其零件(8805):当月值,False,"Export Value (USD): Aunching Device, Deck Stop Device, Etc. of 8805 Aircraft and Their Parts(8805): Current Month Value","Export Value (USD): Aunching Device, Deck Stop Device, Etc. of 8805 Aircraft and Their Parts(8805): Current Month Value",False,月,月,False,美元,美元,False,当期值,当期值,False,中国,中国,False,中国,中国,False,海关总署,海关总署,False,getEcoDataIndMachineryequipment,getEcoDataIndMachineryequipment,False,2015-01-31,2015-01-31,False,2026-06-30,2026-06-30,False,1,1,False,True,False,出口金额(美元):航空器的发射装置、甲板停机装置等及其零件(8805):当月值,"Export Value (USD): Aunching Device, Deck Stop Device, Etc. of 8805 Aircraft and Their Parts(8805): Current Month Value",月,美元,当期值,中国,中国,海关总署,getEcoDataIndMachineryequipment,2015-01-31,2026-06-30,1,False,False,False,False,False,False,False,False,False,False,False,False,False
801740,国防军工,12,2160712475,出口金额(美元):船舶及浮动结构体(89):当月值,Export Value (USD): Ships And Floating Structures (Transportation)(89): Current Month Value,月,美元,当期值,中国,中国,海关总署,getEcoDataIndTraffictransport,2015-01-31,2026-06-30,1,143.0,2160712475,出口金额(美元):船舶及浮动结构体(89):当月值,Export Value (USD): Ships And Floating Structures (Transportation)(89): Current Month Value,S160712475,S160712394,0,月,美元,当期值,2.0,中国,中国,美元,一般重要,海关总署,,2996,getEcoDataIndTraffictransport,2015-01-31,2026-06-30,1,EcoInfoProGet,2026-08-13T01:09:36.711019+00:00,出口金额(美元):船舶及浮动结构体(89):当月值,出口金额(美元):船舶及浮动结构体(89):当月值,False,Export Value (USD): Ships And Floating Structures (Transportation)(89): Current Month Value,Export Value (USD): Ships And Floating Structures (Transportation)(89): Current Month Value,False,月,月,False,美元,美元,False,当期值,当期值,False,中国,中国,False,中国,中国,False,海关总署,海关总署,False,getEcoDataIndTraffictransport,getEcoDataIndTraffictransport,False,2015-01-31,2015-01-31,False,2026-06-30,2026-06-30,False,1,1,False,True,False,出口金额(美元):船舶及浮动结构体(89):当月值,Export Value (USD): Ships And Floating Structures (Transportation)(89): Current Month Value,月,美元,当期值,中国,中国,海关总署,getEcoDataIndTraffictransport,2015-01-31,2026-06-30,1,False,False,False,False,False,False,False,False,False,False,False,False,False
801740,国防军工,13,2087007387,"进出口金额(美元):其他航空器;航天器及运载工具,亚轨道运载工具(8802):当月值","Import and Export Value (USD): Other Aircraft;Spacecraft and Vehicles, Suborbital Vehicles(8802): Current Month Value",月,美元,当期值,中国,中国,海关总署,getEcoDataIndMachineryequipment,2015-01-31,2026-06-30,1,143.0,2087007387,"进出口金额(美元):其他航空器;航天器及运载工具,亚轨道运载工具(8802):当月值","Import and Export Value (USD): Other Aircraft;Spacecraft and Vehicles, Suborbital Vehicles(8802): Current Month Value",S087007387,S087002721,0,月,美元,当期值,2.0,中国,中国,美元,一般重要,海关总署,"HS编码""8802""中文全称为""其他航空器(例如,直升机、飞机);航天器(包括卫星)及运载工具,亚轨道运载工具""",2990,getEcoDataIndMachineryequipment,2015-01-31,2026-06-30,1,EcoInfoProGet,2026-08-13T01:09:36.711019+00:00,"进出口金额(美元):其他航空器;航天器及运载工具,亚轨道运载工具(8802):当月值","进出口金额(美元):其他航空器;航天器及运载工具,亚轨道运载工具(8802):当月值",False,"Import and Export Value (USD): Other Aircraft;Spacecraft and Vehicles, Suborbital Vehicles(8802): Current Month Value","Import and Export Value (USD): Other Aircraft;Spacecraft and Vehicles, Suborbital Vehicles(8802): Current Month Value",False,月,月,False,美元,美元,False,当期值,当期值,False,中国,中国,False,中国,中国,False,海关总署,海关总署,False,getEcoDataIndMachineryequipment,getEcoDataIndMachineryequipment,False,2015-01-31,2015-01-31,False,2026-06-30,2026-06-30,False,1,1,False,True,False,"进出口金额(美元):其他航空器;航天器及运载工具,亚轨道运载工具(8802):当月值","Import and Export Value (USD): Other Aircraft;Spacecraft and Vehicles, Suborbital Vehicles(8802): Current Month Value",月,美元,当期值,中国,中国,海关总署,getEcoDataIndMachineryequipment,2015-01-31,2026-06-30,1,False,False,False,False,False,False,False,False,False,False,False,False,False
801740,国防军工,14,2087007373,进出口金额(美元):气球及飞艇;滑翔机、悬挂滑翔机等无动力航空器(8801):当月值,Import and Export Value (USD): Balloons and Airships;Unpowered Aircraft such as Glider and Hang Glider(8801): Current Month Value,月,美元,当期值,中国,中国,海关总署,getEcoDataIndMachineryequipment,2015-01-31,2026-06-30,1,143.0,2087007373,进出口金额(美元):气球及飞艇;滑翔机、悬挂滑翔机等无动力航空器(8801):当月值,Import and Export Value (USD): Balloons and Airships;Unpowered Aircraft such as Glider and Hang Glider(8801): Current Month Value,S087007373,S087002720,0,月,美元,当期值,2.0,中国,中国,美元,一般重要,海关总署,"HS编码""8801""中文全称为""气球及飞艇;滑翔机、悬挂滑翔机及其他无动力航空器""",2990,getEcoDataIndMachineryequipment,2015-01-31,2026-06-30,1,EcoInfoProGet,2026-08-13T01:09:36.711019+00:00,进出口金额(美元):气球及飞艇;滑翔机、悬挂滑翔机等无动力航空器(8801):当月值,进出口金额(美元):气球及飞艇;滑翔机、悬挂滑翔机等无动力航空器(8801):当月值,False,Import and Export Value (USD): Balloons and Airships;Unpowered Aircraft such as Glider and Hang Glider(8801): Current Month Value,Import and Export Value (USD): Balloons and Airships;Unpowered Aircraft such as Glider and Hang Glider(8801): Current Month Value,False,月,月,False,美元,美元,False,当期值,当期值,False,中国,中国,False,中国,中国,False,海关总署,海关总署,False,getEcoDataIndMachineryequipment,getEcoDataIndMachineryequipment,False,2015-01-31,2015-01-31,False,2026-06-30,2026-06-30,False,1,1,False,True,False,进出口金额(美元):气球及飞艇;滑翔机、悬挂滑翔机等无动力航空器(8801):当月值,Import and Export Value (USD): Balloons and Airships;Unpowered Aircraft such as Glider and Hang Glider(8801): Current Month Value,月,美元,当期值,中国,中国,海关总署,getEcoDataIndMachineryequipment,2015-01-31,2026-06-30,1,False,False,False,False,False,False,False,False,False,False,False,False,False
801740,国防军工,15,2087005763,进出口金额(美元):航空器、航天器及其零件(88):当月值,"Import And Export Value (USD): Aircraft, Spacecraft And Their Parts(88): Current Month Value",月,美元,当期值,中国,中国,海关总署,getEcoDataIndMachineryequipment,2015-01-31,2026-06-30,1,143.0,2087005763,进出口金额(美元):航空器、航天器及其零件(88):当月值,"Import And Export Value (USD): Aircraft, Spacecraft And Their Parts(88): Current Month Value",S087005763,S087002417,0,月,美元,当期值,2.0,中国,中国,美元,一般重要,海关总署,,2990,getEcoDataIndMachineryequipment,2015-01-31,2026-06-30,1,EcoInfoProGet,2026-08-13T01:09:36.711019+00:00,进出口金额(美元):航空器、航天器及其零件(88):当月值,进出口金额(美元):航空器、航天器及其零件(88):当月值,False,"Import And Export Value (USD): Aircraft, Spacecraft And Their Parts(88): Current Month Value","Import And Export Value (USD): Aircraft, Spacecraft And Their Parts(88): Current Month Value",False,月,月,False,美元,美元,False,当期值,当期值,False,中国,中国,False,中国,中国,False,海关总署,海关总署,False,getEcoDataIndMachineryequipment,getEcoDataIndMachineryequipment,False,2015-01-31,2015-01-31,False,2026-06-30,2026-06-30,False,1,1,False,True,False,进出口金额(美元):航空器、航天器及其零件(88):当月值,"Import And Export Value (USD): Aircraft, Spacecraft And Their Parts(88): Current Month Value",月,美元,当期值,中国,中国,海关总署,getEcoDataIndMachineryequipment,2015-01-31,2026-06-30,1,False,False,False,False,False,False,False,False,False,False,False,False,False
801740,国防军工,16,2087007415,进出口金额(美元):航空器的发射装置、甲板停机装置等及其零件(8805):当月值,"Import and Export Value (USD): Aunching Device, Deck Stop Device, Etc. of 8805 Aircraft and Their Parts(8805): Current Month Value",月,美元,当期值,中国,中国,海关总署,getEcoDataIndMachineryequipment,2015-01-31,2026-06-30,1,143.0,2087007415,进出口金额(美元):航空器的发射装置、甲板停机装置等及其零件(8805):当月值,"Import and Export Value (USD): Aunching Device, Deck Stop Device, Etc. of 8805 Aircraft and Their Parts(8805): Current Month Value",S087007415,S087002724,0,月,美元,当期值,2.0,中国,中国,美元,一般重要,海关总署,"HS编码""8805""中文全称为""航空器的发射装置、甲板停机装置或类似装置和地面飞行训练器及其零件""",2990,getEcoDataIndMachineryequipment,2015-01-31,2026-06-30,1,EcoInfoProGet,2026-08-13T01:09:36.711019+00:00,进出口金额(美元):航空器的发射装置、甲板停机装置等及其零件(8805):当月值,进出口金额(美元):航空器的发射装置、甲板停机装置等及其零件(8805):当月值,False,"Import and Export Value (USD): Aunching Device, Deck Stop Device, Etc. of 8805 Aircraft and Their Parts(8805): Current Month Value","Import and Export Value (USD): Aunching Device, Deck Stop Device, Etc. of 8805 Aircraft and Their Parts(8805): Current Month Value",False,月,月,False,美元,美元,False,当期值,当期值,False,中国,中国,False,中国,中国,False,海关总署,海关总署,False,getEcoDataIndMachineryequipment,getEcoDataIndMachineryequipment,False,2015-01-31,2015-01-31,False,2026-06-30,2026-06-30,False,1,1,False,True,False,进出口金额(美元):航空器的发射装置、甲板停机装置等及其零件(8805):当月值,"Import and Export Value (USD): Aunching Device, Deck Stop Device, Etc. of 8805 Aircraft and Their Parts(8805): Current Month Value",月,美元,当期值,中国,中国,海关总署,getEcoDataIndMachineryequipment,2015-01-31,2026-06-30,1,False,False,False,False,False,False,False,False,False,False,False,False,False
801740,国防军工,17,2160712477,进出口金额(美元):船舶及浮动结构体(89):当月值,Import And Export Value (USD): Ships And Floating Structures (Transportation)(89): Current Month Value,月,美元,当期值,中国,中国,海关总署,getEcoDataIndTraffictransport,2015-01-31,2026-06-30,1,143.0,2160712477,进出口金额(美元):船舶及浮动结构体(89):当月值,Import And Export Value (USD): Ships And Floating Structures (Transportation)(89): Current Month Value,S160712477,S160712394,0,月,美元,当期值,2.0,中国,中国,美元,一般重要,海关总署,,2996,getEcoDataIndTraffictransport,2015-01-31,2026-06-30,1,EcoInfoProGet,2026-08-13T01:09:36.711019+00:00,进出口金额(美元):船舶及浮动结构体(89):当月值,进出口金额(美元):船舶及浮动结构体(89):当月值,False,Import And Export Value (USD): Ships And Floating Structures (Transportation)(89): Current Month Value,Import And Export Value (USD): Ships And Floating Structures (Transportation)(89): Current Month Value,False,月,月,False,美元,美元,False,当期值,当期值,False,中国,中国,False,中国,中国,False,海关总署,海关总署,False,getEcoDataIndTraffictransport,getEcoDataIndTraffictransport,False,2015-01-31,2015-01-31,False,2026-06-30,2026-06-30,False,1,1,False,True,False,进出口金额(美元):船舶及浮动结构体(89):当月值,Import And Export Value (USD): Ships And Floating Structures (Transportation)(89): Current Month Value,月,美元,当期值,中国,中国,海关总署,getEcoDataIndTraffictransport,2015-01-31,2026-06-30,1,False,False,False,False,False,False,False,False,False,False,False,False,False
801740,国防军工,18,2160029358,全国造船完工量:出口占比,National Completion Quantity of Ship Building: Proportion of Export,月,%,累计占比,,中国,中国船舶工业行业协会,getEcoDataIndTraffictransport,2013-12-31,2026-03-31,1,141.0,2160029358,全国造船完工量:出口占比,National Completion Quantity of Ship Building: Proportion of Export,S160029358,S160029348,0,月,%,累计占比,1.0,,中国,,不重要,中国船舶工业行业协会,,2996,getEcoDataIndTraffictransport,2013-12-31,2026-03-31,1,EcoInfoProGet,2026-08-13T01:09:36.711019+00:00,全国造船完工量:出口占比,全国造船完工量:出口占比,False,National Completion Quantity of Ship Building: Proportion of Export,National Completion Quantity of Ship Building: Proportion of Export,False,月,月,False,%,%,False,累计占比,累计占比,False,,,False,中国,中国,False,中国船舶工业行业协会,中国船舶工业行业协会,False,getEcoDataIndTraffictransport,getEcoDataIndTraffictransport,False,2013-12-31,2013-12-31,False,2026-03-31,2026-03-31,False,1,1,False,True,False,全国造船完工量:出口占比,National Completion Quantity of Ship Building: Proportion of Export,月,%,累计占比,,中国,中国船舶工业行业协会,getEcoDataIndTraffictransport,2013-12-31,2026-03-31,1,False,False,False,False,False,False,False,False,False,False,False,False,False
801740,国防军工,19,2160029351,全国造船手持订单量:累计同比,National Volume of Ship Building Handheld Orders: Cumulative YoY,月,%,累计同比,,中国,中国船舶工业行业协会,getEcoDataIndTraffictransport,2013-12-31,2026-03-31,1,141.0,2160029351,全国造船手持订单量:累计同比,National Volume of Ship Building Handheld Orders: Cumulative YoY,S160029351,S160029348,0,月,%,累计同比,1.0,,中国,,不重要,中国船舶工业行业协会,,2996,getEcoDataIndTraffictransport,2013-12-31,2026-03-31,1,EcoInfoProGet,2026-08-13T01:09:36.711019+00:00,全国造船手持订单量:累计同比,全国造船手持订单量:累计同比,False,National Volume of Ship Building Handheld Orders: Cumulative YoY,National Volume of Ship Building Handheld Orders: Cumulative YoY,False,月,月,False,%,%,False,累计同比,累计同比,False,,,False,中国,中国,False,中国船舶工业行业协会,中国船舶工业行业协会,False,getEcoDataIndTraffictransport,getEcoDataIndTraffictransport,False,2013-12-31,2013-12-31,False,2026-03-31,2026-03-31,False,1,1,False,True,False,全国造船手持订单量:累计同比,National Volume of Ship Building Handheld Orders: Cumulative YoY,月,%,累计同比,,中国,中国船舶工业行业协会,getEcoDataIndTraffictransport,2013-12-31,2026-03-31,1,False,False,False,False,False,False,False,False,False,False,False,False,False
801740,国防军工,20,1040015524,PPI:铁路、船舶、航空航天和其他运输设备制造业(上年同月=100),"PPI: Railway, Ship, Aerospace and Other Transportation Equipment Manufacturing Industry (CYoY=100)",月,上年同月=100,当期值,全国,中国,国家统计局,getEcoDataChina,2013-08-31,2026-06-30,1,137.0,1040015524,PPI:铁路、船舶、航空航天和其他运输设备制造业(上年同月=100),"PPI: Railway, Ship, Aerospace and Other Transportation Equipment Manufacturing Industry (CYoY=100)",M040015524,M040000842,0,月,上年同月=100,当期值,2.0,全国,中国,,比较重要,国家统计局,,2975,getEcoDataChina,2013-08-31,2026-07-31,1,EcoInfoProGet,2026-08-13T01:09:36.711019+00:00,PPI:铁路、船舶、航空航天和其他运输设备制造业(上年同月=100),PPI:铁路、船舶、航空航天和其他运输设备制造业(上年同月=100),False,"PPI: Railway, Ship, Aerospace and Other Transportation Equipment Manufacturing Industry (CYoY=100)","PPI: Railway, Ship, Aerospace and Other Transportation Equipment Manufacturing Industry (CYoY=100)",False,月,月,False,上年同月=100,上年同月=100,False,当期值,当期值,False,全国,全国,False,中国,中国,False,国家统计局,国家统计局,False,getEcoDataChina,getEcoDataChina,False,2013-08-31,2013-08-31,False,2026-06-30,2026-07-31,True,1,1,False,True,True,PPI:铁路、船舶、航空航天和其他运输设备制造业(上年同月=100),"PPI: Railway, Ship, Aerospace and Other Transportation Equipment Manufacturing Industry (CYoY=100)",月,上年同月=100,当期值,全国,中国,国家统计局,getEcoDataChina,2013-08-31,2026-07-31,1,False,False,False,False,False,False,False,False,False,False,False,False,False
801740,国防军工,21,1020000667,三项期间费用率:铁路、船舶、航空航天和其他运输设备制造业,Three Types Of Expenses Rate: Transportation Equipment Manufacturing,月,%,当期值,全国,中国,国家统计局,getEcoDataChina,2011-02-28,2026-06-30,1,137.0,1020000667,三项期间费用率:铁路、船舶、航空航天和其他运输设备制造业,Three Types Of Expenses Rate: Transportation Equipment Manufacturing,M020000667,M020000636,0,月,%,当期值,2.0,全国,中国,,不重要,国家统计局,,2975,getEcoDataChina,2011-02-28,2026-06-30,1,EcoInfoProGet,2026-08-13T01:09:36.711019+00:00,三项期间费用率:铁路、船舶、航空航天和其他运输设备制造业,三项期间费用率:铁路、船舶、航空航天和其他运输设备制造业,False,Three Types Of Expenses Rate: Transportation Equipment Manufacturing,Three Types Of Expenses Rate: Transportation Equipment Manufacturing,False,月,月,False,%,%,False,当期值,当期值,False,全国,全国,False,中国,中国,False,国家统计局,国家统计局,False,getEcoDataChina,getEcoDataChina,False,2011-02-28,2011-02-28,False,2026-06-30,2026-06-30,False,1,1,False,True,False,三项期间费用率:铁路、船舶、航空航天和其他运输设备制造业,Three Types Of Expenses Rate: Transportation Equipment Manufacturing,月,%,当期值,全国,中国,国家统计局,getEcoDataChina,2011-02-28,2026-06-30,1,False,False,False,False,False,False,False,False,False,False,False,False,False
801740,国防军工,22,1020008409,工业企业:亏损企业亏损额:铁路、船舶、航空航天和其他运输设备制造业:累计值,"Loss of Money-Losing Enterprises: Railway, Ship, Aerospace and Other Transportation Equipment Manufacturing Industry: Cumulative Value",月,亿元,累计值,全国,中国,国家统计局,getEcoDataChina,2000-02-29,2026-06-30,1,137.0,1020008409,工业企业:亏损企业亏损额:铁路、船舶、航空航天和其他运输设备制造业:累计值,"Loss of Money-Losing Enterprises: Railway, Ship, Aerospace and Other Transportation Equipment Manufacturing Industry: Cumulative Value",M020008409,M020006127,0,月,亿元,累计值,2.0,全国,中国,人民币元,不重要,国家统计局,"从2011年起,规模以上工业企业起点标准由原来的年主营业务收入500万元提高到年主营业务收入2000万元。",2975,getEcoDataChina,2000-02-29,2026-06-30,1,EcoInfoProGet,2026-08-13T01:09:36.711019+00:00,工业企业:亏损企业亏损额:铁路、船舶、航空航天和其他运输设备制造业:累计值,工业企业:亏损企业亏损额:铁路、船舶、航空航天和其他运输设备制造业:累计值,False,"Loss of Money-Losing Enterprises: Railway, Ship, Aerospace and Other Transportation Equipment Manufacturing Industry: Cumulative Value","Loss of Money-Losing Enterprises: Railway, Ship, Aerospace and Other Transportation Equipment Manufacturing Industry: Cumulative Value",False,月,月,False,亿元,亿元,False,累计值,累计值,False,全国,全国,False,中国,中国,False,国家统计局,国家统计局,False,getEcoDataChina,getEcoDataChina,False,2000-02-29,2000-02-29,False,2026-06-30,2026-06-30,False,1,1,False,True,False,工业企业:亏损企业亏损额:铁路、船舶、航空航天和其他运输设备制造业:累计值,"Loss of Money-Losing Enterprises: Railway, Ship, Aerospace and Other Transportation Equipment Manufacturing Industry: Cumulative Value",月,亿元,累计值,全国,中国,国家统计局,getEcoDataChina,2000-02-29,2026-06-30,1,False,False,False,False,False,False,False,False,False,False,False,False,False
801740,国防军工,23,1020006267,工业企业:亏损企业单位数:铁路、船舶、航空航天和其他运输设备制造业:累计值,"Number of Loss-Making Enterprises: Railway, Ship, Aerospace and Other Transportation Equipment Manufacturing Industry: Cumulative Value",月,个,累计值,全国,中国,国家统计局,getEcoDataChina,2000-02-29,2026-06-30,1,137.0,1020006267,工业企业:亏损企业单位数:铁路、船舶、航空航天和其他运输设备制造业:累计值,"Number of Loss-Making Enterprises: Railway, Ship, Aerospace and Other Transportation Equipment Manufacturing Industry: Cumulative Value",M020006267,M020006110,0,月,个,累计值,0.0,全国,中国,,不重要,国家统计局,"从2011年起,规模以上工业企业起点标准由原来的年主营业务收入500万元提高到年主营业务收入2000万元。",2975,getEcoDataChina,2000-02-29,2026-06-30,1,EcoInfoProGet,2026-08-13T01:09:36.711019+00:00,工业企业:亏损企业单位数:铁路、船舶、航空航天和其他运输设备制造业:累计值,工业企业:亏损企业单位数:铁路、船舶、航空航天和其他运输设备制造业:累计值,False,"Number of Loss-Making Enterprises: Railway, Ship, Aerospace and Other Transportation Equipment Manufacturing Industry: Cumulative Value","Number of Loss-Making Enterprises: Railway, Ship, Aerospace and Other Transportation Equipment Manufacturing Industry: Cumulative Value",False,月,月,False,个,个,False,累计值,累计值,False,全国,全国,False,中国,中国,False,国家统计局,国家统计局,False,getEcoDataChina,getEcoDataChina,False,2000-02-29,2000-02-29,False,2026-06-30,2026-06-30,False,1,1,False,True,False,工业企业:亏损企业单位数:铁路、船舶、航空航天和其他运输设备制造业:累计值,"Number of Loss-Making Enterprises: Railway, Ship, Aerospace and Other Transportation Equipment Manufacturing Industry: Cumulative Value",月,个,累计值,全国,中国,国家统计局,getEcoDataChina,2000-02-29,2026-06-30,1,False,False,False,False,False,False,False,False,False,False,False,False,False
801740,国防军工,24,1020006771,工业企业:产成品存货:铁路、船舶、航空航天和其他运输设备制造业:累计值,"Finished Goods Inventory: Railway, Ship, Aerospace and Other Transportation Equipment Manufacturing Industry: Cumulative Value",月,亿元,累计值,全国,中国,国家统计局,getEcoDataChina,2000-02-29,2026-06-30,1,137.0,1020006771,工业企业:产成品存货:铁路、船舶、航空航天和其他运输设备制造业:累计值,"Finished Goods Inventory: Railway, Ship, Aerospace and Other Transportation Equipment Manufacturing Industry: Cumulative Value",M020006771,M020006114,0,月,亿元,累计值,2.0,全国,中国,人民币元,不重要,国家统计局,"从2011年起,规模以上工业企业起点标准由原来的年主营业务收入500万元提高到年主营业务收入2000万元。",2975,getEcoDataChina,2000-02-29,2026-06-30,1,EcoInfoProGet,2026-08-13T01:09:36.711019+00:00,工业企业:产成品存货:铁路、船舶、航空航天和其他运输设备制造业:累计值,工业企业:产成品存货:铁路、船舶、航空航天和其他运输设备制造业:累计值,False,"Finished Goods Inventory: Railway, Ship, Aerospace and Other Transportation Equipment Manufacturing Industry: Cumulative Value","Finished Goods Inventory: Railway, Ship, Aerospace and Other Transportation Equipment Manufacturing Industry: Cumulative Value",False,月,月,False,亿元,亿元,False,累计值,累计值,False,全国,全国,False,中国,中国,False,国家统计局,国家统计局,False,getEcoDataChina,getEcoDataChina,False,2000-02-29,2000-02-29,False,2026-06-30,2026-06-30,False,1,1,False,True,False,工业企业:产成品存货:铁路、船舶、航空航天和其他运输设备制造业:累计值,"Finished Goods Inventory: Railway, Ship, Aerospace and Other Transportation Equipment Manufacturing Industry: Cumulative Value",月,亿元,累计值,全国,中国,国家统计局,getEcoDataChina,2000-02-29,2026-06-30,1,False,False,False,False,False,False,False,False,False,False,False,False,False
801740,国防军工,25,1020008283,工业企业:利润总额:铁路、船舶、航空航天和其他运输设备制造业:累计值,"Total Profit: Railway, Ship, Aerospace and Other Transportation Equipment Manufacturing Industry: Cumulative Value",月,亿元,累计值,全国,中国,国家统计局,getEcoDataChina,2000-02-29,2026-06-30,1,137.0,1020008283,工业企业:利润总额:铁路、船舶、航空航天和其他运输设备制造业:累计值,"Total Profit: Railway, Ship, Aerospace and Other Transportation Equipment Manufacturing Industry: Cumulative Value",M020008283,M020006126,0,月,亿元,累计值,2.0,全国,中国,人民币元,不重要,国家统计局,"从2011年起,规模以上工业企业起点标准由原来的年主营业务收入500万元提高到年主营业务收入2000万元。",2975,getEcoDataChina,2000-02-29,2026-06-30,1,EcoInfoProGet,2026-08-13T01:09:36.711019+00:00,工业企业:利润总额:铁路、船舶、航空航天和其他运输设备制造业:累计值,工业企业:利润总额:铁路、船舶、航空航天和其他运输设备制造业:累计值,False,"Total Profit: Railway, Ship, Aerospace and Other Transportation Equipment Manufacturing Industry: Cumulative Value","Total Profit: Railway, Ship, Aerospace and Other Transportation Equipment Manufacturing Industry: Cumulative Value",False,月,月,False,亿元,亿元,False,累计值,累计值,False,全国,全国,False,中国,中国,False,国家统计局,国家统计局,False,getEcoDataChina,getEcoDataChina,False,2000-02-29,2000-02-29,False,2026-06-30,2026-06-30,False,1,1,False,True,False,工业企业:利润总额:铁路、船舶、航空航天和其他运输设备制造业:累计值,"Total Profit: Railway, Ship, Aerospace and Other Transportation Equipment Manufacturing Industry: Cumulative Value",月,亿元,累计值,全国,中国,国家统计局,getEcoDataChina,2000-02-29,2026-06-30,1,False,False,False,False,False,False,False,False,False,False,False,False,False
801740,国防军工,26,1020006161,工业企业:单位数:铁路、船舶、航空航天和其他运输设备制造业:累计值,"Number of Enterprises: Railway, Ship, Aerospace and Other Transportation Equipment Manufacturing Industry: Cumulative Value",月,个,累计值,全国,中国,国家统计局,getEcoDataChina,2001-02-28,2026-06-30,1,137.0,1020006161,工业企业:单位数:铁路、船舶、航空航天和其他运输设备制造业:累计值,"Number of Enterprises: Railway, Ship, Aerospace and Other Transportation Equipment Manufacturing Industry: Cumulative Value",M020006161,M020006109,0,月,个,累计值,0.0,全国,中国,,不重要,国家统计局,"从2011年起,规模以上工业企业起点标准由原来的年主营业务收入500万元提高到年主营业务收入2000万元。",2975,getEcoDataChina,2001-02-28,2026-06-30,1,EcoInfoProGet,2026-08-13T01:09:36.711019+00:00,工业企业:单位数:铁路、船舶、航空航天和其他运输设备制造业:累计值,工业企业:单位数:铁路、船舶、航空航天和其他运输设备制造业:累计值,False,"Number of Enterprises: Railway, Ship, Aerospace and Other Transportation Equipment Manufacturing Industry: Cumulative Value","Number of Enterprises: Railway, Ship, Aerospace and Other Transportation Equipment Manufacturing Industry: Cumulative Value",False,月,月,False,个,个,False,累计值,累计值,False,全国,全国,False,中国,中国,False,国家统计局,国家统计局,False,getEcoDataChina,getEcoDataChina,False,2001-02-28,2001-02-28,False,2026-06-30,2026-06-30,False,1,1,False,True,False,工业企业:单位数:铁路、船舶、航空航天和其他运输设备制造业:累计值,"Number of Enterprises: Railway, Ship, Aerospace and Other Transportation Equipment Manufacturing Industry: Cumulative Value",月,个,累计值,全国,中国,国家统计局,getEcoDataChina,2001-02-28,2026-06-30,1,False,False,False,False,False,False,False,False,False,False,False,False,False
801740,国防军工,27,1020006645,工业企业:存货:铁路、船舶、航空航天和其他运输设备制造业:累计值,"Inventory: Railway, Ship, Aerospace and Other Transportation Equipment Manufacturing Industry: Cumulative Value",月,亿元,累计值,全国,中国,国家统计局,getEcoDataChina,2011-02-28,2026-06-30,1,137.0,1020006645,工业企业:存货:铁路、船舶、航空航天和其他运输设备制造业:累计值,"Inventory: Railway, Ship, Aerospace and Other Transportation Equipment Manufacturing Industry: Cumulative Value",M020006645,M020006113,0,月,亿元,累计值,2.0,全国,中国,人民币元,不重要,国家统计局,"从2011年起,规模以上工业企业起点标准由原来的年主营业务收入500万元提高到年主营业务收入2000万元。",2975,getEcoDataChina,2011-02-28,2026-06-30,1,EcoInfoProGet,2026-08-13T01:09:36.711019+00:00,工业企业:存货:铁路、船舶、航空航天和其他运输设备制造业:累计值,工业企业:存货:铁路、船舶、航空航天和其他运输设备制造业:累计值,False,"Inventory: Railway, Ship, Aerospace and Other Transportation Equipment Manufacturing Industry: Cumulative Value","Inventory: Railway, Ship, Aerospace and Other Transportation Equipment Manufacturing Industry: Cumulative Value",False,月,月,False,亿元,亿元,False,累计值,累计值,False,全国,全国,False,中国,中国,False,国家统计局,国家统计局,False,getEcoDataChina,getEcoDataChina,False,2011-02-28,2011-02-28,False,2026-06-30,2026-06-30,False,1,1,False,True,False,工业企业:存货:铁路、船舶、航空航天和其他运输设备制造业:累计值,"Inventory: Railway, Ship, Aerospace and Other Transportation Equipment Manufacturing Industry: Cumulative Value",月,亿元,累计值,全国,中国,国家统计局,getEcoDataChina,2011-02-28,2026-06-30,1,False,False,False,False,False,False,False,False,False,False,False,False,False
801740,国防军工,28,1020006519,工业企业:应收账款:铁路、船舶、航空航天和其他运输设备制造业:累计值,"Accounts Receivable: Railway, Ship, Aerospace and Other Transportation Equipment Manufacturing Industry: Cumulative Value",月,亿元,累计值,全国,中国,国家统计局,getEcoDataChina,2000-02-29,2026-06-30,1,137.0,1020006519,工业企业:应收账款:铁路、船舶、航空航天和其他运输设备制造业:累计值,"Accounts Receivable: Railway, Ship, Aerospace and Other Transportation Equipment Manufacturing Industry: Cumulative Value",M020006519,M020006112,0,月,亿元,累计值,2.0,全国,中国,人民币元,不重要,国家统计局,"从2011年起,规模以上工业企业起点标准由原来的年主营业务收入500万元提高到年主营业务收入2000万元。",2975,getEcoDataChina,2000-02-29,2026-06-30,1,EcoInfoProGet,2026-08-13T01:09:36.711019+00:00,工业企业:应收账款:铁路、船舶、航空航天和其他运输设备制造业:累计值,工业企业:应收账款:铁路、船舶、航空航天和其他运输设备制造业:累计值,False,"Accounts Receivable: Railway, Ship, Aerospace and Other Transportation Equipment Manufacturing Industry: Cumulative Value","Accounts Receivable: Railway, Ship, Aerospace and Other Transportation Equipment Manufacturing Industry: Cumulative Value",False,月,月,False,亿元,亿元,False,累计值,累计值,False,全国,全国,False,中国,中国,False,国家统计局,国家统计局,False,getEcoDataChina,getEcoDataChina,False,2000-02-29,2000-02-29,False,2026-06-30,2026-06-30,False,1,1,False,True,False,工业企业:应收账款:铁路、船舶、航空航天和其他运输设备制造业:累计值,"Accounts Receivable: Railway, Ship, Aerospace and Other Transportation Equipment Manufacturing Industry: Cumulative Value",月,亿元,累计值,全国,中国,国家统计局,getEcoDataChina,2000-02-29,2026-06-30,1,False,False,False,False,False,False,False,False,False,False,False,False,False
801740,国防军工,29,1020006393,工业企业:流动资产合计:铁路、船舶、航空航天和其他运输设备制造业:累计值,"Total Current Assets: Railway, Ship, Aerospace and Other Transportation Equipment Manufacturing Industry: Cumulative Value",月,亿元,累计值,全国,中国,国家统计局,getEcoDataChina,2011-02-28,2026-06-30,1,137.0,1020006393,工业企业:流动资产合计:铁路、船舶、航空航天和其他运输设备制造业:累计值,"Total Current Assets: Railway, Ship, Aerospace and Other Transportation Equipment Manufacturing Industry: Cumulative Value",M020006393,M020006111,0,月,亿元,累计值,2.0,全国,中国,人民币元,不重要,国家统计局,"从2011年起,规模以上工业企业起点标准由原来的年主营业务收入500万元提高到年主营业务收入2000万元。",2975,getEcoDataChina,2011-02-28,2026-06-30,1,EcoInfoProGet,2026-08-13T01:09:36.711019+00:00,工业企业:流动资产合计:铁路、船舶、航空航天和其他运输设备制造业:累计值,工业企业:流动资产合计:铁路、船舶、航空航天和其他运输设备制造业:累计值,False,"Total Current Assets: Railway, Ship, Aerospace and Other Transportation Equipment Manufacturing Industry: Cumulative Value","Total Current Assets: Railway, Ship, Aerospace and Other Transportation Equipment Manufacturing Industry: Cumulative Value",False,月,月,False,亿元,亿元,False,累计值,累计值,False,全国,全国,False,中国,中国,False,国家统计局,国家统计局,False,getEcoDataChina,getEcoDataChina,False,2011-02-28,2011-02-28,False,2026-06-30,2026-06-30,False,1,1,False,True,False,工业企业:流动资产合计:铁路、船舶、航空航天和其他运输设备制造业:累计值,"Total Current Assets: Railway, Ship, Aerospace and Other Transportation Equipment Manufacturing Industry: Cumulative Value",月,亿元,累计值,全国,中国,国家统计局,getEcoDataChina,2011-02-28,2026-06-30,1,False,False,False,False,False,False,False,False,False,False,False,False,False
801740,国防军工,30,1020007905,工业企业:管理费用:铁路、船舶、航空航天和其他运输设备制造业:累计值,"Management Expenses: Railway, Ship, Aerospace and Other Transportation Equipment Manufacturing Industry: Cumulative Value",月,亿元,累计值,全国,中国,国家统计局,getEcoDataChina,2000-02-29,2026-06-30,1,137.0,1020007905,工业企业:管理费用:铁路、船舶、航空航天和其他运输设备制造业:累计值,"Management Expenses: Railway, Ship, Aerospace and Other Transportation Equipment Manufacturing Industry: Cumulative Value",M020007905,M020006123,0,月,亿元,累计值,2.0,全国,中国,人民币元,不重要,国家统计局,"从2011年起,规模以上工业企业起点标准由原来的年主营业务收入500万元提高到年主营业务收入2000万元。",2975,getEcoDataChina,2000-02-29,2026-06-30,1,EcoInfoProGet,2026-08-13T01:09:36.711019+00:00,工业企业:管理费用:铁路、船舶、航空航天和其他运输设备制造业:累计值,工业企业:管理费用:铁路、船舶、航空航天和其他运输设备制造业:累计值,False,"Management Expenses: Railway, Ship, Aerospace and Other Transportation Equipment Manufacturing Industry: Cumulative Value","Management Expenses: Railway, Ship, Aerospace and Other Transportation Equipment Manufacturing Industry: Cumulative Value",False,月,月,False,亿元,亿元,False,累计值,累计值,False,全国,全国,False,中国,中国,False,国家统计局,国家统计局,False,getEcoDataChina,getEcoDataChina,False,2000-02-29,2000-02-29,False,2026-06-30,2026-06-30,False,1,1,False,True,False,工业企业:管理费用:铁路、船舶、航空航天和其他运输设备制造业:累计值,"Management Expenses: Railway, Ship, Aerospace and Other Transportation Equipment Manufacturing Industry: Cumulative Value",月,亿元,累计值,全国,中国,国家统计局,getEcoDataChina,2000-02-29,2026-06-30,1,False,False,False,False,False,False,False,False,False,False,False,False,False
801750,计算机,1,1050000379,固定资产投资完成额:信息传输、软件和信息技术服务业:累计同比,"Fixed Assets Investment Realized: Cumulative YoY: Information Transmission, Software and Information Technology Services",月,%,累计同比,全国,中国,国家统计局,getEcoDataChina,2004-02-29,2026-06-30,1,145.0,1050000379,固定资产投资完成额:信息传输、软件和信息技术服务业:累计同比,"Fixed Assets Investment Realized: Cumulative YoY: Information Transmission, Software and Information Technology Services",M050000379,M050009996,0,月,%,累计同比,2.0,全国,中国,,比较重要,国家统计局,,2975,getEcoDataChina,2004-02-29,2026-06-30,1,EcoInfoProGet,2026-08-13T01:09:36.711019+00:00,固定资产投资完成额:信息传输、软件和信息技术服务业:累计同比,固定资产投资完成额:信息传输、软件和信息技术服务业:累计同比,False,"Fixed Assets Investment Realized: Cumulative YoY: Information Transmission, Software and Information Technology Services","Fixed Assets Investment Realized: Cumulative YoY: Information Transmission, Software and Information Technology Services",False,月,月,False,%,%,False,累计同比,累计同比,False,全国,全国,False,中国,中国,False,国家统计局,国家统计局,False,getEcoDataChina,getEcoDataChina,False,2004-02-29,2004-02-29,False,2026-06-30,2026-06-30,False,1,1,False,True,False,固定资产投资完成额:信息传输、软件和信息技术服务业:累计同比,"Fixed Assets Investment Realized: Cumulative YoY: Information Transmission, Software and Information Technology Services",月,%,累计同比,全国,中国,国家统计局,getEcoDataChina,2004-02-29,2026-06-30,1,False,False,False,False,False,False,False,False,False,False,False,False,False
801750,计算机,2,1040018939,PPI:计算机制造业(上年同月=100),PPI: Computers Manufacturing (CYoY=100),月,上年同月=100,当期值,全国,中国,国家统计局,getEcoDataChina,2014-01-31,2026-06-30,1,135.0,1040018939,PPI:计算机制造业(上年同月=100),PPI: Computers Manufacturing (CYoY=100),M040018939,M040018760,0,月,上年同月=100,当期值,4.0,全国,中国,,不重要,国家统计局,,2975,getEcoDataChina,2014-01-31,2026-07-31,1,EcoInfoProGet,2026-08-13T01:09:36.711019+00:00,PPI:计算机制造业(上年同月=100),PPI:计算机制造业(上年同月=100),False,PPI: Computers Manufacturing (CYoY=100),PPI: Computers Manufacturing (CYoY=100),False,月,月,False,上年同月=100,上年同月=100,False,当期值,当期值,False,全国,全国,False,中国,中国,False,国家统计局,国家统计局,False,getEcoDataChina,getEcoDataChina,False,2014-01-31,2014-01-31,False,2026-06-30,2026-07-31,True,1,1,False,True,True,PPI:计算机制造业(上年同月=100),PPI: Computers Manufacturing (CYoY=100),月,上年同月=100,当期值,全国,中国,国家统计局,getEcoDataChina,2014-01-31,2026-06-30,1,False,False,False,False,False,False,False,False,False,False,True,False,True
801750,计算机,3,1010012052,GDP:不变价:信息传输、软件和信息技术服务业:当季同比,"GDP: at Constant Price: Information Transmission, Software and Information Technology Services: Current Quarter YoY",季,%,当期同比,全国,中国,国家统计局,getEcoDataChina,2015-03-31,2026-06-30,1,133.0,1010012052,GDP:不变价:信息传输、软件和信息技术服务业:当季同比,"GDP: at Constant Price: Information Transmission, Software and Information Technology Services: Current Quarter YoY",M010012052,M010000003,0,季,%,当期同比,2.0,全国,中国,,比较重要,国家统计局,"国家统计局从2015年3季度开始改为分季核算方式,即分别计算各年1季度,2季度,3季度和4季度的GDP数据,累计数据通过当季数据相加得到。",2975,getEcoDataChina,2015-03-31,2026-06-30,1,EcoInfoProGet,2026-08-13T01:09:36.711019+00:00,GDP:不变价:信息传输、软件和信息技术服务业:当季同比,GDP:不变价:信息传输、软件和信息技术服务业:当季同比,False,"GDP: at Constant Price: Information Transmission, Software and Information Technology Services: Current Quarter YoY","GDP: at Constant Price: Information Transmission, Software and Information Technology Services: Current Quarter YoY",False,季,季,False,%,%,False,当期同比,当期同比,False,全国,全国,False,中国,中国,False,国家统计局,国家统计局,False,getEcoDataChina,getEcoDataChina,False,2015-03-31,2015-03-31,False,2026-06-30,2026-06-30,False,1,1,False,True,False,GDP:不变价:信息传输、软件和信息技术服务业:当季同比,"GDP: at Constant Price: Information Transmission, Software and Information Technology Services: Current Quarter YoY",季,%,当期同比,全国,中国,国家统计局,getEcoDataChina,2015-03-31,2026-06-30,1,False,False,False,False,False,False,False,False,False,False,False,False,False
801750,计算机,4,1010012056,GDP:不变价:信息传输、软件和信息技术服务业:累计同比,"GDP: at Constant Price: Information Transmission, Software and Information Technology Services: Cumulative YoY",季,%,累计同比,全国,中国,国家统计局,getEcoDataChina,2015-03-31,2026-06-30,1,133.0,1010012056,GDP:不变价:信息传输、软件和信息技术服务业:累计同比,"GDP: at Constant Price: Information Transmission, Software and Information Technology Services: Cumulative YoY",M010012056,M010000003,0,季,%,累计同比,2.0,全国,中国,,比较重要,国家统计局,按可比价格计算。,2975,getEcoDataChina,2015-03-31,2026-06-30,1,EcoInfoProGet,2026-08-13T01:09:36.711019+00:00,GDP:不变价:信息传输、软件和信息技术服务业:累计同比,GDP:不变价:信息传输、软件和信息技术服务业:累计同比,False,"GDP: at Constant Price: Information Transmission, Software and Information Technology Services: Cumulative YoY","GDP: at Constant Price: Information Transmission, Software and Information Technology Services: Cumulative YoY",False,季,季,False,%,%,False,累计同比,累计同比,False,全国,全国,False,中国,中国,False,国家统计局,国家统计局,False,getEcoDataChina,getEcoDataChina,False,2015-03-31,2015-03-31,False,2026-06-30,2026-06-30,False,1,1,False,True,False,GDP:不变价:信息传输、软件和信息技术服务业:累计同比,"GDP: at Constant Price: Information Transmission, Software and Information Technology Services: Cumulative YoY",季,%,累计同比,全国,中国,国家统计局,getEcoDataChina,2015-03-31,2026-06-30,1,False,False,False,False,False,False,False,False,False,False,False,False,False
801750,计算机,5,1010012050,GDP:现价:信息传输、软件和信息技术服务业:当季值,"GDP: at Current Price: Information Transmission, Software and Information Technology Services: Current Quarter Value",季,亿元,当期值,全国,中国,国家统计局,getEcoDataChina,2015-03-31,2026-06-30,1,133.0,1010012050,GDP:现价:信息传输、软件和信息技术服务业:当季值,"GDP: at Current Price: Information Transmission, Software and Information Technology Services: Current Quarter Value",M010012050,M010000003,0,季,亿元,当期值,2.0,全国,中国,人民币元,比较重要,国家统计局,"国家统计局从2015年3季度开始改为分季核算方式,即分别计算各年1季度,2季度,3季度和4季度的GDP数据,累计数据通过当季数据相加得到。",2975,getEcoDataChina,2015-03-31,2026-06-30,1,EcoInfoProGet,2026-08-13T01:09:36.711019+00:00,GDP:现价:信息传输、软件和信息技术服务业:当季值,GDP:现价:信息传输、软件和信息技术服务业:当季值,False,"GDP: at Current Price: Information Transmission, Software and Information Technology Services: Current Quarter Value","GDP: at Current Price: Information Transmission, Software and Information Technology Services: Current Quarter Value",False,季,季,False,亿元,亿元,False,当期值,当期值,False,全国,全国,False,中国,中国,False,国家统计局,国家统计局,False,getEcoDataChina,getEcoDataChina,False,2015-03-31,2015-03-31,False,2026-06-30,2026-06-30,False,1,1,False,True,False,GDP:现价:信息传输、软件和信息技术服务业:当季值,"GDP: at Current Price: Information Transmission, Software and Information Technology Services: Current Quarter Value",季,亿元,当期值,全国,中国,国家统计局,getEcoDataChina,2015-03-31,2026-06-30,1,False,False,False,False,False,False,False,False,False,False,False,False,False
801750,计算机,6,1010012054,GDP:现价:信息传输、软件和信息技术服务业:累计值,"GDP: at Current Price: Information Transmission, Software and Information Technology Services: Cumulative Value",季,亿元,累计值,全国,中国,国家统计局,getEcoDataChina,2015-03-31,2026-06-30,1,133.0,1010012054,GDP:现价:信息传输、软件和信息技术服务业:累计值,"GDP: at Current Price: Information Transmission, Software and Information Technology Services: Cumulative Value",M010012054,M010000003,0,季,亿元,累计值,2.0,全国,中国,人民币元,比较重要,国家统计局,,2975,getEcoDataChina,2015-03-31,2026-06-30,1,EcoInfoProGet,2026-08-13T01:09:36.711019+00:00,GDP:现价:信息传输、软件和信息技术服务业:累计值,GDP:现价:信息传输、软件和信息技术服务业:累计值,False,"GDP: at Current Price: Information Transmission, Software and Information Technology Services: Cumulative Value","GDP: at Current Price: Information Transmission, Software and Information Technology Services: Cumulative Value",False,季,季,False,亿元,亿元,False,累计值,累计值,False,全国,全国,False,中国,中国,False,国家统计局,国家统计局,False,getEcoDataChina,getEcoDataChina,False,2015-03-31,2015-03-31,False,2026-06-30,2026-06-30,False,1,1,False,True,False,GDP:现价:信息传输、软件和信息技术服务业:累计值,"GDP: at Current Price: Information Transmission, Software and Information Technology Services: Cumulative Value",季,亿元,累计值,全国,中国,国家统计局,getEcoDataChina,2015-03-31,2026-06-30,1,False,False,False,False,False,False,False,False,False,False,False,False,False
801750,计算机,7,1010017940,GDP:现价:初步核算数:信息传输、软件和信息技术服务业:当季值,"GDP: at Current Price: Preliminary Accounting Results: Information Transmission, Software and Information Technology Services: Current Quarter Value",季,亿元,初值,全国,中国,国家统计局,getEcoDataChina,2017-03-31,2026-06-30,1,133.0,1010017940,GDP:现价:初步核算数:信息传输、软件和信息技术服务业:当季值,"GDP: at Current Price: Preliminary Accounting Results: Information Transmission, Software and Information Technology Services: Current Quarter Value",M010017940,M010000003,0,季,亿元,初值,2.0,全国,中国,人民币元,比较重要,国家统计局,按当年价格计算。数据为初步核算数、不调整。,2975,getEcoDataChina,2017-03-31,2026-06-30,1,EcoInfoProGet,2026-08-13T01:09:36.711019+00:00,GDP:现价:初步核算数:信息传输、软件和信息技术服务业:当季值,GDP:现价:初步核算数:信息传输、软件和信息技术服务业:当季值,False,"GDP: at Current Price: Preliminary Accounting Results: Information Transmission, Software and Information Technology Services: Current Quarter Value","GDP: at Current Price: Preliminary Accounting Results: Information Transmission, Software and Information Technology Services: Current Quarter Value",False,季,季,False,亿元,亿元,False,初值,初值,False,全国,全国,False,中国,中国,False,国家统计局,国家统计局,False,getEcoDataChina,getEcoDataChina,False,2017-03-31,2017-03-31,False,2026-06-30,2026-06-30,False,1,1,False,True,False,GDP:现价:初步核算数:信息传输、软件和信息技术服务业:当季值,"GDP: at Current Price: Preliminary Accounting Results: Information Transmission, Software and Information Technology Services: Current Quarter Value",季,亿元,初值,全国,中国,国家统计局,getEcoDataChina,2017-03-31,2026-06-30,1,False,False,False,False,False,False,False,False,False,False,False,False,False
801750,计算机,8,1010017967,GDP:现价:初步核算数:信息传输、软件和信息技术服务业:累计值,"GDP: at Current Price: Preliminary Accounting Results: Information Transmission, Software and Information Technology Services: Cumulative Value",季,亿元,累计值(初值),全国,中国,国家统计局,getEcoDataChina,2017-03-31,2026-06-30,1,133.0,1010017967,GDP:现价:初步核算数:信息传输、软件和信息技术服务业:累计值,"GDP: at Current Price: Preliminary Accounting Results: Information Transmission, Software and Information Technology Services: Cumulative Value",M010017967,M010000003,0,季,亿元,累计值(初值),2.0,全国,中国,人民币元,比较重要,国家统计局,按当年价格计算。数据为初步核算数、不调整。,2975,getEcoDataChina,2017-03-31,2026-06-30,1,EcoInfoProGet,2026-08-13T01:09:36.711019+00:00,GDP:现价:初步核算数:信息传输、软件和信息技术服务业:累计值,GDP:现价:初步核算数:信息传输、软件和信息技术服务业:累计值,False,"GDP: at Current Price: Preliminary Accounting Results: Information Transmission, Software and Information Technology Services: Cumulative Value","GDP: at Current Price: Preliminary Accounting Results: Information Transmission, Software and Information Technology Services: Cumulative Value",False,季,季,False,亿元,亿元,False,累计值(初值),累计值(初值),False,全国,全国,False,中国,中国,False,国家统计局,国家统计局,False,getEcoDataChina,getEcoDataChina,False,2017-03-31,2017-03-31,False,2026-06-30,2026-06-30,False,1,1,False,True,False,GDP:现价:初步核算数:信息传输、软件和信息技术服务业:累计值,"GDP: at Current Price: Preliminary Accounting Results: Information Transmission, Software and Information Technology Services: Cumulative Value",季,亿元,累计值(初值),全国,中国,国家统计局,getEcoDataChina,2017-03-31,2026-06-30,1,False,False,False,False,False,False,False,False,False,False,False,False,False
801750,计算机,9,1010014359,GDP平减指数:信息传输、软件和信息技术服务业:当季同比,"GDP Deflators Index: Information Transmission, Software and Information Technology Services: Current Quarter YoY",季,%,当期同比,全国,中国,Datayes!,getEcoDataChina,2016-03-31,2026-06-30,1,133.0,1010014359,GDP平减指数:信息传输、软件和信息技术服务业:当季同比,"GDP Deflators Index: Information Transmission, Software and Information Technology Services: Current Quarter YoY",M010014359,M010000230,0,季,%,当期同比,2.0,全国,中国,,不重要,Datayes!,,2975,getEcoDataChina,2016-03-31,2026-06-30,1,EcoInfoProGet,2026-08-13T01:09:36.711019+00:00,GDP平减指数:信息传输、软件和信息技术服务业:当季同比,GDP平减指数:信息传输、软件和信息技术服务业:当季同比,False,"GDP Deflators Index: Information Transmission, Software and Information Technology Services: Current Quarter YoY","GDP Deflators Index: Information Transmission, Software and Information Technology Services: Current Quarter YoY",False,季,季,False,%,%,False,当期同比,当期同比,False,全国,全国,False,中国,中国,False,Datayes!,Datayes!,False,getEcoDataChina,getEcoDataChina,False,2016-03-31,2016-03-31,False,2026-06-30,2026-06-30,False,1,1,False,True,False,GDP平减指数:信息传输、软件和信息技术服务业:当季同比,"GDP Deflators Index: Information Transmission, Software and Information Technology Services: Current Quarter YoY",季,%,当期同比,全国,中国,Datayes!,getEcoDataChina,2016-03-31,2026-06-30,1,False,False,False,False,False,False,False,False,False,False,False,False,False
801750,计算机,10,1010014347,GDP平减指数:信息传输、软件和信息技术服务业:累计同比,"GDP Deflators Index: Information Transmission, Software and Information Technology Services: Cumulative YoY",季,%,累计同比,全国,中国,Datayes!,getEcoDataChina,2016-03-31,2026-06-30,1,133.0,1010014347,GDP平减指数:信息传输、软件和信息技术服务业:累计同比,"GDP Deflators Index: Information Transmission, Software and Information Technology Services: Cumulative YoY",M010014347,M010000230,0,季,%,累计同比,2.0,全国,中国,,不重要,Datayes!,,2975,getEcoDataChina,2016-03-31,2026-06-30,1,EcoInfoProGet,2026-08-13T01:09:36.711019+00:00,GDP平减指数:信息传输、软件和信息技术服务业:累计同比,GDP平减指数:信息传输、软件和信息技术服务业:累计同比,False,"GDP Deflators Index: Information Transmission, Software and Information Technology Services: Cumulative YoY","GDP Deflators Index: Information Transmission, Software and Information Technology Services: Cumulative YoY",False,季,季,False,%,%,False,累计同比,累计同比,False,全国,全国,False,中国,中国,False,Datayes!,Datayes!,False,getEcoDataChina,getEcoDataChina,False,2016-03-31,2016-03-31,False,2026-06-30,2026-06-30,False,1,1,False,True,False,GDP平减指数:信息传输、软件和信息技术服务业:累计同比,"GDP Deflators Index: Information Transmission, Software and Information Technology Services: Cumulative YoY",季,%,累计同比,全国,中国,Datayes!,getEcoDataChina,2016-03-31,2026-06-30,1,False,False,False,False,False,False,False,False,False,False,False,False,False
801750,计算机,11,1010014286,GDP指数:信息传输、软件和信息技术服务业:当季值,"Indices of GDP: Information Transmission, Software and Information Technology Services: Current Quarter Value",季,上年同期=100,当期同比,全国,中国,国家统计局,getEcoDataChina,2015-03-31,2026-06-30,1,133.0,1010014286,GDP指数:信息传输、软件和信息技术服务业:当季值,"Indices of GDP: Information Transmission, Software and Information Technology Services: Current Quarter Value",M010014286,M010014272,0,季,上年同期=100,当期同比,2.0,全国,中国,,不重要,国家统计局,,2975,getEcoDataChina,2015-03-31,2026-06-30,1,EcoInfoProGet,2026-08-13T01:09:36.711019+00:00,GDP指数:信息传输、软件和信息技术服务业:当季值,GDP指数:信息传输、软件和信息技术服务业:当季值,False,"Indices of GDP: Information Transmission, Software and Information Technology Services: Current Quarter Value","Indices of GDP: Information Transmission, Software and Information Technology Services: Current Quarter Value",False,季,季,False,上年同期=100,上年同期=100,False,当期同比,当期同比,False,全国,全国,False,中国,中国,False,国家统计局,国家统计局,False,getEcoDataChina,getEcoDataChina,False,2015-03-31,2015-03-31,False,2026-06-30,2026-06-30,False,1,1,False,True,False,GDP指数:信息传输、软件和信息技术服务业:当季值,"Indices of GDP: Information Transmission, Software and Information Technology Services: Current Quarter Value",季,上年同期=100,当期同比,全国,中国,国家统计局,getEcoDataChina,2015-03-31,2026-06-30,1,False,False,False,False,False,False,False,False,False,False,False,False,False
801750,计算机,12,1010014302,GDP指数:信息传输、软件和信息技术服务业:累计值,"Indices of GDP: Information Transmission, Software and Information Technology Services: Cumulative Value",季,上年同期=100,累计同比,全国,中国,国家统计局,getEcoDataChina,2015-03-31,2026-06-30,1,133.0,1010014302,GDP指数:信息传输、软件和信息技术服务业:累计值,"Indices of GDP: Information Transmission, Software and Information Technology Services: Cumulative Value",M010014302,M010014272,0,季,上年同期=100,累计同比,2.0,全国,中国,,不重要,国家统计局,,2975,getEcoDataChina,2015-03-31,2026-06-30,1,EcoInfoProGet,2026-08-13T01:09:36.711019+00:00,GDP指数:信息传输、软件和信息技术服务业:累计值,GDP指数:信息传输、软件和信息技术服务业:累计值,False,"Indices of GDP: Information Transmission, Software and Information Technology Services: Cumulative Value","Indices of GDP: Information Transmission, Software and Information Technology Services: Cumulative Value",False,季,季,False,上年同期=100,上年同期=100,False,累计同比,累计同比,False,全国,全国,False,中国,中国,False,国家统计局,国家统计局,False,getEcoDataChina,getEcoDataChina,False,2015-03-31,2015-03-31,False,2026-06-30,2026-06-30,False,1,1,False,True,False,GDP指数:信息传输、软件和信息技术服务业:累计值,"Indices of GDP: Information Transmission, Software and Information Technology Services: Cumulative Value",季,上年同期=100,累计同比,全国,中国,国家统计局,getEcoDataChina,2015-03-31,2026-06-30,1,False,False,False,False,False,False,False,False,False,False,False,False,False
801750,计算机,13,1010012058,GDP累计同比贡献率:信息传输、软件和信息技术服务业,"Share of the Contributions to the Increase of the Accumulated GDP: Information Transmission, Software and Information Technology Services",季,%,当期值,全国,中国,Datayes!,getEcoDataChina,2016-03-31,2026-06-30,1,133.0,1010012058,GDP累计同比贡献率:信息传输、软件和信息技术服务业,"Share of the Contributions to the Increase of the Accumulated GDP: Information Transmission, Software and Information Technology Services",M010012058,M010000041,0,季,%,当期值,2.0,全国,中国,,不重要,Datayes!,,2975,getEcoDataChina,2016-03-31,2026-06-30,1,EcoInfoProGet,2026-08-13T01:09:36.711019+00:00,GDP累计同比贡献率:信息传输、软件和信息技术服务业,GDP累计同比贡献率:信息传输、软件和信息技术服务业,False,"Share of the Contributions to the Increase of the Accumulated GDP: Information Transmission, Software and Information Technology Services","Share of the Contributions to the Increase of the Accumulated GDP: Information Transmission, Software and Information Technology Services",False,季,季,False,%,%,False,当期值,当期值,False,全国,全国,False,中国,中国,False,Datayes!,Datayes!,False,getEcoDataChina,getEcoDataChina,False,2016-03-31,2016-03-31,False,2026-06-30,2026-06-30,False,1,1,False,True,False,GDP累计同比贡献率:信息传输、软件和信息技术服务业,"Share of the Contributions to the Increase of the Accumulated GDP: Information Transmission, Software and Information Technology Services",季,%,当期值,全国,中国,Datayes!,getEcoDataChina,2016-03-31,2026-06-30,1,False,False,False,False,False,False,False,False,False,False,False,False,False
801750,计算机,14,1030000129,企业景气指数:信息传输、软件和信息技术服务业,Corporate Boom Index: InformationTransmission、Softwareand Information Technology Services Industry,季,%,当期值,全国,中国,国家统计局,getEcoDataChina,2002-03-31,2026-06-30,1,133.0,1030000129,企业景气指数:信息传输、软件和信息技术服务业,Corporate Boom Index: InformationTransmission、Softwareand Information Technology Services Industry,M030000129,M030000084,0,季,%,当期值,2.0,全国,中国,,不重要,国家统计局,2010年之前名称为:信息传输、计算机服务和软件业,2975,getEcoDataChina,2002-03-31,2026-06-30,1,EcoInfoProGet,2026-08-13T01:09:36.711019+00:00,企业景气指数:信息传输、软件和信息技术服务业,企业景气指数:信息传输、软件和信息技术服务业,False,Corporate Boom Index: InformationTransmission、Softwareand Information Technology Services Industry,Corporate Boom Index: InformationTransmission、Softwareand Information Technology Services Industry,False,季,季,False,%,%,False,当期值,当期值,False,全国,全国,False,中国,中国,False,国家统计局,国家统计局,False,getEcoDataChina,getEcoDataChina,False,2002-03-31,2002-03-31,False,2026-06-30,2026-06-30,False,1,1,False,True,False,企业景气指数:信息传输、软件和信息技术服务业,Corporate Boom Index: InformationTransmission、Softwareand Information Technology Services Industry,季,%,当期值,全国,中国,国家统计局,getEcoDataChina,2002-03-31,2026-06-30,1,False,False,False,False,False,False,False,False,False,False,False,False,False
801750,计算机,15,1030000476,企业景气指数:即期指数:信息传输、软件和信息技术服务业,"Business Climate Index: Current: Information Transmission, Computer Service And Software Service",季,%,当期值,全国,中国,国家统计局,getEcoDataChina,2012-03-31,2026-06-30,1,133.0,1030000476,企业景气指数:即期指数:信息传输、软件和信息技术服务业,"Business Climate Index: Current: Information Transmission, Computer Service And Software Service",M030000476,M030000084,0,季,%,当期值,1.0,全国,中国,,不重要,国家统计局,,2975,getEcoDataChina,2012-03-31,2026-06-30,1,EcoInfoProGet,2026-08-13T01:09:36.711019+00:00,企业景气指数:即期指数:信息传输、软件和信息技术服务业,企业景气指数:即期指数:信息传输、软件和信息技术服务业,False,"Business Climate Index: Current: Information Transmission, Computer Service And Software Service","Business Climate Index: Current: Information Transmission, Computer Service And Software Service",False,季,季,False,%,%,False,当期值,当期值,False,全国,全国,False,中国,中国,False,国家统计局,国家统计局,False,getEcoDataChina,getEcoDataChina,False,2012-03-31,2012-03-31,False,2026-06-30,2026-06-30,False,1,1,False,True,False,企业景气指数:即期指数:信息传输、软件和信息技术服务业,"Business Climate Index: Current: Information Transmission, Computer Service And Software Service",季,%,当期值,全国,中国,国家统计局,getEcoDataChina,2012-03-31,2026-06-30,1,False,False,False,False,False,False,False,False,False,False,False,False,False
801750,计算机,16,1030000536,企业景气指数:预期指数:信息传输、软件和信息技术服务业,"Business Climate Index: Expectation: Information Transmission, Computer Service And Software Service",季,%,当期值,全国,中国,国家统计局,getEcoDataChina,2012-03-31,2026-06-30,1,133.0,1030000536,企业景气指数:预期指数:信息传输、软件和信息技术服务业,"Business Climate Index: Expectation: Information Transmission, Computer Service And Software Service",M030000536,M030000084,0,季,%,当期值,1.0,全国,中国,,不重要,国家统计局,,2975,getEcoDataChina,2012-03-31,2026-06-30,1,EcoInfoProGet,2026-08-13T01:09:36.711019+00:00,企业景气指数:预期指数:信息传输、软件和信息技术服务业,企业景气指数:预期指数:信息传输、软件和信息技术服务业,False,"Business Climate Index: Expectation: Information Transmission, Computer Service And Software Service","Business Climate Index: Expectation: Information Transmission, Computer Service And Software Service",False,季,季,False,%,%,False,当期值,当期值,False,全国,全国,False,中国,中国,False,国家统计局,国家统计局,False,getEcoDataChina,getEcoDataChina,False,2012-03-31,2012-03-31,False,2026-06-30,2026-06-30,False,1,1,False,True,False,企业景气指数:预期指数:信息传输、软件和信息技术服务业,"Business Climate Index: Expectation: Information Transmission, Computer Service And Software Service",季,%,当期值,全国,中国,国家统计局,getEcoDataChina,2012-03-31,2026-06-30,1,False,False,False,False,False,False,False,False,False,False,False,False,False
801750,计算机,17,1010012060,对GDP累计同比的拉动:信息传输、软件和信息技术服务业,"Contribution to the Accumulated GDP Growth: Information Transmission, Software and Information Technology Services",季,百分点,当期值,全国,中国,Datayes!,getEcoDataChina,2016-03-31,2026-06-30,1,133.0,1010012060,对GDP累计同比的拉动:信息传输、软件和信息技术服务业,"Contribution to the Accumulated GDP Growth: Information Transmission, Software and Information Technology Services",M010012060,M010000041,0,季,百分点,当期值,2.0,全国,中国,,不重要,Datayes!,,2975,getEcoDataChina,2016-03-31,2026-06-30,1,EcoInfoProGet,2026-08-13T01:09:36.711019+00:00,对GDP累计同比的拉动:信息传输、软件和信息技术服务业,对GDP累计同比的拉动:信息传输、软件和信息技术服务业,False,"Contribution to the Accumulated GDP Growth: Information Transmission, Software and Information Technology Services","Contribution to the Accumulated GDP Growth: Information Transmission, Software and Information Technology Services",False,季,季,False,百分点,百分点,False,当期值,当期值,False,全国,全国,False,中国,中国,False,Datayes!,Datayes!,False,getEcoDataChina,getEcoDataChina,False,2016-03-31,2016-03-31,False,2026-06-30,2026-06-30,False,1,1,False,True,False,对GDP累计同比的拉动:信息传输、软件和信息技术服务业,"Contribution to the Accumulated GDP Growth: Information Transmission, Software and Information Technology Services",季,百分点,当期值,全国,中国,Datayes!,getEcoDataChina,2016-03-31,2026-06-30,1,False,False,False,False,False,False,False,False,False,False,False,False,False
801750,计算机,18,1010011709,经常账户(SDR):货物和服务:服务:电信、计算机和信息服务:借方,Current Account (SDR): Goods and Services: Services: Telecommunication and Computerand Information Services: Debit,季,亿SDR,期末值,全国,中国,国家外汇管理局,getEcoDataChina,2016-03-31,2026-03-31,1,133.0,1010011709,经常账户(SDR):货物和服务:服务:电信、计算机和信息服务:借方,Current Account (SDR): Goods and Services: Services: Telecommunication and Computerand Information Services: Debit,M010011709,M010011670,0,季,亿SDR,期末值,2.0,全国,中国,特别提款权,比较重要,国家外汇管理局,,2975,getEcoDataChina,2016-03-31,2026-03-31,1,EcoInfoProGet,2026-08-13T01:09:36.711019+00:00,经常账户(SDR):货物和服务:服务:电信、计算机和信息服务:借方,经常账户(SDR):货物和服务:服务:电信、计算机和信息服务:借方,False,Current Account (SDR): Goods and Services: Services: Telecommunication and Computerand Information Services: Debit,Current Account (SDR): Goods and Services: Services: Telecommunication and Computerand Information Services: Debit,False,季,季,False,亿SDR,亿SDR,False,期末值,期末值,False,全国,全国,False,中国,中国,False,国家外汇管理局,国家外汇管理局,False,getEcoDataChina,getEcoDataChina,False,2016-03-31,2016-03-31,False,2026-03-31,2026-03-31,False,1,1,False,True,False,经常账户(SDR):货物和服务:服务:电信、计算机和信息服务:借方,Current Account (SDR): Goods and Services: Services: Telecommunication and Computerand Information Services: Debit,季,亿SDR,期末值,全国,中国,国家外汇管理局,getEcoDataChina,2016-03-31,2026-03-31,1,False,False,False,False,False,False,False,False,False,False,False,False,False
801750,计算机,19,1010011707,经常账户(SDR):货物和服务:服务:电信、计算机和信息服务:差额,Current Account (SDR): Goods and Services: Services: Telecommunication and Computerand Information Services: Balance,季,亿SDR,期末值,全国,中国,国家外汇管理局,getEcoDataChina,2016-03-31,2026-03-31,1,133.0,1010011707,经常账户(SDR):货物和服务:服务:电信、计算机和信息服务:差额,Current Account (SDR): Goods and Services: Services: Telecommunication and Computerand Information Services: Balance,M010011707,M010011670,0,季,亿SDR,期末值,2.0,全国,中国,特别提款权,比较重要,国家外汇管理局,差额=贷方+借方,2975,getEcoDataChina,2016-03-31,2026-03-31,1,EcoInfoProGet,2026-08-13T01:09:36.711019+00:00,经常账户(SDR):货物和服务:服务:电信、计算机和信息服务:差额,经常账户(SDR):货物和服务:服务:电信、计算机和信息服务:差额,False,Current Account (SDR): Goods and Services: Services: Telecommunication and Computerand Information Services: Balance,Current Account (SDR): Goods and Services: Services: Telecommunication and Computerand Information Services: Balance,False,季,季,False,亿SDR,亿SDR,False,期末值,期末值,False,全国,全国,False,中国,中国,False,国家外汇管理局,国家外汇管理局,False,getEcoDataChina,getEcoDataChina,False,2016-03-31,2016-03-31,False,2026-03-31,2026-03-31,False,1,1,False,True,False,经常账户(SDR):货物和服务:服务:电信、计算机和信息服务:差额,Current Account (SDR): Goods and Services: Services: Telecommunication and Computerand Information Services: Balance,季,亿SDR,期末值,全国,中国,国家外汇管理局,getEcoDataChina,2016-03-31,2026-03-31,1,False,False,False,False,False,False,False,False,False,False,False,False,False
801750,计算机,20,1010011708,经常账户(SDR):货物和服务:服务:电信、计算机和信息服务:贷方,Current Account (SDR): Goods and Services: Services: Telecommunication and Computerand Information Services: Credit,季,亿SDR,期末值,全国,中国,国家外汇管理局,getEcoDataChina,2016-03-31,2026-03-31,1,133.0,1010011708,经常账户(SDR):货物和服务:服务:电信、计算机和信息服务:贷方,Current Account (SDR): Goods and Services: Services: Telecommunication and Computerand Information Services: Credit,M010011708,M010011670,0,季,亿SDR,期末值,2.0,全国,中国,特别提款权,比较重要,国家外汇管理局,,2975,getEcoDataChina,2016-03-31,2026-03-31,1,EcoInfoProGet,2026-08-13T01:09:36.711019+00:00,经常账户(SDR):货物和服务:服务:电信、计算机和信息服务:贷方,经常账户(SDR):货物和服务:服务:电信、计算机和信息服务:贷方,False,Current Account (SDR): Goods and Services: Services: Telecommunication and Computerand Information Services: Credit,Current Account (SDR): Goods and Services: Services: Telecommunication and Computerand Information Services: Credit,False,季,季,False,亿SDR,亿SDR,False,期末值,期末值,False,全国,全国,False,中国,中国,False,国家外汇管理局,国家外汇管理局,False,getEcoDataChina,getEcoDataChina,False,2016-03-31,2016-03-31,False,2026-03-31,2026-03-31,False,1,1,False,True,False,经常账户(SDR):货物和服务:服务:电信、计算机和信息服务:贷方,Current Account (SDR): Goods and Services: Services: Telecommunication and Computerand Information Services: Credit,季,亿SDR,期末值,全国,中国,国家外汇管理局,getEcoDataChina,2016-03-31,2026-03-31,1,False,False,False,False,False,False,False,False,False,False,False,False,False
801750,计算机,21,1010007994,经常账户(人民币):货物和服务:服务:电信、计算机和信息服务:借方:当季值,"Current Account (in RMB): Goods and Services: Services: Telecommunications, Computer and information Services: Debit",季,亿元,期末值,全国,中国,国家外汇管理局,getEcoDataChina,2010-03-31,2026-03-31,1,133.0,1010007994,经常账户(人民币):货物和服务:服务:电信、计算机和信息服务:借方:当季值,"Current Account (in RMB): Goods and Services: Services: Telecommunications, Computer and information Services: Debit",M010007994,M010007607,0,季,亿元,期末值,2.0,全国,中国,人民币元,比较重要,国家外汇管理局,,2975,getEcoDataChina,2010-03-31,2026-03-31,1,EcoInfoProGet,2026-08-13T01:09:36.711019+00:00,经常账户(人民币):货物和服务:服务:电信、计算机和信息服务:借方:当季值,经常账户(人民币):货物和服务:服务:电信、计算机和信息服务:借方:当季值,False,"Current Account (in RMB): Goods and Services: Services: Telecommunications, Computer and information Services: Debit","Current Account (in RMB): Goods and Services: Services: Telecommunications, Computer and information Services: Debit",False,季,季,False,亿元,亿元,False,期末值,期末值,False,全国,全国,False,中国,中国,False,国家外汇管理局,国家外汇管理局,False,getEcoDataChina,getEcoDataChina,False,2010-03-31,2010-03-31,False,2026-03-31,2026-03-31,False,1,1,False,True,False,经常账户(人民币):货物和服务:服务:电信、计算机和信息服务:借方:当季值,"Current Account (in RMB): Goods and Services: Services: Telecommunications, Computer and information Services: Debit",季,亿元,期末值,全国,中国,国家外汇管理局,getEcoDataChina,2010-03-31,2026-03-31,1,False,False,False,False,False,False,False,False,False,False,False,False,False
801750,计算机,22,1010013816,经常账户(人民币):货物和服务:服务:电信、计算机和信息服务:借方:累计值,"Current Account (RMB): Goods and Services: Services: Telecommunication, Computer and Information Services: Debit: Cumulative Value",季,亿元,累计值,全国,中国,国家外汇管理局,getEcoDataChina,2010-03-31,2026-03-31,1,133.0,1010013816,经常账户(人民币):货物和服务:服务:电信、计算机和信息服务:借方:累计值,"Current Account (RMB): Goods and Services: Services: Telecommunication, Computer and Information Services: Debit: Cumulative Value",M010013816,M010007607,0,季,亿元,累计值,2.0,全国,中国,人民币元,比较重要,国家外汇管理局,,2975,getEcoDataChina,2010-03-31,2026-03-31,1,EcoInfoProGet,2026-08-13T01:09:36.711019+00:00,经常账户(人民币):货物和服务:服务:电信、计算机和信息服务:借方:累计值,经常账户(人民币):货物和服务:服务:电信、计算机和信息服务:借方:累计值,False,"Current Account (RMB): Goods and Services: Services: Telecommunication, Computer and Information Services: Debit: Cumulative Value","Current Account (RMB): Goods and Services: Services: Telecommunication, Computer and Information Services: Debit: Cumulative Value",False,季,季,False,亿元,亿元,False,累计值,累计值,False,全国,全国,False,中国,中国,False,国家外汇管理局,国家外汇管理局,False,getEcoDataChina,getEcoDataChina,False,2010-03-31,2010-03-31,False,2026-03-31,2026-03-31,False,1,1,False,True,False,经常账户(人民币):货物和服务:服务:电信、计算机和信息服务:借方:累计值,"Current Account (RMB): Goods and Services: Services: Telecommunication, Computer and Information Services: Debit: Cumulative Value",季,亿元,累计值,全国,中国,国家外汇管理局,getEcoDataChina,2010-03-31,2026-03-31,1,False,False,False,False,False,False,False,False,False,False,False,False,False
801750,计算机,23,1010013814,经常账户(人民币):货物和服务:服务:电信、计算机和信息服务:差额:累计值,"Current Account (RMB): Goods and Services: Services: Telecommunication, Computer and Information Services: Balance: Cumulative Value",季,亿元,累计值,全国,中国,国家外汇管理局,getEcoDataChina,2010-03-31,2026-03-31,1,133.0,1010013814,经常账户(人民币):货物和服务:服务:电信、计算机和信息服务:差额:累计值,"Current Account (RMB): Goods and Services: Services: Telecommunication, Computer and Information Services: Balance: Cumulative Value",M010013814,M010007607,0,季,亿元,累计值,2.0,全国,中国,人民币元,比较重要,国家外汇管理局,差额=贷方+借方,2975,getEcoDataChina,2010-03-31,2026-03-31,1,EcoInfoProGet,2026-08-13T01:09:36.711019+00:00,经常账户(人民币):货物和服务:服务:电信、计算机和信息服务:差额:累计值,经常账户(人民币):货物和服务:服务:电信、计算机和信息服务:差额:累计值,False,"Current Account (RMB): Goods and Services: Services: Telecommunication, Computer and Information Services: Balance: Cumulative Value","Current Account (RMB): Goods and Services: Services: Telecommunication, Computer and Information Services: Balance: Cumulative Value",False,季,季,False,亿元,亿元,False,累计值,累计值,False,全国,全国,False,中国,中国,False,国家外汇管理局,国家外汇管理局,False,getEcoDataChina,getEcoDataChina,False,2010-03-31,2010-03-31,False,2026-03-31,2026-03-31,False,1,1,False,True,False,经常账户(人民币):货物和服务:服务:电信、计算机和信息服务:差额:累计值,"Current Account (RMB): Goods and Services: Services: Telecommunication, Computer and Information Services: Balance: Cumulative Value",季,亿元,累计值,全国,中国,国家外汇管理局,getEcoDataChina,2010-03-31,2026-03-31,1,False,False,False,False,False,False,False,False,False,False,False,False,False
801750,计算机,24,1010007992,经常账户(人民币):货物和服务:服务:电信、计算机和信息服务:当季值,"Current Account (in RMB): Services And Goods: Services: Telecommunication, Computer And Information Services: Balance",季,亿元,期末值,全国,中国,国家外汇管理局,getEcoDataChina,2010-03-31,2026-03-31,1,133.0,1010007992,经常账户(人民币):货物和服务:服务:电信、计算机和信息服务:当季值,"Current Account (in RMB): Services And Goods: Services: Telecommunication, Computer And Information Services: Balance",M010007992,M010007607,0,季,亿元,期末值,2.0,全国,中国,人民币元,比较重要,国家外汇管理局,差额=贷方+借方,2975,getEcoDataChina,2010-03-31,2026-03-31,1,EcoInfoProGet,2026-08-13T01:09:36.711019+00:00,经常账户(人民币):货物和服务:服务:电信、计算机和信息服务:当季值,经常账户(人民币):货物和服务:服务:电信、计算机和信息服务:当季值,False,"Current Account (in RMB): Services And Goods: Services: Telecommunication, Computer And Information Services: Balance","Current Account (in RMB): Services And Goods: Services: Telecommunication, Computer And Information Services: Balance",False,季,季,False,亿元,亿元,False,期末值,期末值,False,全国,全国,False,中国,中国,False,国家外汇管理局,国家外汇管理局,False,getEcoDataChina,getEcoDataChina,False,2010-03-31,2010-03-31,False,2026-03-31,2026-03-31,False,1,1,False,True,False,经常账户(人民币):货物和服务:服务:电信、计算机和信息服务:当季值,"Current Account (in RMB): Services And Goods: Services: Telecommunication, Computer And Information Services: Balance",季,亿元,期末值,全国,中国,国家外汇管理局,getEcoDataChina,2010-03-31,2026-03-31,1,False,False,False,False,False,False,False,False,False,False,False,False,False
801750,计算机,25,1010007993,经常账户(人民币):货物和服务:服务:电信、计算机和信息服务:贷方:当季值,"Current Account (in RMB): Goods and Services: Services: Telecommunications, Computer and information Services: Credit",季,亿元,期末值,全国,中国,国家外汇管理局,getEcoDataChina,2010-03-31,2026-03-31,1,133.0,1010007993,经常账户(人民币):货物和服务:服务:电信、计算机和信息服务:贷方:当季值,"Current Account (in RMB): Goods and Services: Services: Telecommunications, Computer and information Services: Credit",M010007993,M010007607,0,季,亿元,期末值,2.0,全国,中国,人民币元,比较重要,国家外汇管理局,,2975,getEcoDataChina,2010-03-31,2026-03-31,1,EcoInfoProGet,2026-08-13T01:09:36.711019+00:00,经常账户(人民币):货物和服务:服务:电信、计算机和信息服务:贷方:当季值,经常账户(人民币):货物和服务:服务:电信、计算机和信息服务:贷方:当季值,False,"Current Account (in RMB): Goods and Services: Services: Telecommunications, Computer and information Services: Credit","Current Account (in RMB): Goods and Services: Services: Telecommunications, Computer and information Services: Credit",False,季,季,False,亿元,亿元,False,期末值,期末值,False,全国,全国,False,中国,中国,False,国家外汇管理局,国家外汇管理局,False,getEcoDataChina,getEcoDataChina,False,2010-03-31,2010-03-31,False,2026-03-31,2026-03-31,False,1,1,False,True,False,经常账户(人民币):货物和服务:服务:电信、计算机和信息服务:贷方:当季值,"Current Account (in RMB): Goods and Services: Services: Telecommunications, Computer and information Services: Credit",季,亿元,期末值,全国,中国,国家外汇管理局,getEcoDataChina,2010-03-31,2026-03-31,1,False,False,False,False,False,False,False,False,False,False,False,False,False
801750,计算机,26,1010013815,经常账户(人民币):货物和服务:服务:电信、计算机和信息服务:贷方:累计值,"Current Account (RMB): Goods and Services: Services: Telecommunication, Computer and Information Services: Credit: Cumulative Value",季,亿元,累计值,全国,中国,国家外汇管理局,getEcoDataChina,2010-03-31,2026-03-31,1,133.0,1010013815,经常账户(人民币):货物和服务:服务:电信、计算机和信息服务:贷方:累计值,"Current Account (RMB): Goods and Services: Services: Telecommunication, Computer and Information Services: Credit: Cumulative Value",M010013815,M010007607,0,季,亿元,累计值,2.0,全国,中国,人民币元,比较重要,国家外汇管理局,,2975,getEcoDataChina,2010-03-31,2026-03-31,1,EcoInfoProGet,2026-08-13T01:09:36.711019+00:00,经常账户(人民币):货物和服务:服务:电信、计算机和信息服务:贷方:累计值,经常账户(人民币):货物和服务:服务:电信、计算机和信息服务:贷方:累计值,False,"Current Account (RMB): Goods and Services: Services: Telecommunication, Computer and Information Services: Credit: Cumulative Value","Current Account (RMB): Goods and Services: Services: Telecommunication, Computer and Information Services: Credit: Cumulative Value",False,季,季,False,亿元,亿元,False,累计值,累计值,False,全国,全国,False,中国,中国,False,国家外汇管理局,国家外汇管理局,False,getEcoDataChina,getEcoDataChina,False,2010-03-31,2010-03-31,False,2026-03-31,2026-03-31,False,1,1,False,True,False,经常账户(人民币):货物和服务:服务:电信、计算机和信息服务:贷方:累计值,"Current Account (RMB): Goods and Services: Services: Telecommunication, Computer and Information Services: Credit: Cumulative Value",季,亿元,累计值,全国,中国,国家外汇管理局,getEcoDataChina,2010-03-31,2026-03-31,1,False,False,False,False,False,False,False,False,False,False,False,False,False
801750,计算机,27,1010007673,经常账户(美元):货物和服务:服务:电信、计算机和信息服务:借方:当季值,Current Account(USD):Goods and Services: Services:Telecommunication、Computerand Information Services: Debit,季,亿美元,期末值,全国,中国,国家外汇管理局,getEcoDataChina,1998-03-31,2026-03-31,1,133.0,1010007673,经常账户(美元):货物和服务:服务:电信、计算机和信息服务:借方:当季值,Current Account(USD):Goods and Services: Services:Telecommunication、Computerand Information Services: Debit,M010007673,M010007603,0,季,亿美元,期末值,2.0,全国,中国,美元,比较重要,国家外汇管理局,,2975,getEcoDataChina,1998-03-31,2026-03-31,1,EcoInfoProGet,2026-08-13T01:09:36.711019+00:00,经常账户(美元):货物和服务:服务:电信、计算机和信息服务:借方:当季值,经常账户(美元):货物和服务:服务:电信、计算机和信息服务:借方:当季值,False,Current Account(USD):Goods and Services: Services:Telecommunication、Computerand Information Services: Debit,Current Account(USD):Goods and Services: Services:Telecommunication、Computerand Information Services: Debit,False,季,季,False,亿美元,亿美元,False,期末值,期末值,False,全国,全国,False,中国,中国,False,国家外汇管理局,国家外汇管理局,False,getEcoDataChina,getEcoDataChina,False,1998-03-31,1998-03-31,False,2026-03-31,2026-03-31,False,1,1,False,True,False,经常账户(美元):货物和服务:服务:电信、计算机和信息服务:借方:当季值,Current Account(USD):Goods and Services: Services:Telecommunication、Computerand Information Services: Debit,季,亿美元,期末值,全国,中国,国家外汇管理局,getEcoDataChina,1998-03-31,2026-03-31,1,False,False,False,False,False,False,False,False,False,False,False,False,False
801750,计算机,28,1010013685,经常账户(美元):货物和服务:服务:电信、计算机和信息服务:借方:累计值,"Current Account (USD): Goods and Services: Services: Telecommunication, Computer and Information Services: Debit: Cumulative Value",季,亿美元,累计值,全国,中国,国家外汇管理局,getEcoDataChina,1998-03-31,2026-03-31,1,133.0,1010013685,经常账户(美元):货物和服务:服务:电信、计算机和信息服务:借方:累计值,"Current Account (USD): Goods and Services: Services: Telecommunication, Computer and Information Services: Debit: Cumulative Value",M010013685,M010007603,0,季,亿美元,累计值,2.0,全国,中国,美元,比较重要,国家外汇管理局,,2975,getEcoDataChina,1998-03-31,2026-03-31,1,EcoInfoProGet,2026-08-13T01:09:36.711019+00:00,经常账户(美元):货物和服务:服务:电信、计算机和信息服务:借方:累计值,经常账户(美元):货物和服务:服务:电信、计算机和信息服务:借方:累计值,False,"Current Account (USD): Goods and Services: Services: Telecommunication, Computer and Information Services: Debit: Cumulative Value","Current Account (USD): Goods and Services: Services: Telecommunication, Computer and Information Services: Debit: Cumulative Value",False,季,季,False,亿美元,亿美元,False,累计值,累计值,False,全国,全国,False,中国,中国,False,国家外汇管理局,国家外汇管理局,False,getEcoDataChina,getEcoDataChina,False,1998-03-31,1998-03-31,False,2026-03-31,2026-03-31,False,1,1,False,True,False,经常账户(美元):货物和服务:服务:电信、计算机和信息服务:借方:累计值,"Current Account (USD): Goods and Services: Services: Telecommunication, Computer and Information Services: Debit: Cumulative Value",季,亿美元,累计值,全国,中国,国家外汇管理局,getEcoDataChina,1998-03-31,2026-03-31,1,False,False,False,False,False,False,False,False,False,False,False,False,False
801750,计算机,29,1010013683,经常账户(美元):货物和服务:服务:电信、计算机和信息服务:差额:累计值,"Current Account (USD): Goods and Services: Services: Telecommunication, Computer and Information Services: Balance: Cumulative Value",季,亿美元,累计值,全国,中国,国家外汇管理局,getEcoDataChina,1998-03-31,2026-03-31,1,133.0,1010013683,经常账户(美元):货物和服务:服务:电信、计算机和信息服务:差额:累计值,"Current Account (USD): Goods and Services: Services: Telecommunication, Computer and Information Services: Balance: Cumulative Value",M010013683,M010007603,0,季,亿美元,累计值,2.0,全国,中国,美元,比较重要,国家外汇管理局,差额=贷方+借方,2975,getEcoDataChina,1998-03-31,2026-03-31,1,EcoInfoProGet,2026-08-13T01:09:36.711019+00:00,经常账户(美元):货物和服务:服务:电信、计算机和信息服务:差额:累计值,经常账户(美元):货物和服务:服务:电信、计算机和信息服务:差额:累计值,False,"Current Account (USD): Goods and Services: Services: Telecommunication, Computer and Information Services: Balance: Cumulative Value","Current Account (USD): Goods and Services: Services: Telecommunication, Computer and Information Services: Balance: Cumulative Value",False,季,季,False,亿美元,亿美元,False,累计值,累计值,False,全国,全国,False,中国,中国,False,国家外汇管理局,国家外汇管理局,False,getEcoDataChina,getEcoDataChina,False,1998-03-31,1998-03-31,False,2026-03-31,2026-03-31,False,1,1,False,True,False,经常账户(美元):货物和服务:服务:电信、计算机和信息服务:差额:累计值,"Current Account (USD): Goods and Services: Services: Telecommunication, Computer and Information Services: Balance: Cumulative Value",季,亿美元,累计值,全国,中国,国家外汇管理局,getEcoDataChina,1998-03-31,2026-03-31,1,False,False,False,False,False,False,False,False,False,False,False,False,False
801750,计算机,30,1010007671,经常账户(美元):货物和服务:服务:电信、计算机和信息服务:当季值,Current Account(USD):Goods and Services: Services:Telecommunication、Computerand Information Services: Balance,季,亿美元,期末值,全国,中国,国家外汇管理局,getEcoDataChina,1998-03-31,2026-03-31,1,133.0,1010007671,经常账户(美元):货物和服务:服务:电信、计算机和信息服务:当季值,Current Account(USD):Goods and Services: Services:Telecommunication、Computerand Information Services: Balance,M010007671,M010007603,0,季,亿美元,期末值,2.0,全国,中国,美元,比较重要,国家外汇管理局,差额=贷方+借方,2975,getEcoDataChina,1998-03-31,2026-03-31,1,EcoInfoProGet,2026-08-13T01:09:36.711019+00:00,经常账户(美元):货物和服务:服务:电信、计算机和信息服务:当季值,经常账户(美元):货物和服务:服务:电信、计算机和信息服务:当季值,False,Current Account(USD):Goods and Services: Services:Telecommunication、Computerand Information Services: Balance,Current Account(USD):Goods and Services: Services:Telecommunication、Computerand Information Services: Balance,False,季,季,False,亿美元,亿美元,False,期末值,期末值,False,全国,全国,False,中国,中国,False,国家外汇管理局,国家外汇管理局,False,getEcoDataChina,getEcoDataChina,False,1998-03-31,1998-03-31,False,2026-03-31,2026-03-31,False,1,1,False,True,False,经常账户(美元):货物和服务:服务:电信、计算机和信息服务:当季值,Current Account(USD):Goods and Services: Services:Telecommunication、Computerand Information Services: Balance,季,亿美元,期末值,全国,中国,国家外汇管理局,getEcoDataChina,1998-03-31,2026-03-31,1,False,False,False,False,False,False,False,False,False,False,False,False,False
801760,传媒,1,2100001806,全国电影票房收入:当日值,National Film Box Office Income: Current Value (Day),日,万元,当期值,全国,中国,艺恩数据,getEcoDataIndCulture,2008-01-01,2026-08-07,1,152.0,2100001806,全国电影票房收入:当日值,National Film Box Office Income: Current Value (Day),S100001806,S100001805,0,日,万元,当期值,0.0,全国,中国,人民币元,不重要,艺恩数据,,2983,getEcoDataIndCulture,2008-01-01,2026-08-12,1,EcoInfoProGet,2026-08-13T01:09:36.711019+00:00,全国电影票房收入:当日值,全国电影票房收入:当日值,False,National Film Box Office Income: Current Value (Day),National Film Box Office Income: Current Value (Day),False,日,日,False,万元,万元,False,当期值,当期值,False,全国,全国,False,中国,中国,False,艺恩数据,艺恩数据,False,getEcoDataIndCulture,getEcoDataIndCulture,False,2008-01-01,2008-01-01,False,2026-08-07,2026-08-12,True,1,1,False,True,True,全国电影票房收入:当日值,National Film Box Office Income: Current Value (Day),日,万元,当期值,全国,中国,艺恩数据,getEcoDataIndCulture,2008-01-01,2026-08-10,1,False,False,False,False,False,False,False,False,False,False,True,False,True
801760,传媒,2,2100726810,全国电影票房:当日人次,National Film Box Office: Daily Attendance,日,人,当期值,全国,中国,中国电影数据信息网,getEcoDataIndCulture,2015-09-30,2026-08-07,1,144.0,2100726810,全国电影票房:当日人次,National Film Box Office: Daily Attendance,S100726810,S100001805,0,日,人,当期值,0.0,全国,中国,,不重要,中国电影数据信息网,,2983,getEcoDataIndCulture,2015-09-30,2026-08-12,1,EcoInfoProGet,2026-08-13T01:09:36.711019+00:00,全国电影票房:当日人次,全国电影票房:当日人次,False,National Film Box Office: Daily Attendance,National Film Box Office: Daily Attendance,False,日,日,False,人,人,False,当期值,当期值,False,全国,全国,False,中国,中国,False,中国电影数据信息网,中国电影数据信息网,False,getEcoDataIndCulture,getEcoDataIndCulture,False,2015-09-30,2015-09-30,False,2026-08-07,2026-08-12,True,1,1,False,True,True,全国电影票房:当日人次,National Film Box Office: Daily Attendance,日,人,当期值,全国,中国,中国电影数据信息网,getEcoDataIndCulture,2015-09-30,2026-08-10,1,False,False,False,False,False,False,False,False,False,False,True,False,True
801760,传媒,3,2100726809,全国电影票房:当日场次,National Film Box Office: Daily Screening Sessions,日,场,当期值,全国,中国,中国电影数据信息网,getEcoDataIndCulture,2015-09-30,2026-08-07,1,144.0,2100726809,全国电影票房:当日场次,National Film Box Office: Daily Screening Sessions,S100726809,S100001805,0,日,场,当期值,0.0,全国,中国,,不重要,中国电影数据信息网,,2983,getEcoDataIndCulture,2015-09-30,2026-08-12,1,EcoInfoProGet,2026-08-13T01:09:36.711019+00:00,全国电影票房:当日场次,全国电影票房:当日场次,False,National Film Box Office: Daily Screening Sessions,National Film Box Office: Daily Screening Sessions,False,日,日,False,场,场,False,当期值,当期值,False,全国,全国,False,中国,中国,False,中国电影数据信息网,中国电影数据信息网,False,getEcoDataIndCulture,getEcoDataIndCulture,False,2015-09-30,2015-09-30,False,2026-08-07,2026-08-12,True,1,1,False,True,True,全国电影票房:当日场次,National Film Box Office: Daily Screening Sessions,日,场,当期值,全国,中国,中国电影数据信息网,getEcoDataIndCulture,2015-09-30,2026-08-10,1,False,False,False,False,False,False,False,False,False,False,True,False,True
801760,传媒,4,2100726811,全国电影票房:当日票房,National Film Box Office: Daily Box Office Revenue,日,万元,当期值,全国,中国,中国电影数据信息网,getEcoDataIndCulture,2015-09-30,2026-08-07,1,144.0,2100726811,全国电影票房:当日票房,National Film Box Office: Daily Box Office Revenue,S100726811,S100001805,0,日,万元,当期值,2.0,全国,中国,人民币元,不重要,中国电影数据信息网,,2983,getEcoDataIndCulture,2015-09-30,2026-08-12,1,EcoInfoProGet,2026-08-13T01:09:36.711019+00:00,全国电影票房:当日票房,全国电影票房:当日票房,False,National Film Box Office: Daily Box Office Revenue,National Film Box Office: Daily Box Office Revenue,False,日,日,False,万元,万元,False,当期值,当期值,False,全国,全国,False,中国,中国,False,中国电影数据信息网,中国电影数据信息网,False,getEcoDataIndCulture,getEcoDataIndCulture,False,2015-09-30,2015-09-30,False,2026-08-07,2026-08-12,True,1,1,False,True,True,全国电影票房:当日票房,National Film Box Office: Daily Box Office Revenue,日,万元,当期值,全国,中国,中国电影数据信息网,getEcoDataIndCulture,2015-09-30,2026-08-10,1,False,False,False,False,False,False,False,False,False,False,True,False,True
801760,传媒,5,2100001808,全国电影票房人次:当日值,National Film Visitors: Current Value (Day),日,万人,当期值,全国,中国,艺恩数据,getEcoDataIndCulture,2015-06-12,2026-08-07,1,144.0,2100001808,全国电影票房人次:当日值,National Film Visitors: Current Value (Day),S100001808,S100001805,0,日,万人,当期值,0.0,全国,中国,,不重要,艺恩数据,,2983,getEcoDataIndCulture,2015-06-12,2026-08-12,1,EcoInfoProGet,2026-08-13T01:09:36.711019+00:00,全国电影票房人次:当日值,全国电影票房人次:当日值,False,National Film Visitors: Current Value (Day),National Film Visitors: Current Value (Day),False,日,日,False,万人,万人,False,当期值,当期值,False,全国,全国,False,中国,中国,False,艺恩数据,艺恩数据,False,getEcoDataIndCulture,getEcoDataIndCulture,False,2015-06-12,2015-06-12,False,2026-08-07,2026-08-12,True,1,1,False,True,True,全国电影票房人次:当日值,National Film Visitors: Current Value (Day),日,万人,当期值,全国,中国,艺恩数据,getEcoDataIndCulture,2015-06-12,2026-08-10,1,False,False,False,False,False,False,False,False,False,False,True,False,True
801760,传媒,6,2100001807,全国电影票房场次:当日值,National Film Screening: Current Value (Day),日,场,当期值,全国,中国,艺恩数据,getEcoDataIndCulture,2015-06-12,2026-08-07,1,144.0,2100001807,全国电影票房场次:当日值,National Film Screening: Current Value (Day),S100001807,S100001805,0,日,场,当期值,0.0,全国,中国,,不重要,艺恩数据,,2983,getEcoDataIndCulture,2015-06-12,2026-08-12,1,EcoInfoProGet,2026-08-13T01:09:36.711019+00:00,全国电影票房场次:当日值,全国电影票房场次:当日值,False,National Film Screening: Current Value (Day),National Film Screening: Current Value (Day),False,日,日,False,场,场,False,当期值,当期值,False,全国,全国,False,中国,中国,False,艺恩数据,艺恩数据,False,getEcoDataIndCulture,getEcoDataIndCulture,False,2015-06-12,2015-06-12,False,2026-08-07,2026-08-12,True,1,1,False,True,True,全国电影票房场次:当日值,National Film Screening: Current Value (Day),日,场,当期值,全国,中国,艺恩数据,getEcoDataIndCulture,2015-06-12,2026-08-10,1,False,False,False,False,False,False,False,False,False,False,True,False,True
801760,传媒,7,1050000380,固定资产投资完成额:电信、广播电视和卫星传输服务业:累计同比,"Fixed Assets Investment Completed: Information Transmission, Software And Information Technology Services: Telecommunications, Radio And Television And Satellite Transmission Services: Cumulative YoY",月,%,累计同比,全国,中国,国家统计局,getEcoDataChina,2012-02-29,2026-06-30,1,143.0,1050000380,固定资产投资完成额:电信、广播电视和卫星传输服务业:累计同比,"Fixed Assets Investment Completed: Information Transmission, Software And Information Technology Services: Telecommunications, Radio And Television And Satellite Transmission Services: Cumulative YoY",M050000380,M050009996,0,月,%,累计同比,2.0,全国,中国,,比较重要,国家统计局,,2975,getEcoDataChina,2012-02-29,2026-06-30,1,EcoInfoProGet,2026-08-13T01:09:36.711019+00:00,固定资产投资完成额:电信、广播电视和卫星传输服务业:累计同比,固定资产投资完成额:电信、广播电视和卫星传输服务业:累计同比,False,"Fixed Assets Investment Completed: Information Transmission, Software And Information Technology Services: Telecommunications, Radio And Television And Satellite Transmission Services: Cumulative YoY","Fixed Assets Investment Completed: Information Transmission, Software And Information Technology Services: Telecommunications, Radio And Television And Satellite Transmission Services: Cumulative YoY",False,月,月,False,%,%,False,累计同比,累计同比,False,全国,全国,False,中国,中国,False,国家统计局,国家统计局,False,getEcoDataChina,getEcoDataChina,False,2012-02-29,2012-02-29,False,2026-06-30,2026-06-30,False,1,1,False,True,False,固定资产投资完成额:电信、广播电视和卫星传输服务业:累计同比,"Fixed Assets Investment Completed: Information Transmission, Software And Information Technology Services: Telecommunications, Radio And Television And Satellite Transmission Services: Cumulative YoY",月,%,累计同比,全国,中国,国家统计局,getEcoDataChina,2012-02-29,2026-06-30,1,False,False,False,False,False,False,False,False,False,False,False,False,False
801760,传媒,8,2100001826,全国电影票房收入:国产影片:累计值,National Film Sales Statistics: Domestic Films: YTD,季,万元,累计值,全国,中国,国家广播电影电视总局,getEcoDataIndCulture,2010-03-31,2025-12-31,1,141.0,2100001826,全国电影票房收入:国产影片:累计值,National Film Sales Statistics: Domestic Films: YTD,S100001826,S100001824,0,季,万元,累计值,2.0,全国,中国,人民币元,不重要,国家广播电影电视总局,,2983,getEcoDataIndCulture,2010-03-31,2025-12-31,1,EcoInfoProGet,2026-08-13T01:09:36.711019+00:00,全国电影票房收入:国产影片:累计值,全国电影票房收入:国产影片:累计值,False,National Film Sales Statistics: Domestic Films: YTD,National Film Sales Statistics: Domestic Films: YTD,False,季,季,False,万元,万元,False,累计值,累计值,False,全国,全国,False,中国,中国,False,国家广播电影电视总局,国家广播电影电视总局,False,getEcoDataIndCulture,getEcoDataIndCulture,False,2010-03-31,2010-03-31,False,2025-12-31,2025-12-31,False,1,1,False,True,False,全国电影票房收入:国产影片:累计值,National Film Sales Statistics: Domestic Films: YTD,季,万元,累计值,全国,中国,国家广播电影电视总局,getEcoDataIndCulture,2010-03-31,2025-12-31,1,False,False,False,False,False,False,False,False,False,False,False,False,False
801760,传媒,9,2100603474,全国电影票房收入:当季值,National Film Box Office Income: Current Value (Quarter),季,万元,当期值,全国,中国,艺恩数据,getEcoDataIndCulture,2008-03-31,2026-06-30,1,141.0,2100603474,全国电影票房收入:当季值,National Film Box Office Income: Current Value (Quarter),S100603474,S100001824,0,季,万元,当期值,0.0,全国,中国,人民币元,不重要,艺恩数据,,2983,getEcoDataIndCulture,2008-03-31,2026-06-30,1,EcoInfoProGet,2026-08-13T01:09:36.711019+00:00,全国电影票房收入:当季值,全国电影票房收入:当季值,False,National Film Box Office Income: Current Value (Quarter),National Film Box Office Income: Current Value (Quarter),False,季,季,False,万元,万元,False,当期值,当期值,False,全国,全国,False,中国,中国,False,艺恩数据,艺恩数据,False,getEcoDataIndCulture,getEcoDataIndCulture,False,2008-03-31,2008-03-31,False,2026-06-30,2026-06-30,False,1,1,False,True,False,全国电影票房收入:当季值,National Film Box Office Income: Current Value (Quarter),季,万元,当期值,全国,中国,艺恩数据,getEcoDataIndCulture,2008-03-31,2026-06-30,1,False,False,False,False,False,False,False,False,False,False,False,False,False
801760,传媒,10,2190817044,全国电影剧本(梗概)备案数:中外合拍影片同意立项数,Number of National Screenplays (Synopsis) Filed: Number of Projects Approved for Chinese and Foreign Co-Production,旬,部,当期值,全国,中国,国家电影局,getEcoDataIndCulture,2011-03-31,2026-06-30,1,137.0,2190817044,全国电影剧本(梗概)备案数:中外合拍影片同意立项数,Number of National Screenplays (Synopsis) Filed: Number of Projects Approved for Chinese and Foreign Co-Production,S190817044,S190817034,0,旬,部,当期值,0.0,全国,中国,,不重要,国家电影局,,2983,getEcoDataIndCulture,2011-03-31,2026-06-30,1,EcoInfoProGet,2026-08-13T01:09:36.711019+00:00,全国电影剧本(梗概)备案数:中外合拍影片同意立项数,全国电影剧本(梗概)备案数:中外合拍影片同意立项数,False,Number of National Screenplays (Synopsis) Filed: Number of Projects Approved for Chinese and Foreign Co-Production,Number of National Screenplays (Synopsis) Filed: Number of Projects Approved for Chinese and Foreign Co-Production,False,旬,旬,False,部,部,False,当期值,当期值,False,全国,全国,False,中国,中国,False,国家电影局,国家电影局,False,getEcoDataIndCulture,getEcoDataIndCulture,False,2011-03-31,2011-03-31,False,2026-06-30,2026-06-30,False,1,1,False,True,False,全国电影剧本(梗概)备案数:中外合拍影片同意立项数,Number of National Screenplays (Synopsis) Filed: Number of Projects Approved for Chinese and Foreign Co-Production,旬,部,当期值,全国,中国,国家电影局,getEcoDataIndCulture,2011-03-31,2026-06-30,1,False,False,False,False,False,False,False,False,False,False,False,False,False
801760,传媒,11,2190817040,全国电影剧本(梗概)备案数:动画影片,Number of National Screenplays (Synopsis) Filed: Animation Film,旬,部,当期值,全国,中国,国家电影局,getEcoDataIndCulture,2011-01-31,2026-05-31,1,137.0,2190817040,全国电影剧本(梗概)备案数:动画影片,Number of National Screenplays (Synopsis) Filed: Animation Film,S190817040,S190817034,0,旬,部,当期值,0.0,全国,中国,,不重要,国家电影局,,2983,getEcoDataIndCulture,2011-01-31,2026-05-31,1,EcoInfoProGet,2026-08-13T01:09:36.711019+00:00,全国电影剧本(梗概)备案数:动画影片,全国电影剧本(梗概)备案数:动画影片,False,Number of National Screenplays (Synopsis) Filed: Animation Film,Number of National Screenplays (Synopsis) Filed: Animation Film,False,旬,旬,False,部,部,False,当期值,当期值,False,全国,全国,False,中国,中国,False,国家电影局,国家电影局,False,getEcoDataIndCulture,getEcoDataIndCulture,False,2011-01-31,2011-01-31,False,2026-05-31,2026-05-31,False,1,1,False,True,False,全国电影剧本(梗概)备案数:动画影片,Number of National Screenplays (Synopsis) Filed: Animation Film,旬,部,当期值,全国,中国,国家电影局,getEcoDataIndCulture,2011-01-31,2026-05-31,1,False,False,False,False,False,False,False,False,False,False,False,False,False
801760,传媒,12,2190817035,全国电影剧本(梗概)备案数:故事影片,Number of National Screenplays (Synopsis) Filed: Story Film,旬,部,当期值,全国,中国,国家电影局,getEcoDataIndCulture,2011-01-31,2026-06-30,1,137.0,2190817035,全国电影剧本(梗概)备案数:故事影片,Number of National Screenplays (Synopsis) Filed: Story Film,S190817035,S190817034,0,旬,部,当期值,0.0,全国,中国,,不重要,国家电影局,,2983,getEcoDataIndCulture,2011-01-31,2026-06-30,1,EcoInfoProGet,2026-08-13T01:09:36.711019+00:00,全国电影剧本(梗概)备案数:故事影片,全国电影剧本(梗概)备案数:故事影片,False,Number of National Screenplays (Synopsis) Filed: Story Film,Number of National Screenplays (Synopsis) Filed: Story Film,False,旬,旬,False,部,部,False,当期值,当期值,False,全国,全国,False,中国,中国,False,国家电影局,国家电影局,False,getEcoDataIndCulture,getEcoDataIndCulture,False,2011-01-31,2011-01-31,False,2026-06-30,2026-06-30,False,1,1,False,True,False,全国电影剧本(梗概)备案数:故事影片,Number of National Screenplays (Synopsis) Filed: Story Film,旬,部,当期值,全国,中国,国家电影局,getEcoDataIndCulture,2011-01-31,2026-06-30,1,False,False,False,False,False,False,False,False,False,False,False,False,False
801760,传媒,13,2190817043,全国电影剧本(梗概)备案数:特种影片,Number of National Screenplays (Synopsis) Filed: Special Film,旬,部,当期值,全国,中国,国家电影局,getEcoDataIndCulture,2011-05-31,2026-05-31,1,137.0,2190817043,全国电影剧本(梗概)备案数:特种影片,Number of National Screenplays (Synopsis) Filed: Special Film,S190817043,S190817034,0,旬,部,当期值,0.0,全国,中国,,不重要,国家电影局,,2983,getEcoDataIndCulture,2011-05-31,2026-05-31,1,EcoInfoProGet,2026-08-13T01:09:36.711019+00:00,全国电影剧本(梗概)备案数:特种影片,全国电影剧本(梗概)备案数:特种影片,False,Number of National Screenplays (Synopsis) Filed: Special Film,Number of National Screenplays (Synopsis) Filed: Special Film,False,旬,旬,False,部,部,False,当期值,当期值,False,全国,全国,False,中国,中国,False,国家电影局,国家电影局,False,getEcoDataIndCulture,getEcoDataIndCulture,False,2011-05-31,2011-05-31,False,2026-05-31,2026-05-31,False,1,1,False,True,False,全国电影剧本(梗概)备案数:特种影片,Number of National Screenplays (Synopsis) Filed: Special Film,旬,部,当期值,全国,中国,国家电影局,getEcoDataIndCulture,2011-05-31,2026-05-31,1,False,False,False,False,False,False,False,False,False,False,False,False,False
801760,传媒,14,2190817042,全国电影剧本(梗概)备案数:科教影片,Number of National Screenplays (Synopsis) Filed: Science Educational Film,旬,部,当期值,全国,中国,国家电影局,getEcoDataIndCulture,2011-04-10,2026-05-31,1,137.0,2190817042,全国电影剧本(梗概)备案数:科教影片,Number of National Screenplays (Synopsis) Filed: Science Educational Film,S190817042,S190817034,0,旬,部,当期值,0.0,全国,中国,,不重要,国家电影局,,2983,getEcoDataIndCulture,2011-04-10,2026-05-31,1,EcoInfoProGet,2026-08-13T01:09:36.711019+00:00,全国电影剧本(梗概)备案数:科教影片,全国电影剧本(梗概)备案数:科教影片,False,Number of National Screenplays (Synopsis) Filed: Science Educational Film,Number of National Screenplays (Synopsis) Filed: Science Educational Film,False,旬,旬,False,部,部,False,当期值,当期值,False,全国,全国,False,中国,中国,False,国家电影局,国家电影局,False,getEcoDataIndCulture,getEcoDataIndCulture,False,2011-04-10,2011-04-10,False,2026-05-31,2026-05-31,False,1,1,False,True,False,全国电影剧本(梗概)备案数:科教影片,Number of National Screenplays (Synopsis) Filed: Science Educational Film,旬,部,当期值,全国,中国,国家电影局,getEcoDataIndCulture,2011-04-10,2026-05-31,1,False,False,False,False,False,False,False,False,False,False,False,False,False
801760,传媒,15,2190817041,全国电影剧本(梗概)备案数:纪录影片,Number of National Screenplays (Synopsis) Filed: Documentary Film,旬,部,当期值,全国,中国,国家电影局,getEcoDataIndCulture,2011-01-31,2026-05-31,1,137.0,2190817041,全国电影剧本(梗概)备案数:纪录影片,Number of National Screenplays (Synopsis) Filed: Documentary Film,S190817041,S190817034,0,旬,部,当期值,0.0,全国,中国,,不重要,国家电影局,,2983,getEcoDataIndCulture,2011-01-31,2026-05-31,1,EcoInfoProGet,2026-08-13T01:09:36.711019+00:00,全国电影剧本(梗概)备案数:纪录影片,全国电影剧本(梗概)备案数:纪录影片,False,Number of National Screenplays (Synopsis) Filed: Documentary Film,Number of National Screenplays (Synopsis) Filed: Documentary Film,False,旬,旬,False,部,部,False,当期值,当期值,False,全国,全国,False,中国,中国,False,国家电影局,国家电影局,False,getEcoDataIndCulture,getEcoDataIndCulture,False,2011-01-31,2011-01-31,False,2026-05-31,2026-05-31,False,1,1,False,True,False,全国电影剧本(梗概)备案数:纪录影片,Number of National Screenplays (Synopsis) Filed: Documentary Film,旬,部,当期值,全国,中国,国家电影局,getEcoDataIndCulture,2011-01-31,2026-05-31,1,False,False,False,False,False,False,False,False,False,False,False,False,False
801760,传媒,16,1040018941,PPI:广播电视设备制造业(上年同月=100),PPI: Broadcasting and Tv Equipment (CYoY=100),月,上年同月=100,当期值,全国,中国,国家统计局,getEcoDataChina,2014-01-31,2026-06-30,1,135.0,1040018941,PPI:广播电视设备制造业(上年同月=100),PPI: Broadcasting and Tv Equipment (CYoY=100),M040018941,M040018760,0,月,上年同月=100,当期值,4.0,全国,中国,,不重要,国家统计局,,2975,getEcoDataChina,2014-01-31,2026-07-31,1,EcoInfoProGet,2026-08-13T01:09:36.711019+00:00,PPI:广播电视设备制造业(上年同月=100),PPI:广播电视设备制造业(上年同月=100),False,PPI: Broadcasting and Tv Equipment (CYoY=100),PPI: Broadcasting and Tv Equipment (CYoY=100),False,月,月,False,上年同月=100,上年同月=100,False,当期值,当期值,False,全国,全国,False,中国,中国,False,国家统计局,国家统计局,False,getEcoDataChina,getEcoDataChina,False,2014-01-31,2014-01-31,False,2026-06-30,2026-07-31,True,1,1,False,True,True,PPI:广播电视设备制造业(上年同月=100),PPI: Broadcasting and Tv Equipment (CYoY=100),月,上年同月=100,当期值,全国,中国,国家统计局,getEcoDataChina,2014-01-31,2026-06-30,1,False,False,False,False,False,False,False,False,False,False,True,False,True
801760,传媒,17,2190813326,出口数量:游戏机及零附件:当月同比,Export Volume: Game Consoles and Accessories: Month YoY,月,%,当期同比,全国,中国,海关总署,getEcoDataIndCulture,2015-01-31,2026-06-30,1,135.0,2190813326,出口数量:游戏机及零附件:当月同比,Export Volume: Game Consoles and Accessories: Month YoY,S190813326,S190000002,0,月,%,当期同比,2.0,全国,中国,,不重要,海关总署,,2983,getEcoDataIndCulture,2015-01-31,2026-06-30,1,EcoInfoProGet,2026-08-13T01:09:36.711019+00:00,出口数量:游戏机及零附件:当月同比,出口数量:游戏机及零附件:当月同比,False,Export Volume: Game Consoles and Accessories: Month YoY,Export Volume: Game Consoles and Accessories: Month YoY,False,月,月,False,%,%,False,当期同比,当期同比,False,全国,全国,False,中国,中国,False,海关总署,海关总署,False,getEcoDataIndCulture,getEcoDataIndCulture,False,2015-01-31,2015-01-31,False,2026-06-30,2026-06-30,False,1,1,False,True,False,出口数量:游戏机及零附件:当月同比,Export Volume: Game Consoles and Accessories: Month YoY,月,%,当期同比,全国,中国,海关总署,getEcoDataIndCulture,2015-01-31,2026-06-30,1,False,False,False,False,False,False,False,False,False,False,False,False,False
801760,传媒,18,2190822462,出口金额(美元):一般的体育活动、体操等游戏用品及设备(9506):当月值,"Export Value (USD): General Sports Activities, Gymnastics And Other Game Supplies And Equipment(9506): Current Month Value",月,美元,当期值,中国,中国,海关总署,getEcoDataIndCulture,2015-01-31,2026-06-30,1,135.0,2190822462,出口金额(美元):一般的体育活动、体操等游戏用品及设备(9506):当月值,"Export Value (USD): General Sports Activities, Gymnastics And Other Game Supplies And Equipment(9506): Current Month Value",S190822462,S190822103,0,月,美元,当期值,2.0,中国,中国,美元,一般重要,海关总署,"HS编码""9506""中文全称为""一般的体育活动、体操、竞技及其他运动(包括乒乓球运动)或户外游戏用本章其他品目未列名的用品及设备;游泳池或戏水池""",2983,getEcoDataIndCulture,2015-01-31,2026-06-30,1,EcoInfoProGet,2026-08-13T01:09:36.711019+00:00,出口金额(美元):一般的体育活动、体操等游戏用品及设备(9506):当月值,出口金额(美元):一般的体育活动、体操等游戏用品及设备(9506):当月值,False,"Export Value (USD): General Sports Activities, Gymnastics And Other Game Supplies And Equipment(9506): Current Month Value","Export Value (USD): General Sports Activities, Gymnastics And Other Game Supplies And Equipment(9506): Current Month Value",False,月,月,False,美元,美元,False,当期值,当期值,False,中国,中国,False,中国,中国,False,海关总署,海关总署,False,getEcoDataIndCulture,getEcoDataIndCulture,False,2015-01-31,2015-01-31,False,2026-06-30,2026-06-30,False,1,1,False,True,False,出口金额(美元):一般的体育活动、体操等游戏用品及设备(9506):当月值,"Export Value (USD): General Sports Activities, Gymnastics And Other Game Supplies And Equipment(9506): Current Month Value",月,美元,当期值,中国,中国,海关总署,getEcoDataIndCulture,2015-01-31,2026-06-30,1,False,False,False,False,False,False,False,False,False,False,False,False,False
801760,传媒,19,2190822322,出口金额(美元):玩具、游戏品、运动用品及其零件、附件(95):当月值,"Export Value (USD): Toys, Games, Sporting Goods And Their Parts And Accessories (Mechanical Equipment)(95): Current Month Value",月,美元,当期值,中国,中国,海关总署,getEcoDataIndCulture,2015-01-31,2026-06-30,1,135.0,2190822322,出口金额(美元):玩具、游戏品、运动用品及其零件、附件(95):当月值,"Export Value (USD): Toys, Games, Sporting Goods And Their Parts And Accessories (Mechanical Equipment)(95): Current Month Value",S190822322,S190822067,0,月,美元,当期值,2.0,中国,中国,美元,一般重要,海关总署,,2983,getEcoDataIndCulture,2015-01-31,2026-06-30,1,EcoInfoProGet,2026-08-13T01:09:36.711019+00:00,出口金额(美元):玩具、游戏品、运动用品及其零件、附件(95):当月值,出口金额(美元):玩具、游戏品、运动用品及其零件、附件(95):当月值,False,"Export Value (USD): Toys, Games, Sporting Goods And Their Parts And Accessories (Mechanical Equipment)(95): Current Month Value","Export Value (USD): Toys, Games, Sporting Goods And Their Parts And Accessories (Mechanical Equipment)(95): Current Month Value",False,月,月,False,美元,美元,False,当期值,当期值,False,中国,中国,False,中国,中国,False,海关总署,海关总署,False,getEcoDataIndCulture,getEcoDataIndCulture,False,2015-01-31,2015-01-31,False,2026-06-30,2026-06-30,False,1,1,False,True,False,出口金额(美元):玩具、游戏品、运动用品及其零件、附件(95):当月值,"Export Value (USD): Toys, Games, Sporting Goods And Their Parts And Accessories (Mechanical Equipment)(95): Current Month Value",月,美元,当期值,中国,中国,海关总署,getEcoDataIndCulture,2015-01-31,2026-06-30,1,False,False,False,False,False,False,False,False,False,False,False,False,False
801760,传媒,20,2190822434,出口金额(美元):视频游戏控制器及设备、游艺场所等游戏用品(9504):当月值,"Export Value (USD): Video Game Controller And Equipment, Entertainment Places And Other Game Supplies(9504): Current Month Value",月,美元,当期值,中国,中国,海关总署,getEcoDataIndCulture,2015-01-31,2026-06-30,1,135.0,2190822434,出口金额(美元):视频游戏控制器及设备、游艺场所等游戏用品(9504):当月值,"Export Value (USD): Video Game Controller And Equipment, Entertainment Places And Other Game Supplies(9504): Current Month Value",S190822434,S190822101,0,月,美元,当期值,2.0,中国,中国,美元,一般重要,海关总署,"HS编码""9504""中文全称为""视频游戏控制器及设备、游艺场所、桌上或室内游戏用品,包括弹球机、台球、娱乐专用桌及保龄球自动球道设备""",2983,getEcoDataIndCulture,2015-01-31,2026-06-30,1,EcoInfoProGet,2026-08-13T01:09:36.711019+00:00,出口金额(美元):视频游戏控制器及设备、游艺场所等游戏用品(9504):当月值,出口金额(美元):视频游戏控制器及设备、游艺场所等游戏用品(9504):当月值,False,"Export Value (USD): Video Game Controller And Equipment, Entertainment Places And Other Game Supplies(9504): Current Month Value","Export Value (USD): Video Game Controller And Equipment, Entertainment Places And Other Game Supplies(9504): Current Month Value",False,月,月,False,美元,美元,False,当期值,当期值,False,中国,中国,False,中国,中国,False,海关总署,海关总署,False,getEcoDataIndCulture,getEcoDataIndCulture,False,2015-01-31,2015-01-31,False,2026-06-30,2026-06-30,False,1,1,False,True,False,出口金额(美元):视频游戏控制器及设备、游艺场所等游戏用品(9504):当月值,"Export Value (USD): Video Game Controller And Equipment, Entertainment Places And Other Game Supplies(9504): Current Month Value",月,美元,当期值,中国,中国,海关总署,getEcoDataIndCulture,2015-01-31,2026-06-30,1,False,False,False,False,False,False,False,False,False,False,False,False,False
801760,传媒,21,2190813478,出口金额:游戏机及零附件:当月值,Export Amount: Game Consoles and Accessories: Current Value (Month),月,万美元,当期值,全国,中国,海关总署,getEcoDataIndCulture,2015-01-31,2026-06-30,1,135.0,2190813478,出口金额:游戏机及零附件:当月值,Export Amount: Game Consoles and Accessories: Current Value (Month),S190813478,S190000002,0,月,万美元,当期值,2.0,全国,中国,美元,不重要,海关总署,,2983,getEcoDataIndCulture,2015-01-31,2026-06-30,1,EcoInfoProGet,2026-08-13T01:09:36.711019+00:00,出口金额:游戏机及零附件:当月值,出口金额:游戏机及零附件:当月值,False,Export Amount: Game Consoles and Accessories: Current Value (Month),Export Amount: Game Consoles and Accessories: Current Value (Month),False,月,月,False,万美元,万美元,False,当期值,当期值,False,全国,全国,False,中国,中国,False,海关总署,海关总署,False,getEcoDataIndCulture,getEcoDataIndCulture,False,2015-01-31,2015-01-31,False,2026-06-30,2026-06-30,False,1,1,False,True,False,出口金额:游戏机及零附件:当月值,Export Amount: Game Consoles and Accessories: Current Value (Month),月,万美元,当期值,全国,中国,海关总署,getEcoDataIndCulture,2015-01-31,2026-06-30,1,False,False,False,False,False,False,False,False,False,False,False,False,False
801760,传媒,22,2190703706,广告刊例花费:全媒体:同比,Advertising Examples Spend: All Media: YoY,月,%,当期同比,全国,中国,CTR媒介智讯,getEcoDataIndCulture,2014-07-31,2026-06-30,1,135.0,2190703706,广告刊例花费:全媒体:同比,Advertising Examples Spend: All Media: YoY,S190703706,S190703705,0,月,%,当期同比,1.0,全国,中国,,不重要,CTR媒介智讯,,2983,getEcoDataIndCulture,2014-07-31,2026-06-30,1,EcoInfoProGet,2026-08-13T01:09:36.711019+00:00,广告刊例花费:全媒体:同比,广告刊例花费:全媒体:同比,False,Advertising Examples Spend: All Media: YoY,Advertising Examples Spend: All Media: YoY,False,月,月,False,%,%,False,当期同比,当期同比,False,全国,全国,False,中国,中国,False,CTR媒介智讯,CTR媒介智讯,False,getEcoDataIndCulture,getEcoDataIndCulture,False,2014-07-31,2014-07-31,False,2026-06-30,2026-06-30,False,1,1,False,True,False,广告刊例花费:全媒体:同比,Advertising Examples Spend: All Media: YoY,月,%,当期同比,全国,中国,CTR媒介智讯,getEcoDataIndCulture,2014-07-31,2026-06-30,1,False,False,False,False,False,False,False,False,False,False,False,False,False
801760,传媒,23,1060000115,文化体育与传媒支出:当月值,"Culture, Sports And Media Expenditure: Current",月,亿元,当期值,全国,中国,财政部,getEcoDataChina,2007-01-31,2026-06-30,1,135.0,1060000115,文化体育与传媒支出:当月值,"Culture, Sports And Media Expenditure: Current",M060000115,M060000083,0,月,亿元,当期值,2.0,全国,中国,人民币元,不重要,财政部,,2975,getEcoDataChina,2007-01-31,2026-06-30,1,EcoInfoProGet,2026-08-13T01:09:36.711019+00:00,文化体育与传媒支出:当月值,文化体育与传媒支出:当月值,False,"Culture, Sports And Media Expenditure: Current","Culture, Sports And Media Expenditure: Current",False,月,月,False,亿元,亿元,False,当期值,当期值,False,全国,全国,False,中国,中国,False,财政部,财政部,False,getEcoDataChina,getEcoDataChina,False,2007-01-31,2007-01-31,False,2026-06-30,2026-06-30,False,1,1,False,True,False,文化体育与传媒支出:当月值,"Culture, Sports And Media Expenditure: Current",月,亿元,当期值,全国,中国,财政部,getEcoDataChina,2007-01-31,2026-06-30,1,False,False,False,False,False,False,False,False,False,False,False,False,False
801760,传媒,24,2190822465,贸易差额(美元):一般的体育活动、体操等游戏用品及设备(9506):当月值,"Trade Balance (USD): General Sports Activities, Gymnastics And Other Game Supplies And Equipment(9506): Current Month Value",月,美元,当期值,中国,中国,海关总署,getEcoDataIndCulture,2015-01-31,2026-06-30,1,135.0,2190822465,贸易差额(美元):一般的体育活动、体操等游戏用品及设备(9506):当月值,"Trade Balance (USD): General Sports Activities, Gymnastics And Other Game Supplies And Equipment(9506): Current Month Value",S190822465,S190822103,0,月,美元,当期值,2.0,中国,中国,美元,一般重要,海关总署,"HS编码""9506""中文全称为""一般的体育活动、体操、竞技及其他运动(包括乒乓球运动)或户外游戏用本章其他品目未列名的用品及设备;游泳池或戏水池""",2983,getEcoDataIndCulture,2015-01-31,2026-06-30,1,EcoInfoProGet,2026-08-13T01:09:36.711019+00:00,贸易差额(美元):一般的体育活动、体操等游戏用品及设备(9506):当月值,贸易差额(美元):一般的体育活动、体操等游戏用品及设备(9506):当月值,False,"Trade Balance (USD): General Sports Activities, Gymnastics And Other Game Supplies And Equipment(9506): Current Month Value","Trade Balance (USD): General Sports Activities, Gymnastics And Other Game Supplies And Equipment(9506): Current Month Value",False,月,月,False,美元,美元,False,当期值,当期值,False,中国,中国,False,中国,中国,False,海关总署,海关总署,False,getEcoDataIndCulture,getEcoDataIndCulture,False,2015-01-31,2015-01-31,False,2026-06-30,2026-06-30,False,1,1,False,True,False,贸易差额(美元):一般的体育活动、体操等游戏用品及设备(9506):当月值,"Trade Balance (USD): General Sports Activities, Gymnastics And Other Game Supplies And Equipment(9506): Current Month Value",月,美元,当期值,中国,中国,海关总署,getEcoDataIndCulture,2015-01-31,2026-06-30,1,False,False,False,False,False,False,False,False,False,False,False,False,False
801760,传媒,25,2190822325,贸易差额(美元):玩具、游戏品、运动用品及其零件、附件(95):当月值,"Trade Balance (USD): Toys, Games, Sporting Goods And Their Parts And Accessories (Mechanical Equipment)(95): Current Month Value",月,美元,当期值,中国,中国,海关总署,getEcoDataIndCulture,2015-01-31,2026-06-30,1,135.0,2190822325,贸易差额(美元):玩具、游戏品、运动用品及其零件、附件(95):当月值,"Trade Balance (USD): Toys, Games, Sporting Goods And Their Parts And Accessories (Mechanical Equipment)(95): Current Month Value",S190822325,S190822067,0,月,美元,当期值,2.0,中国,中国,美元,一般重要,海关总署,,2983,getEcoDataIndCulture,2015-01-31,2026-06-30,1,EcoInfoProGet,2026-08-13T01:09:36.711019+00:00,贸易差额(美元):玩具、游戏品、运动用品及其零件、附件(95):当月值,贸易差额(美元):玩具、游戏品、运动用品及其零件、附件(95):当月值,False,"Trade Balance (USD): Toys, Games, Sporting Goods And Their Parts And Accessories (Mechanical Equipment)(95): Current Month Value","Trade Balance (USD): Toys, Games, Sporting Goods And Their Parts And Accessories (Mechanical Equipment)(95): Current Month Value",False,月,月,False,美元,美元,False,当期值,当期值,False,中国,中国,False,中国,中国,False,海关总署,海关总署,False,getEcoDataIndCulture,getEcoDataIndCulture,False,2015-01-31,2015-01-31,False,2026-06-30,2026-06-30,False,1,1,False,True,False,贸易差额(美元):玩具、游戏品、运动用品及其零件、附件(95):当月值,"Trade Balance (USD): Toys, Games, Sporting Goods And Their Parts And Accessories (Mechanical Equipment)(95): Current Month Value",月,美元,当期值,中国,中国,海关总署,getEcoDataIndCulture,2015-01-31,2026-06-30,1,False,False,False,False,False,False,False,False,False,False,False,False,False
801760,传媒,26,2190822437,贸易差额(美元):视频游戏控制器及设备、游艺场所等游戏用品(9504):当月值,"Trade Balance (USD): Video Game Controller And Equipment, Entertainment Places And Other Game Supplies(9504): Current Month Value",月,美元,当期值,中国,中国,海关总署,getEcoDataIndCulture,2015-01-31,2026-06-30,1,135.0,2190822437,贸易差额(美元):视频游戏控制器及设备、游艺场所等游戏用品(9504):当月值,"Trade Balance (USD): Video Game Controller And Equipment, Entertainment Places And Other Game Supplies(9504): Current Month Value",S190822437,S190822101,0,月,美元,当期值,2.0,中国,中国,美元,一般重要,海关总署,"HS编码""9504""中文全称为""视频游戏控制器及设备、游艺场所、桌上或室内游戏用品,包括弹球机、台球、娱乐专用桌及保龄球自动球道设备""",2983,getEcoDataIndCulture,2015-01-31,2026-06-30,1,EcoInfoProGet,2026-08-13T01:09:36.711019+00:00,贸易差额(美元):视频游戏控制器及设备、游艺场所等游戏用品(9504):当月值,贸易差额(美元):视频游戏控制器及设备、游艺场所等游戏用品(9504):当月值,False,"Trade Balance (USD): Video Game Controller And Equipment, Entertainment Places And Other Game Supplies(9504): Current Month Value","Trade Balance (USD): Video Game Controller And Equipment, Entertainment Places And Other Game Supplies(9504): Current Month Value",False,月,月,False,美元,美元,False,当期值,当期值,False,中国,中国,False,中国,中国,False,海关总署,海关总署,False,getEcoDataIndCulture,getEcoDataIndCulture,False,2015-01-31,2015-01-31,False,2026-06-30,2026-06-30,False,1,1,False,True,False,贸易差额(美元):视频游戏控制器及设备、游艺场所等游戏用品(9504):当月值,"Trade Balance (USD): Video Game Controller And Equipment, Entertainment Places And Other Game Supplies(9504): Current Month Value",月,美元,当期值,中国,中国,海关总署,getEcoDataIndCulture,2015-01-31,2026-06-30,1,False,False,False,False,False,False,False,False,False,False,False,False,False
801760,传媒,27,2190822464,进出口金额(美元):一般的体育活动、体操等游戏用品及设备(9506):当月值,"Import And Export Value (USD): General Sports Activities, Gymnastics And Other Game Supplies And Equipment(9506): Current Month Value",月,美元,当期值,中国,中国,海关总署,getEcoDataIndCulture,2015-01-31,2026-06-30,1,135.0,2190822464,进出口金额(美元):一般的体育活动、体操等游戏用品及设备(9506):当月值,"Import And Export Value (USD): General Sports Activities, Gymnastics And Other Game Supplies And Equipment(9506): Current Month Value",S190822464,S190822103,0,月,美元,当期值,2.0,中国,中国,美元,一般重要,海关总署,"HS编码""9506""中文全称为""一般的体育活动、体操、竞技及其他运动(包括乒乓球运动)或户外游戏用本章其他品目未列名的用品及设备;游泳池或戏水池""",2983,getEcoDataIndCulture,2015-01-31,2026-06-30,1,EcoInfoProGet,2026-08-13T01:09:36.711019+00:00,进出口金额(美元):一般的体育活动、体操等游戏用品及设备(9506):当月值,进出口金额(美元):一般的体育活动、体操等游戏用品及设备(9506):当月值,False,"Import And Export Value (USD): General Sports Activities, Gymnastics And Other Game Supplies And Equipment(9506): Current Month Value","Import And Export Value (USD): General Sports Activities, Gymnastics And Other Game Supplies And Equipment(9506): Current Month Value",False,月,月,False,美元,美元,False,当期值,当期值,False,中国,中国,False,中国,中国,False,海关总署,海关总署,False,getEcoDataIndCulture,getEcoDataIndCulture,False,2015-01-31,2015-01-31,False,2026-06-30,2026-06-30,False,1,1,False,True,False,进出口金额(美元):一般的体育活动、体操等游戏用品及设备(9506):当月值,"Import And Export Value (USD): General Sports Activities, Gymnastics And Other Game Supplies And Equipment(9506): Current Month Value",月,美元,当期值,中国,中国,海关总署,getEcoDataIndCulture,2015-01-31,2026-06-30,1,False,False,False,False,False,False,False,False,False,False,False,False,False
801760,传媒,28,2190822324,进出口金额(美元):玩具、游戏品、运动用品及其零件、附件(95):当月值,"Import And Export Value (USD): Toys, Games, Sporting Goods And Their Parts And Accessories (Mechanical Equipment)(95): Current Month Value",月,美元,当期值,中国,中国,海关总署,getEcoDataIndCulture,2015-01-31,2026-06-30,1,135.0,2190822324,进出口金额(美元):玩具、游戏品、运动用品及其零件、附件(95):当月值,"Import And Export Value (USD): Toys, Games, Sporting Goods And Their Parts And Accessories (Mechanical Equipment)(95): Current Month Value",S190822324,S190822067,0,月,美元,当期值,2.0,中国,中国,美元,一般重要,海关总署,,2983,getEcoDataIndCulture,2015-01-31,2026-06-30,1,EcoInfoProGet,2026-08-13T01:09:36.711019+00:00,进出口金额(美元):玩具、游戏品、运动用品及其零件、附件(95):当月值,进出口金额(美元):玩具、游戏品、运动用品及其零件、附件(95):当月值,False,"Import And Export Value (USD): Toys, Games, Sporting Goods And Their Parts And Accessories (Mechanical Equipment)(95): Current Month Value","Import And Export Value (USD): Toys, Games, Sporting Goods And Their Parts And Accessories (Mechanical Equipment)(95): Current Month Value",False,月,月,False,美元,美元,False,当期值,当期值,False,中国,中国,False,中国,中国,False,海关总署,海关总署,False,getEcoDataIndCulture,getEcoDataIndCulture,False,2015-01-31,2015-01-31,False,2026-06-30,2026-06-30,False,1,1,False,True,False,进出口金额(美元):玩具、游戏品、运动用品及其零件、附件(95):当月值,"Import And Export Value (USD): Toys, Games, Sporting Goods And Their Parts And Accessories (Mechanical Equipment)(95): Current Month Value",月,美元,当期值,中国,中国,海关总署,getEcoDataIndCulture,2015-01-31,2026-06-30,1,False,False,False,False,False,False,False,False,False,False,False,False,False
801760,传媒,29,2190822436,进出口金额(美元):视频游戏控制器及设备、游艺场所等游戏用品(9504):当月值,"Import And Export Value (USD): Video Game Controller And Equipment, Entertainment Places And Other Game Supplies(9504): Current Month Value",月,美元,当期值,中国,中国,海关总署,getEcoDataIndCulture,2015-01-31,2026-06-30,1,135.0,2190822436,进出口金额(美元):视频游戏控制器及设备、游艺场所等游戏用品(9504):当月值,"Import And Export Value (USD): Video Game Controller And Equipment, Entertainment Places And Other Game Supplies(9504): Current Month Value",S190822436,S190822101,0,月,美元,当期值,2.0,中国,中国,美元,一般重要,海关总署,"HS编码""9504""中文全称为""视频游戏控制器及设备、游艺场所、桌上或室内游戏用品,包括弹球机、台球、娱乐专用桌及保龄球自动球道设备""",2983,getEcoDataIndCulture,2015-01-31,2026-06-30,1,EcoInfoProGet,2026-08-13T01:09:36.711019+00:00,进出口金额(美元):视频游戏控制器及设备、游艺场所等游戏用品(9504):当月值,进出口金额(美元):视频游戏控制器及设备、游艺场所等游戏用品(9504):当月值,False,"Import And Export Value (USD): Video Game Controller And Equipment, Entertainment Places And Other Game Supplies(9504): Current Month Value","Import And Export Value (USD): Video Game Controller And Equipment, Entertainment Places And Other Game Supplies(9504): Current Month Value",False,月,月,False,美元,美元,False,当期值,当期值,False,中国,中国,False,中国,中国,False,海关总署,海关总署,False,getEcoDataIndCulture,getEcoDataIndCulture,False,2015-01-31,2015-01-31,False,2026-06-30,2026-06-30,False,1,1,False,True,False,进出口金额(美元):视频游戏控制器及设备、游艺场所等游戏用品(9504):当月值,"Import And Export Value (USD): Video Game Controller And Equipment, Entertainment Places And Other Game Supplies(9504): Current Month Value",月,美元,当期值,中国,中国,海关总署,getEcoDataIndCulture,2015-01-31,2026-06-30,1,False,False,False,False,False,False,False,False,False,False,False,False,False
801760,传媒,30,2190822463,进口金额(美元):一般的体育活动、体操等游戏用品及设备(9506):当月值,"Import Value (USD): General Sports Activities, Gymnastics And Other Game Supplies And Equipment(9506): Current Month Value",月,美元,当期值,中国,中国,海关总署,getEcoDataIndCulture,2015-01-31,2026-06-30,1,135.0,2190822463,进口金额(美元):一般的体育活动、体操等游戏用品及设备(9506):当月值,"Import Value (USD): General Sports Activities, Gymnastics And Other Game Supplies And Equipment(9506): Current Month Value",S190822463,S190822103,0,月,美元,当期值,2.0,中国,中国,美元,一般重要,海关总署,"HS编码""9506""中文全称为""一般的体育活动、体操、竞技及其他运动(包括乒乓球运动)或户外游戏用本章其他品目未列名的用品及设备;游泳池或戏水池""",2983,getEcoDataIndCulture,2015-01-31,2026-06-30,1,EcoInfoProGet,2026-08-13T01:09:36.711019+00:00,进口金额(美元):一般的体育活动、体操等游戏用品及设备(9506):当月值,进口金额(美元):一般的体育活动、体操等游戏用品及设备(9506):当月值,False,"Import Value (USD): General Sports Activities, Gymnastics And Other Game Supplies And Equipment(9506): Current Month Value","Import Value (USD): General Sports Activities, Gymnastics And Other Game Supplies And Equipment(9506): Current Month Value",False,月,月,False,美元,美元,False,当期值,当期值,False,中国,中国,False,中国,中国,False,海关总署,海关总署,False,getEcoDataIndCulture,getEcoDataIndCulture,False,2015-01-31,2015-01-31,False,2026-06-30,2026-06-30,False,1,1,False,True,False,进口金额(美元):一般的体育活动、体操等游戏用品及设备(9506):当月值,"Import Value (USD): General Sports Activities, Gymnastics And Other Game Supplies And Equipment(9506): Current Month Value",月,美元,当期值,中国,中国,海关总署,getEcoDataIndCulture,2015-01-31,2026-06-30,1,False,False,False,False,False,False,False,False,False,False,False,False,False
801770,通信,1,2080617139,产量:光缆:当月值,Output: Optical Cables: Current Value (Month),月,万芯千米,当期值,全国,中国,国家统计局,getEcoDataIndMachineryequipment,2004-01-31,2026-06-30,1,143.0,2080617139,产量:光缆:当月值,Output: Optical Cables: Current Value (Month),S080617139,S080100003,0,月,万芯千米,当期值,2.0,全国,中国,,不重要,国家统计局,,2990,getEcoDataIndMachineryequipment,2004-01-31,2026-06-30,1,EcoInfoProGet,2026-08-13T01:09:36.711019+00:00,产量:光缆:当月值,产量:光缆:当月值,False,Output: Optical Cables: Current Value (Month),Output: Optical Cables: Current Value (Month),False,月,月,False,万芯千米,万芯千米,False,当期值,当期值,False,全国,全国,False,中国,中国,False,国家统计局,国家统计局,False,getEcoDataIndMachineryequipment,getEcoDataIndMachineryequipment,False,2004-01-31,2004-01-31,False,2026-06-30,2026-06-30,False,1,1,False,True,False,产量:光缆:当月值,Output: Optical Cables: Current Value (Month),月,万芯千米,当期值,全国,中国,国家统计局,getEcoDataIndMachineryequipment,2004-01-31,2026-06-30,1,False,False,False,False,False,False,False,False,False,False,False,False,False
801770,通信,2,2090100780,产量:移动通信基站设备:当月值,Output: Mobile Communication Base Station Equipment,月,万信道,当期值,全国,中国,国家统计局,getEcoDataIndElectronic,1990-02-28,2026-06-30,1,143.0,2090100780,产量:移动通信基站设备:当月值,Output: Mobile Communication Base Station Equipment,S090100780,M020001541,0,月,万信道,当期值,2.0,全国,中国,,不重要,国家统计局,,2984,getEcoDataIndElectronic,1990-02-28,2026-06-30,1,EcoInfoProGet,2026-08-13T01:09:36.711019+00:00,产量:移动通信基站设备:当月值,产量:移动通信基站设备:当月值,False,Output: Mobile Communication Base Station Equipment,Output: Mobile Communication Base Station Equipment,False,月,月,False,万信道,万信道,False,当期值,当期值,False,全国,全国,False,中国,中国,False,国家统计局,国家统计局,False,getEcoDataIndElectronic,getEcoDataIndElectronic,False,1990-02-28,1990-02-28,False,2026-06-30,2026-06-30,False,1,1,False,True,False,产量:移动通信基站设备:当月值,Output: Mobile Communication Base Station Equipment,月,万信道,当期值,全国,中国,国家统计局,getEcoDataIndElectronic,1990-02-28,2026-06-30,1,False,False,False,False,False,False,False,False,False,False,False,False,False
801770,通信,3,2090717303,出口金额(美元):光导纤维及光导纤维束;光缆(9001):当月值,Export Value (USD): Optical Fiber And Optical Fiber Bundle;Optical Cable(9001): Current Month Value,月,美元,当期值,中国,中国,海关总署,getEcoDataIndElectronic,2015-01-31,2026-06-30,1,143.0,2090717303,出口金额(美元):光导纤维及光导纤维束;光缆(9001):当月值,Export Value (USD): Optical Fiber And Optical Fiber Bundle;Optical Cable(9001): Current Month Value,S090717303,S090716232,0,月,美元,当期值,2.0,中国,中国,美元,一般重要,海关总署,"HS编码""9001""中文全称为""光导纤维及光导纤维束;光缆,但品目8544的货品除外;偏振材料制的片及板;未装配的各种材料制透镜(包括隐形眼镜片)、棱镜、反射镜及其他光学元件,但未经光学加工的玻璃制上述元件除外""",2984,getEcoDataIndElectronic,2015-01-31,2026-06-30,1,EcoInfoProGet,2026-08-13T01:09:36.711019+00:00,出口金额(美元):光导纤维及光导纤维束;光缆(9001):当月值,出口金额(美元):光导纤维及光导纤维束;光缆(9001):当月值,False,Export Value (USD): Optical Fiber And Optical Fiber Bundle;Optical Cable(9001): Current Month Value,Export Value (USD): Optical Fiber And Optical Fiber Bundle;Optical Cable(9001): Current Month Value,False,月,月,False,美元,美元,False,当期值,当期值,False,中国,中国,False,中国,中国,False,海关总署,海关总署,False,getEcoDataIndElectronic,getEcoDataIndElectronic,False,2015-01-31,2015-01-31,False,2026-06-30,2026-06-30,False,1,1,False,True,False,出口金额(美元):光导纤维及光导纤维束;光缆(9001):当月值,Export Value (USD): Optical Fiber And Optical Fiber Bundle;Optical Cable(9001): Current Month Value,月,美元,当期值,中国,中国,海关总署,getEcoDataIndElectronic,2015-01-31,2026-06-30,1,False,False,False,False,False,False,False,False,False,False,False,False,False
801770,通信,4,2090716967,出口金额(美元):电话机;其他声音、图像或其他数据用设备(8517):当月值,"Export Value (USD): Telephone;Other Devices For Sound, Image Or Other Data(8517): Current Month Value",月,美元,当期值,中国,中国,海关总署,getEcoDataIndElectronic,2015-01-31,2026-06-30,1,143.0,2090716967,出口金额(美元):电话机;其他声音、图像或其他数据用设备(8517):当月值,"Export Value (USD): Telephone;Other Devices For Sound, Image Or Other Data(8517): Current Month Value",S090716967,S090716208,0,月,美元,当期值,2.0,中国,中国,美元,一般重要,海关总署,"HS编码""8517""中文全称为""电话机,包括用于蜂窝网络或其他无线网络的电话机;其他发送或接收声音、图像或其他数据用的设备,包括有线或无线网络(例如,局域网或广域网)的通信设备,品目8443、8525、8527或8528的发送或接收设备除外""",2984,getEcoDataIndElectronic,2015-01-31,2026-06-30,1,EcoInfoProGet,2026-08-13T01:09:36.711019+00:00,出口金额(美元):电话机;其他声音、图像或其他数据用设备(8517):当月值,出口金额(美元):电话机;其他声音、图像或其他数据用设备(8517):当月值,False,"Export Value (USD): Telephone;Other Devices For Sound, Image Or Other Data(8517): Current Month Value","Export Value (USD): Telephone;Other Devices For Sound, Image Or Other Data(8517): Current Month Value",False,月,月,False,美元,美元,False,当期值,当期值,False,中国,中国,False,中国,中国,False,海关总署,海关总署,False,getEcoDataIndElectronic,getEcoDataIndElectronic,False,2015-01-31,2015-01-31,False,2026-06-30,2026-06-30,False,1,1,False,True,False,出口金额(美元):电话机;其他声音、图像或其他数据用设备(8517):当月值,"Export Value (USD): Telephone;Other Devices For Sound, Image Or Other Data(8517): Current Month Value",月,美元,当期值,中国,中国,海关总署,getEcoDataIndElectronic,2015-01-31,2026-06-30,1,False,False,False,False,False,False,False,False,False,False,False,False,False
801770,通信,5,2090717305,进出口金额(美元):光导纤维及光导纤维束;光缆(9001):当月值,Import And Export Value (USD): Optical Fiber And Optical Fiber Bundle;Optical Cable(9001): Current Month Value,月,美元,当期值,中国,中国,海关总署,getEcoDataIndElectronic,2015-01-31,2026-06-30,1,143.0,2090717305,进出口金额(美元):光导纤维及光导纤维束;光缆(9001):当月值,Import And Export Value (USD): Optical Fiber And Optical Fiber Bundle;Optical Cable(9001): Current Month Value,S090717305,S090716232,0,月,美元,当期值,2.0,中国,中国,美元,一般重要,海关总署,"HS编码""9001""中文全称为""光导纤维及光导纤维束;光缆,但品目8544的货品除外;偏振材料制的片及板;未装配的各种材料制透镜(包括隐形眼镜片)、棱镜、反射镜及其他光学元件,但未经光学加工的玻璃制上述元件除外""",2984,getEcoDataIndElectronic,2015-01-31,2026-06-30,1,EcoInfoProGet,2026-08-13T01:09:36.711019+00:00,进出口金额(美元):光导纤维及光导纤维束;光缆(9001):当月值,进出口金额(美元):光导纤维及光导纤维束;光缆(9001):当月值,False,Import And Export Value (USD): Optical Fiber And Optical Fiber Bundle;Optical Cable(9001): Current Month Value,Import And Export Value (USD): Optical Fiber And Optical Fiber Bundle;Optical Cable(9001): Current Month Value,False,月,月,False,美元,美元,False,当期值,当期值,False,中国,中国,False,中国,中国,False,海关总署,海关总署,False,getEcoDataIndElectronic,getEcoDataIndElectronic,False,2015-01-31,2015-01-31,False,2026-06-30,2026-06-30,False,1,1,False,True,False,进出口金额(美元):光导纤维及光导纤维束;光缆(9001):当月值,Import And Export Value (USD): Optical Fiber And Optical Fiber Bundle;Optical Cable(9001): Current Month Value,月,美元,当期值,中国,中国,海关总署,getEcoDataIndElectronic,2015-01-31,2026-06-30,1,False,False,False,False,False,False,False,False,False,False,False,False,False
801770,通信,6,2090716969,进出口金额(美元):电话机;其他声音、图像或其他数据用设备(8517):当月值,"Import And Export Value (USD): Telephone;Other Devices For Sound, Image Or Other Data(8517): Current Month Value",月,美元,当期值,中国,中国,海关总署,getEcoDataIndElectronic,2015-01-31,2026-06-30,1,143.0,2090716969,进出口金额(美元):电话机;其他声音、图像或其他数据用设备(8517):当月值,"Import And Export Value (USD): Telephone;Other Devices For Sound, Image Or Other Data(8517): Current Month Value",S090716969,S090716208,0,月,美元,当期值,2.0,中国,中国,美元,一般重要,海关总署,"HS编码""8517""中文全称为""电话机,包括用于蜂窝网络或其他无线网络的电话机;其他发送或接收声音、图像或其他数据用的设备,包括有线或无线网络(例如,局域网或广域网)的通信设备,品目8443、8525、8527或8528的发送或接收设备除外""",2984,getEcoDataIndElectronic,2015-01-31,2026-06-30,1,EcoInfoProGet,2026-08-13T01:09:36.711019+00:00,进出口金额(美元):电话机;其他声音、图像或其他数据用设备(8517):当月值,进出口金额(美元):电话机;其他声音、图像或其他数据用设备(8517):当月值,False,"Import And Export Value (USD): Telephone;Other Devices For Sound, Image Or Other Data(8517): Current Month Value","Import And Export Value (USD): Telephone;Other Devices For Sound, Image Or Other Data(8517): Current Month Value",False,月,月,False,美元,美元,False,当期值,当期值,False,中国,中国,False,中国,中国,False,海关总署,海关总署,False,getEcoDataIndElectronic,getEcoDataIndElectronic,False,2015-01-31,2015-01-31,False,2026-06-30,2026-06-30,False,1,1,False,True,False,进出口金额(美元):电话机;其他声音、图像或其他数据用设备(8517):当月值,"Import And Export Value (USD): Telephone;Other Devices For Sound, Image Or Other Data(8517): Current Month Value",月,美元,当期值,中国,中国,海关总署,getEcoDataIndElectronic,2015-01-31,2026-06-30,1,False,False,False,False,False,False,False,False,False,False,False,False,False
801770,通信,7,1040018933,PPI:电线、电缆、光缆及电工器材制造业(上年同月=100),"PPI: Wires, Cables, Optical Cables and Electrician Tools and Materials (CYoY=100)",月,上年同月=100,当期值,全国,中国,国家统计局,getEcoDataChina,2014-01-31,2026-06-30,1,135.0,1040018933,PPI:电线、电缆、光缆及电工器材制造业(上年同月=100),"PPI: Wires, Cables, Optical Cables and Electrician Tools and Materials (CYoY=100)",M040018933,M040018760,0,月,上年同月=100,当期值,4.0,全国,中国,,不重要,国家统计局,,2975,getEcoDataChina,2014-01-31,2026-07-31,1,EcoInfoProGet,2026-08-13T01:09:36.711019+00:00,PPI:电线、电缆、光缆及电工器材制造业(上年同月=100),PPI:电线、电缆、光缆及电工器材制造业(上年同月=100),False,"PPI: Wires, Cables, Optical Cables and Electrician Tools and Materials (CYoY=100)","PPI: Wires, Cables, Optical Cables and Electrician Tools and Materials (CYoY=100)",False,月,月,False,上年同月=100,上年同月=100,False,当期值,当期值,False,全国,全国,False,中国,中国,False,国家统计局,国家统计局,False,getEcoDataChina,getEcoDataChina,False,2014-01-31,2014-01-31,False,2026-06-30,2026-07-31,True,1,1,False,True,True,PPI:电线、电缆、光缆及电工器材制造业(上年同月=100),"PPI: Wires, Cables, Optical Cables and Electrician Tools and Materials (CYoY=100)",月,上年同月=100,当期值,全国,中国,国家统计局,getEcoDataChina,2014-01-31,2026-06-30,1,False,False,False,False,False,False,False,False,False,False,True,False,True
801770,通信,8,1040018940,PPI:通信设备制造业(上年同月=100),PPI: Communications Equipment (CYoY=100),月,上年同月=100,当期值,全国,中国,国家统计局,getEcoDataChina,2014-01-31,2026-06-30,1,135.0,1040018940,PPI:通信设备制造业(上年同月=100),PPI: Communications Equipment (CYoY=100),M040018940,M040018760,0,月,上年同月=100,当期值,4.0,全国,中国,,不重要,国家统计局,,2975,getEcoDataChina,2014-01-31,2026-07-31,1,EcoInfoProGet,2026-08-13T01:09:36.711019+00:00,PPI:通信设备制造业(上年同月=100),PPI:通信设备制造业(上年同月=100),False,PPI: Communications Equipment (CYoY=100),PPI: Communications Equipment (CYoY=100),False,月,月,False,上年同月=100,上年同月=100,False,当期值,当期值,False,全国,全国,False,中国,中国,False,国家统计局,国家统计局,False,getEcoDataChina,getEcoDataChina,False,2014-01-31,2014-01-31,False,2026-06-30,2026-07-31,True,1,1,False,True,True,PPI:通信设备制造业(上年同月=100),PPI: Communications Equipment (CYoY=100),月,上年同月=100,当期值,全国,中国,国家统计局,getEcoDataChina,2014-01-31,2026-06-30,1,False,False,False,False,False,False,False,False,False,False,True,False,True
801770,通信,9,2090717306,贸易差额(美元):光导纤维及光导纤维束;光缆(9001):当月值,Trade Balance (USD): Optical Fiber And Optical Fiber Bundle;Optical Cable(9001): Current Month Value,月,美元,当期值,中国,中国,海关总署,getEcoDataIndElectronic,2017-01-31,2026-06-30,1,135.0,2090717306,贸易差额(美元):光导纤维及光导纤维束;光缆(9001):当月值,Trade Balance (USD): Optical Fiber And Optical Fiber Bundle;Optical Cable(9001): Current Month Value,S090717306,S090716232,0,月,美元,当期值,2.0,中国,中国,美元,一般重要,海关总署,"HS编码""9001""中文全称为""光导纤维及光导纤维束;光缆,但品目8544的货品除外;偏振材料制的片及板;未装配的各种材料制透镜(包括隐形眼镜片)、棱镜、反射镜及其他光学元件,但未经光学加工的玻璃制上述元件除外""",2984,getEcoDataIndElectronic,2017-01-31,2026-06-30,1,EcoInfoProGet,2026-08-13T01:09:36.711019+00:00,贸易差额(美元):光导纤维及光导纤维束;光缆(9001):当月值,贸易差额(美元):光导纤维及光导纤维束;光缆(9001):当月值,False,Trade Balance (USD): Optical Fiber And Optical Fiber Bundle;Optical Cable(9001): Current Month Value,Trade Balance (USD): Optical Fiber And Optical Fiber Bundle;Optical Cable(9001): Current Month Value,False,月,月,False,美元,美元,False,当期值,当期值,False,中国,中国,False,中国,中国,False,海关总署,海关总署,False,getEcoDataIndElectronic,getEcoDataIndElectronic,False,2017-01-31,2017-01-31,False,2026-06-30,2026-06-30,False,1,1,False,True,False,贸易差额(美元):光导纤维及光导纤维束;光缆(9001):当月值,Trade Balance (USD): Optical Fiber And Optical Fiber Bundle;Optical Cable(9001): Current Month Value,月,美元,当期值,中国,中国,海关总署,getEcoDataIndElectronic,2017-01-31,2026-06-30,1,False,False,False,False,False,False,False,False,False,False,False,False,False
801770,通信,10,2090716970,贸易差额(美元):电话机;其他声音、图像或其他数据用设备(8517):当月值,"Trade Balance (USD): Telephone;Other Devices For Sound, Image Or Other Data(8517): Current Month Value",月,美元,当期值,中国,中国,海关总署,getEcoDataIndElectronic,2017-01-31,2026-06-30,1,135.0,2090716970,贸易差额(美元):电话机;其他声音、图像或其他数据用设备(8517):当月值,"Trade Balance (USD): Telephone;Other Devices For Sound, Image Or Other Data(8517): Current Month Value",S090716970,S090716208,0,月,美元,当期值,2.0,中国,中国,美元,一般重要,海关总署,"HS编码""8517""中文全称为""电话机,包括用于蜂窝网络或其他无线网络的电话机;其他发送或接收声音、图像或其他数据用的设备,包括有线或无线网络(例如,局域网或广域网)的通信设备,品目8443、8525、8527或8528的发送或接收设备除外""",2984,getEcoDataIndElectronic,2017-01-31,2026-06-30,1,EcoInfoProGet,2026-08-13T01:09:36.711019+00:00,贸易差额(美元):电话机;其他声音、图像或其他数据用设备(8517):当月值,贸易差额(美元):电话机;其他声音、图像或其他数据用设备(8517):当月值,False,"Trade Balance (USD): Telephone;Other Devices For Sound, Image Or Other Data(8517): Current Month Value","Trade Balance (USD): Telephone;Other Devices For Sound, Image Or Other Data(8517): Current Month Value",False,月,月,False,美元,美元,False,当期值,当期值,False,中国,中国,False,中国,中国,False,海关总署,海关总署,False,getEcoDataIndElectronic,getEcoDataIndElectronic,False,2017-01-31,2017-01-31,False,2026-06-30,2026-06-30,False,1,1,False,True,False,贸易差额(美元):电话机;其他声音、图像或其他数据用设备(8517):当月值,"Trade Balance (USD): Telephone;Other Devices For Sound, Image Or Other Data(8517): Current Month Value",月,美元,当期值,中国,中国,海关总署,getEcoDataIndElectronic,2017-01-31,2026-06-30,1,False,False,False,False,False,False,False,False,False,False,False,False,False
801770,通信,11,2090717304,进口金额(美元):光导纤维及光导纤维束;光缆(9001):当月值,Import Value (USD): Optical Fiber And Optical Fiber Bundle;Optical Cable(9001): Current Month Value,月,美元,当期值,中国,中国,海关总署,getEcoDataIndElectronic,2015-01-31,2026-06-30,1,135.0,2090717304,进口金额(美元):光导纤维及光导纤维束;光缆(9001):当月值,Import Value (USD): Optical Fiber And Optical Fiber Bundle;Optical Cable(9001): Current Month Value,S090717304,S090716232,0,月,美元,当期值,2.0,中国,中国,美元,一般重要,海关总署,"HS编码""9001""中文全称为""光导纤维及光导纤维束;光缆,但品目8544的货品除外;偏振材料制的片及板;未装配的各种材料制透镜(包括隐形眼镜片)、棱镜、反射镜及其他光学元件,但未经光学加工的玻璃制上述元件除外""",2984,getEcoDataIndElectronic,2015-01-31,2026-06-30,1,EcoInfoProGet,2026-08-13T01:09:36.711019+00:00,进口金额(美元):光导纤维及光导纤维束;光缆(9001):当月值,进口金额(美元):光导纤维及光导纤维束;光缆(9001):当月值,False,Import Value (USD): Optical Fiber And Optical Fiber Bundle;Optical Cable(9001): Current Month Value,Import Value (USD): Optical Fiber And Optical Fiber Bundle;Optical Cable(9001): Current Month Value,False,月,月,False,美元,美元,False,当期值,当期值,False,中国,中国,False,中国,中国,False,海关总署,海关总署,False,getEcoDataIndElectronic,getEcoDataIndElectronic,False,2015-01-31,2015-01-31,False,2026-06-30,2026-06-30,False,1,1,False,True,False,进口金额(美元):光导纤维及光导纤维束;光缆(9001):当月值,Import Value (USD): Optical Fiber And Optical Fiber Bundle;Optical Cable(9001): Current Month Value,月,美元,当期值,中国,中国,海关总署,getEcoDataIndElectronic,2015-01-31,2026-06-30,1,False,False,False,False,False,False,False,False,False,False,False,False,False
801770,通信,12,2090716968,进口金额(美元):电话机;其他声音、图像或其他数据用设备(8517):当月值,"Import Value (USD): Telephone;Other Devices For Sound, Image Or Other Data(8517): Current Month Value",月,美元,当期值,中国,中国,海关总署,getEcoDataIndElectronic,2015-01-31,2026-06-30,1,135.0,2090716968,进口金额(美元):电话机;其他声音、图像或其他数据用设备(8517):当月值,"Import Value (USD): Telephone;Other Devices For Sound, Image Or Other Data(8517): Current Month Value",S090716968,S090716208,0,月,美元,当期值,2.0,中国,中国,美元,一般重要,海关总署,"HS编码""8517""中文全称为""电话机,包括用于蜂窝网络或其他无线网络的电话机;其他发送或接收声音、图像或其他数据用的设备,包括有线或无线网络(例如,局域网或广域网)的通信设备,品目8443、8525、8527或8528的发送或接收设备除外""",2984,getEcoDataIndElectronic,2015-01-31,2026-06-30,1,EcoInfoProGet,2026-08-13T01:09:36.711019+00:00,进口金额(美元):电话机;其他声音、图像或其他数据用设备(8517):当月值,进口金额(美元):电话机;其他声音、图像或其他数据用设备(8517):当月值,False,"Import Value (USD): Telephone;Other Devices For Sound, Image Or Other Data(8517): Current Month Value","Import Value (USD): Telephone;Other Devices For Sound, Image Or Other Data(8517): Current Month Value",False,月,月,False,美元,美元,False,当期值,当期值,False,中国,中国,False,中国,中国,False,海关总署,海关总署,False,getEcoDataIndElectronic,getEcoDataIndElectronic,False,2015-01-31,2015-01-31,False,2026-06-30,2026-06-30,False,1,1,False,True,False,进口金额(美元):电话机;其他声音、图像或其他数据用设备(8517):当月值,"Import Value (USD): Telephone;Other Devices For Sound, Image Or Other Data(8517): Current Month Value",月,美元,当期值,中国,中国,海关总署,getEcoDataIndElectronic,2015-01-31,2026-06-30,1,False,False,False,False,False,False,False,False,False,False,False,False,False
801770,通信,13,2090720446,"出口数量:光纤、光纤束及光缆,但8544的货品除外(900110):当月值","Export Quantity: Optical Fiber, Optical Fiber Bundle And Optical Cable, Except Goods of 8544(900110): Current Month Value",月,千克,当期值,中国,中国,海关总署,getEcoDataIndElectronic,2015-01-31,2026-06-30,1,125.0,2090720446,"出口数量:光纤、光纤束及光缆,但8544的货品除外(900110):当月值","Export Quantity: Optical Fiber, Optical Fiber Bundle And Optical Cable, Except Goods of 8544(900110): Current Month Value",S090720446,S090716594,0,月,千克,当期值,2.0,中国,中国,,一般重要,海关总署,"与HS编码""90011000""中文全称为""光纤、光纤束及光缆,但8544的货品除外""相同",2984,getEcoDataIndElectronic,2015-01-31,2026-06-30,1,EcoInfoProGet,2026-08-13T01:09:36.711019+00:00,"出口数量:光纤、光纤束及光缆,但8544的货品除外(900110):当月值","出口数量:光纤、光纤束及光缆,但8544的货品除外(900110):当月值",False,"Export Quantity: Optical Fiber, Optical Fiber Bundle And Optical Cable, Except Goods of 8544(900110): Current Month Value","Export Quantity: Optical Fiber, Optical Fiber Bundle And Optical Cable, Except Goods of 8544(900110): Current Month Value",False,月,月,False,千克,千克,False,当期值,当期值,False,中国,中国,False,中国,中国,False,海关总署,海关总署,False,getEcoDataIndElectronic,getEcoDataIndElectronic,False,2015-01-31,2015-01-31,False,2026-06-30,2026-06-30,False,1,1,False,True,False,"出口数量:光纤、光纤束及光缆,但8544的货品除外(900110):当月值","Export Quantity: Optical Fiber, Optical Fiber Bundle And Optical Cable, Except Goods of 8544(900110): Current Month Value",月,千克,当期值,中国,中国,海关总署,getEcoDataIndElectronic,2015-01-31,2026-06-30,1,False,False,False,False,False,False,False,False,False,False,False,False,False
801770,通信,14,2090720226,"出口数量:由每根被覆光纤组成的光缆,(854470):当月值","Export Quantity: An Optical Cable Consisting of Each Coated Optical Fiber,(854470): Current Month Value",月,千克,当期值,中国,中国,海关总署,getEcoDataIndElectronic,2015-01-31,2026-06-30,1,125.0,2090720226,"出口数量:由每根被覆光纤组成的光缆,(854470):当月值","Export Quantity: An Optical Cable Consisting of Each Coated Optical Fiber,(854470): Current Month Value",S090720226,S090716581,0,月,千克,当期值,2.0,中国,中国,,一般重要,海关总署,"与HS编码""85447000""中文全称为""由每根被覆光纤组成的光缆,""相同",2984,getEcoDataIndElectronic,2015-01-31,2026-06-30,1,EcoInfoProGet,2026-08-13T01:09:36.711019+00:00,"出口数量:由每根被覆光纤组成的光缆,(854470):当月值","出口数量:由每根被覆光纤组成的光缆,(854470):当月值",False,"Export Quantity: An Optical Cable Consisting of Each Coated Optical Fiber,(854470): Current Month Value","Export Quantity: An Optical Cable Consisting of Each Coated Optical Fiber,(854470): Current Month Value",False,月,月,False,千克,千克,False,当期值,当期值,False,中国,中国,False,中国,中国,False,海关总署,海关总署,False,getEcoDataIndElectronic,getEcoDataIndElectronic,False,2015-01-31,2015-01-31,False,2026-06-30,2026-06-30,False,1,1,False,True,False,"出口数量:由每根被覆光纤组成的光缆,(854470):当月值","Export Quantity: An Optical Cable Consisting of Each Coated Optical Fiber,(854470): Current Month Value",月,千克,当期值,中国,中国,海关总署,getEcoDataIndElectronic,2015-01-31,2026-06-30,1,False,False,False,False,False,False,False,False,False,False,False,False,False
801770,通信,15,2090720439,"出口金额(美元):光纤、光纤束及光缆,但8544的货品除外(900110):当月值","Export Value (USD): Optical Fiber, Optical Fiber Bundle And Optical Cable, Except Goods of 8544(900110): Current Month Value",月,美元,当期值,中国,中国,海关总署,getEcoDataIndElectronic,2015-01-31,2026-06-30,1,125.0,2090720439,"出口金额(美元):光纤、光纤束及光缆,但8544的货品除外(900110):当月值","Export Value (USD): Optical Fiber, Optical Fiber Bundle And Optical Cable, Except Goods of 8544(900110): Current Month Value",S090720439,S090716594,0,月,美元,当期值,2.0,中国,中国,美元,一般重要,海关总署,"与HS编码""90011000""中文全称为""光纤、光纤束及光缆,但8544的货品除外""相同",2984,getEcoDataIndElectronic,2015-01-31,2026-06-30,1,EcoInfoProGet,2026-08-13T01:09:36.711019+00:00,"出口金额(美元):光纤、光纤束及光缆,但8544的货品除外(900110):当月值","出口金额(美元):光纤、光纤束及光缆,但8544的货品除外(900110):当月值",False,"Export Value (USD): Optical Fiber, Optical Fiber Bundle And Optical Cable, Except Goods of 8544(900110): Current Month Value","Export Value (USD): Optical Fiber, Optical Fiber Bundle And Optical Cable, Except Goods of 8544(900110): Current Month Value",False,月,月,False,美元,美元,False,当期值,当期值,False,中国,中国,False,中国,中国,False,海关总署,海关总署,False,getEcoDataIndElectronic,getEcoDataIndElectronic,False,2015-01-31,2015-01-31,False,2026-06-30,2026-06-30,False,1,1,False,True,False,"出口金额(美元):光纤、光纤束及光缆,但8544的货品除外(900110):当月值","Export Value (USD): Optical Fiber, Optical Fiber Bundle And Optical Cable, Except Goods of 8544(900110): Current Month Value",月,美元,当期值,中国,中国,海关总署,getEcoDataIndElectronic,2015-01-31,2026-06-30,1,False,False,False,False,False,False,False,False,False,False,False,False,False
801770,通信,16,2090720219,"出口金额(美元):由每根被覆光纤组成的光缆,(854470):当月值","Export Value (USD): An Optical Cable Consisting of Each Coated Optical Fiber,(854470): Current Month Value",月,美元,当期值,中国,中国,海关总署,getEcoDataIndElectronic,2015-01-31,2026-06-30,1,125.0,2090720219,"出口金额(美元):由每根被覆光纤组成的光缆,(854470):当月值","Export Value (USD): An Optical Cable Consisting of Each Coated Optical Fiber,(854470): Current Month Value",S090720219,S090716581,0,月,美元,当期值,2.0,中国,中国,美元,一般重要,海关总署,"与HS编码""85447000""中文全称为""由每根被覆光纤组成的光缆,""相同",2984,getEcoDataIndElectronic,2015-01-31,2026-06-30,1,EcoInfoProGet,2026-08-13T01:09:36.711019+00:00,"出口金额(美元):由每根被覆光纤组成的光缆,(854470):当月值","出口金额(美元):由每根被覆光纤组成的光缆,(854470):当月值",False,"Export Value (USD): An Optical Cable Consisting of Each Coated Optical Fiber,(854470): Current Month Value","Export Value (USD): An Optical Cable Consisting of Each Coated Optical Fiber,(854470): Current Month Value",False,月,月,False,美元,美元,False,当期值,当期值,False,中国,中国,False,中国,中国,False,海关总署,海关总署,False,getEcoDataIndElectronic,getEcoDataIndElectronic,False,2015-01-31,2015-01-31,False,2026-06-30,2026-06-30,False,1,1,False,True,False,"出口金额(美元):由每根被覆光纤组成的光缆,(854470):当月值","Export Value (USD): An Optical Cable Consisting of Each Coated Optical Fiber,(854470): Current Month Value",月,美元,当期值,中国,中国,海关总署,getEcoDataIndElectronic,2015-01-31,2026-06-30,1,False,False,False,False,False,False,False,False,False,False,False,False,False
801770,通信,17,2090720448,"进出口数量:光纤、光纤束及光缆,但8544的货品除外(900110):当月值","Import And Export Quantity: Optical Fiber, Optical Fiber Bundle And Optical Cable, Except Goods of 8544(900110): Current Month Value",月,千克,当期值,中国,中国,海关总署,getEcoDataIndElectronic,2015-01-31,2026-06-30,1,125.0,2090720448,"进出口数量:光纤、光纤束及光缆,但8544的货品除外(900110):当月值","Import And Export Quantity: Optical Fiber, Optical Fiber Bundle And Optical Cable, Except Goods of 8544(900110): Current Month Value",S090720448,S090716594,0,月,千克,当期值,2.0,中国,中国,,一般重要,海关总署,"与HS编码""90011000""中文全称为""光纤、光纤束及光缆,但8544的货品除外""相同",2984,getEcoDataIndElectronic,2015-01-31,2026-06-30,1,EcoInfoProGet,2026-08-13T01:09:36.711019+00:00,"进出口数量:光纤、光纤束及光缆,但8544的货品除外(900110):当月值","进出口数量:光纤、光纤束及光缆,但8544的货品除外(900110):当月值",False,"Import And Export Quantity: Optical Fiber, Optical Fiber Bundle And Optical Cable, Except Goods of 8544(900110): Current Month Value","Import And Export Quantity: Optical Fiber, Optical Fiber Bundle And Optical Cable, Except Goods of 8544(900110): Current Month Value",False,月,月,False,千克,千克,False,当期值,当期值,False,中国,中国,False,中国,中国,False,海关总署,海关总署,False,getEcoDataIndElectronic,getEcoDataIndElectronic,False,2015-01-31,2015-01-31,False,2026-06-30,2026-06-30,False,1,1,False,True,False,"进出口数量:光纤、光纤束及光缆,但8544的货品除外(900110):当月值","Import And Export Quantity: Optical Fiber, Optical Fiber Bundle And Optical Cable, Except Goods of 8544(900110): Current Month Value",月,千克,当期值,中国,中国,海关总署,getEcoDataIndElectronic,2015-01-31,2026-06-30,1,False,False,False,False,False,False,False,False,False,False,False,False,False
801770,通信,18,2090720228,"进出口数量:由每根被覆光纤组成的光缆,(854470):当月值","Import And Export Quantity: An Optical Cable Consisting of Each Coated Optical Fiber,(854470): Current Month Value",月,千克,当期值,中国,中国,海关总署,getEcoDataIndElectronic,2015-01-31,2026-06-30,1,125.0,2090720228,"进出口数量:由每根被覆光纤组成的光缆,(854470):当月值","Import And Export Quantity: An Optical Cable Consisting of Each Coated Optical Fiber,(854470): Current Month Value",S090720228,S090716581,0,月,千克,当期值,2.0,中国,中国,,一般重要,海关总署,"与HS编码""85447000""中文全称为""由每根被覆光纤组成的光缆,""相同",2984,getEcoDataIndElectronic,2015-01-31,2026-06-30,1,EcoInfoProGet,2026-08-13T01:09:36.711019+00:00,"进出口数量:由每根被覆光纤组成的光缆,(854470):当月值","进出口数量:由每根被覆光纤组成的光缆,(854470):当月值",False,"Import And Export Quantity: An Optical Cable Consisting of Each Coated Optical Fiber,(854470): Current Month Value","Import And Export Quantity: An Optical Cable Consisting of Each Coated Optical Fiber,(854470): Current Month Value",False,月,月,False,千克,千克,False,当期值,当期值,False,中国,中国,False,中国,中国,False,海关总署,海关总署,False,getEcoDataIndElectronic,getEcoDataIndElectronic,False,2015-01-31,2015-01-31,False,2026-06-30,2026-06-30,False,1,1,False,True,False,"进出口数量:由每根被覆光纤组成的光缆,(854470):当月值","Import And Export Quantity: An Optical Cable Consisting of Each Coated Optical Fiber,(854470): Current Month Value",月,千克,当期值,中国,中国,海关总署,getEcoDataIndElectronic,2015-01-31,2026-06-30,1,False,False,False,False,False,False,False,False,False,False,False,False,False
801770,通信,19,2090720441,"进出口金额(美元):光纤、光纤束及光缆,但8544的货品除外(900110):当月值","Import And Export Value (USD): Optical Fiber, Optical Fiber Bundle And Optical Cable, Except Goods of 8544(900110): Current Month Value",月,美元,当期值,中国,中国,海关总署,getEcoDataIndElectronic,2015-01-31,2026-06-30,1,125.0,2090720441,"进出口金额(美元):光纤、光纤束及光缆,但8544的货品除外(900110):当月值","Import And Export Value (USD): Optical Fiber, Optical Fiber Bundle And Optical Cable, Except Goods of 8544(900110): Current Month Value",S090720441,S090716594,0,月,美元,当期值,2.0,中国,中国,美元,一般重要,海关总署,"与HS编码""90011000""中文全称为""光纤、光纤束及光缆,但8544的货品除外""相同",2984,getEcoDataIndElectronic,2015-01-31,2026-06-30,1,EcoInfoProGet,2026-08-13T01:09:36.711019+00:00,"进出口金额(美元):光纤、光纤束及光缆,但8544的货品除外(900110):当月值","进出口金额(美元):光纤、光纤束及光缆,但8544的货品除外(900110):当月值",False,"Import And Export Value (USD): Optical Fiber, Optical Fiber Bundle And Optical Cable, Except Goods of 8544(900110): Current Month Value","Import And Export Value (USD): Optical Fiber, Optical Fiber Bundle And Optical Cable, Except Goods of 8544(900110): Current Month Value",False,月,月,False,美元,美元,False,当期值,当期值,False,中国,中国,False,中国,中国,False,海关总署,海关总署,False,getEcoDataIndElectronic,getEcoDataIndElectronic,False,2015-01-31,2015-01-31,False,2026-06-30,2026-06-30,False,1,1,False,True,False,"进出口金额(美元):光纤、光纤束及光缆,但8544的货品除外(900110):当月值","Import And Export Value (USD): Optical Fiber, Optical Fiber Bundle And Optical Cable, Except Goods of 8544(900110): Current Month Value",月,美元,当期值,中国,中国,海关总署,getEcoDataIndElectronic,2015-01-31,2026-06-30,1,False,False,False,False,False,False,False,False,False,False,False,False,False
801770,通信,20,2090720221,"进出口金额(美元):由每根被覆光纤组成的光缆,(854470):当月值","Import And Export Value (USD): An Optical Cable Consisting of Each Coated Optical Fiber,(854470): Current Month Value",月,美元,当期值,中国,中国,海关总署,getEcoDataIndElectronic,2015-01-31,2026-06-30,1,125.0,2090720221,"进出口金额(美元):由每根被覆光纤组成的光缆,(854470):当月值","Import And Export Value (USD): An Optical Cable Consisting of Each Coated Optical Fiber,(854470): Current Month Value",S090720221,S090716581,0,月,美元,当期值,2.0,中国,中国,美元,一般重要,海关总署,"与HS编码""85447000""中文全称为""由每根被覆光纤组成的光缆,""相同",2984,getEcoDataIndElectronic,2015-01-31,2026-06-30,1,EcoInfoProGet,2026-08-13T01:09:36.711019+00:00,"进出口金额(美元):由每根被覆光纤组成的光缆,(854470):当月值","进出口金额(美元):由每根被覆光纤组成的光缆,(854470):当月值",False,"Import And Export Value (USD): An Optical Cable Consisting of Each Coated Optical Fiber,(854470): Current Month Value","Import And Export Value (USD): An Optical Cable Consisting of Each Coated Optical Fiber,(854470): Current Month Value",False,月,月,False,美元,美元,False,当期值,当期值,False,中国,中国,False,中国,中国,False,海关总署,海关总署,False,getEcoDataIndElectronic,getEcoDataIndElectronic,False,2015-01-31,2015-01-31,False,2026-06-30,2026-06-30,False,1,1,False,True,False,"进出口金额(美元):由每根被覆光纤组成的光缆,(854470):当月值","Import And Export Value (USD): An Optical Cable Consisting of Each Coated Optical Fiber,(854470): Current Month Value",月,美元,当期值,中国,中国,海关总署,getEcoDataIndElectronic,2015-01-31,2026-06-30,1,False,False,False,False,False,False,False,False,False,False,False,False,False
801770,通信,21,2090719746,出口数量:光导纤维、光导纤维束或光缆用连接器(853670):当月值,"Export Quantity: Connector for Optical Fiber, Optical Fiber Bundle or Optical Cable(853670): Current Month Value",月,千克,当期值,中国,中国,海关总署,getEcoDataIndElectronic,2015-01-31,2026-06-30,1,123.0,2090719746,出口数量:光导纤维、光导纤维束或光缆用连接器(853670):当月值,"Export Quantity: Connector for Optical Fiber, Optical Fiber Bundle or Optical Cable(853670): Current Month Value",S090719746,S090716528,0,月,千克,当期值,2.0,中国,中国,,一般重要,海关总署,"与HS编码""85367000""中文全称为""光导纤维、光导纤维束或光缆用连接器""相同",2984,getEcoDataIndElectronic,2015-01-31,2026-06-30,1,EcoInfoProGet,2026-08-13T01:09:36.711019+00:00,出口数量:光导纤维、光导纤维束或光缆用连接器(853670):当月值,出口数量:光导纤维、光导纤维束或光缆用连接器(853670):当月值,False,"Export Quantity: Connector for Optical Fiber, Optical Fiber Bundle or Optical Cable(853670): Current Month Value","Export Quantity: Connector for Optical Fiber, Optical Fiber Bundle or Optical Cable(853670): Current Month Value",False,月,月,False,千克,千克,False,当期值,当期值,False,中国,中国,False,中国,中国,False,海关总署,海关总署,False,getEcoDataIndElectronic,getEcoDataIndElectronic,False,2015-01-31,2015-01-31,False,2026-06-30,2026-06-30,False,1,1,False,True,False,出口数量:光导纤维、光导纤维束或光缆用连接器(853670):当月值,"Export Quantity: Connector for Optical Fiber, Optical Fiber Bundle or Optical Cable(853670): Current Month Value",月,千克,当期值,中国,中国,海关总署,getEcoDataIndElectronic,2015-01-31,2026-06-30,1,False,False,False,False,False,False,False,False,False,False,False,False,False
801770,通信,22,2087044872,出口数量:光纤通讯及光纤性能测试仪(90318010):当月值,Export Quantity: Optical Fiber Communication And Optical Fiber Performance Tester(90318010): Current Month Value,月,台,当期值,中国,中国,海关总署,getEcoDataIndMachineryequipment,2015-01-31,2026-06-30,1,123.0,2087044872,出口数量:光纤通讯及光纤性能测试仪(90318010):当月值,Export Quantity: Optical Fiber Communication And Optical Fiber Performance Tester(90318010): Current Month Value,S087044872,S087005648,0,月,台,当期值,0.0,中国,中国,,一般重要,海关总署,,2990,getEcoDataIndMachineryequipment,2015-01-31,2026-06-30,1,EcoInfoProGet,2026-08-13T01:09:36.711019+00:00,出口数量:光纤通讯及光纤性能测试仪(90318010):当月值,出口数量:光纤通讯及光纤性能测试仪(90318010):当月值,False,Export Quantity: Optical Fiber Communication And Optical Fiber Performance Tester(90318010): Current Month Value,Export Quantity: Optical Fiber Communication And Optical Fiber Performance Tester(90318010): Current Month Value,False,月,月,False,台,台,False,当期值,当期值,False,中国,中国,False,中国,中国,False,海关总署,海关总署,False,getEcoDataIndMachineryequipment,getEcoDataIndMachineryequipment,False,2015-01-31,2015-01-31,False,2026-06-30,2026-06-30,False,1,1,False,True,False,出口数量:光纤通讯及光纤性能测试仪(90318010):当月值,Export Quantity: Optical Fiber Communication And Optical Fiber Performance Tester(90318010): Current Month Value,月,台,当期值,中国,中国,海关总署,getEcoDataIndMachineryequipment,2015-01-31,2026-06-30,1,False,False,False,False,False,False,False,False,False,False,False,False,False
801770,通信,23,2090721506,出口数量:其他基站(85176190):当月值,Export Quantity: Other Base Stations(85176190): Current Month Value,月,台,当期值,中国,中国,海关总署,getEcoDataIndElectronic,2015-01-31,2026-06-30,1,123.0,2090721506,出口数量:其他基站(85176190):当月值,Export Quantity: Other Base Stations(85176190): Current Month Value,S090721506,S090716650,0,月,台,当期值,0.0,中国,中国,,一般重要,海关总署,,2984,getEcoDataIndElectronic,2015-01-31,2026-06-30,1,EcoInfoProGet,2026-08-13T01:09:36.711019+00:00,出口数量:其他基站(85176190):当月值,出口数量:其他基站(85176190):当月值,False,Export Quantity: Other Base Stations(85176190): Current Month Value,Export Quantity: Other Base Stations(85176190): Current Month Value,False,月,月,False,台,台,False,当期值,当期值,False,中国,中国,False,中国,中国,False,海关总署,海关总署,False,getEcoDataIndElectronic,getEcoDataIndElectronic,False,2015-01-31,2015-01-31,False,2026-06-30,2026-06-30,False,1,1,False,True,False,出口数量:其他基站(85176190):当月值,Export Quantity: Other Base Stations(85176190): Current Month Value,月,台,当期值,中国,中国,海关总署,getEcoDataIndElectronic,2015-01-31,2026-06-30,1,False,False,False,False,False,False,False,False,False,False,False,False,False
801770,通信,24,2090719010,出口数量:其他电话机(851718):当月值,Export Quantity: Other Telephones(851718): Current Month Value,月,台,当期值,中国,中国,海关总署,getEcoDataIndElectronic,2015-01-31,2026-06-30,1,123.0,2090719010,出口数量:其他电话机(851718):当月值,Export Quantity: Other Telephones(851718): Current Month Value,S090719010,S090716463,0,月,台,当期值,0.0,中国,中国,,一般重要,海关总署,"与HS编码""85171800""中文全称为""其他电话机""相同",2984,getEcoDataIndElectronic,2015-01-31,2026-06-30,1,EcoInfoProGet,2026-08-13T01:09:36.711019+00:00,出口数量:其他电话机(851718):当月值,出口数量:其他电话机(851718):当月值,False,Export Quantity: Other Telephones(851718): Current Month Value,Export Quantity: Other Telephones(851718): Current Month Value,False,月,月,False,台,台,False,当期值,当期值,False,中国,中国,False,中国,中国,False,海关总署,海关总署,False,getEcoDataIndElectronic,getEcoDataIndElectronic,False,2015-01-31,2015-01-31,False,2026-06-30,2026-06-30,False,1,1,False,True,False,出口数量:其他电话机(851718):当月值,Export Quantity: Other Telephones(851718): Current Month Value,月,台,当期值,中国,中国,海关总署,getEcoDataIndElectronic,2015-01-31,2026-06-30,1,False,False,False,False,False,False,False,False,False,False,False,False,False
801770,通信,25,2090718990,出口数量:无绳电话机(851711):当月值,Export Quantity: Cordless Telephone(851711): Current Month Value,月,台,当期值,中国,中国,海关总署,getEcoDataIndElectronic,2015-01-31,2026-06-30,1,123.0,2090718990,出口数量:无绳电话机(851711):当月值,Export Quantity: Cordless Telephone(851711): Current Month Value,S090718990,S090716461,0,月,台,当期值,0.0,中国,中国,,一般重要,海关总署,"与HS编码""85171100""中文全称为""无绳电话机""相同",2984,getEcoDataIndElectronic,2015-01-31,2026-06-30,1,EcoInfoProGet,2026-08-13T01:09:36.711019+00:00,出口数量:无绳电话机(851711):当月值,出口数量:无绳电话机(851711):当月值,False,Export Quantity: Cordless Telephone(851711): Current Month Value,Export Quantity: Cordless Telephone(851711): Current Month Value,False,月,月,False,台,台,False,当期值,当期值,False,中国,中国,False,中国,中国,False,海关总署,海关总署,False,getEcoDataIndElectronic,getEcoDataIndElectronic,False,2015-01-31,2015-01-31,False,2026-06-30,2026-06-30,False,1,1,False,True,False,出口数量:无绳电话机(851711):当月值,Export Quantity: Cordless Telephone(851711): Current Month Value,月,台,当期值,中国,中国,海关总署,getEcoDataIndElectronic,2015-01-31,2026-06-30,1,False,False,False,False,False,False,False,False,False,False,False,False,False
801770,通信,26,2087036653,出口数量:玻璃纤维拉丝机(光纤拉丝机除外)(84752912):当月值,Export Quantity: Glass Fiber Drawing Machine (Except Optical Fiber Drawing Machine)(84752912): Current Month Value,月,台,当期值,中国,中国,海关总署,getEcoDataIndMachineryequipment,2015-01-31,2026-06-30,1,123.0,2087036653,出口数量:玻璃纤维拉丝机(光纤拉丝机除外)(84752912):当月值,Export Quantity: Glass Fiber Drawing Machine (Except Optical Fiber Drawing Machine)(84752912): Current Month Value,S087036653,S087005229,0,月,台,当期值,0.0,中国,中国,,一般重要,海关总署,,2990,getEcoDataIndMachineryequipment,2015-01-31,2026-06-30,1,EcoInfoProGet,2026-08-13T01:09:36.711019+00:00,出口数量:玻璃纤维拉丝机(光纤拉丝机除外)(84752912):当月值,出口数量:玻璃纤维拉丝机(光纤拉丝机除外)(84752912):当月值,False,Export Quantity: Glass Fiber Drawing Machine (Except Optical Fiber Drawing Machine)(84752912): Current Month Value,Export Quantity: Glass Fiber Drawing Machine (Except Optical Fiber Drawing Machine)(84752912): Current Month Value,False,月,月,False,台,台,False,当期值,当期值,False,中国,中国,False,中国,中国,False,海关总署,海关总署,False,getEcoDataIndMachineryequipment,getEcoDataIndMachineryequipment,False,2015-01-31,2015-01-31,False,2026-06-30,2026-06-30,False,1,1,False,True,False,出口数量:玻璃纤维拉丝机(光纤拉丝机除外)(84752912):当月值,Export Quantity: Glass Fiber Drawing Machine (Except Optical Fiber Drawing Machine)(84752912): Current Month Value,月,台,当期值,中国,中国,海关总署,getEcoDataIndMachineryequipment,2015-01-31,2026-06-30,1,False,False,False,False,False,False,False,False,False,False,False,False,False
801770,通信,27,2090721486,出口数量:移动通信基站(85176110):当月值,Export Quantity: Mobile Communication Base Station(85176110): Current Month Value,月,台,当期值,中国,中国,海关总署,getEcoDataIndElectronic,2015-01-31,2026-06-30,1,123.0,2090721486,出口数量:移动通信基站(85176110):当月值,Export Quantity: Mobile Communication Base Station(85176110): Current Month Value,S090721486,S090716649,0,月,台,当期值,0.0,中国,中国,,一般重要,海关总署,,2984,getEcoDataIndElectronic,2015-01-31,2026-06-30,1,EcoInfoProGet,2026-08-13T01:09:36.711019+00:00,出口数量:移动通信基站(85176110):当月值,出口数量:移动通信基站(85176110):当月值,False,Export Quantity: Mobile Communication Base Station(85176110): Current Month Value,Export Quantity: Mobile Communication Base Station(85176110): Current Month Value,False,月,月,False,台,台,False,当期值,当期值,False,中国,中国,False,中国,中国,False,海关总署,海关总署,False,getEcoDataIndElectronic,getEcoDataIndElectronic,False,2015-01-31,2015-01-31,False,2026-06-30,2026-06-30,False,1,1,False,True,False,出口数量:移动通信基站(85176110):当月值,Export Quantity: Mobile Communication Base Station(85176110): Current Month Value,月,台,当期值,中国,中国,海关总署,getEcoDataIndElectronic,2015-01-31,2026-06-30,1,False,False,False,False,False,False,False,False,False,False,False,False,False
801770,通信,28,2090719739,出口金额(美元):光导纤维、光导纤维束或光缆用连接器(853670):当月值,"Export Value (USD): Connector for Optical Fiber, Optical Fiber Bundle or Optical Cable(853670): Current Month Value",月,美元,当期值,中国,中国,海关总署,getEcoDataIndElectronic,2015-01-31,2026-06-30,1,123.0,2090719739,出口金额(美元):光导纤维、光导纤维束或光缆用连接器(853670):当月值,"Export Value (USD): Connector for Optical Fiber, Optical Fiber Bundle or Optical Cable(853670): Current Month Value",S090719739,S090716528,0,月,美元,当期值,2.0,中国,中国,美元,一般重要,海关总署,"与HS编码""85367000""中文全称为""光导纤维、光导纤维束或光缆用连接器""相同",2984,getEcoDataIndElectronic,2015-01-31,2026-06-30,1,EcoInfoProGet,2026-08-13T01:09:36.711019+00:00,出口金额(美元):光导纤维、光导纤维束或光缆用连接器(853670):当月值,出口金额(美元):光导纤维、光导纤维束或光缆用连接器(853670):当月值,False,"Export Value (USD): Connector for Optical Fiber, Optical Fiber Bundle or Optical Cable(853670): Current Month Value","Export Value (USD): Connector for Optical Fiber, Optical Fiber Bundle or Optical Cable(853670): Current Month Value",False,月,月,False,美元,美元,False,当期值,当期值,False,中国,中国,False,中国,中国,False,海关总署,海关总署,False,getEcoDataIndElectronic,getEcoDataIndElectronic,False,2015-01-31,2015-01-31,False,2026-06-30,2026-06-30,False,1,1,False,True,False,出口金额(美元):光导纤维、光导纤维束或光缆用连接器(853670):当月值,"Export Value (USD): Connector for Optical Fiber, Optical Fiber Bundle or Optical Cable(853670): Current Month Value",月,美元,当期值,中国,中国,海关总署,getEcoDataIndElectronic,2015-01-31,2026-06-30,1,False,False,False,False,False,False,False,False,False,False,False,False,False
801770,通信,29,2087044865,出口金额(美元):光纤通讯及光纤性能测试仪(90318010):当月值,Export Value (USD): Optical Fiber Communication And Optical Fiber Performance Tester(90318010): Current Month Value,月,美元,当期值,中国,中国,海关总署,getEcoDataIndMachineryequipment,2015-01-31,2026-06-30,1,123.0,2087044865,出口金额(美元):光纤通讯及光纤性能测试仪(90318010):当月值,Export Value (USD): Optical Fiber Communication And Optical Fiber Performance Tester(90318010): Current Month Value,S087044865,S087005648,0,月,美元,当期值,2.0,中国,中国,美元,一般重要,海关总署,,2990,getEcoDataIndMachineryequipment,2015-01-31,2026-06-30,1,EcoInfoProGet,2026-08-13T01:09:36.711019+00:00,出口金额(美元):光纤通讯及光纤性能测试仪(90318010):当月值,出口金额(美元):光纤通讯及光纤性能测试仪(90318010):当月值,False,Export Value (USD): Optical Fiber Communication And Optical Fiber Performance Tester(90318010): Current Month Value,Export Value (USD): Optical Fiber Communication And Optical Fiber Performance Tester(90318010): Current Month Value,False,月,月,False,美元,美元,False,当期值,当期值,False,中国,中国,False,中国,中国,False,海关总署,海关总署,False,getEcoDataIndMachineryequipment,getEcoDataIndMachineryequipment,False,2015-01-31,2015-01-31,False,2026-06-30,2026-06-30,False,1,1,False,True,False,出口金额(美元):光纤通讯及光纤性能测试仪(90318010):当月值,Export Value (USD): Optical Fiber Communication And Optical Fiber Performance Tester(90318010): Current Month Value,月,美元,当期值,中国,中国,海关总署,getEcoDataIndMachineryequipment,2015-01-31,2026-06-30,1,False,False,False,False,False,False,False,False,False,False,False,False,False
801770,通信,30,2090721499,出口金额(美元):其他基站(85176190):当月值,Export Value (USD): Other Base Stations(85176190): Current Month Value,月,美元,当期值,中国,中国,海关总署,getEcoDataIndElectronic,2015-01-31,2026-06-30,1,123.0,2090721499,出口金额(美元):其他基站(85176190):当月值,Export Value (USD): Other Base Stations(85176190): Current Month Value,S090721499,S090716650,0,月,美元,当期值,2.0,中国,中国,美元,一般重要,海关总署,,2984,getEcoDataIndElectronic,2015-01-31,2026-06-30,1,EcoInfoProGet,2026-08-13T01:09:36.711019+00:00,出口金额(美元):其他基站(85176190):当月值,出口金额(美元):其他基站(85176190):当月值,False,Export Value (USD): Other Base Stations(85176190): Current Month Value,Export Value (USD): Other Base Stations(85176190): Current Month Value,False,月,月,False,美元,美元,False,当期值,当期值,False,中国,中国,False,中国,中国,False,海关总署,海关总署,False,getEcoDataIndElectronic,getEcoDataIndElectronic,False,2015-01-31,2015-01-31,False,2026-06-30,2026-06-30,False,1,1,False,True,False,出口金额(美元):其他基站(85176190):当月值,Export Value (USD): Other Base Stations(85176190): Current Month Value,月,美元,当期值,中国,中国,海关总署,getEcoDataIndElectronic,2015-01-31,2026-06-30,1,False,False,False,False,False,False,False,False,False,False,False,False,False
801780,银行,1,1010016038,宏观经济指标预测:货币和准货币(M2):预测值:同比,Prediction of Macroeconomic Indicators: Monetary and Quasi Monetary (M2): Predicted Value: YoY,月,%,当期同比,全国,中国,中国经济信息网,getEcoDataChina,2011-07-31,2026-08-31,1,143.0,1010016038,宏观经济指标预测:货币和准货币(M2):预测值:同比,Prediction of Macroeconomic Indicators: Monetary and Quasi Monetary (M2): Predicted Value: YoY,M010016038,M010015980,0,月,%,当期同比,1.0,全国,中国,,一般重要,中国经济信息网,,2975,getEcoDataChina,2011-07-31,2026-08-31,1,EcoInfoProGet,2026-08-13T01:09:36.711019+00:00,宏观经济指标预测:货币和准货币(M2):预测值:同比,宏观经济指标预测:货币和准货币(M2):预测值:同比,False,Prediction of Macroeconomic Indicators: Monetary and Quasi Monetary (M2): Predicted Value: YoY,Prediction of Macroeconomic Indicators: Monetary and Quasi Monetary (M2): Predicted Value: YoY,False,月,月,False,%,%,False,当期同比,当期同比,False,全国,全国,False,中国,中国,False,中国经济信息网,中国经济信息网,False,getEcoDataChina,getEcoDataChina,False,2011-07-31,2011-07-31,False,2026-08-31,2026-08-31,False,1,1,False,True,False,宏观经济指标预测:货币和准货币(M2):预测值:同比,Prediction of Macroeconomic Indicators: Monetary and Quasi Monetary (M2): Predicted Value: YoY,月,%,当期同比,全国,中国,中国经济信息网,getEcoDataChina,2011-07-31,2026-08-31,1,False,False,False,False,False,False,False,False,False,False,False,False,False
801780,银行,2,1030000187,中型企业贷款需求指数,Medium-Sized Enterprises Loan Demand Index,季,%,当期值,全国,中国,中国人民银行,getEcoDataChina,2012-03-31,2025-12-31,1,139.0,1030000187,中型企业贷款需求指数,Medium-Sized Enterprises Loan Demand Index,M030000187,M030000176,0,季,%,当期值,2.0,全国,中国,,不重要,中国人民银行,,2975,getEcoDataChina,2012-03-31,2025-12-31,1,EcoInfoProGet,2026-08-13T01:09:36.711019+00:00,中型企业贷款需求指数,中型企业贷款需求指数,False,Medium-Sized Enterprises Loan Demand Index,Medium-Sized Enterprises Loan Demand Index,False,季,季,False,%,%,False,当期值,当期值,False,全国,全国,False,中国,中国,False,中国人民银行,中国人民银行,False,getEcoDataChina,getEcoDataChina,False,2012-03-31,2012-03-31,False,2025-12-31,2025-12-31,False,1,1,False,True,False,中型企业贷款需求指数,Medium-Sized Enterprises Loan Demand Index,季,%,当期值,全国,中国,中国人民银行,getEcoDataChina,2012-03-31,2025-12-31,1,False,False,False,False,False,False,False,False,False,False,False,False,False
801780,银行,3,1030000184,制造业贷款需求指数,Manufacturing Loan Demand Index,季,%,当期值,全国,中国,中国人民银行,getEcoDataChina,2009-03-31,2025-12-31,1,139.0,1030000184,制造业贷款需求指数,Manufacturing Loan Demand Index,M030000184,M030000176,0,季,%,当期值,2.0,全国,中国,,不重要,中国人民银行,,2975,getEcoDataChina,2009-03-31,2025-12-31,1,EcoInfoProGet,2026-08-13T01:09:36.711019+00:00,制造业贷款需求指数,制造业贷款需求指数,False,Manufacturing Loan Demand Index,Manufacturing Loan Demand Index,False,季,季,False,%,%,False,当期值,当期值,False,全国,全国,False,中国,中国,False,中国人民银行,中国人民银行,False,getEcoDataChina,getEcoDataChina,False,2009-03-31,2009-03-31,False,2025-12-31,2025-12-31,False,1,1,False,True,False,制造业贷款需求指数,Manufacturing Loan Demand Index,季,%,当期值,全国,中国,中国人民银行,getEcoDataChina,2009-03-31,2025-12-31,1,False,False,False,False,False,False,False,False,False,False,False,False,False
801780,银行,4,1030002280,基础设施贷款需求指数,Infrastructure Loan Demand Index,季,%,当期值,全国,中国,中国人民银行,getEcoDataChina,2015-09-30,2025-12-31,1,139.0,1030002280,基础设施贷款需求指数,Infrastructure Loan Demand Index,M030002280,M030000176,0,季,%,当期值,2.0,全国,中国,,不重要,中国人民银行,,2975,getEcoDataChina,2015-09-30,2025-12-31,1,EcoInfoProGet,2026-08-13T01:09:36.711019+00:00,基础设施贷款需求指数,基础设施贷款需求指数,False,Infrastructure Loan Demand Index,Infrastructure Loan Demand Index,False,季,季,False,%,%,False,当期值,当期值,False,全国,全国,False,中国,中国,False,中国人民银行,中国人民银行,False,getEcoDataChina,getEcoDataChina,False,2015-09-30,2015-09-30,False,2025-12-31,2025-12-31,False,1,1,False,True,False,基础设施贷款需求指数,Infrastructure Loan Demand Index,季,%,当期值,全国,中国,中国人民银行,getEcoDataChina,2015-09-30,2025-12-31,1,False,False,False,False,False,False,False,False,False,False,False,False,False
801780,银行,5,1030000186,大型企业贷款需求指数,Large Enterprises Loan Demand Index,季,%,当期值,全国,中国,中国人民银行,getEcoDataChina,2012-03-31,2025-12-31,1,139.0,1030000186,大型企业贷款需求指数,Large Enterprises Loan Demand Index,M030000186,M030000176,0,季,%,当期值,2.0,全国,中国,,不重要,中国人民银行,,2975,getEcoDataChina,2012-03-31,2025-12-31,1,EcoInfoProGet,2026-08-13T01:09:36.711019+00:00,大型企业贷款需求指数,大型企业贷款需求指数,False,Large Enterprises Loan Demand Index,Large Enterprises Loan Demand Index,False,季,季,False,%,%,False,当期值,当期值,False,全国,全国,False,中国,中国,False,中国人民银行,中国人民银行,False,getEcoDataChina,getEcoDataChina,False,2012-03-31,2012-03-31,False,2025-12-31,2025-12-31,False,1,1,False,True,False,大型企业贷款需求指数,Large Enterprises Loan Demand Index,季,%,当期值,全国,中国,中国人民银行,getEcoDataChina,2012-03-31,2025-12-31,1,False,False,False,False,False,False,False,False,False,False,False,False,False
801780,银行,6,1030000188,小微型企业贷款需求指数,Small and Micro-Sized Enterprise Loan Demand Index,季,%,当期值,全国,中国,中国人民银行,getEcoDataChina,2012-03-31,2025-12-31,1,139.0,1030000188,小微型企业贷款需求指数,Small and Micro-Sized Enterprise Loan Demand Index,M030000188,M030000176,0,季,%,当期值,2.0,全国,中国,,不重要,中国人民银行,,2975,getEcoDataChina,2012-03-31,2025-12-31,1,EcoInfoProGet,2026-08-13T01:09:36.711019+00:00,小微型企业贷款需求指数,小微型企业贷款需求指数,False,Small and Micro-Sized Enterprise Loan Demand Index,Small and Micro-Sized Enterprise Loan Demand Index,False,季,季,False,%,%,False,当期值,当期值,False,全国,全国,False,中国,中国,False,中国人民银行,中国人民银行,False,getEcoDataChina,getEcoDataChina,False,2012-03-31,2012-03-31,False,2025-12-31,2025-12-31,False,1,1,False,True,False,小微型企业贷款需求指数,Small and Micro-Sized Enterprise Loan Demand Index,季,%,当期值,全国,中国,中国人民银行,getEcoDataChina,2012-03-31,2025-12-31,1,False,False,False,False,False,False,False,False,False,False,False,False,False
801780,银行,7,1030000183,贷款需求指数,Loan Demand Index,季,%,当期值,全国,中国,中国人民银行,getEcoDataChina,2004-03-31,2025-12-31,1,139.0,1030000183,贷款需求指数,Loan Demand Index,M030000183,M030000176,0,季,%,当期值,2.0,全国,中国,,不重要,中国人民银行,,2975,getEcoDataChina,2004-03-31,2025-12-31,1,EcoInfoProGet,2026-08-13T01:09:36.711019+00:00,贷款需求指数,贷款需求指数,False,Loan Demand Index,Loan Demand Index,False,季,季,False,%,%,False,当期值,当期值,False,全国,全国,False,中国,中国,False,中国人民银行,中国人民银行,False,getEcoDataChina,getEcoDataChina,False,2004-03-31,2004-03-31,False,2025-12-31,2025-12-31,False,1,1,False,True,False,贷款需求指数,Loan Demand Index,季,%,当期值,全国,中国,中国人民银行,getEcoDataChina,2004-03-31,2025-12-31,1,False,False,False,False,False,False,False,False,False,False,False,False,False
801780,银行,8,1030001005,货币政策感受指数,Monetary Policy Sensory Index,季,%,当期值,全国,中国,中国人民银行,getEcoDataChina,2012-09-30,2025-12-31,1,131.0,1030001005,货币政策感受指数,Monetary Policy Sensory Index,M030001005,M030000176,0,季,%,当期值,2.0,全国,中国,,不重要,中国人民银行,,2975,getEcoDataChina,2012-09-30,2025-12-31,1,EcoInfoProGet,2026-08-13T01:09:36.711019+00:00,货币政策感受指数,货币政策感受指数,False,Monetary Policy Sensory Index,Monetary Policy Sensory Index,False,季,季,False,%,%,False,当期值,当期值,False,全国,全国,False,中国,中国,False,中国人民银行,中国人民银行,False,getEcoDataChina,getEcoDataChina,False,2012-09-30,2012-09-30,False,2025-12-31,2025-12-31,False,1,1,False,True,False,货币政策感受指数,Monetary Policy Sensory Index,季,%,当期值,全国,中国,中国人民银行,getEcoDataChina,2012-09-30,2025-12-31,1,False,False,False,False,False,False,False,False,False,False,False,False,False
801780,银行,9,1030000182,货币政策感受指数:偏松,Monetary Policy Sentiment Index:Loose,季,%,当期值,全国,中国,中国人民银行,getEcoDataChina,2014-12-31,2025-12-31,1,131.0,1030000182,货币政策感受指数:偏松,Monetary Policy Sentiment Index:Loose,M030000182,M030000176,0,季,%,当期值,2.0,全国,中国,,不重要,中国人民银行,,2975,getEcoDataChina,2014-12-31,2025-12-31,1,EcoInfoProGet,2026-08-13T01:09:36.711019+00:00,货币政策感受指数:偏松,货币政策感受指数:偏松,False,Monetary Policy Sentiment Index:Loose,Monetary Policy Sentiment Index:Loose,False,季,季,False,%,%,False,当期值,当期值,False,全国,全国,False,中国,中国,False,中国人民银行,中国人民银行,False,getEcoDataChina,getEcoDataChina,False,2014-12-31,2014-12-31,False,2025-12-31,2025-12-31,False,1,1,False,True,False,货币政策感受指数:偏松,Monetary Policy Sentiment Index:Loose,季,%,当期值,全国,中国,中国人民银行,getEcoDataChina,2014-12-31,2025-12-31,1,False,False,False,False,False,False,False,False,False,False,False,False,False
801780,银行,10,1030000181,货币政策感受指数:适度,Monetary Policy Sentiment Index:Moderate,季,%,当期值,全国,中国,中国人民银行,getEcoDataChina,2004-03-31,2025-12-31,1,131.0,1030000181,货币政策感受指数:适度,Monetary Policy Sentiment Index:Moderate,M030000181,M030000176,0,季,%,当期值,2.0,全国,中国,,不重要,中国人民银行,,2975,getEcoDataChina,2004-03-31,2025-12-31,1,EcoInfoProGet,2026-08-13T01:09:36.711019+00:00,货币政策感受指数:适度,货币政策感受指数:适度,False,Monetary Policy Sentiment Index:Moderate,Monetary Policy Sentiment Index:Moderate,False,季,季,False,%,%,False,当期值,当期值,False,全国,全国,False,中国,中国,False,中国人民银行,中国人民银行,False,getEcoDataChina,getEcoDataChina,False,2004-03-31,2004-03-31,False,2025-12-31,2025-12-31,False,1,1,False,True,False,货币政策感受指数:适度,Monetary Policy Sentiment Index:Moderate,季,%,当期值,全国,中国,中国人民银行,getEcoDataChina,2004-03-31,2025-12-31,1,False,False,False,False,False,False,False,False,False,False,False,False,False
801780,银行,11,2170744856,个人住房贷款余额:同比,Loan Balance of Individual Housing: YoY,季,%,当期同比,全国,中国,中国人民银行,getEcoDataIndRealestate,2005-06-30,2026-03-31,1,127.0,2170744856,个人住房贷款余额:同比,Loan Balance of Individual Housing: YoY,S170744856,S170002066,0,季,%,当期同比,2.0,全国,中国,,不重要,中国人民银行,,2993,getEcoDataIndRealestate,2005-06-30,2026-03-31,1,EcoInfoProGet,2026-08-13T01:09:36.711019+00:00,个人住房贷款余额:同比,个人住房贷款余额:同比,False,Loan Balance of Individual Housing: YoY,Loan Balance of Individual Housing: YoY,False,季,季,False,%,%,False,当期同比,当期同比,False,全国,全国,False,中国,中国,False,中国人民银行,中国人民银行,False,getEcoDataIndRealestate,getEcoDataIndRealestate,False,2005-06-30,2005-06-30,False,2026-03-31,2026-03-31,False,1,1,False,True,False,个人住房贷款余额:同比,Loan Balance of Individual Housing: YoY,季,%,当期同比,全国,中国,中国人民银行,getEcoDataIndRealestate,2005-06-30,2026-03-31,1,False,False,False,False,False,False,False,False,False,False,False,False,False
801780,银行,12,2170002073,商业性房地产贷款余额,Loan Balance Of Commercial Real Estate,季,亿元,当期值,全国,中国,中国人民银行,getEcoDataIndRealestate,2004-12-31,2026-03-31,1,119.0,2170002073,商业性房地产贷款余额,Loan Balance Of Commercial Real Estate,S170002073,S170002066,0,季,亿元,当期值,2.0,全国,中国,人民币元,不重要,中国人民银行,,2993,getEcoDataIndRealestate,2004-12-31,2026-03-31,1,EcoInfoProGet,2026-08-13T01:09:36.711019+00:00,商业性房地产贷款余额,商业性房地产贷款余额,False,Loan Balance Of Commercial Real Estate,Loan Balance Of Commercial Real Estate,False,季,季,False,亿元,亿元,False,当期值,当期值,False,全国,全国,False,中国,中国,False,中国人民银行,中国人民银行,False,getEcoDataIndRealestate,getEcoDataIndRealestate,False,2004-12-31,2004-12-31,False,2026-03-31,2026-03-31,False,1,1,False,True,False,商业性房地产贷款余额,Loan Balance Of Commercial Real Estate,季,亿元,当期值,全国,中国,中国人民银行,getEcoDataIndRealestate,2004-12-31,2026-03-31,1,False,False,False,False,False,False,False,False,False,False,False,False,False
801780,银行,13,2170002074,商业性房地产贷款余额:当季同比,Loan Balance Of Commercial Real Estate: YoY,季,%,当期同比,,中国,中国人民银行,getEcoDataIndRealestate,2004-12-31,2026-03-31,1,117.0,2170002074,商业性房地产贷款余额:当季同比,Loan Balance Of Commercial Real Estate: YoY,S170002074,S170002066,0,季,%,当期同比,2.0,,中国,,不重要,中国人民银行,,2993,getEcoDataIndRealestate,2004-12-31,2026-03-31,1,EcoInfoProGet,2026-08-13T01:09:36.711019+00:00,商业性房地产贷款余额:当季同比,商业性房地产贷款余额:当季同比,False,Loan Balance Of Commercial Real Estate: YoY,Loan Balance Of Commercial Real Estate: YoY,False,季,季,False,%,%,False,当期同比,当期同比,False,,,False,中国,中国,False,中国人民银行,中国人民银行,False,getEcoDataIndRealestate,getEcoDataIndRealestate,False,2004-12-31,2004-12-31,False,2026-03-31,2026-03-31,False,1,1,False,True,False,商业性房地产贷款余额:当季同比,Loan Balance Of Commercial Real Estate: YoY,季,%,当期同比,,中国,中国人民银行,getEcoDataIndRealestate,2004-12-31,2026-03-31,1,False,False,False,False,False,False,False,False,False,False,False,False,False
801780,银行,14,3190000039,南非:M1:同比,South Africa: M1:YoY,月,%,当期同比,南非,南非,南非储备银行,getEcoDataGlobeRest,1966-03-31,2026-06-30,1,113.0,3190000039,南非:M1:同比,South Africa: M1:YoY,Y190000039,Y190000367,0,月,%,当期同比,2.0,南非,南非,,不重要,南非储备银行,,2999,getEcoDataGlobeRest,1966-03-31,2026-06-30,1,EcoInfoProGet,2026-08-13T01:09:36.711019+00:00,南非:M1:同比,南非:M1:同比,False,South Africa: M1:YoY,South Africa: M1:YoY,False,月,月,False,%,%,False,当期同比,当期同比,False,南非,南非,False,南非,南非,False,南非储备银行,南非储备银行,False,getEcoDataGlobeRest,getEcoDataGlobeRest,False,1966-03-31,1966-03-31,False,2026-06-30,2026-06-30,False,1,1,False,True,False,南非:M1:同比,South Africa: M1:YoY,月,%,当期同比,南非,南非,南非储备银行,getEcoDataGlobeRest,1966-03-31,2026-06-30,1,False,False,False,False,False,False,False,False,False,False,False,False,False
801780,银行,15,3190000040,南非:M2:同比,South Africa: M2:YoY,月,%,当期同比,南非,南非,南非储备银行,getEcoDataGlobeRest,1966-03-31,2026-06-30,1,113.0,3190000040,南非:M2:同比,South Africa: M2:YoY,Y190000040,Y190000367,0,月,%,当期同比,2.0,南非,南非,,不重要,南非储备银行,,2999,getEcoDataGlobeRest,1966-03-31,2026-06-30,1,EcoInfoProGet,2026-08-13T01:09:36.711019+00:00,南非:M2:同比,南非:M2:同比,False,South Africa: M2:YoY,South Africa: M2:YoY,False,月,月,False,%,%,False,当期同比,当期同比,False,南非,南非,False,南非,南非,False,南非储备银行,南非储备银行,False,getEcoDataGlobeRest,getEcoDataGlobeRest,False,1966-03-31,1966-03-31,False,2026-06-30,2026-06-30,False,1,1,False,True,False,南非:M2:同比,South Africa: M2:YoY,月,%,当期同比,南非,南非,南非储备银行,getEcoDataGlobeRest,1966-03-31,2026-06-30,1,False,False,False,False,False,False,False,False,False,False,False,False,False
801780,银行,16,3230000058,泰国:M2:同比,Thailand: M2: YoY,月,%,当期同比,泰国,泰国,泰国央行,getEcoDataGlobeRest,1998-01-31,2026-06-30,1,113.0,3230000058,泰国:M2:同比,Thailand: M2: YoY,Y230000058,Y230000070,0,月,%,当期同比,2.0,泰国,泰国,,不重要,泰国央行,,2999,getEcoDataGlobeRest,1998-01-31,2026-06-30,1,EcoInfoProGet,2026-08-13T01:09:36.711019+00:00,泰国:M2:同比,泰国:M2:同比,False,Thailand: M2: YoY,Thailand: M2: YoY,False,月,月,False,%,%,False,当期同比,当期同比,False,泰国,泰国,False,泰国,泰国,False,泰国央行,泰国央行,False,getEcoDataGlobeRest,getEcoDataGlobeRest,False,1998-01-31,1998-01-31,False,2026-06-30,2026-06-30,False,1,1,False,True,False,泰国:M2:同比,Thailand: M2: YoY,月,%,当期同比,泰国,泰国,泰国央行,getEcoDataGlobeRest,1998-01-31,2026-06-30,1,False,False,False,False,False,False,False,False,False,False,False,False,False
801780,银行,17,3220000036,土耳其:M1,Turkey: M1,周,千土耳其里拉,当期值,土耳其,土耳其,土耳其央行,getEcoDataGlobeRest,2005-12-30,2026-07-24,1,109.0,3220000036,土耳其:M1,Turkey: M1,Y220000036,Y220000066,0,周,千土耳其里拉,当期值,2.0,土耳其,土耳其,土耳其里拉,不重要,土耳其央行,,2999,getEcoDataGlobeRest,2005-12-30,2026-07-31,1,EcoInfoProGet,2026-08-13T01:09:36.711019+00:00,土耳其:M1,土耳其:M1,False,Turkey: M1,Turkey: M1,False,周,周,False,千土耳其里拉,千土耳其里拉,False,当期值,当期值,False,土耳其,土耳其,False,土耳其,土耳其,False,土耳其央行,土耳其央行,False,getEcoDataGlobeRest,getEcoDataGlobeRest,False,2005-12-30,2005-12-30,False,2026-07-24,2026-07-31,True,1,1,False,True,True,土耳其:M1,Turkey: M1,周,千土耳其里拉,当期值,土耳其,土耳其,土耳其央行,getEcoDataGlobeRest,2005-12-30,2026-07-24,1,False,False,False,False,False,False,False,False,False,False,True,False,True
801780,银行,18,3220000037,土耳其:M2,Turkey: M2,周,千土耳其里拉,当期值,土耳其,土耳其,土耳其央行,getEcoDataGlobeRest,2005-12-30,2026-07-24,1,109.0,3220000037,土耳其:M2,Turkey: M2,Y220000037,Y220000066,0,周,千土耳其里拉,当期值,2.0,土耳其,土耳其,土耳其里拉,不重要,土耳其央行,,2999,getEcoDataGlobeRest,2005-12-30,2026-07-31,1,EcoInfoProGet,2026-08-13T01:09:36.711019+00:00,土耳其:M2,土耳其:M2,False,Turkey: M2,Turkey: M2,False,周,周,False,千土耳其里拉,千土耳其里拉,False,当期值,当期值,False,土耳其,土耳其,False,土耳其,土耳其,False,土耳其央行,土耳其央行,False,getEcoDataGlobeRest,getEcoDataGlobeRest,False,2005-12-30,2005-12-30,False,2026-07-24,2026-07-31,True,1,1,False,True,True,土耳其:M2,Turkey: M2,周,千土耳其里拉,当期值,土耳其,土耳其,土耳其央行,getEcoDataGlobeRest,2005-12-30,2026-07-24,1,False,False,False,False,False,False,False,False,False,False,True,False,True
801780,银行,19,3020203914,土耳其:营建许可:多户型住房:有效建筑面积:同比:原始数据,"building permits(quartely data):two-and more dweling buildings:building permits-m2 of useful fllor area:Unadjusted data (i.e. neither seasonally adjusted nor calendar adjusted data):index,2010=100:Turkey",季,%,当期同比,土耳其,土耳其,欧盟统计局,getEcoDataGlobeEu,1993-03-31,2025-12-31,1,109.0,3020203914,土耳其:营建许可:多户型住房:有效建筑面积:同比:原始数据,"building permits(quartely data):two-and more dweling buildings:building permits-m2 of useful fllor area:Unadjusted data (i.e. neither seasonally adjusted nor calendar adjusted data):index,2010=100:Turkey",Y020203914,Y220000053,0,季,%,当期同比,2.0,土耳其,土耳其,,不重要,欧盟统计局,,3001,getEcoDataGlobeEu,1993-03-31,2025-12-31,1,EcoInfoProGet,2026-08-13T01:09:36.711019+00:00,土耳其:营建许可:多户型住房:有效建筑面积:同比:原始数据,土耳其:营建许可:多户型住房:有效建筑面积:同比:原始数据,False,"building permits(quartely data):two-and more dweling buildings:building permits-m2 of useful fllor area:Unadjusted data (i.e. neither seasonally adjusted nor calendar adjusted data):index,2010=100:Turkey","building permits(quartely data):two-and more dweling buildings:building permits-m2 of useful fllor area:Unadjusted data (i.e. neither seasonally adjusted nor calendar adjusted data):index,2010=100:Turkey",False,季,季,False,%,%,False,当期同比,当期同比,False,土耳其,土耳其,False,土耳其,土耳其,False,欧盟统计局,欧盟统计局,False,getEcoDataGlobeEu,getEcoDataGlobeEu,False,1993-03-31,1993-03-31,False,2025-12-31,2025-12-31,False,1,1,False,True,False,土耳其:营建许可:多户型住房:有效建筑面积:同比:原始数据,"building permits(quartely data):two-and more dweling buildings:building permits-m2 of useful fllor area:Unadjusted data (i.e. neither seasonally adjusted nor calendar adjusted data):index,2010=100:Turkey",季,%,当期同比,土耳其,土耳其,欧盟统计局,getEcoDataGlobeEu,1993-03-31,2025-12-31,1,False,False,False,False,False,False,False,False,False,False,False,False,False
801780,银行,20,3230000056,泰国:M2:狭义货币(M1),Thailand: M2: Narrow Money (M1),月,百万泰铢,当期值,泰国,泰国,泰国央行,getEcoDataGlobeRest,1997-01-31,2026-06-30,1,107.0,3230000056,泰国:M2:狭义货币(M1),Thailand: M2: Narrow Money (M1),Y230000056,Y230000070,0,月,百万泰铢,当期值,0.0,泰国,泰国,泰铢,不重要,泰国央行,,2999,getEcoDataGlobeRest,1997-01-31,2026-06-30,1,EcoInfoProGet,2026-08-13T01:09:36.711019+00:00,泰国:M2:狭义货币(M1),泰国:M2:狭义货币(M1),False,Thailand: M2: Narrow Money (M1),Thailand: M2: Narrow Money (M1),False,月,月,False,百万泰铢,百万泰铢,False,当期值,当期值,False,泰国,泰国,False,泰国,泰国,False,泰国央行,泰国央行,False,getEcoDataGlobeRest,getEcoDataGlobeRest,False,1997-01-31,1997-01-31,False,2026-06-30,2026-06-30,False,1,1,False,True,False,泰国:M2:狭义货币(M1),Thailand: M2: Narrow Money (M1),月,百万泰铢,当期值,泰国,泰国,泰国央行,getEcoDataGlobeRest,1997-01-31,2026-06-30,1,False,False,False,False,False,False,False,False,False,False,False,False,False
801780,银行,21,3230000057,泰国:M2:准货币,Thailand: M2: Quasi-money,月,百万泰铢,当期值,泰国,泰国,泰国央行,getEcoDataGlobeRest,1997-01-31,2026-06-30,1,105.0,3230000057,泰国:M2:准货币,Thailand: M2: Quasi-money,Y230000057,Y230000070,0,月,百万泰铢,当期值,0.0,泰国,泰国,泰铢,不重要,泰国央行,,2999,getEcoDataGlobeRest,1997-01-31,2026-06-30,1,EcoInfoProGet,2026-08-13T01:09:36.711019+00:00,泰国:M2:准货币,泰国:M2:准货币,False,Thailand: M2: Quasi-money,Thailand: M2: Quasi-money,False,月,月,False,百万泰铢,百万泰铢,False,当期值,当期值,False,泰国,泰国,False,泰国,泰国,False,泰国央行,泰国央行,False,getEcoDataGlobeRest,getEcoDataGlobeRest,False,1997-01-31,1997-01-31,False,2026-06-30,2026-06-30,False,1,1,False,True,False,泰国:M2:准货币,Thailand: M2: Quasi-money,月,百万泰铢,当期值,泰国,泰国,泰国央行,getEcoDataGlobeRest,1997-01-31,2026-06-30,1,False,False,False,False,False,False,False,False,False,False,False,False,False
801780,银行,22,3230000055,泰国:广义货币(M2),Thailand: Broad Money (M2),月,百万泰铢,当期值,泰国,泰国,泰国央行,getEcoDataGlobeRest,1997-01-31,2026-06-30,1,105.0,3230000055,泰国:广义货币(M2),Thailand: Broad Money (M2),Y230000055,Y230000070,0,月,百万泰铢,当期值,0.0,泰国,泰国,泰铢,不重要,泰国央行,,2999,getEcoDataGlobeRest,1997-01-31,2026-06-30,1,EcoInfoProGet,2026-08-13T01:09:36.711019+00:00,泰国:广义货币(M2),泰国:广义货币(M2),False,Thailand: Broad Money (M2),Thailand: Broad Money (M2),False,月,月,False,百万泰铢,百万泰铢,False,当期值,当期值,False,泰国,泰国,False,泰国,泰国,False,泰国央行,泰国央行,False,getEcoDataGlobeRest,getEcoDataGlobeRest,False,1997-01-31,1997-01-31,False,2026-06-30,2026-06-30,False,1,1,False,True,False,泰国:广义货币(M2),Thailand: Broad Money (M2),月,百万泰铢,当期值,泰国,泰国,泰国央行,getEcoDataGlobeRest,1997-01-31,2026-06-30,1,False,False,False,False,False,False,False,False,False,False,False,False,False
801780,银行,23,3130000014,瑞士:M1,Switzerland: M1,月,十亿瑞士法郎,当期值,瑞士,瑞士,瑞士国际银行,getEcoDataGlobeRest,2008-01-31,2026-05-31,1,105.0,3130000014,瑞士:M1,Switzerland: M1,Y130000014,Y130000038,0,月,十亿瑞士法郎,当期值,2.0,瑞士,瑞士,瑞士法郎,不重要,瑞士国际银行,,2999,getEcoDataGlobeRest,2008-01-31,2026-06-30,1,EcoInfoProGet,2026-08-13T01:09:36.711019+00:00,瑞士:M1,瑞士:M1,False,Switzerland: M1,Switzerland: M1,False,月,月,False,十亿瑞士法郎,十亿瑞士法郎,False,当期值,当期值,False,瑞士,瑞士,False,瑞士,瑞士,False,瑞士国际银行,瑞士国际银行,False,getEcoDataGlobeRest,getEcoDataGlobeRest,False,2008-01-31,2008-01-31,False,2026-05-31,2026-06-30,True,1,1,False,True,True,瑞士:M1,Switzerland: M1,月,十亿瑞士法郎,当期值,瑞士,瑞士,瑞士国际银行,getEcoDataGlobeRest,2008-01-31,2026-06-30,1,False,False,False,False,False,False,False,False,False,False,False,False,False
801780,银行,24,3130000015,瑞士:M2,Switzerland: M2,月,十亿瑞士法郎,当期值,瑞士,瑞士,瑞士国际银行,getEcoDataGlobeRest,2015-11-30,2026-05-31,1,105.0,3130000015,瑞士:M2,Switzerland: M2,Y130000015,Y130000038,0,月,十亿瑞士法郎,当期值,2.0,瑞士,瑞士,瑞士法郎,不重要,瑞士国际银行,,2999,getEcoDataGlobeRest,2015-11-30,2026-06-30,1,EcoInfoProGet,2026-08-13T01:09:36.711019+00:00,瑞士:M2,瑞士:M2,False,Switzerland: M2,Switzerland: M2,False,月,月,False,十亿瑞士法郎,十亿瑞士法郎,False,当期值,当期值,False,瑞士,瑞士,False,瑞士,瑞士,False,瑞士国际银行,瑞士国际银行,False,getEcoDataGlobeRest,getEcoDataGlobeRest,False,2015-11-30,2015-11-30,False,2026-05-31,2026-06-30,True,1,1,False,True,True,瑞士:M2,Switzerland: M2,月,十亿瑞士法郎,当期值,瑞士,瑞士,瑞士国际银行,getEcoDataGlobeRest,2015-11-30,2026-06-30,1,False,False,False,False,False,False,False,False,False,False,False,False,False
801780,银行,25,3200000026,马来西亚:M1,Malaysia: M1,月,百万马来西亚林吉特,当期值,马来西亚,马来西亚,马来西亚央行,getEcoDataGlobeRest,1998-01-31,2026-06-30,1,105.0,3200000026,马来西亚:M1,Malaysia: M1,Y200000026,Y200000057,0,月,百万马来西亚林吉特,当期值,2.0,马来西亚,马来西亚,马来西亚林吉特,不重要,马来西亚央行,,2999,getEcoDataGlobeRest,1998-01-31,2026-06-30,1,EcoInfoProGet,2026-08-13T01:09:36.711019+00:00,马来西亚:M1,马来西亚:M1,False,Malaysia: M1,Malaysia: M1,False,月,月,False,百万马来西亚林吉特,百万马来西亚林吉特,False,当期值,当期值,False,马来西亚,马来西亚,False,马来西亚,马来西亚,False,马来西亚央行,马来西亚央行,False,getEcoDataGlobeRest,getEcoDataGlobeRest,False,1998-01-31,1998-01-31,False,2026-06-30,2026-06-30,False,1,1,False,True,False,马来西亚:M1,Malaysia: M1,月,百万马来西亚林吉特,当期值,马来西亚,马来西亚,马来西亚央行,getEcoDataGlobeRest,1998-01-31,2026-06-30,1,False,False,False,False,False,False,False,False,False,False,False,False,False
801780,银行,26,3200000027,马来西亚:M2,Malaysia: M2,月,百万马来西亚林吉特,当期值,马来西亚,马来西亚,马来西亚央行,getEcoDataGlobeRest,1998-01-31,2026-06-30,1,105.0,3200000027,马来西亚:M2,Malaysia: M2,Y200000027,Y200000057,0,月,百万马来西亚林吉特,当期值,2.0,马来西亚,马来西亚,马来西亚林吉特,不重要,马来西亚央行,,2999,getEcoDataGlobeRest,1998-01-31,2026-06-30,1,EcoInfoProGet,2026-08-13T01:09:36.711019+00:00,马来西亚:M2,马来西亚:M2,False,Malaysia: M2,Malaysia: M2,False,月,月,False,百万马来西亚林吉特,百万马来西亚林吉特,False,当期值,当期值,False,马来西亚,马来西亚,False,马来西亚,马来西亚,False,马来西亚央行,马来西亚央行,False,getEcoDataGlobeRest,getEcoDataGlobeRest,False,1998-01-31,1998-01-31,False,2026-06-30,2026-06-30,False,1,1,False,True,False,马来西亚:M2,Malaysia: M2,月,百万马来西亚林吉特,当期值,马来西亚,马来西亚,马来西亚央行,getEcoDataGlobeRest,1998-01-31,2026-06-30,1,False,False,False,False,False,False,False,False,False,False,False,False,False
801780,银行,27,2120734568,"出口数量:其他化纤长丝无纺织物,70g<平方米重≤150g(56031390):当月同比","Export Quantity: Other Chemical Fiber Filament Non-Woven Fabrics, 70G < M2, Weight ≤ 150G (56031390): MoY",月,%,当期同比,中国,中国,海关总署,getEcoDataIndTextileclothing,2016-01-31,2026-06-30,1,103.0,2120734568,"出口数量:其他化纤长丝无纺织物,70g<平方米重≤150g(56031390):当月同比","Export Quantity: Other Chemical Fiber Filament Non-Woven Fabrics, 70G < M2, Weight ≤ 150G (56031390): MoY",S120734568,S120712763,0,月,%,当期同比,2.0,中国,中国,,一般重要,海关总署,,2995,getEcoDataIndTextileclothing,2016-01-31,2026-06-30,1,EcoInfoProGet,2026-08-13T01:09:36.711019+00:00,"出口数量:其他化纤长丝无纺织物,70g<平方米重≤150g(56031390):当月同比","出口数量:其他化纤长丝无纺织物,70g<平方米重≤150g(56031390):当月同比",False,"Export Quantity: Other Chemical Fiber Filament Non-Woven Fabrics, 70G < M2, Weight ≤ 150G (56031390): MoY","Export Quantity: Other Chemical Fiber Filament Non-Woven Fabrics, 70G < M2, Weight ≤ 150G (56031390): MoY",False,月,月,False,%,%,False,当期同比,当期同比,False,中国,中国,False,中国,中国,False,海关总署,海关总署,False,getEcoDataIndTextileclothing,getEcoDataIndTextileclothing,False,2016-01-31,2016-01-31,False,2026-06-30,2026-06-30,False,1,1,False,True,False,"出口数量:其他化纤长丝无纺织物,70g<平方米重≤150g(56031390):当月同比","Export Quantity: Other Chemical Fiber Filament Non-Woven Fabrics, 70G < M2, Weight ≤ 150G (56031390): MoY",月,%,当期同比,中国,中国,海关总署,getEcoDataIndTextileclothing,2016-01-31,2026-06-30,1,False,False,False,False,False,False,False,False,False,False,False,False,False
801780,银行,28,2130713221,"出口数量:其他未涂布的牛皮纸,150g<平米重<250g(480449):当月同比","Export Quantity: Other Uncoated Kraft Paper, 150G < M2, Weight < 250G (480449): MoY",月,%,当期同比,中国,中国,海关总署,getEcoDataIndLightmanufactue,2016-01-31,2026-06-30,1,103.0,2130713221,"出口数量:其他未涂布的牛皮纸,150g<平米重<250g(480449):当月同比","Export Quantity: Other Uncoated Kraft Paper, 150G < M2, Weight < 250G (480449): MoY",S130713221,S130711586,0,月,%,当期同比,2.0,中国,中国,,一般重要,海关总署,"与HS编码""48044900""中文全称为""其他未涂布的牛皮纸,150g<平米重<225g""相同",2989,getEcoDataIndLightmanufactue,2016-01-31,2026-06-30,1,EcoInfoProGet,2026-08-13T01:09:36.711019+00:00,"出口数量:其他未涂布的牛皮纸,150g<平米重<250g(480449):当月同比","出口数量:其他未涂布的牛皮纸,150g<平米重<250g(480449):当月同比",False,"Export Quantity: Other Uncoated Kraft Paper, 150G < M2, Weight < 250G (480449): MoY","Export Quantity: Other Uncoated Kraft Paper, 150G < M2, Weight < 250G (480449): MoY",False,月,月,False,%,%,False,当期同比,当期同比,False,中国,中国,False,中国,中国,False,海关总署,海关总署,False,getEcoDataIndLightmanufactue,getEcoDataIndLightmanufactue,False,2016-01-31,2016-01-31,False,2026-06-30,2026-06-30,False,1,1,False,True,False,"出口数量:其他未涂布的牛皮纸,150g<平米重<250g(480449):当月同比","Export Quantity: Other Uncoated Kraft Paper, 150G < M2, Weight < 250G (480449): MoY",月,%,当期同比,中国,中国,海关总署,getEcoDataIndLightmanufactue,2016-01-31,2026-06-30,1,False,False,False,False,False,False,False,False,False,False,False,False,False
801780,银行,29,2130713181,"出口数量:其他未涂未漂白牛皮纸,150g<平米重<250g(480441):当月同比","Export Quantity: Other Uncoated Unbleached Kraft Paper, 150G < M2, Weight < 250G (480441): MoY",月,%,当期同比,中国,中国,海关总署,getEcoDataIndLightmanufactue,2016-01-31,2026-06-30,1,103.0,2130713181,"出口数量:其他未涂未漂白牛皮纸,150g<平米重<250g(480441):当月同比","Export Quantity: Other Uncoated Unbleached Kraft Paper, 150G < M2, Weight < 250G (480441): MoY",S130713181,S130711584,0,月,%,当期同比,2.0,中国,中国,,一般重要,海关总署,"与HS编码""48044100""中文全称为""其他未涂未漂白牛皮纸,150g<平米重<225g""相同",2989,getEcoDataIndLightmanufactue,2016-01-31,2026-06-30,1,EcoInfoProGet,2026-08-13T01:09:36.711019+00:00,"出口数量:其他未涂未漂白牛皮纸,150g<平米重<250g(480441):当月同比","出口数量:其他未涂未漂白牛皮纸,150g<平米重<250g(480441):当月同比",False,"Export Quantity: Other Uncoated Unbleached Kraft Paper, 150G < M2, Weight < 250G (480441): MoY","Export Quantity: Other Uncoated Unbleached Kraft Paper, 150G < M2, Weight < 250G (480441): MoY",False,月,月,False,%,%,False,当期同比,当期同比,False,中国,中国,False,中国,中国,False,海关总署,海关总署,False,getEcoDataIndLightmanufactue,getEcoDataIndLightmanufactue,False,2016-01-31,2016-01-31,False,2026-06-30,2026-06-30,False,1,1,False,True,False,"出口数量:其他未涂未漂白牛皮纸,150g<平米重<250g(480441):当月同比","Export Quantity: Other Uncoated Unbleached Kraft Paper, 150G < M2, Weight < 250G (480441): MoY",月,%,当期同比,中国,中国,海关总署,getEcoDataIndLightmanufactue,2016-01-31,2026-06-30,1,False,False,False,False,False,False,False,False,False,False,False,False,False
801780,银行,30,2120734728,"出口数量:未浸涂其他材料制无纺布,70g<平米重≤150g(56039390):当月同比","Export Quantity: Non Woven Fabric Made of Other Materials Without Dip Coating, 70G < M2, Weight ≤ 150G (56039390): MoY",月,%,当期同比,中国,中国,海关总署,getEcoDataIndTextileclothing,2016-01-31,2026-06-30,1,103.0,2120734728,"出口数量:未浸涂其他材料制无纺布,70g<平米重≤150g(56039390):当月同比","Export Quantity: Non Woven Fabric Made of Other Materials Without Dip Coating, 70G < M2, Weight ≤ 150G (56039390): MoY",S120734728,S120712771,0,月,%,当期同比,2.0,中国,中国,,一般重要,海关总署,,2995,getEcoDataIndTextileclothing,2016-01-31,2026-06-30,1,EcoInfoProGet,2026-08-13T01:09:36.711019+00:00,"出口数量:未浸涂其他材料制无纺布,70g<平米重≤150g(56039390):当月同比","出口数量:未浸涂其他材料制无纺布,70g<平米重≤150g(56039390):当月同比",False,"Export Quantity: Non Woven Fabric Made of Other Materials Without Dip Coating, 70G < M2, Weight ≤ 150G (56039390): MoY","Export Quantity: Non Woven Fabric Made of Other Materials Without Dip Coating, 70G < M2, Weight ≤ 150G (56039390): MoY",False,月,月,False,%,%,False,当期同比,当期同比,False,中国,中国,False,中国,中国,False,海关总署,海关总署,False,getEcoDataIndTextileclothing,getEcoDataIndTextileclothing,False,2016-01-31,2016-01-31,False,2026-06-30,2026-06-30,False,1,1,False,True,False,"出口数量:未浸涂其他材料制无纺布,70g<平米重≤150g(56039390):当月同比","Export Quantity: Non Woven Fabric Made of Other Materials Without Dip Coating, 70G < M2, Weight ≤ 150G (56039390): MoY",月,%,当期同比,中国,中国,海关总署,getEcoDataIndTextileclothing,2016-01-31,2026-06-30,1,False,False,False,False,False,False,False,False,False,False,False,False,False
801790,非银金融,1,2210900116,原保险保费收入:人身意外伤害险:累计同比,Original Insurance Premium Income: The Person Accident Injury Insurance: YoY,月,%,累计同比,全国,中国,中国保险业监督管理委员会,getEcoDataIndFinancialservices,2000-01-31,2026-06-30,1,153.0,2210900116,原保险保费收入:人身意外伤害险:累计同比,Original Insurance Premium Income: The Person Accident Injury Insurance: YoY,S2210900116,M070005217,0,月,%,累计同比,2.0,全国,中国,,不重要,中国保险业监督管理委员会,不包括中华联合控股寿险业务,2986,getEcoDataIndFinancialservices,2000-01-31,2026-06-30,1,EcoInfoProGet,2026-08-13T01:09:36.711019+00:00,原保险保费收入:人身意外伤害险:累计同比,原保险保费收入:人身意外伤害险:累计同比,False,Original Insurance Premium Income: The Person Accident Injury Insurance: YoY,Original Insurance Premium Income: The Person Accident Injury Insurance: YoY,False,月,月,False,%,%,False,累计同比,累计同比,False,全国,全国,False,中国,中国,False,中国保险业监督管理委员会,中国保险业监督管理委员会,False,getEcoDataIndFinancialservices,getEcoDataIndFinancialservices,False,2000-01-31,2000-01-31,False,2026-06-30,2026-06-30,False,1,1,False,True,False,原保险保费收入:人身意外伤害险:累计同比,Original Insurance Premium Income: The Person Accident Injury Insurance: YoY,月,%,累计同比,全国,中国,中国保险业监督管理委员会,getEcoDataIndFinancialservices,2000-01-31,2026-06-30,1,False,False,False,False,False,False,False,False,False,False,False,False,False
801790,非银金融,2,2210900113,原保险保费收入:人身险:累计同比,Original Insurance Premium Income: Personal Insurance: YoY,月,%,累计同比,全国,中国,中国保险业监督管理委员会,getEcoDataIndFinancialservices,2000-01-31,2026-06-30,1,153.0,2210900113,原保险保费收入:人身险:累计同比,Original Insurance Premium Income: Personal Insurance: YoY,S2210900113,M070005217,0,月,%,累计同比,2.0,全国,中国,,不重要,中国保险业监督管理委员会,不包括中华联合控股寿险业务,2986,getEcoDataIndFinancialservices,2000-01-31,2026-06-30,1,EcoInfoProGet,2026-08-13T01:09:36.711019+00:00,原保险保费收入:人身险:累计同比,原保险保费收入:人身险:累计同比,False,Original Insurance Premium Income: Personal Insurance: YoY,Original Insurance Premium Income: Personal Insurance: YoY,False,月,月,False,%,%,False,累计同比,累计同比,False,全国,全国,False,中国,中国,False,中国保险业监督管理委员会,中国保险业监督管理委员会,False,getEcoDataIndFinancialservices,getEcoDataIndFinancialservices,False,2000-01-31,2000-01-31,False,2026-06-30,2026-06-30,False,1,1,False,True,False,原保险保费收入:人身险:累计同比,Original Insurance Premium Income: Personal Insurance: YoY,月,%,累计同比,全国,中国,中国保险业监督管理委员会,getEcoDataIndFinancialservices,2000-01-31,2026-06-30,1,False,False,False,False,False,False,False,False,False,False,False,False,False
801790,非银金融,3,2210900115,原保险保费收入:健康险:累计同比,Original Insurance Premium Income: Health Insurance: YoY,月,%,累计同比,全国,中国,中国保险业监督管理委员会,getEcoDataIndFinancialservices,2000-01-31,2026-06-30,1,153.0,2210900115,原保险保费收入:健康险:累计同比,Original Insurance Premium Income: Health Insurance: YoY,S2210900115,M070005217,0,月,%,累计同比,2.0,全国,中国,,不重要,中国保险业监督管理委员会,不包括中华联合控股寿险业务,2986,getEcoDataIndFinancialservices,2000-01-31,2026-06-30,1,EcoInfoProGet,2026-08-13T01:09:36.711019+00:00,原保险保费收入:健康险:累计同比,原保险保费收入:健康险:累计同比,False,Original Insurance Premium Income: Health Insurance: YoY,Original Insurance Premium Income: Health Insurance: YoY,False,月,月,False,%,%,False,累计同比,累计同比,False,全国,全国,False,中国,中国,False,中国保险业监督管理委员会,中国保险业监督管理委员会,False,getEcoDataIndFinancialservices,getEcoDataIndFinancialservices,False,2000-01-31,2000-01-31,False,2026-06-30,2026-06-30,False,1,1,False,True,False,原保险保费收入:健康险:累计同比,Original Insurance Premium Income: Health Insurance: YoY,月,%,累计同比,全国,中国,中国保险业监督管理委员会,getEcoDataIndFinancialservices,2000-01-31,2026-06-30,1,False,False,False,False,False,False,False,False,False,False,False,False,False
801790,非银金融,4,2210900129,原保险保费收入:农业保险:累计同比,Original Insurance Premium Income: Agriculture Insurance: YoY,月,%,累计同比,全国,中国,中国保险业监督管理委员会,getEcoDataIndFinancialservices,2013-04-30,2026-06-30,1,153.0,2210900129,原保险保费收入:农业保险:累计同比,Original Insurance Premium Income: Agriculture Insurance: YoY,S2210900129,M070005217,0,月,%,累计同比,2.0,全国,中国,,不重要,中国保险业监督管理委员会,不包括中华联合控股寿险业务,2986,getEcoDataIndFinancialservices,2013-04-30,2026-06-30,1,EcoInfoProGet,2026-08-13T01:09:36.711019+00:00,原保险保费收入:农业保险:累计同比,原保险保费收入:农业保险:累计同比,False,Original Insurance Premium Income: Agriculture Insurance: YoY,Original Insurance Premium Income: Agriculture Insurance: YoY,False,月,月,False,%,%,False,累计同比,累计同比,False,全国,全国,False,中国,中国,False,中国保险业监督管理委员会,中国保险业监督管理委员会,False,getEcoDataIndFinancialservices,getEcoDataIndFinancialservices,False,2013-04-30,2013-04-30,False,2026-06-30,2026-06-30,False,1,1,False,True,False,原保险保费收入:农业保险:累计同比,Original Insurance Premium Income: Agriculture Insurance: YoY,月,%,累计同比,全国,中国,中国保险业监督管理委员会,getEcoDataIndFinancialservices,2013-04-30,2026-06-30,1,False,False,False,False,False,False,False,False,False,False,False,False,False
801790,非银金融,5,2211002704,原保险保费收入:原保险:当月同比,Original Insurance Premium Income: Original Insurance: YoY,月,%,当期同比,全国,中国,中国保险业监督管理委员会,getEcoDataIndFinancialservices,2000-01-31,2026-06-30,1,153.0,2211002704,原保险保费收入:原保险:当月同比,Original Insurance Premium Income: Original Insurance: YoY,S211002704,M070005217,0,月,%,当期同比,2.0,全国,中国,,比较重要,中国保险业监督管理委员会,,2986,getEcoDataIndFinancialservices,2000-01-31,2026-06-30,1,EcoInfoProGet,2026-08-13T01:09:36.711019+00:00,原保险保费收入:原保险:当月同比,原保险保费收入:原保险:当月同比,False,Original Insurance Premium Income: Original Insurance: YoY,Original Insurance Premium Income: Original Insurance: YoY,False,月,月,False,%,%,False,当期同比,当期同比,False,全国,全国,False,中国,中国,False,中国保险业监督管理委员会,中国保险业监督管理委员会,False,getEcoDataIndFinancialservices,getEcoDataIndFinancialservices,False,2000-01-31,2000-01-31,False,2026-06-30,2026-06-30,False,1,1,False,True,False,原保险保费收入:原保险:当月同比,Original Insurance Premium Income: Original Insurance: YoY,月,%,当期同比,全国,中国,中国保险业监督管理委员会,getEcoDataIndFinancialservices,2000-01-31,2026-06-30,1,False,False,False,False,False,False,False,False,False,False,False,False,False
801790,非银金融,6,2210900114,原保险保费收入:寿险:累计同比,Original Insurance Premium Income: Life Insurance: YoY,月,%,累计同比,全国,中国,中国保险业监督管理委员会,getEcoDataIndFinancialservices,2000-01-31,2026-06-30,1,153.0,2210900114,原保险保费收入:寿险:累计同比,Original Insurance Premium Income: Life Insurance: YoY,S2210900114,M070005217,0,月,%,累计同比,2.0,全国,中国,,不重要,中国保险业监督管理委员会,不包括中华联合控股寿险业务,2986,getEcoDataIndFinancialservices,2000-01-31,2026-06-30,1,EcoInfoProGet,2026-08-13T01:09:36.711019+00:00,原保险保费收入:寿险:累计同比,原保险保费收入:寿险:累计同比,False,Original Insurance Premium Income: Life Insurance: YoY,Original Insurance Premium Income: Life Insurance: YoY,False,月,月,False,%,%,False,累计同比,累计同比,False,全国,全国,False,中国,中国,False,中国保险业监督管理委员会,中国保险业监督管理委员会,False,getEcoDataIndFinancialservices,getEcoDataIndFinancialservices,False,2000-01-31,2000-01-31,False,2026-06-30,2026-06-30,False,1,1,False,True,False,原保险保费收入:寿险:累计同比,Original Insurance Premium Income: Life Insurance: YoY,月,%,累计同比,全国,中国,中国保险业监督管理委员会,getEcoDataIndFinancialservices,2000-01-31,2026-06-30,1,False,False,False,False,False,False,False,False,False,False,False,False,False
801790,非银金融,7,2210900112,原保险保费收入:财产险:累计同比,Original Insurance Premium Income: Property Insurance: YoY,月,%,累计同比,全国,中国,中国保险业监督管理委员会,getEcoDataIndFinancialservices,2000-01-31,2026-06-30,1,153.0,2210900112,原保险保费收入:财产险:累计同比,Original Insurance Premium Income: Property Insurance: YoY,S2210900112,M070005217,0,月,%,累计同比,2.0,全国,中国,,不重要,中国保险业监督管理委员会,不包括中华联合控股寿险业务,2986,getEcoDataIndFinancialservices,2000-01-31,2026-06-30,1,EcoInfoProGet,2026-08-13T01:09:36.711019+00:00,原保险保费收入:财产险:累计同比,原保险保费收入:财产险:累计同比,False,Original Insurance Premium Income: Property Insurance: YoY,Original Insurance Premium Income: Property Insurance: YoY,False,月,月,False,%,%,False,累计同比,累计同比,False,全国,全国,False,中国,中国,False,中国保险业监督管理委员会,中国保险业监督管理委员会,False,getEcoDataIndFinancialservices,getEcoDataIndFinancialservices,False,2000-01-31,2000-01-31,False,2026-06-30,2026-06-30,False,1,1,False,True,False,原保险保费收入:财产险:累计同比,Original Insurance Premium Income: Property Insurance: YoY,月,%,累计同比,全国,中国,中国保险业监督管理委员会,getEcoDataIndFinancialservices,2000-01-31,2026-06-30,1,False,False,False,False,False,False,False,False,False,False,False,False,False
801790,非银金融,8,2210900119,原保险赔付支出:人身险:累计同比,Claims Paid: Personal Insurance: YoY,月,%,累计同比,全国,中国,中国保险业监督管理委员会,getEcoDataIndFinancialservices,2000-01-31,2026-06-30,1,145.0,2210900119,原保险赔付支出:人身险:累计同比,Claims Paid: Personal Insurance: YoY,S2210900119,M070005217,0,月,%,累计同比,2.0,全国,中国,,不重要,中国保险业监督管理委员会,不包括中华联合控股寿险业务,2986,getEcoDataIndFinancialservices,2000-01-31,2026-06-30,1,EcoInfoProGet,2026-08-13T01:09:36.711019+00:00,原保险赔付支出:人身险:累计同比,原保险赔付支出:人身险:累计同比,False,Claims Paid: Personal Insurance: YoY,Claims Paid: Personal Insurance: YoY,False,月,月,False,%,%,False,累计同比,累计同比,False,全国,全国,False,中国,中国,False,中国保险业监督管理委员会,中国保险业监督管理委员会,False,getEcoDataIndFinancialservices,getEcoDataIndFinancialservices,False,2000-01-31,2000-01-31,False,2026-06-30,2026-06-30,False,1,1,False,True,False,原保险赔付支出:人身险:累计同比,Claims Paid: Personal Insurance: YoY,月,%,累计同比,全国,中国,中国保险业监督管理委员会,getEcoDataIndFinancialservices,2000-01-31,2026-06-30,1,False,False,False,False,False,False,False,False,False,False,False,False,False
801790,非银金融,9,2210900117,原保险赔付支出:原保险:累计同比,Claims Paid: Original Insurance: YoY,月,%,累计同比,全国,中国,中国保险业监督管理委员会,getEcoDataIndFinancialservices,2000-01-31,2026-06-30,1,145.0,2210900117,原保险赔付支出:原保险:累计同比,Claims Paid: Original Insurance: YoY,S2210900117,M070005217,0,月,%,累计同比,2.0,全国,中国,,不重要,中国保险业监督管理委员会,不包括中华联合控股寿险业务,2986,getEcoDataIndFinancialservices,2000-01-31,2026-06-30,1,EcoInfoProGet,2026-08-13T01:09:36.711019+00:00,原保险赔付支出:原保险:累计同比,原保险赔付支出:原保险:累计同比,False,Claims Paid: Original Insurance: YoY,Claims Paid: Original Insurance: YoY,False,月,月,False,%,%,False,累计同比,累计同比,False,全国,全国,False,中国,中国,False,中国保险业监督管理委员会,中国保险业监督管理委员会,False,getEcoDataIndFinancialservices,getEcoDataIndFinancialservices,False,2000-01-31,2000-01-31,False,2026-06-30,2026-06-30,False,1,1,False,True,False,原保险赔付支出:原保险:累计同比,Claims Paid: Original Insurance: YoY,月,%,累计同比,全国,中国,中国保险业监督管理委员会,getEcoDataIndFinancialservices,2000-01-31,2026-06-30,1,False,False,False,False,False,False,False,False,False,False,False,False,False
801790,非银金融,10,2210900118,原保险赔付支出:财产险:累计同比,Claims Paid: Property Insurance: YoY,月,%,累计同比,全国,中国,中国保险业监督管理委员会,getEcoDataIndFinancialservices,2000-01-31,2026-06-30,1,145.0,2210900118,原保险赔付支出:财产险:累计同比,Claims Paid: Property Insurance: YoY,S2210900118,M070005217,0,月,%,累计同比,2.0,全国,中国,,不重要,中国保险业监督管理委员会,不包括中华联合控股寿险业务,2986,getEcoDataIndFinancialservices,2000-01-31,2026-06-30,1,EcoInfoProGet,2026-08-13T01:09:36.711019+00:00,原保险赔付支出:财产险:累计同比,原保险赔付支出:财产险:累计同比,False,Claims Paid: Property Insurance: YoY,Claims Paid: Property Insurance: YoY,False,月,月,False,%,%,False,累计同比,累计同比,False,全国,全国,False,中国,中国,False,中国保险业监督管理委员会,中国保险业监督管理委员会,False,getEcoDataIndFinancialservices,getEcoDataIndFinancialservices,False,2000-01-31,2000-01-31,False,2026-06-30,2026-06-30,False,1,1,False,True,False,原保险赔付支出:财产险:累计同比,Claims Paid: Property Insurance: YoY,月,%,累计同比,全国,中国,中国保险业监督管理委员会,getEcoDataIndFinancialservices,2000-01-31,2026-06-30,1,False,False,False,False,False,False,False,False,False,False,False,False,False
801790,非银金融,11,1070006934,人身保险公司保户投资款新增交费:累计值,Personal Insurance Company Investment Accounts New Payment: Cumulative Value,月,万元,累计值,全国,中国,中国保险业监督管理委员会,getEcoDataIndFinancialservices,2013-04-30,2026-06-30,1,143.0,1070006934,人身保险公司保户投资款新增交费:累计值,Personal Insurance Company Investment Accounts New Payment: Cumulative Value,M070006934,M070005217,0,月,万元,累计值,2.0,全国,中国,人民币元,不重要,中国保险业监督管理委员会,包括中华联合控股寿险业务。,2986,getEcoDataIndFinancialservices,2013-04-30,2026-06-30,1,EcoInfoProGet,2026-08-13T01:09:36.711019+00:00,人身保险公司保户投资款新增交费:累计值,人身保险公司保户投资款新增交费:累计值,False,Personal Insurance Company Investment Accounts New Payment: Cumulative Value,Personal Insurance Company Investment Accounts New Payment: Cumulative Value,False,月,月,False,万元,万元,False,累计值,累计值,False,全国,全国,False,中国,中国,False,中国保险业监督管理委员会,中国保险业监督管理委员会,False,getEcoDataIndFinancialservices,getEcoDataIndFinancialservices,False,2013-04-30,2013-04-30,False,2026-06-30,2026-06-30,False,1,1,False,True,False,人身保险公司保户投资款新增交费:累计值,Personal Insurance Company Investment Accounts New Payment: Cumulative Value,月,万元,累计值,全国,中国,中国保险业监督管理委员会,getEcoDataIndFinancialservices,2013-04-30,2026-06-30,1,False,False,False,False,False,False,False,False,False,False,False,False,False
801790,非银金融,12,1070006935,人身保险公司投连险独立账户新增交费:累计值,Personal Insurance Companies Lianliankao Independent Account New Fee: Cumulative Value,月,万元,累计值,全国,中国,中国保险业监督管理委员会,getEcoDataIndFinancialservices,2013-04-30,2026-06-30,1,143.0,1070006935,人身保险公司投连险独立账户新增交费:累计值,Personal Insurance Companies Lianliankao Independent Account New Fee: Cumulative Value,M070006935,M070005217,0,月,万元,累计值,2.0,全国,中国,人民币元,不重要,中国保险业监督管理委员会,包括中华联合控股寿险业务。,2986,getEcoDataIndFinancialservices,2013-04-30,2026-06-30,1,EcoInfoProGet,2026-08-13T01:09:36.711019+00:00,人身保险公司投连险独立账户新增交费:累计值,人身保险公司投连险独立账户新增交费:累计值,False,Personal Insurance Companies Lianliankao Independent Account New Fee: Cumulative Value,Personal Insurance Companies Lianliankao Independent Account New Fee: Cumulative Value,False,月,月,False,万元,万元,False,累计值,累计值,False,全国,全国,False,中国,中国,False,中国保险业监督管理委员会,中国保险业监督管理委员会,False,getEcoDataIndFinancialservices,getEcoDataIndFinancialservices,False,2013-04-30,2013-04-30,False,2026-06-30,2026-06-30,False,1,1,False,True,False,人身保险公司投连险独立账户新增交费:累计值,Personal Insurance Companies Lianliankao Independent Account New Fee: Cumulative Value,月,万元,累计值,全国,中国,中国保险业监督管理委员会,getEcoDataIndFinancialservices,2013-04-30,2026-06-30,1,False,False,False,False,False,False,False,False,False,False,False,False,False
801790,非银金融,13,1070005231,保费收入:人身意外伤害险:累计值,Original Insurance Premium Income: Life Accidental Injury Insurance: Cumulative Value,月,万元,累计值,全国,中国,中国保险业监督管理委员会,getEcoDataIndFinancialservices,1999-01-31,2026-06-30,1,143.0,1070005231,保费收入:人身意外伤害险:累计值,Original Insurance Premium Income: Life Accidental Injury Insurance: Cumulative Value,M070005231,M070005217,0,月,万元,累计值,2.0,全国,中国,人民币元,不重要,中国保险业监督管理委员会,包括中华联合控股寿险业务。,2986,getEcoDataIndFinancialservices,1999-01-31,2026-06-30,1,EcoInfoProGet,2026-08-13T01:09:36.711019+00:00,保费收入:人身意外伤害险:累计值,保费收入:人身意外伤害险:累计值,False,Original Insurance Premium Income: Life Accidental Injury Insurance: Cumulative Value,Original Insurance Premium Income: Life Accidental Injury Insurance: Cumulative Value,False,月,月,False,万元,万元,False,累计值,累计值,False,全国,全国,False,中国,中国,False,中国保险业监督管理委员会,中国保险业监督管理委员会,False,getEcoDataIndFinancialservices,getEcoDataIndFinancialservices,False,1999-01-31,1999-01-31,False,2026-06-30,2026-06-30,False,1,1,False,True,False,保费收入:人身意外伤害险:累计值,Original Insurance Premium Income: Life Accidental Injury Insurance: Cumulative Value,月,万元,累计值,全国,中国,中国保险业监督管理委员会,getEcoDataIndFinancialservices,1999-01-31,2026-06-30,1,False,False,False,False,False,False,False,False,False,False,False,False,False
801790,非银金融,14,1070005228,保费收入:人身险:累计值,Original Insurance Premium Income: Life Insurance: Cumulative Value,月,万元,累计值,全国,中国,中国保险业监督管理委员会,getEcoDataIndFinancialservices,1999-01-31,2026-06-30,1,143.0,1070005228,保费收入:人身险:累计值,Original Insurance Premium Income: Life Insurance: Cumulative Value,M070005228,M070005217,0,月,万元,累计值,2.0,全国,中国,人民币元,不重要,中国保险业监督管理委员会,包括中华联合控股寿险业务。,2986,getEcoDataIndFinancialservices,1999-01-31,2026-06-30,1,EcoInfoProGet,2026-08-13T01:09:36.711019+00:00,保费收入:人身险:累计值,保费收入:人身险:累计值,False,Original Insurance Premium Income: Life Insurance: Cumulative Value,Original Insurance Premium Income: Life Insurance: Cumulative Value,False,月,月,False,万元,万元,False,累计值,累计值,False,全国,全国,False,中国,中国,False,中国保险业监督管理委员会,中国保险业监督管理委员会,False,getEcoDataIndFinancialservices,getEcoDataIndFinancialservices,False,1999-01-31,1999-01-31,False,2026-06-30,2026-06-30,False,1,1,False,True,False,保费收入:人身险:累计值,Original Insurance Premium Income: Life Insurance: Cumulative Value,月,万元,累计值,全国,中国,中国保险业监督管理委员会,getEcoDataIndFinancialservices,1999-01-31,2026-06-30,1,False,False,False,False,False,False,False,False,False,False,False,False,False
801790,非银金融,15,1070005230,保费收入:健康险:累计值,Original Insurance Premium Income: Health Insurance: Cumulative Value,月,万元,累计值,全国,中国,中国保险业监督管理委员会,getEcoDataIndFinancialservices,1999-01-31,2026-06-30,1,143.0,1070005230,保费收入:健康险:累计值,Original Insurance Premium Income: Health Insurance: Cumulative Value,M070005230,M070005217,0,月,万元,累计值,2.0,全国,中国,人民币元,不重要,中国保险业监督管理委员会,包括中华联合控股寿险业务。,2986,getEcoDataIndFinancialservices,1999-01-31,2026-06-30,1,EcoInfoProGet,2026-08-13T01:09:36.711019+00:00,保费收入:健康险:累计值,保费收入:健康险:累计值,False,Original Insurance Premium Income: Health Insurance: Cumulative Value,Original Insurance Premium Income: Health Insurance: Cumulative Value,False,月,月,False,万元,万元,False,累计值,累计值,False,全国,全国,False,中国,中国,False,中国保险业监督管理委员会,中国保险业监督管理委员会,False,getEcoDataIndFinancialservices,getEcoDataIndFinancialservices,False,1999-01-31,1999-01-31,False,2026-06-30,2026-06-30,False,1,1,False,True,False,保费收入:健康险:累计值,Original Insurance Premium Income: Health Insurance: Cumulative Value,月,万元,累计值,全国,中国,中国保险业监督管理委员会,getEcoDataIndFinancialservices,1999-01-31,2026-06-30,1,False,False,False,False,False,False,False,False,False,False,False,False,False
801790,非银金融,16,1070005229,保费收入:寿险:累计值,Original Insurance Premium Income: Life Insurance: Cumulative Value,月,万元,累计值,全国,中国,中国保险业监督管理委员会,getEcoDataIndFinancialservices,1999-01-31,2026-06-30,1,143.0,1070005229,保费收入:寿险:累计值,Original Insurance Premium Income: Life Insurance: Cumulative Value,M070005229,M070005217,0,月,万元,累计值,2.0,全国,中国,人民币元,不重要,中国保险业监督管理委员会,包括中华联合控股寿险业务。,2986,getEcoDataIndFinancialservices,1999-01-31,2026-06-30,1,EcoInfoProGet,2026-08-13T01:09:36.711019+00:00,保费收入:寿险:累计值,保费收入:寿险:累计值,False,Original Insurance Premium Income: Life Insurance: Cumulative Value,Original Insurance Premium Income: Life Insurance: Cumulative Value,False,月,月,False,万元,万元,False,累计值,累计值,False,全国,全国,False,中国,中国,False,中国保险业监督管理委员会,中国保险业监督管理委员会,False,getEcoDataIndFinancialservices,getEcoDataIndFinancialservices,False,1999-01-31,1999-01-31,False,2026-06-30,2026-06-30,False,1,1,False,True,False,保费收入:寿险:累计值,Original Insurance Premium Income: Life Insurance: Cumulative Value,月,万元,累计值,全国,中国,中国保险业监督管理委员会,getEcoDataIndFinancialservices,1999-01-31,2026-06-30,1,False,False,False,False,False,False,False,False,False,False,False,False,False
801790,非银金融,17,1070005227,保费收入:财产险:累计值,Original Insurance Premium Income: Property: Cumulative Value,月,万元,累计值,全国,中国,中国保险业监督管理委员会,getEcoDataIndFinancialservices,1999-01-31,2026-06-30,1,143.0,1070005227,保费收入:财产险:累计值,Original Insurance Premium Income: Property: Cumulative Value,M070005227,M070005217,0,月,万元,累计值,2.0,全国,中国,人民币元,不重要,中国保险业监督管理委员会,包括中华联合控股寿险业务。,2986,getEcoDataIndFinancialservices,1999-01-31,2026-06-30,1,EcoInfoProGet,2026-08-13T01:09:36.711019+00:00,保费收入:财产险:累计值,保费收入:财产险:累计值,False,Original Insurance Premium Income: Property: Cumulative Value,Original Insurance Premium Income: Property: Cumulative Value,False,月,月,False,万元,万元,False,累计值,累计值,False,全国,全国,False,中国,中国,False,中国保险业监督管理委员会,中国保险业监督管理委员会,False,getEcoDataIndFinancialservices,getEcoDataIndFinancialservices,False,1999-01-31,1999-01-31,False,2026-06-30,2026-06-30,False,1,1,False,True,False,保费收入:财产险:累计值,Original Insurance Premium Income: Property: Cumulative Value,月,万元,累计值,全国,中国,中国保险业监督管理委员会,getEcoDataIndFinancialservices,1999-01-31,2026-06-30,1,False,False,False,False,False,False,False,False,False,False,False,False,False
801790,非银金融,18,2210900132,保险公司:风险保障金额(保额):人身险:累计同比,Insurance Company: Risk Protection Amount (Insured): Personal Insurance: YoY,月,%,累计同比,全国,中国,中国保险业监督管理委员会,getEcoDataIndFinancialservices,2018-06-30,2026-06-30,1,143.0,2210900132,保险公司:风险保障金额(保额):人身险:累计同比,Insurance Company: Risk Protection Amount (Insured): Personal Insurance: YoY,S2210900132,M070005217,0,月,%,累计同比,2.0,全国,中国,,不重要,中国保险业监督管理委员会,不包括中华联合控股寿险业务,2986,getEcoDataIndFinancialservices,2018-06-30,2026-06-30,1,EcoInfoProGet,2026-08-13T01:09:36.711019+00:00,保险公司:风险保障金额(保额):人身险:累计同比,保险公司:风险保障金额(保额):人身险:累计同比,False,Insurance Company: Risk Protection Amount (Insured): Personal Insurance: YoY,Insurance Company: Risk Protection Amount (Insured): Personal Insurance: YoY,False,月,月,False,%,%,False,累计同比,累计同比,False,全国,全国,False,中国,中国,False,中国保险业监督管理委员会,中国保险业监督管理委员会,False,getEcoDataIndFinancialservices,getEcoDataIndFinancialservices,False,2018-06-30,2018-06-30,False,2026-06-30,2026-06-30,False,1,1,False,True,False,保险公司:风险保障金额(保额):人身险:累计同比,Insurance Company: Risk Protection Amount (Insured): Personal Insurance: YoY,月,%,累计同比,全国,中国,中国保险业监督管理委员会,getEcoDataIndFinancialservices,2018-06-30,2026-06-30,1,False,False,False,False,False,False,False,False,False,False,False,False,False
801790,非银金融,19,2210900135,保险公司:风险保障金额(保额):农险:累计同比,Insurance Company: Risk Protection Amount (Insured): Insured Amount of Agricultural Insurance: YoY,月,%,累计同比,全国,中国,中国保险业监督管理委员会,getEcoDataIndFinancialservices,2018-06-30,2026-06-30,1,143.0,2210900135,保险公司:风险保障金额(保额):农险:累计同比,Insurance Company: Risk Protection Amount (Insured): Insured Amount of Agricultural Insurance: YoY,S2210900135,M070005217,0,月,%,累计同比,2.0,全国,中国,,不重要,中国保险业监督管理委员会,不包括中华联合控股寿险业务,2986,getEcoDataIndFinancialservices,2018-06-30,2026-06-30,1,EcoInfoProGet,2026-08-13T01:09:36.711019+00:00,保险公司:风险保障金额(保额):农险:累计同比,保险公司:风险保障金额(保额):农险:累计同比,False,Insurance Company: Risk Protection Amount (Insured): Insured Amount of Agricultural Insurance: YoY,Insurance Company: Risk Protection Amount (Insured): Insured Amount of Agricultural Insurance: YoY,False,月,月,False,%,%,False,累计同比,累计同比,False,全国,全国,False,中国,中国,False,中国保险业监督管理委员会,中国保险业监督管理委员会,False,getEcoDataIndFinancialservices,getEcoDataIndFinancialservices,False,2018-06-30,2018-06-30,False,2026-06-30,2026-06-30,False,1,1,False,True,False,保险公司:风险保障金额(保额):农险:累计同比,Insurance Company: Risk Protection Amount (Insured): Insured Amount of Agricultural Insurance: YoY,月,%,累计同比,全国,中国,中国保险业监督管理委员会,getEcoDataIndFinancialservices,2018-06-30,2026-06-30,1,False,False,False,False,False,False,False,False,False,False,False,False,False
801790,非银金融,20,2210900130,保险公司:风险保障金额(保额):累计同比,Insurance Company: Risk Protection Amount (Insured): YoY,月,%,累计同比,全国,中国,中国保险业监督管理委员会,getEcoDataIndFinancialservices,2018-06-30,2026-06-30,1,143.0,2210900130,保险公司:风险保障金额(保额):累计同比,Insurance Company: Risk Protection Amount (Insured): YoY,S2210900130,M070005217,0,月,%,累计同比,2.0,全国,中国,,不重要,中国保险业监督管理委员会,不包括中华联合控股寿险业务,2986,getEcoDataIndFinancialservices,2018-06-30,2026-06-30,1,EcoInfoProGet,2026-08-13T01:09:36.711019+00:00,保险公司:风险保障金额(保额):累计同比,保险公司:风险保障金额(保额):累计同比,False,Insurance Company: Risk Protection Amount (Insured): YoY,Insurance Company: Risk Protection Amount (Insured): YoY,False,月,月,False,%,%,False,累计同比,累计同比,False,全国,全国,False,中国,中国,False,中国保险业监督管理委员会,中国保险业监督管理委员会,False,getEcoDataIndFinancialservices,getEcoDataIndFinancialservices,False,2018-06-30,2018-06-30,False,2026-06-30,2026-06-30,False,1,1,False,True,False,保险公司:风险保障金额(保额):累计同比,Insurance Company: Risk Protection Amount (Insured): YoY,月,%,累计同比,全国,中国,中国保险业监督管理委员会,getEcoDataIndFinancialservices,2018-06-30,2026-06-30,1,False,False,False,False,False,False,False,False,False,False,False,False,False
801790,非银金融,21,2210900131,保险公司:风险保障金额(保额):财产险:累计同比,Insurance Company: Risk Protection Amount (Insured): Property Insurance: YoY,月,%,累计同比,全国,中国,中国保险业监督管理委员会,getEcoDataIndFinancialservices,2018-06-30,2026-06-30,1,143.0,2210900131,保险公司:风险保障金额(保额):财产险:累计同比,Insurance Company: Risk Protection Amount (Insured): Property Insurance: YoY,S2210900131,M070005217,0,月,%,累计同比,2.0,全国,中国,,不重要,中国保险业监督管理委员会,不包括中华联合控股寿险业务,2986,getEcoDataIndFinancialservices,2018-06-30,2026-06-30,1,EcoInfoProGet,2026-08-13T01:09:36.711019+00:00,保险公司:风险保障金额(保额):财产险:累计同比,保险公司:风险保障金额(保额):财产险:累计同比,False,Insurance Company: Risk Protection Amount (Insured): Property Insurance: YoY,Insurance Company: Risk Protection Amount (Insured): Property Insurance: YoY,False,月,月,False,%,%,False,累计同比,累计同比,False,全国,全国,False,中国,中国,False,中国保险业监督管理委员会,中国保险业监督管理委员会,False,getEcoDataIndFinancialservices,getEcoDataIndFinancialservices,False,2018-06-30,2018-06-30,False,2026-06-30,2026-06-30,False,1,1,False,True,False,保险公司:风险保障金额(保额):财产险:累计同比,Insurance Company: Risk Protection Amount (Insured): Property Insurance: YoY,月,%,累计同比,全国,中国,中国保险业监督管理委员会,getEcoDataIndFinancialservices,2018-06-30,2026-06-30,1,False,False,False,False,False,False,False,False,False,False,False,False,False
801790,非银金融,22,2210900134,保险公司:风险保障金额(保额):责任险:累计同比,Insurance Company: Risk Protection Amount (Insured): Liability Insurance: YoY,月,%,累计同比,全国,中国,中国保险业监督管理委员会,getEcoDataIndFinancialservices,2018-06-30,2026-06-30,1,143.0,2210900134,保险公司:风险保障金额(保额):责任险:累计同比,Insurance Company: Risk Protection Amount (Insured): Liability Insurance: YoY,S2210900134,M070005217,0,月,%,累计同比,2.0,全国,中国,,不重要,中国保险业监督管理委员会,不包括中华联合控股寿险业务,2986,getEcoDataIndFinancialservices,2018-06-30,2026-06-30,1,EcoInfoProGet,2026-08-13T01:09:36.711019+00:00,保险公司:风险保障金额(保额):责任险:累计同比,保险公司:风险保障金额(保额):责任险:累计同比,False,Insurance Company: Risk Protection Amount (Insured): Liability Insurance: YoY,Insurance Company: Risk Protection Amount (Insured): Liability Insurance: YoY,False,月,月,False,%,%,False,累计同比,累计同比,False,全国,全国,False,中国,中国,False,中国保险业监督管理委员会,中国保险业监督管理委员会,False,getEcoDataIndFinancialservices,getEcoDataIndFinancialservices,False,2018-06-30,2018-06-30,False,2026-06-30,2026-06-30,False,1,1,False,True,False,保险公司:风险保障金额(保额):责任险:累计同比,Insurance Company: Risk Protection Amount (Insured): Liability Insurance: YoY,月,%,累计同比,全国,中国,中国保险业监督管理委员会,getEcoDataIndFinancialservices,2018-06-30,2026-06-30,1,False,False,False,False,False,False,False,False,False,False,False,False,False
801790,非银金融,23,2210900133,保险公司:风险保障金额(保额):车险:累计同比,Insurance Company: Risk Protection Amount (Insured): Motor Insurance: YoY,月,%,累计同比,全国,中国,中国保险业监督管理委员会,getEcoDataIndFinancialservices,2018-06-30,2026-06-30,1,143.0,2210900133,保险公司:风险保障金额(保额):车险:累计同比,Insurance Company: Risk Protection Amount (Insured): Motor Insurance: YoY,S2210900133,M070005217,0,月,%,累计同比,2.0,全国,中国,,不重要,中国保险业监督管理委员会,不包括中华联合控股寿险业务,2986,getEcoDataIndFinancialservices,2018-06-30,2026-06-30,1,EcoInfoProGet,2026-08-13T01:09:36.711019+00:00,保险公司:风险保障金额(保额):车险:累计同比,保险公司:风险保障金额(保额):车险:累计同比,False,Insurance Company: Risk Protection Amount (Insured): Motor Insurance: YoY,Insurance Company: Risk Protection Amount (Insured): Motor Insurance: YoY,False,月,月,False,%,%,False,累计同比,累计同比,False,全国,全国,False,中国,中国,False,中国保险业监督管理委员会,中国保险业监督管理委员会,False,getEcoDataIndFinancialservices,getEcoDataIndFinancialservices,False,2018-06-30,2018-06-30,False,2026-06-30,2026-06-30,False,1,1,False,True,False,保险公司:风险保障金额(保额):车险:累计同比,Insurance Company: Risk Protection Amount (Insured): Motor Insurance: YoY,月,%,累计同比,全国,中国,中国保险业监督管理委员会,getEcoDataIndFinancialservices,2018-06-30,2026-06-30,1,False,False,False,False,False,False,False,False,False,False,False,False,False
801790,非银金融,24,2210500105,银行理财产品发行数量:当月值,Number of Bank Financial Products Issued: Current Value (Month),月,款,当期值,全国,中国,Datayes!,getEcoDataIndFinancialservices,2000-03-31,2026-07-31,1,143.0,2210500105,银行理财产品发行数量:当月值,Number of Bank Financial Products Issued: Current Value (Month),S210500105,S210500104,0,月,款,当期值,0.0,全国,中国,,不重要,Datayes!,,2986,getEcoDataIndFinancialservices,2000-03-31,2026-07-31,1,EcoInfoProGet,2026-08-13T01:09:36.711019+00:00,银行理财产品发行数量:当月值,银行理财产品发行数量:当月值,False,Number of Bank Financial Products Issued: Current Value (Month),Number of Bank Financial Products Issued: Current Value (Month),False,月,月,False,款,款,False,当期值,当期值,False,全国,全国,False,中国,中国,False,Datayes!,Datayes!,False,getEcoDataIndFinancialservices,getEcoDataIndFinancialservices,False,2000-03-31,2000-03-31,False,2026-07-31,2026-07-31,False,1,1,False,True,False,银行理财产品发行数量:当月值,Number of Bank Financial Products Issued: Current Value (Month),月,款,当期值,全国,中国,Datayes!,getEcoDataIndFinancialservices,2000-03-31,2026-07-31,1,False,False,False,False,False,False,False,False,False,False,False,False,False
801790,非银金融,25,2210100846,中国人寿:国寿个人税收优惠型健康保险A款(2016版)年化收益,China Life Insurance: China Life Individual Tax-Type Health Insurance A Paragraph (2016 Version) Annualized Earnings,月,%,当期值,全国,中国,中国人寿,getEcoDataIndFinancialservices,2016-05-31,2026-07-31,1,135.0,2210100846,中国人寿:国寿个人税收优惠型健康保险A款(2016版)年化收益,China Life Insurance: China Life Individual Tax-Type Health Insurance A Paragraph (2016 Version) Annualized Earnings,S210100846,S210100830,0,月,%,当期值,2.0,全国,中国,,不重要,中国人寿,,2986,getEcoDataIndFinancialservices,2016-05-31,2026-07-31,1,EcoInfoProGet,2026-08-13T01:09:36.711019+00:00,中国人寿:国寿个人税收优惠型健康保险A款(2016版)年化收益,中国人寿:国寿个人税收优惠型健康保险A款(2016版)年化收益,False,China Life Insurance: China Life Individual Tax-Type Health Insurance A Paragraph (2016 Version) Annualized Earnings,China Life Insurance: China Life Individual Tax-Type Health Insurance A Paragraph (2016 Version) Annualized Earnings,False,月,月,False,%,%,False,当期值,当期值,False,全国,全国,False,中国,中国,False,中国人寿,中国人寿,False,getEcoDataIndFinancialservices,getEcoDataIndFinancialservices,False,2016-05-31,2016-05-31,False,2026-07-31,2026-07-31,False,1,1,False,True,False,中国人寿:国寿个人税收优惠型健康保险A款(2016版)年化收益,China Life Insurance: China Life Individual Tax-Type Health Insurance A Paragraph (2016 Version) Annualized Earnings,月,%,当期值,全国,中国,中国人寿,getEcoDataIndFinancialservices,2016-05-31,2026-07-31,1,False,False,False,False,False,False,False,False,False,False,False,False,False
801790,非银金融,26,2210500106,银行理财产品平均预期年化收益率:当月值,The Average Annualized Expected Rate of Return of Bank Financial Product: Current Value (Month),月,%,当期值,全国,中国,Datayes!,getEcoDataIndFinancialservices,2000-03-31,2026-06-30,1,135.0,2210500106,银行理财产品平均预期年化收益率:当月值,The Average Annualized Expected Rate of Return of Bank Financial Product: Current Value (Month),S210500106,S210500104,0,月,%,当期值,2.0,全国,中国,,不重要,Datayes!,,2986,getEcoDataIndFinancialservices,2000-03-31,2026-07-31,1,EcoInfoProGet,2026-08-13T01:09:36.711019+00:00,银行理财产品平均预期年化收益率:当月值,银行理财产品平均预期年化收益率:当月值,False,The Average Annualized Expected Rate of Return of Bank Financial Product: Current Value (Month),The Average Annualized Expected Rate of Return of Bank Financial Product: Current Value (Month),False,月,月,False,%,%,False,当期值,当期值,False,全国,全国,False,中国,中国,False,Datayes!,Datayes!,False,getEcoDataIndFinancialservices,getEcoDataIndFinancialservices,False,2000-03-31,2000-03-31,False,2026-06-30,2026-07-31,True,1,1,False,True,True,银行理财产品平均预期年化收益率:当月值,The Average Annualized Expected Rate of Return of Bank Financial Product: Current Value (Month),月,%,当期值,全国,中国,Datayes!,getEcoDataIndFinancialservices,2000-03-31,2026-07-31,1,False,False,False,False,False,False,False,False,False,False,False,False,False
801790,非银金融,27,2060709413,期货成交额(活跃):玻璃,Futures Turnover (Active): Glass,日,元,当期值,全国,中国,郑州商品交易所,getEcoDataIndBuildingmaterials,2012-12-03,2026-08-07,1,130.0,2060709413,期货成交额(活跃):玻璃,Futures Turnover (Active): Glass,S060709413,S060001271,0,日,元,当期值,2.0,全国,中国,人民币元,不重要,郑州商品交易所,,2979,getEcoDataIndBuildingmaterials,2012-12-03,2026-08-12,1,EcoInfoProGet,2026-08-13T01:09:36.711019+00:00,期货成交额(活跃):玻璃,期货成交额(活跃):玻璃,False,Futures Turnover (Active): Glass,Futures Turnover (Active): Glass,False,日,日,False,元,元,False,当期值,当期值,False,全国,全国,False,中国,中国,False,郑州商品交易所,郑州商品交易所,False,getEcoDataIndBuildingmaterials,getEcoDataIndBuildingmaterials,False,2012-12-03,2012-12-03,False,2026-08-07,2026-08-12,True,1,1,False,True,True,期货成交额(活跃):玻璃,Futures Turnover (Active): Glass,日,元,当期值,全国,中国,郑州商品交易所,getEcoDataIndBuildingmaterials,2012-12-03,2026-08-11,1,False,False,False,False,False,False,False,False,False,False,True,False,True
801790,非银金融,28,2060709421,期货成交额(连三):玻璃,Futures Turnover (Continuous Three): Glass,日,元,当期值,全国,中国,郑州商品交易所,getEcoDataIndBuildingmaterials,2012-12-03,2026-08-07,1,130.0,2060709421,期货成交额(连三):玻璃,Futures Turnover (Continuous Three): Glass,S060709421,S060001271,0,日,元,当期值,2.0,全国,中国,人民币元,不重要,郑州商品交易所,,2979,getEcoDataIndBuildingmaterials,2012-12-03,2026-08-12,1,EcoInfoProGet,2026-08-13T01:09:36.711019+00:00,期货成交额(连三):玻璃,期货成交额(连三):玻璃,False,Futures Turnover (Continuous Three): Glass,Futures Turnover (Continuous Three): Glass,False,日,日,False,元,元,False,当期值,当期值,False,全国,全国,False,中国,中国,False,郑州商品交易所,郑州商品交易所,False,getEcoDataIndBuildingmaterials,getEcoDataIndBuildingmaterials,False,2012-12-03,2012-12-03,False,2026-08-07,2026-08-12,True,1,1,False,True,True,期货成交额(连三):玻璃,Futures Turnover (Continuous Three): Glass,日,元,当期值,全国,中国,郑州商品交易所,getEcoDataIndBuildingmaterials,2012-12-03,2026-08-11,1,False,False,False,False,False,False,False,False,False,False,True,False,True
801790,非银金融,29,2060709416,期货成交额(连续):玻璃,Futures Turnover (Continuous): Glass,日,元,当期值,全国,中国,郑州商品交易所,getEcoDataIndBuildingmaterials,2012-12-03,2026-08-06,1,130.0,2060709416,期货成交额(连续):玻璃,Futures Turnover (Continuous): Glass,S060709416,S060001271,0,日,元,当期值,2.0,全国,中国,人民币元,不重要,郑州商品交易所,,2979,getEcoDataIndBuildingmaterials,2012-12-03,2026-08-11,1,EcoInfoProGet,2026-08-13T01:09:36.711019+00:00,期货成交额(连续):玻璃,期货成交额(连续):玻璃,False,Futures Turnover (Continuous): Glass,Futures Turnover (Continuous): Glass,False,日,日,False,元,元,False,当期值,当期值,False,全国,全国,False,中国,中国,False,郑州商品交易所,郑州商品交易所,False,getEcoDataIndBuildingmaterials,getEcoDataIndBuildingmaterials,False,2012-12-03,2012-12-03,False,2026-08-06,2026-08-11,True,1,1,False,True,True,期货成交额(连续):玻璃,Futures Turnover (Continuous): Glass,日,元,当期值,全国,中国,郑州商品交易所,getEcoDataIndBuildingmaterials,2012-12-03,2026-08-11,1,False,False,False,False,False,False,False,False,False,False,False,False,False
801790,非银金融,30,2060709411,期货成交量(活跃):玻璃,Futures Trading Volume (Active): Glass,日,手,当期值,全国,中国,郑州商品交易所,getEcoDataIndBuildingmaterials,2012-12-03,2026-08-07,1,122.0,2060709411,期货成交量(活跃):玻璃,Futures Trading Volume (Active): Glass,S060709411,S060001271,0,日,手,当期值,0.0,全国,中国,,不重要,郑州商品交易所,,2979,getEcoDataIndBuildingmaterials,2012-12-03,2026-08-12,1,EcoInfoProGet,2026-08-13T01:09:36.711019+00:00,期货成交量(活跃):玻璃,期货成交量(活跃):玻璃,False,Futures Trading Volume (Active): Glass,Futures Trading Volume (Active): Glass,False,日,日,False,手,手,False,当期值,当期值,False,全国,全国,False,中国,中国,False,郑州商品交易所,郑州商品交易所,False,getEcoDataIndBuildingmaterials,getEcoDataIndBuildingmaterials,False,2012-12-03,2012-12-03,False,2026-08-07,2026-08-12,True,1,1,False,True,True,期货成交量(活跃):玻璃,Futures Trading Volume (Active): Glass,日,手,当期值,全国,中国,郑州商品交易所,getEcoDataIndBuildingmaterials,2012-12-03,2026-08-11,1,False,False,False,False,False,False,False,False,False,False,True,False,True
801880,汽车,1,2070928295,当周日均销量:乘用车:厂家零售,,周,辆,当期值,全国,中国,全国乘用车市场信息联席会,getEcoDataIndAutomobile,2015-03-06,2026-07-31,1,155.0,2070928295,当周日均销量:乘用车:厂家零售,,S070928295,S070100934,0,周,辆,当期值,0.0,全国,中国,,不重要,全国乘用车市场信息联席会,,2977,getEcoDataIndAutomobile,2015-03-06,2026-07-31,1,EcoInfoProGet,2026-08-13T01:09:36.711019+00:00,当周日均销量:乘用车:厂家零售,当周日均销量:乘用车:厂家零售,False,,,False,周,周,False,辆,辆,False,当期值,当期值,False,全国,全国,False,中国,中国,False,全国乘用车市场信息联席会,全国乘用车市场信息联席会,False,getEcoDataIndAutomobile,getEcoDataIndAutomobile,False,2015-03-06,2015-03-06,False,2026-07-31,2026-07-31,False,1,1,False,True,False,当周日均销量:乘用车:厂家零售,,周,辆,当期值,全国,中国,全国乘用车市场信息联席会,getEcoDataIndAutomobile,2015-03-06,2026-07-31,1,False,False,False,False,False,False,False,False,False,False,False,False,False
801880,汽车,2,2070133158,汽车经销商库存预警指数:销量指数,Automobile Inventory Warning Index: Sales Volume Index,月,%,当期值,全国,中国,中国汽车流通协会,getEcoDataIndAutomobile,2014-01-31,2026-07-31,1,151.0,2070133158,汽车经销商库存预警指数:销量指数,Automobile Inventory Warning Index: Sales Volume Index,S070133158,S070104269,0,月,%,当期值,2.0,全国,中国,,不重要,中国汽车流通协会,,2977,getEcoDataIndAutomobile,2014-01-31,2026-07-31,1,EcoInfoProGet,2026-08-13T01:09:36.711019+00:00,汽车经销商库存预警指数:销量指数,汽车经销商库存预警指数:销量指数,False,Automobile Inventory Warning Index: Sales Volume Index,Automobile Inventory Warning Index: Sales Volume Index,False,月,月,False,%,%,False,当期值,当期值,False,全国,全国,False,中国,中国,False,中国汽车流通协会,中国汽车流通协会,False,getEcoDataIndAutomobile,getEcoDataIndAutomobile,False,2014-01-31,2014-01-31,False,2026-07-31,2026-07-31,False,1,1,False,True,False,汽车经销商库存预警指数:销量指数,Automobile Inventory Warning Index: Sales Volume Index,月,%,当期值,全国,中国,中国汽车流通协会,getEcoDataIndAutomobile,2014-01-31,2026-07-31,1,False,False,False,False,False,False,False,False,False,False,False,False,False
801880,汽车,3,2070133164,汽车经销商库存预警指数:销量指数:环比增减,Automobile Inventory Warning Index: Sales Volume Index: Net Change from Preceding Period,月,%,环比增减,全国,中国,中国汽车流通协会,getEcoDataIndAutomobile,2014-01-31,2026-07-31,1,151.0,2070133164,汽车经销商库存预警指数:销量指数:环比增减,Automobile Inventory Warning Index: Sales Volume Index: Net Change from Preceding Period,S070133164,S070104269,0,月,%,环比增减,2.0,全国,中国,,不重要,中国汽车流通协会,,2977,getEcoDataIndAutomobile,2014-01-31,2026-07-31,1,EcoInfoProGet,2026-08-13T01:09:36.711019+00:00,汽车经销商库存预警指数:销量指数:环比增减,汽车经销商库存预警指数:销量指数:环比增减,False,Automobile Inventory Warning Index: Sales Volume Index: Net Change from Preceding Period,Automobile Inventory Warning Index: Sales Volume Index: Net Change from Preceding Period,False,月,月,False,%,%,False,环比增减,环比增减,False,全国,全国,False,中国,中国,False,中国汽车流通协会,中国汽车流通协会,False,getEcoDataIndAutomobile,getEcoDataIndAutomobile,False,2014-01-31,2014-01-31,False,2026-07-31,2026-07-31,False,1,1,False,True,False,汽车经销商库存预警指数:销量指数:环比增减,Automobile Inventory Warning Index: Sales Volume Index: Net Change from Preceding Period,月,%,环比增减,全国,中国,中国汽车流通协会,getEcoDataIndAutomobile,2014-01-31,2026-07-31,1,False,False,False,False,False,False,False,False,False,False,False,False,False
801880,汽车,4,2070936194,销量:新能源乘用车:零售:累计同比,Sales: New Energy Passenger Vehicles: Retail: Cumulative YoY,月,%,累计同比,全国,中国,全国乘用车市场信息联席会,getEcoDataIndAutomobile,2018-05-31,2026-06-30,1,151.0,2070936194,销量:新能源乘用车:零售:累计同比,Sales: New Energy Passenger Vehicles: Retail: Cumulative YoY,S070936194,S070100968,0,月,%,累计同比,1.0,全国,中国,,比较重要,全国乘用车市场信息联席会,,2977,getEcoDataIndAutomobile,2018-05-31,2026-07-31,1,EcoInfoProGet,2026-08-13T01:09:36.711019+00:00,销量:新能源乘用车:零售:累计同比,销量:新能源乘用车:零售:累计同比,False,Sales: New Energy Passenger Vehicles: Retail: Cumulative YoY,Sales: New Energy Passenger Vehicles: Retail: Cumulative YoY,False,月,月,False,%,%,False,累计同比,累计同比,False,全国,全国,False,中国,中国,False,全国乘用车市场信息联席会,全国乘用车市场信息联席会,False,getEcoDataIndAutomobile,getEcoDataIndAutomobile,False,2018-05-31,2018-05-31,False,2026-06-30,2026-07-31,True,1,1,False,True,True,销量:新能源乘用车:零售:累计同比,Sales: New Energy Passenger Vehicles: Retail: Cumulative YoY,月,%,累计同比,全国,中国,全国乘用车市场信息联席会,getEcoDataIndAutomobile,2018-05-31,2026-07-31,1,False,False,False,False,False,False,False,False,False,False,False,False,False
801880,汽车,5,1020008694,产量:汽车:运动型多用途乘用车(SUV):当月值,Output: Automobile: Sports Utility Automobile s (SUV): Current Value (Month),月,万辆,当期值,全国,中国,国家统计局,getEcoDataChina,2009-01-31,2026-06-30,1,147.0,1020008694,产量:汽车:运动型多用途乘用车(SUV):当月值,Output: Automobile: Sports Utility Automobile s (SUV): Current Value (Month),M020008694,M020001541,0,月,万辆,当期值,2.0,全国,中国,,比较重要,国家统计局,,2975,getEcoDataChina,2009-01-31,2026-06-30,1,EcoInfoProGet,2026-08-13T01:09:36.711019+00:00,产量:汽车:运动型多用途乘用车(SUV):当月值,产量:汽车:运动型多用途乘用车(SUV):当月值,False,Output: Automobile: Sports Utility Automobile s (SUV): Current Value (Month),Output: Automobile: Sports Utility Automobile s (SUV): Current Value (Month),False,月,月,False,万辆,万辆,False,当期值,当期值,False,全国,全国,False,中国,中国,False,国家统计局,国家统计局,False,getEcoDataChina,getEcoDataChina,False,2009-01-31,2009-01-31,False,2026-06-30,2026-06-30,False,1,1,False,True,False,产量:汽车:运动型多用途乘用车(SUV):当月值,Output: Automobile: Sports Utility Automobile s (SUV): Current Value (Month),月,万辆,当期值,全国,中国,国家统计局,getEcoDataChina,2009-01-31,2026-06-30,1,False,False,False,False,False,False,False,False,False,False,False,False,False
801880,汽车,6,2070928296,当周日均销量:乘用车:厂家批发,,周,辆,当期值,全国,中国,全国乘用车市场信息联席会,getEcoDataIndAutomobile,2015-03-06,2026-07-31,1,147.0,2070928296,当周日均销量:乘用车:厂家批发,,S070928296,S070100934,0,周,辆,当期值,0.0,全国,中国,,不重要,全国乘用车市场信息联席会,,2977,getEcoDataIndAutomobile,2015-03-06,2026-07-31,1,EcoInfoProGet,2026-08-13T01:09:36.711019+00:00,当周日均销量:乘用车:厂家批发,当周日均销量:乘用车:厂家批发,False,,,False,周,周,False,辆,辆,False,当期值,当期值,False,全国,全国,False,中国,中国,False,全国乘用车市场信息联席会,全国乘用车市场信息联席会,False,getEcoDataIndAutomobile,getEcoDataIndAutomobile,False,2015-03-06,2015-03-06,False,2026-07-31,2026-07-31,False,1,1,False,True,False,当周日均销量:乘用车:厂家批发,,周,辆,当期值,全国,中国,全国乘用车市场信息联席会,getEcoDataIndAutomobile,2015-03-06,2026-07-31,1,False,False,False,False,False,False,False,False,False,False,False,False,False
801880,汽车,7,1020021235,产量:新能源汽车:当月值,Output: New Energy Vehicles: Current Value,月,万辆,当期值,全国,中国,国家统计局,getEcoDataChina,2016-03-31,2026-06-30,1,145.0,1020021235,产量:新能源汽车:当月值,Output: New Energy Vehicles: Current Value,M020021235,M020001541,0,月,万辆,当期值,1.0,全国,中国,,比较重要,国家统计局,,2975,getEcoDataChina,2016-03-31,2026-06-30,1,EcoInfoProGet,2026-08-13T01:09:36.711019+00:00,产量:新能源汽车:当月值,产量:新能源汽车:当月值,False,Output: New Energy Vehicles: Current Value,Output: New Energy Vehicles: Current Value,False,月,月,False,万辆,万辆,False,当期值,当期值,False,全国,全国,False,中国,中国,False,国家统计局,国家统计局,False,getEcoDataChina,getEcoDataChina,False,2016-03-31,2016-03-31,False,2026-06-30,2026-06-30,False,1,1,False,True,False,产量:新能源汽车:当月值,Output: New Energy Vehicles: Current Value,月,万辆,当期值,全国,中国,国家统计局,getEcoDataChina,2016-03-31,2026-06-30,1,False,False,False,False,False,False,False,False,False,False,False,False,False
801880,汽车,8,2070200023,专用汽车:进口数量:当月值,Special purpose Automobile: Imports Quantity,月,辆,当期值,全国,中国,海关总署,getEcoDataIndAutomobile,1998-01-31,2026-05-31,1,143.0,2070200023,专用汽车:进口数量:当月值,Special purpose Automobile: Imports Quantity,S070200023,S070200002,0,月,辆,当期值,0.0,全国,中国,,不重要,海关总署,,2977,getEcoDataIndAutomobile,1998-01-31,2026-05-31,1,EcoInfoProGet,2026-08-13T01:09:36.711019+00:00,专用汽车:进口数量:当月值,专用汽车:进口数量:当月值,False,Special purpose Automobile: Imports Quantity,Special purpose Automobile: Imports Quantity,False,月,月,False,辆,辆,False,当期值,当期值,False,全国,全国,False,中国,中国,False,海关总署,海关总署,False,getEcoDataIndAutomobile,getEcoDataIndAutomobile,False,1998-01-31,1998-01-31,False,2026-05-31,2026-05-31,False,1,1,False,True,False,专用汽车:进口数量:当月值,Special purpose Automobile: Imports Quantity,月,辆,当期值,全国,中国,海关总署,getEcoDataIndAutomobile,1998-01-31,2026-05-31,1,False,False,False,False,False,False,False,False,False,False,False,False,False
801880,汽车,9,2070200096,专用汽车:进口金额:累计同比,Special purpose Automobile: Imports Value: YTD: YoY,月,%,累计同比,全国,中国,海关总署,getEcoDataIndAutomobile,1998-01-31,2026-06-30,1,143.0,2070200096,专用汽车:进口金额:累计同比,Special purpose Automobile: Imports Value: YTD: YoY,S070200096,S070200002,0,月,%,累计同比,2.0,全国,中国,,不重要,海关总署,,2977,getEcoDataIndAutomobile,1998-01-31,2026-06-30,1,EcoInfoProGet,2026-08-13T01:09:36.711019+00:00,专用汽车:进口金额:累计同比,专用汽车:进口金额:累计同比,False,Special purpose Automobile: Imports Value: YTD: YoY,Special purpose Automobile: Imports Value: YTD: YoY,False,月,月,False,%,%,False,累计同比,累计同比,False,全国,全国,False,中国,中国,False,海关总署,海关总署,False,getEcoDataIndAutomobile,getEcoDataIndAutomobile,False,1998-01-31,1998-01-31,False,2026-06-30,2026-06-30,False,1,1,False,True,False,专用汽车:进口金额:累计同比,Special purpose Automobile: Imports Value: YTD: YoY,月,%,累计同比,全国,中国,海关总署,getEcoDataIndAutomobile,1998-01-31,2026-06-30,1,False,False,False,False,False,False,False,False,False,False,False,False,False
801880,汽车,10,2070100971,乘用车销量:广义乘用车:当月同比,Passenger Car Sales Volume: Generalized Passenger: YoY,月,%,当期同比,全国,中国,全国乘用车市场信息联席会,getEcoDataIndAutomobile,2009-03-31,2026-06-30,1,143.0,2070100971,乘用车销量:广义乘用车:当月同比,Passenger Car Sales Volume: Generalized Passenger: YoY,S070100971,S070100968,0,月,%,当期同比,2.0,全国,中国,,不重要,全国乘用车市场信息联席会,,2977,getEcoDataIndAutomobile,2009-03-31,2026-07-31,1,EcoInfoProGet,2026-08-13T01:09:36.711019+00:00,乘用车销量:广义乘用车:当月同比,乘用车销量:广义乘用车:当月同比,False,Passenger Car Sales Volume: Generalized Passenger: YoY,Passenger Car Sales Volume: Generalized Passenger: YoY,False,月,月,False,%,%,False,当期同比,当期同比,False,全国,全国,False,中国,中国,False,全国乘用车市场信息联席会,全国乘用车市场信息联席会,False,getEcoDataIndAutomobile,getEcoDataIndAutomobile,False,2009-03-31,2009-03-31,False,2026-06-30,2026-07-31,True,1,1,False,True,True,乘用车销量:广义乘用车:当月同比,Passenger Car Sales Volume: Generalized Passenger: YoY,月,%,当期同比,全国,中国,全国乘用车市场信息联席会,getEcoDataIndAutomobile,2009-03-31,2026-07-31,1,False,False,False,False,False,False,False,False,False,False,False,False,False
801880,汽车,11,1020001586,产量:汽车:当月值,Output: Automobile: Current Value (Month),月,万辆,当期值,全国,中国,国家统计局,getEcoDataChina,1989-02-28,2026-06-30,1,143.0,1020001586,产量:汽车:当月值,Output: Automobile: Current Value (Month),M020001586,M020001541,0,月,万辆,当期值,2.0,全国,中国,,比较重要,国家统计局,"汽车整车包括:
基本型乘用车:活顶乘用车、高级乘用车、小型乘用车、敞蓬车、仓背乘用车;
越野乘用车;
专用乘用车:如旅居车、防弹车、救护车、殡仪车等;
其他乘用车:旅行车、多用途乘用车、短头乘用车;
客车:小型客车、城市客车(单层和双层)、长途客车、旅游客车、铰结式客车、越野客车、专用客车等;
半挂牵引车;
货车:普通货车、多用途货车、全挂牵引车、越野货车等;
专用作业车:管道加油车、消防车、保温车、混凝土泵车、抢修工程车、道路清洁车、垃 圾处理车、洒水车、救护车、流动医疗车、机动起重车、升降平台、机动钻探车、机动环境监测车、机动客梯车、充电车等;
专用货车:罐式车、混凝土运输车、乘用车运输车、机动散装货物传送车、集装箱运输车等;
雪地行走专用机动车、高尔夫球机动车及类似机动车;
汽车发动机;
上述机动车辆的底盘。",2975,getEcoDataChina,1989-02-28,2026-06-30,1,EcoInfoProGet,2026-08-13T01:09:36.711019+00:00,产量:汽车:当月值,产量:汽车:当月值,False,Output: Automobile: Current Value (Month),Output: Automobile: Current Value (Month),False,月,月,False,万辆,万辆,False,当期值,当期值,False,全国,全国,False,中国,中国,False,国家统计局,国家统计局,False,getEcoDataChina,getEcoDataChina,False,1989-02-28,1989-02-28,False,2026-06-30,2026-06-30,False,1,1,False,True,False,产量:汽车:当月值,Output: Automobile: Current Value (Month),月,万辆,当期值,全国,中国,国家统计局,getEcoDataChina,1989-02-28,2026-06-30,1,False,False,False,False,False,False,False,False,False,False,False,False,False
801880,汽车,12,1020008695,产量:汽车:载货汽车:当月值,Output: Automobile: Truck: Current Value (Month),月,万辆,当期值,全国,中国,国家统计局,getEcoDataChina,1989-01-31,2026-06-30,1,143.0,1020008695,产量:汽车:载货汽车:当月值,Output: Automobile: Truck: Current Value (Month),M020008695,M020001541,0,月,万辆,当期值,2.0,全国,中国,,不重要,国家统计局,,2975,getEcoDataChina,1989-01-31,2026-06-30,1,EcoInfoProGet,2026-08-13T01:09:36.711019+00:00,产量:汽车:载货汽车:当月值,产量:汽车:载货汽车:当月值,False,Output: Automobile: Truck: Current Value (Month),Output: Automobile: Truck: Current Value (Month),False,月,月,False,万辆,万辆,False,当期值,当期值,False,全国,全国,False,中国,中国,False,国家统计局,国家统计局,False,getEcoDataChina,getEcoDataChina,False,1989-01-31,1989-01-31,False,2026-06-30,2026-06-30,False,1,1,False,True,False,产量:汽车:载货汽车:当月值,Output: Automobile: Truck: Current Value (Month),月,万辆,当期值,全国,中国,国家统计局,getEcoDataChina,1989-01-31,2026-06-30,1,False,False,False,False,False,False,False,False,False,False,False,False,False
801880,汽车,13,1020001606,产量:轿车:当月值,Output: Basic passenger car(car),月,万辆,当期值,全国,中国,国家统计局,getEcoDataChina,1989-02-28,2026-06-30,1,143.0,1020001606,产量:轿车:当月值,Output: Basic passenger car(car),M020001606,M020001541,0,月,万辆,当期值,2.0,全国,中国,,比较重要,国家统计局,,2975,getEcoDataChina,1989-02-28,2026-06-30,1,EcoInfoProGet,2026-08-13T01:09:36.711019+00:00,产量:轿车:当月值,产量:轿车:当月值,False,Output: Basic passenger car(car),Output: Basic passenger car(car),False,月,月,False,万辆,万辆,False,当期值,当期值,False,全国,全国,False,中国,中国,False,国家统计局,国家统计局,False,getEcoDataChina,getEcoDataChina,False,1989-02-28,1989-02-28,False,2026-06-30,2026-06-30,False,1,1,False,True,False,产量:轿车:当月值,Output: Basic passenger car(car),月,万辆,当期值,全国,中国,国家统计局,getEcoDataChina,1989-02-28,2026-06-30,1,False,False,False,False,False,False,False,False,False,False,False,False,False
801880,汽车,14,1020000201,出口交货值:汽车制造业:当月同比,Export Delivery Value: Automotive Manufacturing: Current YoY (Month),月,%,当期同比,全国,中国,国家统计局,getEcoDataChina,2012-02-29,2026-06-30,1,143.0,1020000201,出口交货值:汽车制造业:当月同比,Export Delivery Value: Automotive Manufacturing: Current YoY (Month),M020000201,M020000129,0,月,%,当期同比,2.0,全国,中国,,不重要,国家统计局,,2975,getEcoDataChina,2012-02-29,2026-06-30,1,EcoInfoProGet,2026-08-13T01:09:36.711019+00:00,出口交货值:汽车制造业:当月同比,出口交货值:汽车制造业:当月同比,False,Export Delivery Value: Automotive Manufacturing: Current YoY (Month),Export Delivery Value: Automotive Manufacturing: Current YoY (Month),False,月,月,False,%,%,False,当期同比,当期同比,False,全国,全国,False,中国,中国,False,国家统计局,国家统计局,False,getEcoDataChina,getEcoDataChina,False,2012-02-29,2012-02-29,False,2026-06-30,2026-06-30,False,1,1,False,True,False,出口交货值:汽车制造业:当月同比,Export Delivery Value: Automotive Manufacturing: Current YoY (Month),月,%,当期同比,全国,中国,国家统计局,getEcoDataChina,2012-02-29,2026-06-30,1,False,False,False,False,False,False,False,False,False,False,False,False,False
801880,汽车,15,1020000160,出口交货值:汽车制造业:当期值,Export Delivery Value: Automotive Manufacturing: Current Value,月,亿元,当期值,全国,中国,国家统计局,getEcoDataChina,2012-02-29,2026-06-30,1,143.0,1020000160,出口交货值:汽车制造业:当期值,Export Delivery Value: Automotive Manufacturing: Current Value,M020000160,M020000129,0,月,亿元,当期值,2.0,全国,中国,人民币元,不重要,国家统计局,,2975,getEcoDataChina,2012-02-29,2026-06-30,1,EcoInfoProGet,2026-08-13T01:09:36.711019+00:00,出口交货值:汽车制造业:当期值,出口交货值:汽车制造业:当期值,False,Export Delivery Value: Automotive Manufacturing: Current Value,Export Delivery Value: Automotive Manufacturing: Current Value,False,月,月,False,亿元,亿元,False,当期值,当期值,False,全国,全国,False,中国,中国,False,国家统计局,国家统计局,False,getEcoDataChina,getEcoDataChina,False,2012-02-29,2012-02-29,False,2026-06-30,2026-06-30,False,1,1,False,True,False,出口交货值:汽车制造业:当期值,Export Delivery Value: Automotive Manufacturing: Current Value,月,亿元,当期值,全国,中国,国家统计局,getEcoDataChina,2012-02-29,2026-06-30,1,False,False,False,False,False,False,False,False,False,False,False,False,False
801880,汽车,16,2070936196,出口数量:汽车整车:当月同比,Export Quantity: Automobile Vehicles: YoY,月,%,当期同比,全国,中国,工信部,getEcoDataIndAutomobile,2009-03-31,2026-06-30,1,143.0,2070936196,出口数量:汽车整车:当月同比,Export Quantity: Automobile Vehicles: YoY,S070936196,S070200043,0,月,%,当期同比,1.0,全国,中国,,比较重要,工信部,,2977,getEcoDataIndAutomobile,2009-03-31,2026-06-30,1,EcoInfoProGet,2026-08-13T01:09:36.711019+00:00,出口数量:汽车整车:当月同比,出口数量:汽车整车:当月同比,False,Export Quantity: Automobile Vehicles: YoY,Export Quantity: Automobile Vehicles: YoY,False,月,月,False,%,%,False,当期同比,当期同比,False,全国,全国,False,中国,中国,False,工信部,工信部,False,getEcoDataIndAutomobile,getEcoDataIndAutomobile,False,2009-03-31,2009-03-31,False,2026-06-30,2026-06-30,False,1,1,False,True,False,出口数量:汽车整车:当月同比,Export Quantity: Automobile Vehicles: YoY,月,%,当期同比,全国,中国,工信部,getEcoDataIndAutomobile,2009-03-31,2026-06-30,1,False,False,False,False,False,False,False,False,False,False,False,False,False
801880,汽车,17,2070133167,汽车经销商库存系数:同比,Automobile Dealers Inventory Ration: YoY,月,%,当期同比,全国,中国,中国汽车流通协会,getEcoDataIndAutomobile,2014-01-31,2026-06-30,1,143.0,2070133167,汽车经销商库存系数:同比,Automobile Dealers Inventory Ration: YoY,S070133167,S070104269,0,月,%,当期同比,2.0,全国,中国,,不重要,中国汽车流通协会,,2977,getEcoDataIndAutomobile,2014-01-31,2026-07-31,1,EcoInfoProGet,2026-08-13T01:09:36.711019+00:00,汽车经销商库存系数:同比,汽车经销商库存系数:同比,False,Automobile Dealers Inventory Ration: YoY,Automobile Dealers Inventory Ration: YoY,False,月,月,False,%,%,False,当期同比,当期同比,False,全国,全国,False,中国,中国,False,中国汽车流通协会,中国汽车流通协会,False,getEcoDataIndAutomobile,getEcoDataIndAutomobile,False,2014-01-31,2014-01-31,False,2026-06-30,2026-07-31,True,1,1,False,True,True,汽车经销商库存系数:同比,Automobile Dealers Inventory Ration: YoY,月,%,当期同比,全国,中国,中国汽车流通协会,getEcoDataIndAutomobile,2014-01-31,2026-07-31,1,False,False,False,False,False,False,False,False,False,False,False,False,False
801880,汽车,18,2070133155,汽车经销商库存预警指数,Automobile Inventory Warning Index,月,%,当期值,全国,中国,中国汽车流通协会,getEcoDataIndAutomobile,2014-01-31,2026-07-31,1,143.0,2070133155,汽车经销商库存预警指数,Automobile Inventory Warning Index,S070133155,S070104269,0,月,%,当期值,2.0,全国,中国,,不重要,中国汽车流通协会,,2977,getEcoDataIndAutomobile,2014-01-31,2026-07-31,1,EcoInfoProGet,2026-08-13T01:09:36.711019+00:00,汽车经销商库存预警指数,汽车经销商库存预警指数,False,Automobile Inventory Warning Index,Automobile Inventory Warning Index,False,月,月,False,%,%,False,当期值,当期值,False,全国,全国,False,中国,中国,False,中国汽车流通协会,中国汽车流通协会,False,getEcoDataIndAutomobile,getEcoDataIndAutomobile,False,2014-01-31,2014-01-31,False,2026-07-31,2026-07-31,False,1,1,False,True,False,汽车经销商库存预警指数,Automobile Inventory Warning Index,月,%,当期值,全国,中国,中国汽车流通协会,getEcoDataIndAutomobile,2014-01-31,2026-07-31,1,False,False,False,False,False,False,False,False,False,False,False,False,False
801880,汽车,19,2070133159,汽车经销商库存预警指数:从业人员指数,Automobile Inventory Warning Index: Employment Index,月,%,当期值,全国,中国,中国汽车流通协会,getEcoDataIndAutomobile,2014-01-31,2026-07-31,1,143.0,2070133159,汽车经销商库存预警指数:从业人员指数,Automobile Inventory Warning Index: Employment Index,S070133159,S070104269,0,月,%,当期值,2.0,全国,中国,,不重要,中国汽车流通协会,,2977,getEcoDataIndAutomobile,2014-01-31,2026-07-31,1,EcoInfoProGet,2026-08-13T01:09:36.711019+00:00,汽车经销商库存预警指数:从业人员指数,汽车经销商库存预警指数:从业人员指数,False,Automobile Inventory Warning Index: Employment Index,Automobile Inventory Warning Index: Employment Index,False,月,月,False,%,%,False,当期值,当期值,False,全国,全国,False,中国,中国,False,中国汽车流通协会,中国汽车流通协会,False,getEcoDataIndAutomobile,getEcoDataIndAutomobile,False,2014-01-31,2014-01-31,False,2026-07-31,2026-07-31,False,1,1,False,True,False,汽车经销商库存预警指数:从业人员指数,Automobile Inventory Warning Index: Employment Index,月,%,当期值,全国,中国,中国汽车流通协会,getEcoDataIndAutomobile,2014-01-31,2026-07-31,1,False,False,False,False,False,False,False,False,False,False,False,False,False
801880,汽车,20,2070133165,汽车经销商库存预警指数:从业人员指数:环比增减,Automobile Inventory Warning Index: Employee Index: Net Change from Preceding Period,月,%,环比增减,全国,中国,中国汽车流通协会,getEcoDataIndAutomobile,2014-01-31,2026-07-31,1,143.0,2070133165,汽车经销商库存预警指数:从业人员指数:环比增减,Automobile Inventory Warning Index: Employee Index: Net Change from Preceding Period,S070133165,S070104269,0,月,%,环比增减,2.0,全国,中国,,不重要,中国汽车流通协会,,2977,getEcoDataIndAutomobile,2014-01-31,2026-07-31,1,EcoInfoProGet,2026-08-13T01:09:36.711019+00:00,汽车经销商库存预警指数:从业人员指数:环比增减,汽车经销商库存预警指数:从业人员指数:环比增减,False,Automobile Inventory Warning Index: Employee Index: Net Change from Preceding Period,Automobile Inventory Warning Index: Employee Index: Net Change from Preceding Period,False,月,月,False,%,%,False,环比增减,环比增减,False,全国,全国,False,中国,中国,False,中国汽车流通协会,中国汽车流通协会,False,getEcoDataIndAutomobile,getEcoDataIndAutomobile,False,2014-01-31,2014-01-31,False,2026-07-31,2026-07-31,False,1,1,False,True,False,汽车经销商库存预警指数:从业人员指数:环比增减,Automobile Inventory Warning Index: Employee Index: Net Change from Preceding Period,月,%,环比增减,全国,中国,中国汽车流通协会,getEcoDataIndAutomobile,2014-01-31,2026-07-31,1,False,False,False,False,False,False,False,False,False,False,False,False,False
801880,汽车,21,2070133156,汽车经销商库存预警指数:市场总需求指数,Automobile Inventory Warning Index: Total Market Demand Index,月,%,当期值,全国,中国,中国汽车流通协会,getEcoDataIndAutomobile,2014-01-31,2026-07-31,1,143.0,2070133156,汽车经销商库存预警指数:市场总需求指数,Automobile Inventory Warning Index: Total Market Demand Index,S070133156,S070104269,0,月,%,当期值,2.0,全国,中国,,不重要,中国汽车流通协会,,2977,getEcoDataIndAutomobile,2014-01-31,2026-07-31,1,EcoInfoProGet,2026-08-13T01:09:36.711019+00:00,汽车经销商库存预警指数:市场总需求指数,汽车经销商库存预警指数:市场总需求指数,False,Automobile Inventory Warning Index: Total Market Demand Index,Automobile Inventory Warning Index: Total Market Demand Index,False,月,月,False,%,%,False,当期值,当期值,False,全国,全国,False,中国,中国,False,中国汽车流通协会,中国汽车流通协会,False,getEcoDataIndAutomobile,getEcoDataIndAutomobile,False,2014-01-31,2014-01-31,False,2026-07-31,2026-07-31,False,1,1,False,True,False,汽车经销商库存预警指数:市场总需求指数,Automobile Inventory Warning Index: Total Market Demand Index,月,%,当期值,全国,中国,中国汽车流通协会,getEcoDataIndAutomobile,2014-01-31,2026-07-31,1,False,False,False,False,False,False,False,False,False,False,False,False,False
801880,汽车,22,2070133162,汽车经销商库存预警指数:市场总需求指数:环比增减,Automobile Inventory Warning Index: Total Market Demand Index: Net Change from Preceding Period,月,%,环比增减,全国,中国,中国汽车流通协会,getEcoDataIndAutomobile,2014-01-31,2026-07-31,1,143.0,2070133162,汽车经销商库存预警指数:市场总需求指数:环比增减,Automobile Inventory Warning Index: Total Market Demand Index: Net Change from Preceding Period,S070133162,S070104269,0,月,%,环比增减,2.0,全国,中国,,不重要,中国汽车流通协会,,2977,getEcoDataIndAutomobile,2014-01-31,2026-07-31,1,EcoInfoProGet,2026-08-13T01:09:36.711019+00:00,汽车经销商库存预警指数:市场总需求指数:环比增减,汽车经销商库存预警指数:市场总需求指数:环比增减,False,Automobile Inventory Warning Index: Total Market Demand Index: Net Change from Preceding Period,Automobile Inventory Warning Index: Total Market Demand Index: Net Change from Preceding Period,False,月,月,False,%,%,False,环比增减,环比增减,False,全国,全国,False,中国,中国,False,中国汽车流通协会,中国汽车流通协会,False,getEcoDataIndAutomobile,getEcoDataIndAutomobile,False,2014-01-31,2014-01-31,False,2026-07-31,2026-07-31,False,1,1,False,True,False,汽车经销商库存预警指数:市场总需求指数:环比增减,Automobile Inventory Warning Index: Total Market Demand Index: Net Change from Preceding Period,月,%,环比增减,全国,中国,中国汽车流通协会,getEcoDataIndAutomobile,2014-01-31,2026-07-31,1,False,False,False,False,False,False,False,False,False,False,False,False,False
801880,汽车,23,2070133157,汽车经销商库存预警指数:库存指数,Vehicle Inventory Alert Index: Inventory Index,月,%,当期值,全国,中国,中国汽车流通协会,getEcoDataIndAutomobile,2014-01-31,2026-07-31,1,143.0,2070133157,汽车经销商库存预警指数:库存指数,Vehicle Inventory Alert Index: Inventory Index,S070133157,S070104269,0,月,%,当期值,2.0,全国,中国,,不重要,中国汽车流通协会,,2977,getEcoDataIndAutomobile,2014-01-31,2026-07-31,1,EcoInfoProGet,2026-08-13T01:09:36.711019+00:00,汽车经销商库存预警指数:库存指数,汽车经销商库存预警指数:库存指数,False,Vehicle Inventory Alert Index: Inventory Index,Vehicle Inventory Alert Index: Inventory Index,False,月,月,False,%,%,False,当期值,当期值,False,全国,全国,False,中国,中国,False,中国汽车流通协会,中国汽车流通协会,False,getEcoDataIndAutomobile,getEcoDataIndAutomobile,False,2014-01-31,2014-01-31,False,2026-07-31,2026-07-31,False,1,1,False,True,False,汽车经销商库存预警指数:库存指数,Vehicle Inventory Alert Index: Inventory Index,月,%,当期值,全国,中国,中国汽车流通协会,getEcoDataIndAutomobile,2014-01-31,2026-07-31,1,False,False,False,False,False,False,False,False,False,False,False,False,False
801880,汽车,24,2070900005,轮胎经销商价格指数:卡客车,TBR-Distributor Price Index,月,2011年5月=100,当期值,全国,中国,我的轮胎网,getEcoDataIndAutomobile,2011-05-31,2026-06-30,1,143.0,2070900005,轮胎经销商价格指数:卡客车,TBR-Distributor Price Index,S070900005,S070900001,0,月,2011年5月=100,当期值,2.0,全国,中国,,不重要,我的轮胎网,"该指数是度量卡客车轮胎经销商价格水平随着时间变动的相对数,综合反映经销商从一级代理商购买的卡客车轮胎批发价格水平的变动情况。",2977,getEcoDataIndAutomobile,2011-05-31,2026-07-31,1,EcoInfoProGet,2026-08-13T01:09:36.711019+00:00,轮胎经销商价格指数:卡客车,轮胎经销商价格指数:卡客车,False,TBR-Distributor Price Index,TBR-Distributor Price Index,False,月,月,False,2011年5月=100,2011年5月=100,False,当期值,当期值,False,全国,全国,False,中国,中国,False,我的轮胎网,我的轮胎网,False,getEcoDataIndAutomobile,getEcoDataIndAutomobile,False,2011-05-31,2011-05-31,False,2026-06-30,2026-07-31,True,1,1,False,True,True,轮胎经销商价格指数:卡客车,TBR-Distributor Price Index,月,2011年5月=100,当期值,全国,中国,我的轮胎网,getEcoDataIndAutomobile,2011-05-31,2026-06-30,1,False,False,False,False,False,False,False,False,False,False,True,False,True
801880,汽车,25,2070900004,轮胎经销商价格指数:轿车,PCR-Distributor Price Index,月,2011年5月=100,当期值,全国,中国,我的轮胎网,getEcoDataIndAutomobile,2011-05-31,2026-06-30,1,143.0,2070900004,轮胎经销商价格指数:轿车,PCR-Distributor Price Index,S070900004,S070900001,0,月,2011年5月=100,当期值,2.0,全国,中国,,不重要,我的轮胎网,"该指数是度量轿车轮胎经销商价格水平随着时间变动的相对数,综合反映经销商从一级代理商购买的轿车轮胎批发价格水平的变动情况。",2977,getEcoDataIndAutomobile,2011-05-31,2026-06-30,1,EcoInfoProGet,2026-08-13T01:09:36.711019+00:00,轮胎经销商价格指数:轿车,轮胎经销商价格指数:轿车,False,PCR-Distributor Price Index,PCR-Distributor Price Index,False,月,月,False,2011年5月=100,2011年5月=100,False,当期值,当期值,False,全国,全国,False,中国,中国,False,我的轮胎网,我的轮胎网,False,getEcoDataIndAutomobile,getEcoDataIndAutomobile,False,2011-05-31,2011-05-31,False,2026-06-30,2026-06-30,False,1,1,False,True,False,轮胎经销商价格指数:轿车,PCR-Distributor Price Index,月,2011年5月=100,当期值,全国,中国,我的轮胎网,getEcoDataIndAutomobile,2011-05-31,2026-06-30,1,False,False,False,False,False,False,False,False,False,False,False,False,False
801880,汽车,26,2070200020,进口数量:卡车(包括整套散件):累计值,Trucks(incl. Complete Set of Parts): Imports Quantity: YTD,月,辆,累计值,全国,中国,海关总署,getEcoDataIndAutomobile,1998-01-31,2026-06-30,1,143.0,2070200020,进口数量:卡车(包括整套散件):累计值,Trucks(incl. Complete Set of Parts): Imports Quantity: YTD,S070200020,S070200002,0,月,辆,累计值,0.0,全国,中国,,不重要,海关总署,,2977,getEcoDataIndAutomobile,1998-01-31,2026-06-30,1,EcoInfoProGet,2026-08-13T01:09:36.711019+00:00,进口数量:卡车(包括整套散件):累计值,进口数量:卡车(包括整套散件):累计值,False,Trucks(incl. Complete Set of Parts): Imports Quantity: YTD,Trucks(incl. Complete Set of Parts): Imports Quantity: YTD,False,月,月,False,辆,辆,False,累计值,累计值,False,全国,全国,False,中国,中国,False,海关总署,海关总署,False,getEcoDataIndAutomobile,getEcoDataIndAutomobile,False,1998-01-31,1998-01-31,False,2026-06-30,2026-06-30,False,1,1,False,True,False,进口数量:卡车(包括整套散件):累计值,Trucks(incl. Complete Set of Parts): Imports Quantity: YTD,月,辆,累计值,全国,中国,海关总署,getEcoDataIndAutomobile,1998-01-31,2026-06-30,1,False,False,False,False,False,False,False,False,False,False,False,False,False
801880,汽车,27,2070100936,乘用车周销量:同比上年同周,Passenger Car Sales Volume of Week: Year Same Week Last Year:YoY,周,%,当期同比,,中国,全国乘用车市场信息联席会,getEcoDataIndAutomobile,2010-11-05,2026-07-31,1,137.0,2070100936,乘用车周销量:同比上年同周,Passenger Car Sales Volume of Week: Year Same Week Last Year:YoY,S070100936,S070100934,0,周,%,当期同比,2.0,,中国,,不重要,全国乘用车市场信息联席会,,2977,getEcoDataIndAutomobile,2010-11-05,2026-07-31,1,EcoInfoProGet,2026-08-13T01:09:36.711019+00:00,乘用车周销量:同比上年同周,乘用车周销量:同比上年同周,False,Passenger Car Sales Volume of Week: Year Same Week Last Year:YoY,Passenger Car Sales Volume of Week: Year Same Week Last Year:YoY,False,周,周,False,%,%,False,当期同比,当期同比,False,,,False,中国,中国,False,全国乘用车市场信息联席会,全国乘用车市场信息联席会,False,getEcoDataIndAutomobile,getEcoDataIndAutomobile,False,2010-11-05,2010-11-05,False,2026-07-31,2026-07-31,False,1,1,False,True,False,乘用车周销量:同比上年同周,Passenger Car Sales Volume of Week: Year Same Week Last Year:YoY,周,%,当期同比,,中国,全国乘用车市场信息联席会,getEcoDataIndAutomobile,2010-11-05,2026-07-31,1,False,False,False,False,False,False,False,False,False,False,False,False,False
801880,汽车,28,2070100935,乘用车周销量:环比上月同周,Passenger Car Sales Volume of Week: Same Week Last Month:WoW,周,%,当期环比,,中国,全国乘用车市场信息联席会,getEcoDataIndAutomobile,2010-11-05,2026-07-31,1,137.0,2070100935,乘用车周销量:环比上月同周,Passenger Car Sales Volume of Week: Same Week Last Month:WoW,S070100935,S070100934,0,周,%,当期环比,2.0,,中国,,不重要,全国乘用车市场信息联席会,,2977,getEcoDataIndAutomobile,2010-11-05,2026-07-31,1,EcoInfoProGet,2026-08-13T01:09:36.711019+00:00,乘用车周销量:环比上月同周,乘用车周销量:环比上月同周,False,Passenger Car Sales Volume of Week: Same Week Last Month:WoW,Passenger Car Sales Volume of Week: Same Week Last Month:WoW,False,周,周,False,%,%,False,当期环比,当期环比,False,,,False,中国,中国,False,全国乘用车市场信息联席会,全国乘用车市场信息联席会,False,getEcoDataIndAutomobile,getEcoDataIndAutomobile,False,2010-11-05,2010-11-05,False,2026-07-31,2026-07-31,False,1,1,False,True,False,乘用车周销量:环比上月同周,Passenger Car Sales Volume of Week: Same Week Last Month:WoW,周,%,当期环比,,中国,全国乘用车市场信息联席会,getEcoDataIndAutomobile,2010-11-05,2026-07-31,1,False,False,False,False,False,False,False,False,False,False,False,False,False
801880,汽车,29,2070100958,乘用车产量:MPV:当月值,Passenger Car Output: MPV: Current Value (Month),月,辆,当期值,,,全国乘用车市场信息联席会,getEcoDataIndAutomobile,2008-03-31,2026-06-30,1,135.0,2070100958,乘用车产量:MPV:当月值,Passenger Car Output: MPV: Current Value (Month),S070100958,S070100937,0,月,辆,当期值,0.0,,,,比较重要,全国乘用车市场信息联席会,,2977,getEcoDataIndAutomobile,2008-03-31,2026-07-31,1,EcoInfoProGet,2026-08-13T01:09:36.711019+00:00,乘用车产量:MPV:当月值,乘用车产量:MPV:当月值,False,Passenger Car Output: MPV: Current Value (Month),Passenger Car Output: MPV: Current Value (Month),False,月,月,False,辆,辆,False,当期值,当期值,False,,,False,,,False,全国乘用车市场信息联席会,全国乘用车市场信息联席会,False,getEcoDataIndAutomobile,getEcoDataIndAutomobile,False,2008-03-31,2008-03-31,False,2026-06-30,2026-07-31,True,1,1,False,True,True,乘用车产量:MPV:当月值,Passenger Car Output: MPV: Current Value (Month),月,辆,当期值,,,全国乘用车市场信息联席会,getEcoDataIndAutomobile,2008-03-31,2026-07-31,1,False,False,False,False,False,False,False,False,False,False,False,False,False
801880,汽车,30,2070100953,乘用车产量:SUV:当月值,Passenger Car Output: SUV: Current Value (Month),月,辆,当期值,,,全国乘用车市场信息联席会,getEcoDataIndAutomobile,2008-03-31,2026-06-30,1,135.0,2070100953,乘用车产量:SUV:当月值,Passenger Car Output: SUV: Current Value (Month),S070100953,S070100937,0,月,辆,当期值,0.0,,,,比较重要,全国乘用车市场信息联席会,,2977,getEcoDataIndAutomobile,2008-03-31,2026-07-31,1,EcoInfoProGet,2026-08-13T01:09:36.711019+00:00,乘用车产量:SUV:当月值,乘用车产量:SUV:当月值,False,Passenger Car Output: SUV: Current Value (Month),Passenger Car Output: SUV: Current Value (Month),False,月,月,False,辆,辆,False,当期值,当期值,False,,,False,,,False,全国乘用车市场信息联席会,全国乘用车市场信息联席会,False,getEcoDataIndAutomobile,getEcoDataIndAutomobile,False,2008-03-31,2008-03-31,False,2026-06-30,2026-07-31,True,1,1,False,True,True,乘用车产量:SUV:当月值,Passenger Car Output: SUV: Current Value (Month),月,辆,当期值,,,全国乘用车市场信息联席会,getEcoDataIndAutomobile,2008-03-31,2026-07-31,1,False,False,False,False,False,False,False,False,False,False,False,False,False
801890,机械设备,1,2080100030,产量:中型拖拉机:当月值,Output: Medium Tractor,月,台,当期值,全国,中国,国家统计局,getEcoDataIndMachineryequipment,2009-02-28,2026-06-30,1,143.0,2080100030,产量:中型拖拉机:当月值,Output: Medium Tractor,S080100030,S080100003,0,月,台,当期值,0.0,全国,中国,,不重要,国家统计局,,2990,getEcoDataIndMachineryequipment,2009-02-28,2026-06-30,1,EcoInfoProGet,2026-08-13T01:09:36.711019+00:00,产量:中型拖拉机:当月值,产量:中型拖拉机:当月值,False,Output: Medium Tractor,Output: Medium Tractor,False,月,月,False,台,台,False,当期值,当期值,False,全国,全国,False,中国,中国,False,国家统计局,国家统计局,False,getEcoDataIndMachineryequipment,getEcoDataIndMachineryequipment,False,2009-02-28,2009-02-28,False,2026-06-30,2026-06-30,False,1,1,False,True,False,产量:中型拖拉机:当月值,Output: Medium Tractor,月,台,当期值,全国,中国,国家统计局,getEcoDataIndMachineryequipment,2009-02-28,2026-06-30,1,False,False,False,False,False,False,False,False,False,False,False,False,False
801890,机械设备,2,2080100028,产量:大型拖拉机:当月值,Output: Large Tractor,月,台,当期值,全国,中国,国家统计局,getEcoDataIndMachineryequipment,2009-02-28,2026-06-30,1,143.0,2080100028,产量:大型拖拉机:当月值,Output: Large Tractor,S080100028,S080100003,0,月,台,当期值,0.0,全国,中国,,不重要,国家统计局,,2990,getEcoDataIndMachineryequipment,2009-02-28,2026-06-30,1,EcoInfoProGet,2026-08-13T01:09:36.711019+00:00,产量:大型拖拉机:当月值,产量:大型拖拉机:当月值,False,Output: Large Tractor,Output: Large Tractor,False,月,月,False,台,台,False,当期值,当期值,False,全国,全国,False,中国,中国,False,国家统计局,国家统计局,False,getEcoDataIndMachineryequipment,getEcoDataIndMachineryequipment,False,2009-02-28,2009-02-28,False,2026-06-30,2026-06-30,False,1,1,False,True,False,产量:大型拖拉机:当月值,Output: Large Tractor,月,台,当期值,全国,中国,国家统计局,getEcoDataIndMachineryequipment,2009-02-28,2026-06-30,1,False,False,False,False,False,False,False,False,False,False,False,False,False
801890,机械设备,3,2080100032,产量:小型拖拉机:当月值,Output: Small Tractor,月,万台,当期值,全国,中国,国家统计局,getEcoDataIndMachineryequipment,1989-02-28,2026-06-30,1,143.0,2080100032,产量:小型拖拉机:当月值,Output: Small Tractor,S080100032,S080100003,0,月,万台,当期值,2.0,全国,中国,,不重要,国家统计局,,2990,getEcoDataIndMachineryequipment,1989-02-28,2026-06-30,1,EcoInfoProGet,2026-08-13T01:09:36.711019+00:00,产量:小型拖拉机:当月值,产量:小型拖拉机:当月值,False,Output: Small Tractor,Output: Small Tractor,False,月,月,False,万台,万台,False,当期值,当期值,False,全国,全国,False,中国,中国,False,国家统计局,国家统计局,False,getEcoDataIndMachineryequipment,getEcoDataIndMachineryequipment,False,1989-02-28,1989-02-28,False,2026-06-30,2026-06-30,False,1,1,False,True,False,产量:小型拖拉机:当月值,Output: Small Tractor,月,万台,当期值,全国,中国,国家统计局,getEcoDataIndMachineryequipment,1989-02-28,2026-06-30,1,False,False,False,False,False,False,False,False,False,False,False,False,False
801890,机械设备,4,1020008693,产量:工业机器人:当月值,Output: Industrial Robots: Current Value (Month),月,套,当期值,全国,中国,国家统计局,getEcoDataChina,2016-03-31,2026-06-30,1,143.0,1020008693,产量:工业机器人:当月值,Output: Industrial Robots: Current Value (Month),M020008693,M020001541,0,月,套,当期值,1.0,全国,中国,,比较重要,国家统计局,,2975,getEcoDataChina,2016-03-31,2026-06-30,1,EcoInfoProGet,2026-08-13T01:09:36.711019+00:00,产量:工业机器人:当月值,产量:工业机器人:当月值,False,Output: Industrial Robots: Current Value (Month),Output: Industrial Robots: Current Value (Month),False,月,月,False,套,套,False,当期值,当期值,False,全国,全国,False,中国,中国,False,国家统计局,国家统计局,False,getEcoDataChina,getEcoDataChina,False,2016-03-31,2016-03-31,False,2026-06-30,2026-06-30,False,1,1,False,True,False,产量:工业机器人:当月值,Output: Industrial Robots: Current Value (Month),月,套,当期值,全国,中国,国家统计局,getEcoDataChina,2016-03-31,2026-06-30,1,False,False,False,False,False,False,False,False,False,False,False,False,False
801890,机械设备,5,2080100060,产量:挖掘机:当月值,Output: Excavator,月,台,当期值,全国,中国,国家统计局,getEcoDataIndMachineryequipment,2007-01-31,2026-06-30,1,143.0,2080100060,产量:挖掘机:当月值,Output: Excavator,S080100060,S080100003,0,月,台,当期值,0.0,全国,中国,,不重要,国家统计局,,2990,getEcoDataIndMachineryequipment,2007-01-31,2026-06-30,1,EcoInfoProGet,2026-08-13T01:09:36.711019+00:00,产量:挖掘机:当月值,产量:挖掘机:当月值,False,Output: Excavator,Output: Excavator,False,月,月,False,台,台,False,当期值,当期值,False,全国,全国,False,中国,中国,False,国家统计局,国家统计局,False,getEcoDataIndMachineryequipment,getEcoDataIndMachineryequipment,False,2007-01-31,2007-01-31,False,2026-06-30,2026-06-30,False,1,1,False,True,False,产量:挖掘机:当月值,Output: Excavator,月,台,当期值,全国,中国,国家统计局,getEcoDataIndMachineryequipment,2007-01-31,2026-06-30,1,False,False,False,False,False,False,False,False,False,False,False,False,False
801890,机械设备,6,2080617129,产量:电梯、自动扶梯及升降机:当月值,"Output: Elevators, Escalators and Lifts: Current Value (Month)",月,万台,当期值,全国,中国,国家统计局,getEcoDataIndMachineryequipment,2015-02-28,2026-06-30,1,143.0,2080617129,产量:电梯、自动扶梯及升降机:当月值,"Output: Elevators, Escalators and Lifts: Current Value (Month)",S080617129,S080100003,0,月,万台,当期值,1.0,全国,中国,,不重要,国家统计局,,2990,getEcoDataIndMachineryequipment,2015-02-28,2026-06-30,1,EcoInfoProGet,2026-08-13T01:09:36.711019+00:00,产量:电梯、自动扶梯及升降机:当月值,产量:电梯、自动扶梯及升降机:当月值,False,"Output: Elevators, Escalators and Lifts: Current Value (Month)","Output: Elevators, Escalators and Lifts: Current Value (Month)",False,月,月,False,万台,万台,False,当期值,当期值,False,全国,全国,False,中国,中国,False,国家统计局,国家统计局,False,getEcoDataIndMachineryequipment,getEcoDataIndMachineryequipment,False,2015-02-28,2015-02-28,False,2026-06-30,2026-06-30,False,1,1,False,True,False,产量:电梯、自动扶梯及升降机:当月值,"Output: Elevators, Escalators and Lifts: Current Value (Month)",月,万台,当期值,全国,中国,国家统计局,getEcoDataIndMachineryequipment,2015-02-28,2026-06-30,1,False,False,False,False,False,False,False,False,False,False,False,False,False
801890,机械设备,7,2080100004,产量:金属切削机床:当月值,Output: Metal Cutting Machine Tool,月,万台,当期值,全国,中国,国家统计局,getEcoDataIndMachineryequipment,1989-02-28,2026-06-30,1,143.0,2080100004,产量:金属切削机床:当月值,Output: Metal Cutting Machine Tool,S080100004,S080100003,0,月,万台,当期值,2.0,全国,中国,,不重要,国家统计局,,2990,getEcoDataIndMachineryequipment,1989-02-28,2026-06-30,1,EcoInfoProGet,2026-08-13T01:09:36.711019+00:00,产量:金属切削机床:当月值,产量:金属切削机床:当月值,False,Output: Metal Cutting Machine Tool,Output: Metal Cutting Machine Tool,False,月,月,False,万台,万台,False,当期值,当期值,False,全国,全国,False,中国,中国,False,国家统计局,国家统计局,False,getEcoDataIndMachineryequipment,getEcoDataIndMachineryequipment,False,1989-02-28,1989-02-28,False,2026-06-30,2026-06-30,False,1,1,False,True,False,产量:金属切削机床:当月值,Output: Metal Cutting Machine Tool,月,万台,当期值,全国,中国,国家统计局,getEcoDataIndMachineryequipment,1989-02-28,2026-06-30,1,False,False,False,False,False,False,False,False,False,False,False,False,False
801890,机械设备,8,2080106991,产量:金属成形机床:当月值,Output: Metal Forming Machines: Current Value (Month),月,万台,当期值,全国,中国,国家统计局,getEcoDataIndMachineryequipment,2000-07-31,2026-06-30,1,143.0,2080106991,产量:金属成形机床:当月值,Output: Metal Forming Machines: Current Value (Month),S080106991,S080100003,0,月,万台,当期值,2.0,全国,中国,,不重要,国家统计局,,2990,getEcoDataIndMachineryequipment,2000-07-31,2026-06-30,1,EcoInfoProGet,2026-08-13T01:09:36.711019+00:00,产量:金属成形机床:当月值,产量:金属成形机床:当月值,False,Output: Metal Forming Machines: Current Value (Month),Output: Metal Forming Machines: Current Value (Month),False,月,月,False,万台,万台,False,当期值,当期值,False,全国,全国,False,中国,中国,False,国家统计局,国家统计局,False,getEcoDataIndMachineryequipment,getEcoDataIndMachineryequipment,False,2000-07-31,2000-07-31,False,2026-06-30,2026-06-30,False,1,1,False,True,False,产量:金属成形机床:当月值,Output: Metal Forming Machines: Current Value (Month),月,万台,当期值,全国,中国,国家统计局,getEcoDataIndMachineryequipment,2000-07-31,2026-06-30,1,False,False,False,False,False,False,False,False,False,False,False,False,False
801890,机械设备,9,2087006727,出口金额(美元):专用于或主要用于加工机床等机器的零件、附件(8466):当月值,Export Value (USD): Parts and Accessories Specially or Mainly Used for Processing Machines such as Machine Tools(8466): Current Month Value,月,美元,当期值,中国,中国,海关总署,getEcoDataIndMachineryequipment,2015-01-31,2026-06-30,1,143.0,2087006727,出口金额(美元):专用于或主要用于加工机床等机器的零件、附件(8466):当月值,Export Value (USD): Parts and Accessories Specially or Mainly Used for Processing Machines such as Machine Tools(8466): Current Month Value,S087006727,S087002673,0,月,美元,当期值,2.0,中国,中国,美元,一般重要,海关总署,"HS编码""8466""中文全称为""专用于或主要用于品目84.56至84.65所列机器的零件、附件,包括工件或工具的夹具、自启板牙切头、分度头及其他专用于机器的附件;各种手提工具的工具夹具""",2990,getEcoDataIndMachineryequipment,2015-01-31,2026-06-30,1,EcoInfoProGet,2026-08-13T01:09:36.711019+00:00,出口金额(美元):专用于或主要用于加工机床等机器的零件、附件(8466):当月值,出口金额(美元):专用于或主要用于加工机床等机器的零件、附件(8466):当月值,False,Export Value (USD): Parts and Accessories Specially or Mainly Used for Processing Machines such as Machine Tools(8466): Current Month Value,Export Value (USD): Parts and Accessories Specially or Mainly Used for Processing Machines such as Machine Tools(8466): Current Month Value,False,月,月,False,美元,美元,False,当期值,当期值,False,中国,中国,False,中国,中国,False,海关总署,海关总署,False,getEcoDataIndMachineryequipment,getEcoDataIndMachineryequipment,False,2015-01-31,2015-01-31,False,2026-06-30,2026-06-30,False,1,1,False,True,False,出口金额(美元):专用于或主要用于加工机床等机器的零件、附件(8466):当月值,Export Value (USD): Parts and Accessories Specially or Mainly Used for Processing Machines such as Machine Tools(8466): Current Month Value,月,美元,当期值,中国,中国,海关总署,getEcoDataIndMachineryequipment,2015-01-31,2026-06-30,1,False,False,False,False,False,False,False,False,False,False,False,False,False
801890,机械设备,10,2087006951,出口金额(美元):传动轴及曲柄;轴承座及滑动轴承(8483):当月值,Export Value (USD): Transmission Shaft and Crank;Bearing Pedestal and Sliding Bearing(8483): Current Month Value,月,美元,当期值,中国,中国,海关总署,getEcoDataIndMachineryequipment,2015-01-31,2026-06-30,1,143.0,2087006951,出口金额(美元):传动轴及曲柄;轴承座及滑动轴承(8483):当月值,Export Value (USD): Transmission Shaft and Crank;Bearing Pedestal and Sliding Bearing(8483): Current Month Value,S087006951,S087002689,0,月,美元,当期值,2.0,中国,中国,美元,一般重要,海关总署,"HS编码""8483""中文全称为""传动轴(包括凸轮轴及曲柄轴)及曲柄;轴承座及滑动轴承;齿轮及齿轮传动装置;滚珠或滚子螺杆传动装置;齿轮箱及其他变速装置,包括扭矩变换器;飞轮及滑轮,包括滑轮组;离合器及连轴器(包括万向节)""",2990,getEcoDataIndMachineryequipment,2015-01-31,2026-06-30,1,EcoInfoProGet,2026-08-13T01:09:36.711019+00:00,出口金额(美元):传动轴及曲柄;轴承座及滑动轴承(8483):当月值,出口金额(美元):传动轴及曲柄;轴承座及滑动轴承(8483):当月值,False,Export Value (USD): Transmission Shaft and Crank;Bearing Pedestal and Sliding Bearing(8483): Current Month Value,Export Value (USD): Transmission Shaft and Crank;Bearing Pedestal and Sliding Bearing(8483): Current Month Value,False,月,月,False,美元,美元,False,当期值,当期值,False,中国,中国,False,中国,中国,False,海关总署,海关总署,False,getEcoDataIndMachineryequipment,getEcoDataIndMachineryequipment,False,2015-01-31,2015-01-31,False,2026-06-30,2026-06-30,False,1,1,False,True,False,出口金额(美元):传动轴及曲柄;轴承座及滑动轴承(8483):当月值,Export Value (USD): Transmission Shaft and Crank;Bearing Pedestal and Sliding Bearing(8483): Current Month Value,月,美元,当期值,中国,中国,海关总署,getEcoDataIndMachineryequipment,2015-01-31,2026-06-30,1,False,False,False,False,False,False,False,False,False,False,False,False,False
801890,机械设备,11,2087006657,出口金额(美元):切削金属或金属陶瓷的精加工机床(8461):当月值,Export Value (USD): Finishing Machine Tool for Cutting Metal or Cermet(8461): Current Month Value,月,美元,当期值,中国,中国,海关总署,getEcoDataIndMachineryequipment,2015-01-31,2026-06-30,1,143.0,2087006657,出口金额(美元):切削金属或金属陶瓷的精加工机床(8461):当月值,Export Value (USD): Finishing Machine Tool for Cutting Metal or Cermet(8461): Current Month Value,S087006657,S087002668,0,月,美元,当期值,2.0,中国,中国,美元,一般重要,海关总署,"HS编码""8461""中文全称为""切削金属或金属陶瓷的刨床、牛头刨床、插床、拉床、切齿机、齿轮磨床或齿轮精加工机床、锯末、切断机及未列名的切削机床""",2990,getEcoDataIndMachineryequipment,2015-01-31,2026-06-30,1,EcoInfoProGet,2026-08-13T01:09:36.711019+00:00,出口金额(美元):切削金属或金属陶瓷的精加工机床(8461):当月值,出口金额(美元):切削金属或金属陶瓷的精加工机床(8461):当月值,False,Export Value (USD): Finishing Machine Tool for Cutting Metal or Cermet(8461): Current Month Value,Export Value (USD): Finishing Machine Tool for Cutting Metal or Cermet(8461): Current Month Value,False,月,月,False,美元,美元,False,当期值,当期值,False,中国,中国,False,中国,中国,False,海关总署,海关总署,False,getEcoDataIndMachineryequipment,getEcoDataIndMachineryequipment,False,2015-01-31,2015-01-31,False,2026-06-30,2026-06-30,False,1,1,False,True,False,出口金额(美元):切削金属或金属陶瓷的精加工机床(8461):当月值,Export Value (USD): Finishing Machine Tool for Cutting Metal or Cermet(8461): Current Month Value,月,美元,当期值,中国,中国,海关总署,getEcoDataIndMachineryequipment,2015-01-31,2026-06-30,1,False,False,False,False,False,False,False,False,False,False,False,False,False
801890,机械设备,12,2087006629,出口金额(美元):切削金属的钻床、镗床、铣床、攻丝机床(8459):当月值,"Export Value (USD): Drilling Machine, Boring Machine, Milling Machine and Tapping Machine for Cutting Metal(8459): Current Month Value",月,美元,当期值,中国,中国,海关总署,getEcoDataIndMachineryequipment,2015-01-31,2026-06-30,1,143.0,2087006629,出口金额(美元):切削金属的钻床、镗床、铣床、攻丝机床(8459):当月值,"Export Value (USD): Drilling Machine, Boring Machine, Milling Machine and Tapping Machine for Cutting Metal(8459): Current Month Value",S087006629,S087002666,0,月,美元,当期值,2.0,中国,中国,美元,一般重要,海关总署,"HS编码""8459""中文全称为""切削金属的钻床、镗床、铣床、攻丝机床(包括直线移动式动力头机床),但品目8458的车床(包括车削中心)除外""",2990,getEcoDataIndMachineryequipment,2015-01-31,2026-06-30,1,EcoInfoProGet,2026-08-13T01:09:36.711019+00:00,出口金额(美元):切削金属的钻床、镗床、铣床、攻丝机床(8459):当月值,出口金额(美元):切削金属的钻床、镗床、铣床、攻丝机床(8459):当月值,False,"Export Value (USD): Drilling Machine, Boring Machine, Milling Machine and Tapping Machine for Cutting Metal(8459): Current Month Value","Export Value (USD): Drilling Machine, Boring Machine, Milling Machine and Tapping Machine for Cutting Metal(8459): Current Month Value",False,月,月,False,美元,美元,False,当期值,当期值,False,中国,中国,False,中国,中国,False,海关总署,海关总署,False,getEcoDataIndMachineryequipment,getEcoDataIndMachineryequipment,False,2015-01-31,2015-01-31,False,2026-06-30,2026-06-30,False,1,1,False,True,False,出口金额(美元):切削金属的钻床、镗床、铣床、攻丝机床(8459):当月值,"Export Value (USD): Drilling Machine, Boring Machine, Milling Machine and Tapping Machine for Cutting Metal(8459): Current Month Value",月,美元,当期值,中国,中国,海关总署,getEcoDataIndMachineryequipment,2015-01-31,2026-06-30,1,False,False,False,False,False,False,False,False,False,False,False,False,False
801890,机械设备,13,2087006601,出口金额(美元):加工金属的加工中心、单工位组合机床等(8457):当月值,"Export Value (USD): Metal Processing Center, Single Station Modular Machine Tool, Etc(8457): Current Month Value",月,美元,当期值,中国,中国,海关总署,getEcoDataIndMachineryequipment,2015-01-31,2026-06-30,1,143.0,2087006601,出口金额(美元):加工金属的加工中心、单工位组合机床等(8457):当月值,"Export Value (USD): Metal Processing Center, Single Station Modular Machine Tool, Etc(8457): Current Month Value",S087006601,S087002664,0,月,美元,当期值,2.0,中国,中国,美元,一般重要,海关总署,"HS编码""8457""中文全称为""加工金属的加工中心、单工位组合机床及多工位组合机床""",2990,getEcoDataIndMachineryequipment,2015-01-31,2026-06-30,1,EcoInfoProGet,2026-08-13T01:09:36.711019+00:00,出口金额(美元):加工金属的加工中心、单工位组合机床等(8457):当月值,出口金额(美元):加工金属的加工中心、单工位组合机床等(8457):当月值,False,"Export Value (USD): Metal Processing Center, Single Station Modular Machine Tool, Etc(8457): Current Month Value","Export Value (USD): Metal Processing Center, Single Station Modular Machine Tool, Etc(8457): Current Month Value",False,月,月,False,美元,美元,False,当期值,当期值,False,中国,中国,False,中国,中国,False,海关总署,海关总署,False,getEcoDataIndMachineryequipment,getEcoDataIndMachineryequipment,False,2015-01-31,2015-01-31,False,2026-06-30,2026-06-30,False,1,1,False,True,False,出口金额(美元):加工金属的加工中心、单工位组合机床等(8457):当月值,"Export Value (USD): Metal Processing Center, Single Station Modular Machine Tool, Etc(8457): Current Month Value",月,美元,当期值,中国,中国,海关总署,getEcoDataIndMachineryequipment,2015-01-31,2026-06-30,1,False,False,False,False,False,False,False,False,False,False,False,False,False
801890,机械设备,14,2087006671,出口金额(美元):加工金属的锻造或冲压机床(8462):当月值,Export Value (USD): forging or Stamping Machine Tool for Processing Metal(8462): Current Month Value,月,美元,当期值,中国,中国,海关总署,getEcoDataIndMachineryequipment,2015-01-31,2026-06-30,1,143.0,2087006671,出口金额(美元):加工金属的锻造或冲压机床(8462):当月值,Export Value (USD): forging or Stamping Machine Tool for Processing Metal(8462): Current Month Value,S087006671,S087002669,0,月,美元,当期值,2.0,中国,中国,美元,一般重要,海关总署,"HS编码""8462""中文全称为""加工金属的锻造(包括模锻)或冲压机床(包括压力机);加工金属的弯曲、折叠、矫直、矫平、剪切、冲孔或开槽机床(包括压力机);其他加工金属或硬质合金的压力机""",2990,getEcoDataIndMachineryequipment,2015-01-31,2026-06-30,1,EcoInfoProGet,2026-08-13T01:09:36.711019+00:00,出口金额(美元):加工金属的锻造或冲压机床(8462):当月值,出口金额(美元):加工金属的锻造或冲压机床(8462):当月值,False,Export Value (USD): forging or Stamping Machine Tool for Processing Metal(8462): Current Month Value,Export Value (USD): forging or Stamping Machine Tool for Processing Metal(8462): Current Month Value,False,月,月,False,美元,美元,False,当期值,当期值,False,中国,中国,False,中国,中国,False,海关总署,海关总署,False,getEcoDataIndMachineryequipment,getEcoDataIndMachineryequipment,False,2015-01-31,2015-01-31,False,2026-06-30,2026-06-30,False,1,1,False,True,False,出口金额(美元):加工金属的锻造或冲压机床(8462):当月值,Export Value (USD): forging or Stamping Machine Tool for Processing Metal(8462): Current Month Value,月,美元,当期值,中国,中国,海关总署,getEcoDataIndMachineryequipment,2015-01-31,2026-06-30,1,False,False,False,False,False,False,False,False,False,False,False,False,False
801890,机械设备,15,2087006643,出口金额(美元):去毛刺、刃磨等精加工的机床(8460):当月值,"Export Value (USD): Deburring, Grinding and Other Finishing Machine Tools(8460): Current Month Value",月,美元,当期值,中国,中国,海关总署,getEcoDataIndMachineryequipment,2015-01-31,2026-06-30,1,143.0,2087006643,出口金额(美元):去毛刺、刃磨等精加工的机床(8460):当月值,"Export Value (USD): Deburring, Grinding and Other Finishing Machine Tools(8460): Current Month Value",S087006643,S087002667,0,月,美元,当期值,2.0,中国,中国,美元,一般重要,海关总署,"HS编码""8460""中文全称为""用磨石、磨料或抛光材料对金属或金属陶瓷进行去毛刺、刃磨、磨削、珩磨、研磨、抛光或其他精加工的机床,但品目8461的切齿机、齿轮磨床或齿轮精加工机床除外""",2990,getEcoDataIndMachineryequipment,2015-01-31,2026-06-30,1,EcoInfoProGet,2026-08-13T01:09:36.711019+00:00,出口金额(美元):去毛刺、刃磨等精加工的机床(8460):当月值,出口金额(美元):去毛刺、刃磨等精加工的机床(8460):当月值,False,"Export Value (USD): Deburring, Grinding and Other Finishing Machine Tools(8460): Current Month Value","Export Value (USD): Deburring, Grinding and Other Finishing Machine Tools(8460): Current Month Value",False,月,月,False,美元,美元,False,当期值,当期值,False,中国,中国,False,中国,中国,False,海关总署,海关总署,False,getEcoDataIndMachineryequipment,getEcoDataIndMachineryequipment,False,2015-01-31,2015-01-31,False,2026-06-30,2026-06-30,False,1,1,False,True,False,出口金额(美元):去毛刺、刃磨等精加工的机床(8460):当月值,"Export Value (USD): Deburring, Grinding and Other Finishing Machine Tools(8460): Current Month Value",月,美元,当期值,中国,中国,海关总署,getEcoDataIndMachineryequipment,2015-01-31,2026-06-30,1,False,False,False,False,False,False,False,False,False,False,False,False,False
801890,机械设备,16,2087006181,出口金额(美元):叉车;其他装有升降或搬运装置的工作车(8427):当月值,Export Value (USD): forklift;Other Work Vehicles Equipped with Lifting or Handling Devices(8427): Current Month Value,月,美元,当期值,中国,中国,海关总署,getEcoDataIndMachineryequipment,2015-01-31,2026-06-30,1,143.0,2087006181,出口金额(美元):叉车;其他装有升降或搬运装置的工作车(8427):当月值,Export Value (USD): forklift;Other Work Vehicles Equipped with Lifting or Handling Devices(8427): Current Month Value,S087006181,S087002634,0,月,美元,当期值,2.0,中国,中国,美元,一般重要,海关总署,,2990,getEcoDataIndMachineryequipment,2015-01-31,2026-06-30,1,EcoInfoProGet,2026-08-13T01:09:36.711019+00:00,出口金额(美元):叉车;其他装有升降或搬运装置的工作车(8427):当月值,出口金额(美元):叉车;其他装有升降或搬运装置的工作车(8427):当月值,False,Export Value (USD): forklift;Other Work Vehicles Equipped with Lifting or Handling Devices(8427): Current Month Value,Export Value (USD): forklift;Other Work Vehicles Equipped with Lifting or Handling Devices(8427): Current Month Value,False,月,月,False,美元,美元,False,当期值,当期值,False,中国,中国,False,中国,中国,False,海关总署,海关总署,False,getEcoDataIndMachineryequipment,getEcoDataIndMachineryequipment,False,2015-01-31,2015-01-31,False,2026-06-30,2026-06-30,False,1,1,False,True,False,出口金额(美元):叉车;其他装有升降或搬运装置的工作车(8427):当月值,Export Value (USD): forklift;Other Work Vehicles Equipped with Lifting or Handling Devices(8427): Current Month Value,月,美元,当期值,中国,中国,海关总署,getEcoDataIndMachineryequipment,2015-01-31,2026-06-30,1,False,False,False,False,False,False,False,False,False,False,False,False,False
801890,机械设备,17,2087006713,出口金额(美元):木材、软木等或类似硬质材料的加工机床(8465):当月值,"Export Value (USD): Machine Tool for Processing Wood, Cork, Etc. or Similar Hard Materials(8465): Current Month Value",月,美元,当期值,中国,中国,海关总署,getEcoDataIndMachineryequipment,2015-01-31,2026-06-30,1,143.0,2087006713,出口金额(美元):木材、软木等或类似硬质材料的加工机床(8465):当月值,"Export Value (USD): Machine Tool for Processing Wood, Cork, Etc. or Similar Hard Materials(8465): Current Month Value",S087006713,S087002672,0,月,美元,当期值,2.0,中国,中国,美元,一般重要,海关总署,"HS编码""8465""中文全称为""木材、软木、骨、硬质橡胶、硬质塑料或类似硬质材料的加工机床(包括用打钉或打U形钉、胶粘或其他方法组合前述材料的机器)""",2990,getEcoDataIndMachineryequipment,2015-01-31,2026-06-30,1,EcoInfoProGet,2026-08-13T01:09:36.711019+00:00,出口金额(美元):木材、软木等或类似硬质材料的加工机床(8465):当月值,出口金额(美元):木材、软木等或类似硬质材料的加工机床(8465):当月值,False,"Export Value (USD): Machine Tool for Processing Wood, Cork, Etc. or Similar Hard Materials(8465): Current Month Value","Export Value (USD): Machine Tool for Processing Wood, Cork, Etc. or Similar Hard Materials(8465): Current Month Value",False,月,月,False,美元,美元,False,当期值,当期值,False,中国,中国,False,中国,中国,False,海关总署,海关总署,False,getEcoDataIndMachineryequipment,getEcoDataIndMachineryequipment,False,2015-01-31,2015-01-31,False,2026-06-30,2026-06-30,False,1,1,False,True,False,出口金额(美元):木材、软木等或类似硬质材料的加工机床(8465):当月值,"Export Value (USD): Machine Tool for Processing Wood, Cork, Etc. or Similar Hard Materials(8465): Current Month Value",月,美元,当期值,中国,中国,海关总署,getEcoDataIndMachineryequipment,2015-01-31,2026-06-30,1,False,False,False,False,False,False,False,False,False,False,False,False,False
801890,机械设备,18,2087005985,"出口金额(美元):液体泵,不论是否装有计量装置;液体提升机(8413):当月值","Export Value (USD): Liquid Pumps, Whether or Not Equipped with Metering Devices;Liquid Elevator(8413): Current Month Value",月,美元,当期值,中国,中国,海关总署,getEcoDataIndMachineryequipment,2015-01-31,2026-06-30,1,143.0,2087005985,"出口金额(美元):液体泵,不论是否装有计量装置;液体提升机(8413):当月值","Export Value (USD): Liquid Pumps, Whether or Not Equipped with Metering Devices;Liquid Elevator(8413): Current Month Value",S087005985,S087002620,0,月,美元,当期值,2.0,中国,中国,美元,一般重要,海关总署,,2990,getEcoDataIndMachineryequipment,2015-01-31,2026-06-30,1,EcoInfoProGet,2026-08-13T01:09:36.711019+00:00,"出口金额(美元):液体泵,不论是否装有计量装置;液体提升机(8413):当月值","出口金额(美元):液体泵,不论是否装有计量装置;液体提升机(8413):当月值",False,"Export Value (USD): Liquid Pumps, Whether or Not Equipped with Metering Devices;Liquid Elevator(8413): Current Month Value","Export Value (USD): Liquid Pumps, Whether or Not Equipped with Metering Devices;Liquid Elevator(8413): Current Month Value",False,月,月,False,美元,美元,False,当期值,当期值,False,中国,中国,False,中国,中国,False,海关总署,海关总署,False,getEcoDataIndMachineryequipment,getEcoDataIndMachineryequipment,False,2015-01-31,2015-01-31,False,2026-06-30,2026-06-30,False,1,1,False,True,False,"出口金额(美元):液体泵,不论是否装有计量装置;液体提升机(8413):当月值","Export Value (USD): Liquid Pumps, Whether or Not Equipped with Metering Devices;Liquid Elevator(8413): Current Month Value",月,美元,当期值,中国,中国,海关总署,getEcoDataIndMachineryequipment,2015-01-31,2026-06-30,1,False,False,False,False,False,False,False,False,False,False,False,False,False
801890,机械设备,19,2087006937,出口金额(美元):滚动轴承(8482):当月值,Export Value (USD): Rolling Bearing(8482): Current Month Value,月,美元,当期值,中国,中国,海关总署,getEcoDataIndMachineryequipment,2015-01-31,2026-06-30,1,143.0,2087006937,出口金额(美元):滚动轴承(8482):当月值,Export Value (USD): Rolling Bearing(8482): Current Month Value,S087006937,S087002688,0,月,美元,当期值,2.0,中国,中国,美元,一般重要,海关总署,,2990,getEcoDataIndMachineryequipment,2015-01-31,2026-06-30,1,EcoInfoProGet,2026-08-13T01:09:36.711019+00:00,出口金额(美元):滚动轴承(8482):当月值,出口金额(美元):滚动轴承(8482):当月值,False,Export Value (USD): Rolling Bearing(8482): Current Month Value,Export Value (USD): Rolling Bearing(8482): Current Month Value,False,月,月,False,美元,美元,False,当期值,当期值,False,中国,中国,False,中国,中国,False,海关总署,海关总署,False,getEcoDataIndMachineryequipment,getEcoDataIndMachineryequipment,False,2015-01-31,2015-01-31,False,2026-06-30,2026-06-30,False,1,1,False,True,False,出口金额(美元):滚动轴承(8482):当月值,Export Value (USD): Rolling Bearing(8482): Current Month Value,月,美元,当期值,中国,中国,海关总署,getEcoDataIndMachineryequipment,2015-01-31,2026-06-30,1,False,False,False,False,False,False,False,False,False,False,False,False,False
801890,机械设备,20,2087006587,出口金额(美元):用激光、其他光等或等离子弧处理材料的加工机床(8456):当月值,"Export Value (USD): Machine Tool for Processing Materials with Laser, Other Light, Etc. or Plasma Arc(8456): Current Month Value",月,美元,当期值,中国,中国,海关总署,getEcoDataIndMachineryequipment,2015-01-31,2026-06-30,1,143.0,2087006587,出口金额(美元):用激光、其他光等或等离子弧处理材料的加工机床(8456):当月值,"Export Value (USD): Machine Tool for Processing Materials with Laser, Other Light, Etc. or Plasma Arc(8456): Current Month Value",S087006587,S087002663,0,月,美元,当期值,2.0,中国,中国,美元,一般重要,海关总署,"HS编码""8456""中文全称为""用激光、其他光、光子束、超声波、放电、电化学法、电子束、离子束或等离子弧处理各种材料的加工机床;水射流切割机""",2990,getEcoDataIndMachineryequipment,2015-01-31,2026-06-30,1,EcoInfoProGet,2026-08-13T01:09:36.711019+00:00,出口金额(美元):用激光、其他光等或等离子弧处理材料的加工机床(8456):当月值,出口金额(美元):用激光、其他光等或等离子弧处理材料的加工机床(8456):当月值,False,"Export Value (USD): Machine Tool for Processing Materials with Laser, Other Light, Etc. or Plasma Arc(8456): Current Month Value","Export Value (USD): Machine Tool for Processing Materials with Laser, Other Light, Etc. or Plasma Arc(8456): Current Month Value",False,月,月,False,美元,美元,False,当期值,当期值,False,中国,中国,False,中国,中国,False,海关总署,海关总署,False,getEcoDataIndMachineryequipment,getEcoDataIndMachineryequipment,False,2015-01-31,2015-01-31,False,2026-06-30,2026-06-30,False,1,1,False,True,False,出口金额(美元):用激光、其他光等或等离子弧处理材料的加工机床(8456):当月值,"Export Value (USD): Machine Tool for Processing Materials with Laser, Other Light, Etc. or Plasma Arc(8456): Current Month Value",月,美元,当期值,中国,中国,海关总署,getEcoDataIndMachineryequipment,2015-01-31,2026-06-30,1,False,False,False,False,False,False,False,False,False,False,False,False,False
801890,机械设备,21,2087006699,出口金额(美元):石料、陶瓷等或类似矿物材料的加工机床(8464):当月值,"Export Value (USD): Machine Tools for Processing Stone, Ceramics, Etc. or Similar Mineral Materials(8464): Current Month Value",月,美元,当期值,中国,中国,海关总署,getEcoDataIndMachineryequipment,2015-01-31,2026-06-30,1,143.0,2087006699,出口金额(美元):石料、陶瓷等或类似矿物材料的加工机床(8464):当月值,"Export Value (USD): Machine Tools for Processing Stone, Ceramics, Etc. or Similar Mineral Materials(8464): Current Month Value",S087006699,S087002671,0,月,美元,当期值,2.0,中国,中国,美元,一般重要,海关总署,"HS编码""8464""中文全称为""石料、陶瓷、混凝土、石棉水泥或类似矿物材料的加工机床、玻璃冷加工机床""",2990,getEcoDataIndMachineryequipment,2015-01-31,2026-06-30,1,EcoInfoProGet,2026-08-13T01:09:36.711019+00:00,出口金额(美元):石料、陶瓷等或类似矿物材料的加工机床(8464):当月值,出口金额(美元):石料、陶瓷等或类似矿物材料的加工机床(8464):当月值,False,"Export Value (USD): Machine Tools for Processing Stone, Ceramics, Etc. or Similar Mineral Materials(8464): Current Month Value","Export Value (USD): Machine Tools for Processing Stone, Ceramics, Etc. or Similar Mineral Materials(8464): Current Month Value",False,月,月,False,美元,美元,False,当期值,当期值,False,中国,中国,False,中国,中国,False,海关总署,海关总署,False,getEcoDataIndMachineryequipment,getEcoDataIndMachineryequipment,False,2015-01-31,2015-01-31,False,2026-06-30,2026-06-30,False,1,1,False,True,False,出口金额(美元):石料、陶瓷等或类似矿物材料的加工机床(8464):当月值,"Export Value (USD): Machine Tools for Processing Stone, Ceramics, Etc. or Similar Mineral Materials(8464): Current Month Value",月,美元,当期值,中国,中国,海关总署,getEcoDataIndMachineryequipment,2015-01-31,2026-06-30,1,False,False,False,False,False,False,False,False,False,False,False,False,False
801890,机械设备,22,2087005999,出口金额(美元):空气泵或真空泵、空气及其他气体压缩机、风机等(8414):当月值,"Export Value (USD): Air Pump or Vacuum Pump, Air and Other Gas Compressor, Fan, Etc(8414): Current Month Value",月,美元,当期值,中国,中国,海关总署,getEcoDataIndMachineryequipment,2015-01-31,2026-06-30,1,143.0,2087005999,出口金额(美元):空气泵或真空泵、空气及其他气体压缩机、风机等(8414):当月值,"Export Value (USD): Air Pump or Vacuum Pump, Air and Other Gas Compressor, Fan, Etc(8414): Current Month Value",S087005999,S087002621,0,月,美元,当期值,2.0,中国,中国,美元,一般重要,海关总署,"HS编码""8414""中文全称为""空气泵或真空泵、空气及其他气体压缩机、风机、风扇;装有风扇的通风罩或循环气罩,不论是否装有过滤器""",2990,getEcoDataIndMachineryequipment,2015-01-31,2026-06-30,1,EcoInfoProGet,2026-08-13T01:09:36.711019+00:00,出口金额(美元):空气泵或真空泵、空气及其他气体压缩机、风机等(8414):当月值,出口金额(美元):空气泵或真空泵、空气及其他气体压缩机、风机等(8414):当月值,False,"Export Value (USD): Air Pump or Vacuum Pump, Air and Other Gas Compressor, Fan, Etc(8414): Current Month Value","Export Value (USD): Air Pump or Vacuum Pump, Air and Other Gas Compressor, Fan, Etc(8414): Current Month Value",False,月,月,False,美元,美元,False,当期值,当期值,False,中国,中国,False,中国,中国,False,海关总署,海关总署,False,getEcoDataIndMachineryequipment,getEcoDataIndMachineryequipment,False,2015-01-31,2015-01-31,False,2026-06-30,2026-06-30,False,1,1,False,True,False,出口金额(美元):空气泵或真空泵、空气及其他气体压缩机、风机等(8414):当月值,"Export Value (USD): Air Pump or Vacuum Pump, Air and Other Gas Compressor, Fan, Etc(8414): Current Month Value",月,美元,当期值,中国,中国,海关总署,getEcoDataIndMachineryequipment,2015-01-31,2026-06-30,1,False,False,False,False,False,False,False,False,False,False,False,False,False
801890,机械设备,23,2087006167,出口金额(美元):船用桅杆式起重机;起重机(8426):当月值,Export Value (USD): Marine Mast Crane;Crane(8426): Current Month Value,月,美元,当期值,中国,中国,海关总署,getEcoDataIndMachineryequipment,2015-01-31,2026-06-30,1,143.0,2087006167,出口金额(美元):船用桅杆式起重机;起重机(8426):当月值,Export Value (USD): Marine Mast Crane;Crane(8426): Current Month Value,S087006167,S087002633,0,月,美元,当期值,2.0,中国,中国,美元,一般重要,海关总署,"HS编码""8426""中文全称为""船用桅杆式起重机;起重机,包括缆式起重机;移动式吊运架、跨运车及装有起重机的工作车""",2990,getEcoDataIndMachineryequipment,2015-01-31,2026-06-30,1,EcoInfoProGet,2026-08-13T01:09:36.711019+00:00,出口金额(美元):船用桅杆式起重机;起重机(8426):当月值,出口金额(美元):船用桅杆式起重机;起重机(8426):当月值,False,Export Value (USD): Marine Mast Crane;Crane(8426): Current Month Value,Export Value (USD): Marine Mast Crane;Crane(8426): Current Month Value,False,月,月,False,美元,美元,False,当期值,当期值,False,中国,中国,False,中国,中国,False,海关总署,海关总署,False,getEcoDataIndMachineryequipment,getEcoDataIndMachineryequipment,False,2015-01-31,2015-01-31,False,2026-06-30,2026-06-30,False,1,1,False,True,False,出口金额(美元):船用桅杆式起重机;起重机(8426):当月值,Export Value (USD): Marine Mast Crane;Crane(8426): Current Month Value,月,美元,当期值,中国,中国,海关总署,getEcoDataIndMachineryequipment,2015-01-31,2026-06-30,1,False,False,False,False,False,False,False,False,False,False,False,False,False
801890,机械设备,24,2087006685,出口金额(美元):金属或金属陶瓷的其他非切削加工机床(8463):当月值,Export Value (USD): Other Non Cutting Machine Tools for Metal or Cermet(8463): Current Month Value,月,美元,当期值,中国,中国,海关总署,getEcoDataIndMachineryequipment,2015-01-31,2026-06-30,1,143.0,2087006685,出口金额(美元):金属或金属陶瓷的其他非切削加工机床(8463):当月值,Export Value (USD): Other Non Cutting Machine Tools for Metal or Cermet(8463): Current Month Value,S087006685,S087002670,0,月,美元,当期值,2.0,中国,中国,美元,一般重要,海关总署,,2990,getEcoDataIndMachineryequipment,2015-01-31,2026-06-30,1,EcoInfoProGet,2026-08-13T01:09:36.711019+00:00,出口金额(美元):金属或金属陶瓷的其他非切削加工机床(8463):当月值,出口金额(美元):金属或金属陶瓷的其他非切削加工机床(8463):当月值,False,Export Value (USD): Other Non Cutting Machine Tools for Metal or Cermet(8463): Current Month Value,Export Value (USD): Other Non Cutting Machine Tools for Metal or Cermet(8463): Current Month Value,False,月,月,False,美元,美元,False,当期值,当期值,False,中国,中国,False,中国,中国,False,海关总署,海关总署,False,getEcoDataIndMachineryequipment,getEcoDataIndMachineryequipment,False,2015-01-31,2015-01-31,False,2026-06-30,2026-06-30,False,1,1,False,True,False,出口金额(美元):金属或金属陶瓷的其他非切削加工机床(8463):当月值,Export Value (USD): Other Non Cutting Machine Tools for Metal or Cermet(8463): Current Month Value,月,美元,当期值,中国,中国,海关总署,getEcoDataIndMachineryequipment,2015-01-31,2026-06-30,1,False,False,False,False,False,False,False,False,False,False,False,False,False
801890,机械设备,25,2087006729,进出口金额(美元):专用于或主要用于加工机床等机器的零件、附件(8466):当月值,Import and Export Value (USD): Parts and Accessories Specially or Mainly Used for Processing Machines such as Machine Tools(8466): Current Month Value,月,美元,当期值,中国,中国,海关总署,getEcoDataIndMachineryequipment,2015-01-31,2026-06-30,1,143.0,2087006729,进出口金额(美元):专用于或主要用于加工机床等机器的零件、附件(8466):当月值,Import and Export Value (USD): Parts and Accessories Specially or Mainly Used for Processing Machines such as Machine Tools(8466): Current Month Value,S087006729,S087002673,0,月,美元,当期值,2.0,中国,中国,美元,一般重要,海关总署,"HS编码""8466""中文全称为""专用于或主要用于品目84.56至84.65所列机器的零件、附件,包括工件或工具的夹具、自启板牙切头、分度头及其他专用于机器的附件;各种手提工具的工具夹具""",2990,getEcoDataIndMachineryequipment,2015-01-31,2026-06-30,1,EcoInfoProGet,2026-08-13T01:09:36.711019+00:00,进出口金额(美元):专用于或主要用于加工机床等机器的零件、附件(8466):当月值,进出口金额(美元):专用于或主要用于加工机床等机器的零件、附件(8466):当月值,False,Import and Export Value (USD): Parts and Accessories Specially or Mainly Used for Processing Machines such as Machine Tools(8466): Current Month Value,Import and Export Value (USD): Parts and Accessories Specially or Mainly Used for Processing Machines such as Machine Tools(8466): Current Month Value,False,月,月,False,美元,美元,False,当期值,当期值,False,中国,中国,False,中国,中国,False,海关总署,海关总署,False,getEcoDataIndMachineryequipment,getEcoDataIndMachineryequipment,False,2015-01-31,2015-01-31,False,2026-06-30,2026-06-30,False,1,1,False,True,False,进出口金额(美元):专用于或主要用于加工机床等机器的零件、附件(8466):当月值,Import and Export Value (USD): Parts and Accessories Specially or Mainly Used for Processing Machines such as Machine Tools(8466): Current Month Value,月,美元,当期值,中国,中国,海关总署,getEcoDataIndMachineryequipment,2015-01-31,2026-06-30,1,False,False,False,False,False,False,False,False,False,False,False,False,False
801890,机械设备,26,2087006953,进出口金额(美元):传动轴及曲柄;轴承座及滑动轴承(8483):当月值,Import and Export Value (USD): Transmission Shaft and Crank;Bearing Pedestal and Sliding Bearing(8483): Current Month Value,月,美元,当期值,中国,中国,海关总署,getEcoDataIndMachineryequipment,2015-01-31,2026-06-30,1,143.0,2087006953,进出口金额(美元):传动轴及曲柄;轴承座及滑动轴承(8483):当月值,Import and Export Value (USD): Transmission Shaft and Crank;Bearing Pedestal and Sliding Bearing(8483): Current Month Value,S087006953,S087002689,0,月,美元,当期值,2.0,中国,中国,美元,一般重要,海关总署,"HS编码""8483""中文全称为""传动轴(包括凸轮轴及曲柄轴)及曲柄;轴承座及滑动轴承;齿轮及齿轮传动装置;滚珠或滚子螺杆传动装置;齿轮箱及其他变速装置,包括扭矩变换器;飞轮及滑轮,包括滑轮组;离合器及连轴器(包括万向节)""",2990,getEcoDataIndMachineryequipment,2015-01-31,2026-06-30,1,EcoInfoProGet,2026-08-13T01:09:36.711019+00:00,进出口金额(美元):传动轴及曲柄;轴承座及滑动轴承(8483):当月值,进出口金额(美元):传动轴及曲柄;轴承座及滑动轴承(8483):当月值,False,Import and Export Value (USD): Transmission Shaft and Crank;Bearing Pedestal and Sliding Bearing(8483): Current Month Value,Import and Export Value (USD): Transmission Shaft and Crank;Bearing Pedestal and Sliding Bearing(8483): Current Month Value,False,月,月,False,美元,美元,False,当期值,当期值,False,中国,中国,False,中国,中国,False,海关总署,海关总署,False,getEcoDataIndMachineryequipment,getEcoDataIndMachineryequipment,False,2015-01-31,2015-01-31,False,2026-06-30,2026-06-30,False,1,1,False,True,False,进出口金额(美元):传动轴及曲柄;轴承座及滑动轴承(8483):当月值,Import and Export Value (USD): Transmission Shaft and Crank;Bearing Pedestal and Sliding Bearing(8483): Current Month Value,月,美元,当期值,中国,中国,海关总署,getEcoDataIndMachineryequipment,2015-01-31,2026-06-30,1,False,False,False,False,False,False,False,False,False,False,False,False,False
801890,机械设备,27,2087006659,进出口金额(美元):切削金属或金属陶瓷的精加工机床(8461):当月值,Import and Export Value (USD): Finishing Machine Tool for Cutting Metal or Cermet(8461): Current Month Value,月,美元,当期值,中国,中国,海关总署,getEcoDataIndMachineryequipment,2015-01-31,2026-06-30,1,143.0,2087006659,进出口金额(美元):切削金属或金属陶瓷的精加工机床(8461):当月值,Import and Export Value (USD): Finishing Machine Tool for Cutting Metal or Cermet(8461): Current Month Value,S087006659,S087002668,0,月,美元,当期值,2.0,中国,中国,美元,一般重要,海关总署,"HS编码""8461""中文全称为""切削金属或金属陶瓷的刨床、牛头刨床、插床、拉床、切齿机、齿轮磨床或齿轮精加工机床、锯末、切断机及未列名的切削机床""",2990,getEcoDataIndMachineryequipment,2015-01-31,2026-06-30,1,EcoInfoProGet,2026-08-13T01:09:36.711019+00:00,进出口金额(美元):切削金属或金属陶瓷的精加工机床(8461):当月值,进出口金额(美元):切削金属或金属陶瓷的精加工机床(8461):当月值,False,Import and Export Value (USD): Finishing Machine Tool for Cutting Metal or Cermet(8461): Current Month Value,Import and Export Value (USD): Finishing Machine Tool for Cutting Metal or Cermet(8461): Current Month Value,False,月,月,False,美元,美元,False,当期值,当期值,False,中国,中国,False,中国,中国,False,海关总署,海关总署,False,getEcoDataIndMachineryequipment,getEcoDataIndMachineryequipment,False,2015-01-31,2015-01-31,False,2026-06-30,2026-06-30,False,1,1,False,True,False,进出口金额(美元):切削金属或金属陶瓷的精加工机床(8461):当月值,Import and Export Value (USD): Finishing Machine Tool for Cutting Metal or Cermet(8461): Current Month Value,月,美元,当期值,中国,中国,海关总署,getEcoDataIndMachineryequipment,2015-01-31,2026-06-30,1,False,False,False,False,False,False,False,False,False,False,False,False,False
801890,机械设备,28,2087006631,进出口金额(美元):切削金属的钻床、镗床、铣床、攻丝机床(8459):当月值,"Import and Export Value (USD): Drilling Machine, Boring Machine, Milling Machine and Tapping Machine for Cutting Metal(8459): Current Month Value",月,美元,当期值,中国,中国,海关总署,getEcoDataIndMachineryequipment,2015-01-31,2026-06-30,1,143.0,2087006631,进出口金额(美元):切削金属的钻床、镗床、铣床、攻丝机床(8459):当月值,"Import and Export Value (USD): Drilling Machine, Boring Machine, Milling Machine and Tapping Machine for Cutting Metal(8459): Current Month Value",S087006631,S087002666,0,月,美元,当期值,2.0,中国,中国,美元,一般重要,海关总署,"HS编码""8459""中文全称为""切削金属的钻床、镗床、铣床、攻丝机床(包括直线移动式动力头机床),但品目8458的车床(包括车削中心)除外""",2990,getEcoDataIndMachineryequipment,2015-01-31,2026-06-30,1,EcoInfoProGet,2026-08-13T01:09:36.711019+00:00,进出口金额(美元):切削金属的钻床、镗床、铣床、攻丝机床(8459):当月值,进出口金额(美元):切削金属的钻床、镗床、铣床、攻丝机床(8459):当月值,False,"Import and Export Value (USD): Drilling Machine, Boring Machine, Milling Machine and Tapping Machine for Cutting Metal(8459): Current Month Value","Import and Export Value (USD): Drilling Machine, Boring Machine, Milling Machine and Tapping Machine for Cutting Metal(8459): Current Month Value",False,月,月,False,美元,美元,False,当期值,当期值,False,中国,中国,False,中国,中国,False,海关总署,海关总署,False,getEcoDataIndMachineryequipment,getEcoDataIndMachineryequipment,False,2015-01-31,2015-01-31,False,2026-06-30,2026-06-30,False,1,1,False,True,False,进出口金额(美元):切削金属的钻床、镗床、铣床、攻丝机床(8459):当月值,"Import and Export Value (USD): Drilling Machine, Boring Machine, Milling Machine and Tapping Machine for Cutting Metal(8459): Current Month Value",月,美元,当期值,中国,中国,海关总署,getEcoDataIndMachineryequipment,2015-01-31,2026-06-30,1,False,False,False,False,False,False,False,False,False,False,False,False,False
801890,机械设备,29,2087006603,进出口金额(美元):加工金属的加工中心、单工位组合机床等(8457):当月值,"Import and Export Value (USD): Metal Processing Center, Single Station Modular Machine Tool, Etc(8457): Current Month Value",月,美元,当期值,中国,中国,海关总署,getEcoDataIndMachineryequipment,2015-01-31,2026-06-30,1,143.0,2087006603,进出口金额(美元):加工金属的加工中心、单工位组合机床等(8457):当月值,"Import and Export Value (USD): Metal Processing Center, Single Station Modular Machine Tool, Etc(8457): Current Month Value",S087006603,S087002664,0,月,美元,当期值,2.0,中国,中国,美元,一般重要,海关总署,"HS编码""8457""中文全称为""加工金属的加工中心、单工位组合机床及多工位组合机床""",2990,getEcoDataIndMachineryequipment,2015-01-31,2026-06-30,1,EcoInfoProGet,2026-08-13T01:09:36.711019+00:00,进出口金额(美元):加工金属的加工中心、单工位组合机床等(8457):当月值,进出口金额(美元):加工金属的加工中心、单工位组合机床等(8457):当月值,False,"Import and Export Value (USD): Metal Processing Center, Single Station Modular Machine Tool, Etc(8457): Current Month Value","Import and Export Value (USD): Metal Processing Center, Single Station Modular Machine Tool, Etc(8457): Current Month Value",False,月,月,False,美元,美元,False,当期值,当期值,False,中国,中国,False,中国,中国,False,海关总署,海关总署,False,getEcoDataIndMachineryequipment,getEcoDataIndMachineryequipment,False,2015-01-31,2015-01-31,False,2026-06-30,2026-06-30,False,1,1,False,True,False,进出口金额(美元):加工金属的加工中心、单工位组合机床等(8457):当月值,"Import and Export Value (USD): Metal Processing Center, Single Station Modular Machine Tool, Etc(8457): Current Month Value",月,美元,当期值,中国,中国,海关总署,getEcoDataIndMachineryequipment,2015-01-31,2026-06-30,1,False,False,False,False,False,False,False,False,False,False,False,False,False
801890,机械设备,30,2087006183,进出口金额(美元):叉车;其他装有升降或搬运装置的工作车(8427):当月值,Import and Export Value (USD): forklift;Other Work Vehicles Equipped with Lifting or Handling Devices(8427): Current Month Value,月,美元,当期值,中国,中国,海关总署,getEcoDataIndMachineryequipment,2015-01-31,2026-06-30,1,143.0,2087006183,进出口金额(美元):叉车;其他装有升降或搬运装置的工作车(8427):当月值,Import and Export Value (USD): forklift;Other Work Vehicles Equipped with Lifting or Handling Devices(8427): Current Month Value,S087006183,S087002634,0,月,美元,当期值,2.0,中国,中国,美元,一般重要,海关总署,,2990,getEcoDataIndMachineryequipment,2015-01-31,2026-06-30,1,EcoInfoProGet,2026-08-13T01:09:36.711019+00:00,进出口金额(美元):叉车;其他装有升降或搬运装置的工作车(8427):当月值,进出口金额(美元):叉车;其他装有升降或搬运装置的工作车(8427):当月值,False,Import and Export Value (USD): forklift;Other Work Vehicles Equipped with Lifting or Handling Devices(8427): Current Month Value,Import and Export Value (USD): forklift;Other Work Vehicles Equipped with Lifting or Handling Devices(8427): Current Month Value,False,月,月,False,美元,美元,False,当期值,当期值,False,中国,中国,False,中国,中国,False,海关总署,海关总署,False,getEcoDataIndMachineryequipment,getEcoDataIndMachineryequipment,False,2015-01-31,2015-01-31,False,2026-06-30,2026-06-30,False,1,1,False,True,False,进出口金额(美元):叉车;其他装有升降或搬运装置的工作车(8427):当月值,Import and Export Value (USD): forklift;Other Work Vehicles Equipped with Lifting or Handling Devices(8427): Current Month Value,月,美元,当期值,中国,中国,海关总署,getEcoDataIndMachineryequipment,2015-01-31,2026-06-30,1,False,False,False,False,False,False,False,False,False,False,False,False,False
801950,煤炭,1,1040015371,生产资料价格:煤炭:炼焦煤:周环比,Spot Price: Coal: Coking Coal: WoW,周,%,当期环比,全国,中国,商务部,getEcoDataChina,2017-03-19,2026-08-02,1,151.0,1040015371,生产资料价格:煤炭:炼焦煤:周环比,Spot Price: Coal: Coking Coal: WoW,M040015371,M040015364,0,周,%,当期环比,1.0,全国,中国,,不重要,商务部,,2975,getEcoDataChina,2017-03-19,2026-08-02,1,EcoInfoProGet,2026-08-13T01:09:36.711019+00:00,生产资料价格:煤炭:炼焦煤:周环比,生产资料价格:煤炭:炼焦煤:周环比,False,Spot Price: Coal: Coking Coal: WoW,Spot Price: Coal: Coking Coal: WoW,False,周,周,False,%,%,False,当期环比,当期环比,False,全国,全国,False,中国,中国,False,商务部,商务部,False,getEcoDataChina,getEcoDataChina,False,2017-03-19,2017-03-19,False,2026-08-02,2026-08-02,False,1,1,False,True,False,生产资料价格:煤炭:炼焦煤:周环比,Spot Price: Coal: Coking Coal: WoW,周,%,当期环比,全国,中国,商务部,getEcoDataChina,2017-03-19,2026-08-02,1,False,False,False,False,False,False,False,False,False,False,False,False,False
801950,煤炭,2,2020761919,库存量:炼焦煤:国内独立焦化厂(230家):合计,Inventory: Coking Coal: Independent Coking Plants in China (230 Households): Total,周,万吨,当期值,全国,中国,Datayes!,getEcoDataIndEnergy,2016-06-24,2026-08-07,1,149.0,2020761919,库存量:炼焦煤:国内独立焦化厂(230家):合计,Inventory: Coking Coal: Independent Coking Plants in China (230 Households): Total,S020761919,S020746419,0,周,万吨,当期值,2.0,全国,中国,,不重要,Datayes!,,2985,getEcoDataIndEnergy,2016-06-24,2026-08-07,1,EcoInfoProGet,2026-08-13T01:09:36.711019+00:00,库存量:炼焦煤:国内独立焦化厂(230家):合计,库存量:炼焦煤:国内独立焦化厂(230家):合计,False,Inventory: Coking Coal: Independent Coking Plants in China (230 Households): Total,Inventory: Coking Coal: Independent Coking Plants in China (230 Households): Total,False,周,周,False,万吨,万吨,False,当期值,当期值,False,全国,全国,False,中国,中国,False,Datayes!,Datayes!,False,getEcoDataIndEnergy,getEcoDataIndEnergy,False,2016-06-24,2016-06-24,False,2026-08-07,2026-08-07,False,1,1,False,True,False,库存量:炼焦煤:国内独立焦化厂(230家):合计,Inventory: Coking Coal: Independent Coking Plants in China (230 Households): Total,周,万吨,当期值,全国,中国,Datayes!,getEcoDataIndEnergy,2016-06-24,2026-08-07,1,False,False,False,False,False,False,False,False,False,False,False,False,False
801950,煤炭,3,1040015372,生产资料价格:煤炭:动力煤:周环比,Spot Price: Coal: Thermal Coal: WoW,周,%,当期环比,全国,中国,商务部,getEcoDataChina,2017-03-19,2026-08-02,1,149.0,1040015372,生产资料价格:煤炭:动力煤:周环比,Spot Price: Coal: Thermal Coal: WoW,M040015372,M040015364,0,周,%,当期环比,1.0,全国,中国,,不重要,商务部,,2975,getEcoDataChina,2017-03-19,2026-08-02,1,EcoInfoProGet,2026-08-13T01:09:36.711019+00:00,生产资料价格:煤炭:动力煤:周环比,生产资料价格:煤炭:动力煤:周环比,False,Spot Price: Coal: Thermal Coal: WoW,Spot Price: Coal: Thermal Coal: WoW,False,周,周,False,%,%,False,当期环比,当期环比,False,全国,全国,False,中国,中国,False,商务部,商务部,False,getEcoDataChina,getEcoDataChina,False,2017-03-19,2017-03-19,False,2026-08-02,2026-08-02,False,1,1,False,True,False,生产资料价格:煤炭:动力煤:周环比,Spot Price: Coal: Thermal Coal: WoW,周,%,当期环比,全国,中国,商务部,getEcoDataChina,2017-03-19,2026-08-02,1,False,False,False,False,False,False,False,False,False,False,False,False,False
801950,煤炭,4,1040015373,生产资料价格:煤炭:无烟煤:周环比,Spot Price: Coal: Anthracite: WoW,周,%,当期环比,全国,中国,商务部,getEcoDataChina,2017-03-19,2026-08-02,1,147.0,1040015373,生产资料价格:煤炭:无烟煤:周环比,Spot Price: Coal: Anthracite: WoW,M040015373,M040015364,0,周,%,当期环比,1.0,全国,中国,,不重要,商务部,,2975,getEcoDataChina,2017-03-19,2026-08-02,1,EcoInfoProGet,2026-08-13T01:09:36.711019+00:00,生产资料价格:煤炭:无烟煤:周环比,生产资料价格:煤炭:无烟煤:周环比,False,Spot Price: Coal: Anthracite: WoW,Spot Price: Coal: Anthracite: WoW,False,周,周,False,%,%,False,当期环比,当期环比,False,全国,全国,False,中国,中国,False,商务部,商务部,False,getEcoDataChina,getEcoDataChina,False,2017-03-19,2017-03-19,False,2026-08-02,2026-08-02,False,1,1,False,True,False,生产资料价格:煤炭:无烟煤:周环比,Spot Price: Coal: Anthracite: WoW,周,%,当期环比,全国,中国,商务部,getEcoDataChina,2017-03-19,2026-08-02,1,False,False,False,False,False,False,False,False,False,False,False,False,False
801950,煤炭,5,2020100004,产量:原煤(国有重点煤矿):当月值,Coal(State-Owned Key Coal Mines): Output,月,万吨,当期值,全国,中国,Datayes!,getEcoDataIndEnergy,2009-06-30,2026-06-30,1,145.0,2020100004,产量:原煤(国有重点煤矿):当月值,Coal(State-Owned Key Coal Mines): Output,S020100004,S020100003,0,月,万吨,当期值,2.0,全国,中国,,不重要,Datayes!,,2985,getEcoDataIndEnergy,2009-06-30,2026-06-30,1,EcoInfoProGet,2026-08-13T01:09:36.711019+00:00,产量:原煤(国有重点煤矿):当月值,产量:原煤(国有重点煤矿):当月值,False,Coal(State-Owned Key Coal Mines): Output,Coal(State-Owned Key Coal Mines): Output,False,月,月,False,万吨,万吨,False,当期值,当期值,False,全国,全国,False,中国,中国,False,Datayes!,Datayes!,False,getEcoDataIndEnergy,getEcoDataIndEnergy,False,2009-06-30,2009-06-30,False,2026-06-30,2026-06-30,False,1,1,False,True,False,产量:原煤(国有重点煤矿):当月值,Coal(State-Owned Key Coal Mines): Output,月,万吨,当期值,全国,中国,Datayes!,getEcoDataIndEnergy,2009-06-30,2026-06-30,1,False,False,False,False,False,False,False,False,False,False,False,False,False
801950,煤炭,6,2020100020,产量:原煤:当月值,Raw Coal: Output,月,万吨,当期值,全国,中国,国家统计局,getEcoDataIndEnergy,1989-01-31,2026-06-30,1,143.0,2020100020,产量:原煤:当月值,Raw Coal: Output,S020100020,S020100003,0,月,万吨,当期值,2.0,全国,中国,,不重要,国家统计局,,2985,getEcoDataIndEnergy,1989-01-31,2026-06-30,1,EcoInfoProGet,2026-08-13T01:09:36.711019+00:00,产量:原煤:当月值,产量:原煤:当月值,False,Raw Coal: Output,Raw Coal: Output,False,月,月,False,万吨,万吨,False,当期值,当期值,False,全国,全国,False,中国,中国,False,国家统计局,国家统计局,False,getEcoDataIndEnergy,getEcoDataIndEnergy,False,1989-01-31,1989-01-31,False,2026-06-30,2026-06-30,False,1,1,False,True,False,产量:原煤:当月值,Raw Coal: Output,月,万吨,当期值,全国,中国,国家统计局,getEcoDataIndEnergy,1989-01-31,2026-06-30,1,False,False,False,False,False,False,False,False,False,False,False,False,False
801950,煤炭,7,1020000171,出口交货值:煤炭开采和洗选业:当月同比,Export Delivery Value: Coal Mining And Washing Industry: Current YoY (Month),月,%,当期同比,全国,中国,国家统计局,getEcoDataChina,2007-02-28,2026-06-30,1,143.0,1020000171,出口交货值:煤炭开采和洗选业:当月同比,Export Delivery Value: Coal Mining And Washing Industry: Current YoY (Month),M020000171,M020000129,0,月,%,当期同比,2.0,全国,中国,,不重要,国家统计局,,2975,getEcoDataChina,2007-02-28,2026-06-30,1,EcoInfoProGet,2026-08-13T01:09:36.711019+00:00,出口交货值:煤炭开采和洗选业:当月同比,出口交货值:煤炭开采和洗选业:当月同比,False,Export Delivery Value: Coal Mining And Washing Industry: Current YoY (Month),Export Delivery Value: Coal Mining And Washing Industry: Current YoY (Month),False,月,月,False,%,%,False,当期同比,当期同比,False,全国,全国,False,中国,中国,False,国家统计局,国家统计局,False,getEcoDataChina,getEcoDataChina,False,2007-02-28,2007-02-28,False,2026-06-30,2026-06-30,False,1,1,False,True,False,出口交货值:煤炭开采和洗选业:当月同比,Export Delivery Value: Coal Mining And Washing Industry: Current YoY (Month),月,%,当期同比,全国,中国,国家统计局,getEcoDataChina,2007-02-28,2026-06-30,1,False,False,False,False,False,False,False,False,False,False,False,False,False
801950,煤炭,8,1020000130,出口交货值:煤炭开采和洗选业:当期值,Export Delivery Value: Coal Mining And Washing Industry: Current Value,月,亿元,当期值,全国,中国,国家统计局,getEcoDataChina,2007-02-28,2026-06-30,1,143.0,1020000130,出口交货值:煤炭开采和洗选业:当期值,Export Delivery Value: Coal Mining And Washing Industry: Current Value,M020000130,M020000129,0,月,亿元,当期值,2.0,全国,中国,人民币元,不重要,国家统计局,,2975,getEcoDataChina,2007-02-28,2026-06-30,1,EcoInfoProGet,2026-08-13T01:09:36.711019+00:00,出口交货值:煤炭开采和洗选业:当期值,出口交货值:煤炭开采和洗选业:当期值,False,Export Delivery Value: Coal Mining And Washing Industry: Current Value,Export Delivery Value: Coal Mining And Washing Industry: Current Value,False,月,月,False,亿元,亿元,False,当期值,当期值,False,全国,全国,False,中国,中国,False,国家统计局,国家统计局,False,getEcoDataChina,getEcoDataChina,False,2007-02-28,2007-02-28,False,2026-06-30,2026-06-30,False,1,1,False,True,False,出口交货值:煤炭开采和洗选业:当期值,Export Delivery Value: Coal Mining And Washing Industry: Current Value,月,亿元,当期值,全国,中国,国家统计局,getEcoDataChina,2007-02-28,2026-06-30,1,False,False,False,False,False,False,False,False,False,False,False,False,False
801950,煤炭,9,1020008190,工业企业:利润总额:煤炭开采和洗选业:累计值,Total Profit: Coal Mining and Dressing: Cumulative Value,月,亿元,累计值,全国,中国,国家统计局,getEcoDataChina,2000-02-29,2026-06-30,1,143.0,1020008190,工业企业:利润总额:煤炭开采和洗选业:累计值,Total Profit: Coal Mining and Dressing: Cumulative Value,M020008190,M020006126,0,月,亿元,累计值,2.0,全国,中国,人民币元,不重要,国家统计局,"从2011年起,规模以上工业企业起点标准由原来的年主营业务收入500万元提高到年主营业务收入2000万元。",2975,getEcoDataChina,2000-02-29,2026-06-30,1,EcoInfoProGet,2026-08-13T01:09:36.711019+00:00,工业企业:利润总额:煤炭开采和洗选业:累计值,工业企业:利润总额:煤炭开采和洗选业:累计值,False,Total Profit: Coal Mining and Dressing: Cumulative Value,Total Profit: Coal Mining and Dressing: Cumulative Value,False,月,月,False,亿元,亿元,False,累计值,累计值,False,全国,全国,False,中国,中国,False,国家统计局,国家统计局,False,getEcoDataChina,getEcoDataChina,False,2000-02-29,2000-02-29,False,2026-06-30,2026-06-30,False,1,1,False,True,False,工业企业:利润总额:煤炭开采和洗选业:累计值,Total Profit: Coal Mining and Dressing: Cumulative Value,月,亿元,累计值,全国,中国,国家统计局,getEcoDataChina,2000-02-29,2026-06-30,1,False,False,False,False,False,False,False,False,False,False,False,False,False
801950,煤炭,10,1020010169,工业企业:营业利润:煤炭开采和洗选业:累计值,Operating Profit: Coal Mining and Dressing: Cumulative Value,月,亿元,累计值,全国,中国,国家统计局,getEcoDataChina,2017-02-28,2026-06-30,1,143.0,1020010169,工业企业:营业利润:煤炭开采和洗选业:累计值,Operating Profit: Coal Mining and Dressing: Cumulative Value,M020010169,M020010167,0,月,亿元,累计值,2.0,全国,中国,人民币元,不重要,国家统计局,"从2011年起,规模以上工业企业起点标准由原来的年主营业务收入500万元提高到年主营业务收入2000万元。",2975,getEcoDataChina,2017-02-28,2026-06-30,1,EcoInfoProGet,2026-08-13T01:09:36.711019+00:00,工业企业:营业利润:煤炭开采和洗选业:累计值,工业企业:营业利润:煤炭开采和洗选业:累计值,False,Operating Profit: Coal Mining and Dressing: Cumulative Value,Operating Profit: Coal Mining and Dressing: Cumulative Value,False,月,月,False,亿元,亿元,False,累计值,累计值,False,全国,全国,False,中国,中国,False,国家统计局,国家统计局,False,getEcoDataChina,getEcoDataChina,False,2017-02-28,2017-02-28,False,2026-06-30,2026-06-30,False,1,1,False,True,False,工业企业:营业利润:煤炭开采和洗选业:累计值,Operating Profit: Coal Mining and Dressing: Cumulative Value,月,亿元,累计值,全国,中国,国家统计局,getEcoDataChina,2017-02-28,2026-06-30,1,False,False,False,False,False,False,False,False,False,False,False,False,False
801950,煤炭,11,1020000917,成本费用利润率:煤炭开采和洗选业,Profit-To-Cost Ratio: Coal Mining And Washing Industry,月,%,当期值,全国,中国,国家统计局,getEcoDataChina,2003-02-28,2026-06-30,1,143.0,1020000917,成本费用利润率:煤炭开采和洗选业,Profit-To-Cost Ratio: Coal Mining And Washing Industry,M020000917,M020000916,0,月,%,当期值,2.0,全国,中国,,不重要,国家统计局,,2975,getEcoDataChina,2003-02-28,2026-06-30,1,EcoInfoProGet,2026-08-13T01:09:36.711019+00:00,成本费用利润率:煤炭开采和洗选业,成本费用利润率:煤炭开采和洗选业,False,Profit-To-Cost Ratio: Coal Mining And Washing Industry,Profit-To-Cost Ratio: Coal Mining And Washing Industry,False,月,月,False,%,%,False,当期值,当期值,False,全国,全国,False,中国,中国,False,国家统计局,国家统计局,False,getEcoDataChina,getEcoDataChina,False,2003-02-28,2003-02-28,False,2026-06-30,2026-06-30,False,1,1,False,True,False,成本费用利润率:煤炭开采和洗选业,Profit-To-Cost Ratio: Coal Mining And Washing Industry,月,%,当期值,全国,中国,国家统计局,getEcoDataChina,2003-02-28,2026-06-30,1,False,False,False,False,False,False,False,False,False,False,False,False,False
801950,煤炭,12,1020000837,税前利润率:煤炭开采和洗选业,Pre-Tax Profit Margin: Coal Mining And Washing Industry,月,%,当期值,全国,中国,国家统计局,getEcoDataChina,2000-02-29,2026-06-30,1,143.0,1020000837,税前利润率:煤炭开采和洗选业,Pre-Tax Profit Margin: Coal Mining And Washing Industry,M020000837,M020000836,0,月,%,当期值,2.0,全国,中国,,不重要,国家统计局,,2975,getEcoDataChina,2000-02-29,2026-06-30,1,EcoInfoProGet,2026-08-13T01:09:36.711019+00:00,税前利润率:煤炭开采和洗选业,税前利润率:煤炭开采和洗选业,False,Pre-Tax Profit Margin: Coal Mining And Washing Industry,Pre-Tax Profit Margin: Coal Mining And Washing Industry,False,月,月,False,%,%,False,当期值,当期值,False,全国,全国,False,中国,中国,False,国家统计局,国家统计局,False,getEcoDataChina,getEcoDataChina,False,2000-02-29,2000-02-29,False,2026-06-30,2026-06-30,False,1,1,False,True,False,税前利润率:煤炭开采和洗选业,Pre-Tax Profit Margin: Coal Mining And Washing Industry,月,%,当期值,全国,中国,国家统计局,getEcoDataChina,2000-02-29,2026-06-30,1,False,False,False,False,False,False,False,False,False,False,False,False,False
801950,煤炭,13,2020200018,进口数量:煤及褐煤(煤炭):当月同比,Coal and Lignite: Imports Quantity: YoY,月,%,当期同比,全国,中国,海关总署,getEcoDataIndEnergy,2010-04-30,2026-06-30,1,143.0,2020200018,进口数量:煤及褐煤(煤炭):当月同比,Coal and Lignite: Imports Quantity: YoY,S020200018,S020200003,0,月,%,当期同比,2.0,全国,中国,,不重要,海关总署,,2985,getEcoDataIndEnergy,2010-04-30,2026-06-30,1,EcoInfoProGet,2026-08-13T01:09:36.711019+00:00,进口数量:煤及褐煤(煤炭):当月同比,进口数量:煤及褐煤(煤炭):当月同比,False,Coal and Lignite: Imports Quantity: YoY,Coal and Lignite: Imports Quantity: YoY,False,月,月,False,%,%,False,当期同比,当期同比,False,全国,全国,False,中国,中国,False,海关总署,海关总署,False,getEcoDataIndEnergy,getEcoDataIndEnergy,False,2010-04-30,2010-04-30,False,2026-06-30,2026-06-30,False,1,1,False,True,False,进口数量:煤及褐煤(煤炭):当月同比,Coal and Lignite: Imports Quantity: YoY,月,%,当期同比,全国,中国,海关总署,getEcoDataIndEnergy,2010-04-30,2026-06-30,1,False,False,False,False,False,False,False,False,False,False,False,False,False
801950,煤炭,14,2020200014,进口金额:煤及褐煤(煤炭):当月同比,Coal and Lignite: Imports Value: YoY,月,%,当期同比,全国,中国,海关总署,getEcoDataIndEnergy,2013-01-31,2026-06-30,1,143.0,2020200014,进口金额:煤及褐煤(煤炭):当月同比,Coal and Lignite: Imports Value: YoY,S020200014,S020200003,0,月,%,当期同比,2.0,全国,中国,,不重要,海关总署,,2985,getEcoDataIndEnergy,2013-01-31,2026-06-30,1,EcoInfoProGet,2026-08-13T01:09:36.711019+00:00,进口金额:煤及褐煤(煤炭):当月同比,进口金额:煤及褐煤(煤炭):当月同比,False,Coal and Lignite: Imports Value: YoY,Coal and Lignite: Imports Value: YoY,False,月,月,False,%,%,False,当期同比,当期同比,False,全国,全国,False,中国,中国,False,海关总署,海关总署,False,getEcoDataIndEnergy,getEcoDataIndEnergy,False,2013-01-31,2013-01-31,False,2026-06-30,2026-06-30,False,1,1,False,True,False,进口金额:煤及褐煤(煤炭):当月同比,Coal and Lignite: Imports Value: YoY,月,%,当期同比,全国,中国,海关总署,getEcoDataIndEnergy,2013-01-31,2026-06-30,1,False,False,False,False,False,False,False,False,False,False,False,False,False
801950,煤炭,15,2020004587,蒙西煤炭价格指数:焦煤,West Inner Mongolia Coal Price Index: Coking Coal,周,元/吨,当期值,蒙西,中国,内蒙古煤炭交易中心,getEcoDataIndEnergy,2015-07-17,2026-08-07,1,141.0,2020004587,蒙西煤炭价格指数:焦煤,West Inner Mongolia Coal Price Index: Coking Coal,S020004587,S020639946,0,周,元/吨,当期值,0.0,蒙西,中国,人民币元,不重要,内蒙古煤炭交易中心,,2985,getEcoDataIndEnergy,2015-07-17,2026-08-07,1,EcoInfoProGet,2026-08-13T01:09:36.711019+00:00,蒙西煤炭价格指数:焦煤,蒙西煤炭价格指数:焦煤,False,West Inner Mongolia Coal Price Index: Coking Coal,West Inner Mongolia Coal Price Index: Coking Coal,False,周,周,False,元/吨,元/吨,False,当期值,当期值,False,蒙西,蒙西,False,中国,中国,False,内蒙古煤炭交易中心,内蒙古煤炭交易中心,False,getEcoDataIndEnergy,getEcoDataIndEnergy,False,2015-07-17,2015-07-17,False,2026-08-07,2026-08-07,False,1,1,False,True,False,蒙西煤炭价格指数:焦煤,West Inner Mongolia Coal Price Index: Coking Coal,周,元/吨,当期值,蒙西,中国,内蒙古煤炭交易中心,getEcoDataIndEnergy,2015-07-17,2026-08-07,1,False,False,False,False,False,False,False,False,False,False,False,False,False
801950,煤炭,16,2020749327,CCI:动力煤价格指数:5000K,CCI: Thermal Coal Price Index: 5000K,日,元/吨,当期值,,中国,动力煤价格,getEcoDataIndEnergy,2015-08-11,2026-08-07,1,140.0,2020749327,CCI:动力煤价格指数:5000K,CCI: Thermal Coal Price Index: 5000K,S020749327,S020000031,0,日,元/吨,当期值,0.0,,中国,人民币元,不重要,动力煤价格,,2985,getEcoDataIndEnergy,2015-08-11,2026-08-12,1,EcoInfoProGet,2026-08-13T01:09:36.711019+00:00,CCI:动力煤价格指数:5000K,CCI:动力煤价格指数:5000K,False,CCI: Thermal Coal Price Index: 5000K,CCI: Thermal Coal Price Index: 5000K,False,日,日,False,元/吨,元/吨,False,当期值,当期值,False,,,False,中国,中国,False,动力煤价格,动力煤价格,False,getEcoDataIndEnergy,getEcoDataIndEnergy,False,2015-08-11,2015-08-11,False,2026-08-07,2026-08-12,True,1,1,False,True,True,CCI:动力煤价格指数:5000K,CCI: Thermal Coal Price Index: 5000K,日,元/吨,当期值,,中国,动力煤价格,getEcoDataIndEnergy,2015-08-11,2026-08-10,1,False,False,False,False,False,False,False,False,False,False,True,False,True
801950,煤炭,17,1020021161,利润总额:煤炭开采和洗选业:当季值,Total Profits: Coal Mining and Dressing: Current Value (Quarter),季,亿元,当期值,全国,中国,Datayes!,getEcoDataChina,2000-03-31,2026-06-30,1,139.0,1020021161,利润总额:煤炭开采和洗选业:当季值,Total Profits: Coal Mining and Dressing: Current Value (Quarter),M020021161,M020006126,0,季,亿元,当期值,1.0,全国,中国,人民币元,一般重要,Datayes!,,2975,getEcoDataChina,2000-03-31,2026-06-30,1,EcoInfoProGet,2026-08-13T01:09:36.711019+00:00,利润总额:煤炭开采和洗选业:当季值,利润总额:煤炭开采和洗选业:当季值,False,Total Profits: Coal Mining and Dressing: Current Value (Quarter),Total Profits: Coal Mining and Dressing: Current Value (Quarter),False,季,季,False,亿元,亿元,False,当期值,当期值,False,全国,全国,False,中国,中国,False,Datayes!,Datayes!,False,getEcoDataChina,getEcoDataChina,False,2000-03-31,2000-03-31,False,2026-06-30,2026-06-30,False,1,1,False,True,False,利润总额:煤炭开采和洗选业:当季值,Total Profits: Coal Mining and Dressing: Current Value (Quarter),季,亿元,当期值,全国,中国,Datayes!,getEcoDataChina,2000-03-31,2026-06-30,1,False,False,False,False,False,False,False,False,False,False,False,False,False
801950,煤炭,18,1020021179,利润总额:石油、煤炭和其他燃料加工业:当季值,"Total Profits: Petroleum, Coal and Other Fuel Processing Industries: Current Value (Quarter)",季,亿元,当期值,全国,中国,Datayes!,getEcoDataChina,2000-03-31,2026-06-30,1,139.0,1020021179,利润总额:石油、煤炭和其他燃料加工业:当季值,"Total Profits: Petroleum, Coal and Other Fuel Processing Industries: Current Value (Quarter)",M020021179,M020006126,0,季,亿元,当期值,1.0,全国,中国,人民币元,一般重要,Datayes!,,2975,getEcoDataChina,2000-03-31,2026-06-30,1,EcoInfoProGet,2026-08-13T01:09:36.711019+00:00,利润总额:石油、煤炭和其他燃料加工业:当季值,利润总额:石油、煤炭和其他燃料加工业:当季值,False,"Total Profits: Petroleum, Coal and Other Fuel Processing Industries: Current Value (Quarter)","Total Profits: Petroleum, Coal and Other Fuel Processing Industries: Current Value (Quarter)",False,季,季,False,亿元,亿元,False,当期值,当期值,False,全国,全国,False,中国,中国,False,Datayes!,Datayes!,False,getEcoDataChina,getEcoDataChina,False,2000-03-31,2000-03-31,False,2026-06-30,2026-06-30,False,1,1,False,True,False,利润总额:石油、煤炭和其他燃料加工业:当季值,"Total Profits: Petroleum, Coal and Other Fuel Processing Industries: Current Value (Quarter)",季,亿元,当期值,全国,中国,Datayes!,getEcoDataChina,2000-03-31,2026-06-30,1,False,False,False,False,False,False,False,False,False,False,False,False,False
801950,煤炭,19,2020746426,炼焦煤库存:三港口合计,Coking coal inventory: total of three ports,周,万吨,当期值,,中国,Datayes!,getEcoDataIndEnergy,2011-07-08,2026-08-07,1,139.0,2020746426,炼焦煤库存:三港口合计,Coking coal inventory: total of three ports,S020746426,S020746419,0,周,万吨,当期值,2.0,,中国,,不重要,Datayes!,,2985,getEcoDataIndEnergy,2011-07-08,2026-08-07,1,EcoInfoProGet,2026-08-13T01:09:36.711019+00:00,炼焦煤库存:三港口合计,炼焦煤库存:三港口合计,False,Coking coal inventory: total of three ports,Coking coal inventory: total of three ports,False,周,周,False,万吨,万吨,False,当期值,当期值,False,,,False,中国,中国,False,Datayes!,Datayes!,False,getEcoDataIndEnergy,getEcoDataIndEnergy,False,2011-07-08,2011-07-08,False,2026-08-07,2026-08-07,False,1,1,False,True,False,炼焦煤库存:三港口合计,Coking coal inventory: total of three ports,周,万吨,当期值,,中国,Datayes!,getEcoDataIndEnergy,2011-07-08,2026-08-07,1,False,False,False,False,False,False,False,False,False,False,False,False,False
801950,煤炭,20,2020746424,炼焦煤库存:京唐港,Coking Coal Inventory: Jingtang Port,周,万吨,当期值,京唐港,中国,Datayes!,getEcoDataIndEnergy,2011-07-08,2026-08-07,1,139.0,2020746424,炼焦煤库存:京唐港,Coking Coal Inventory: Jingtang Port,S020746424,S020746419,0,周,万吨,当期值,2.0,京唐港,中国,,不重要,Datayes!,,2985,getEcoDataIndEnergy,2011-07-08,2026-08-07,1,EcoInfoProGet,2026-08-13T01:09:36.711019+00:00,炼焦煤库存:京唐港,炼焦煤库存:京唐港,False,Coking Coal Inventory: Jingtang Port,Coking Coal Inventory: Jingtang Port,False,周,周,False,万吨,万吨,False,当期值,当期值,False,京唐港,京唐港,False,中国,中国,False,Datayes!,Datayes!,False,getEcoDataIndEnergy,getEcoDataIndEnergy,False,2011-07-08,2011-07-08,False,2026-08-07,2026-08-07,False,1,1,False,True,False,炼焦煤库存:京唐港,Coking Coal Inventory: Jingtang Port,周,万吨,当期值,京唐港,中国,Datayes!,getEcoDataIndEnergy,2011-07-08,2026-08-07,1,False,False,False,False,False,False,False,False,False,False,False,False,False
801950,煤炭,21,2020746425,炼焦煤库存:六港口合计,Coking coal inventory: total of six ports,周,万吨,当期值,,中国,Datayes!,getEcoDataIndEnergy,2013-11-22,2026-08-07,1,139.0,2020746425,炼焦煤库存:六港口合计,Coking coal inventory: total of six ports,S020746425,S020746419,0,周,万吨,当期值,2.0,,中国,,不重要,Datayes!,,2985,getEcoDataIndEnergy,2013-11-22,2026-08-07,1,EcoInfoProGet,2026-08-13T01:09:36.711019+00:00,炼焦煤库存:六港口合计,炼焦煤库存:六港口合计,False,Coking coal inventory: total of six ports,Coking coal inventory: total of six ports,False,周,周,False,万吨,万吨,False,当期值,当期值,False,,,False,中国,中国,False,Datayes!,Datayes!,False,getEcoDataIndEnergy,getEcoDataIndEnergy,False,2013-11-22,2013-11-22,False,2026-08-07,2026-08-07,False,1,1,False,True,False,炼焦煤库存:六港口合计,Coking coal inventory: total of six ports,周,万吨,当期值,,中国,Datayes!,getEcoDataIndEnergy,2013-11-22,2026-08-07,1,False,False,False,False,False,False,False,False,False,False,False,False,False
801950,煤炭,22,2020746422,炼焦煤库存:日照港,Coking Coal Inventory: Rizhao Port,周,万吨,当期值,日照港,中国,Datayes!,getEcoDataIndEnergy,2011-07-08,2026-08-07,1,139.0,2020746422,炼焦煤库存:日照港,Coking Coal Inventory: Rizhao Port,S020746422,S020746419,0,周,万吨,当期值,2.0,日照港,中国,,不重要,Datayes!,,2985,getEcoDataIndEnergy,2011-07-08,2026-08-07,1,EcoInfoProGet,2026-08-13T01:09:36.711019+00:00,炼焦煤库存:日照港,炼焦煤库存:日照港,False,Coking Coal Inventory: Rizhao Port,Coking Coal Inventory: Rizhao Port,False,周,周,False,万吨,万吨,False,当期值,当期值,False,日照港,日照港,False,中国,中国,False,Datayes!,Datayes!,False,getEcoDataIndEnergy,getEcoDataIndEnergy,False,2011-07-08,2011-07-08,False,2026-08-07,2026-08-07,False,1,1,False,True,False,炼焦煤库存:日照港,Coking Coal Inventory: Rizhao Port,周,万吨,当期值,日照港,中国,Datayes!,getEcoDataIndEnergy,2011-07-08,2026-08-07,1,False,False,False,False,False,False,False,False,False,False,False,False,False
801950,煤炭,23,2020746421,炼焦煤库存:连云港,Coking Coal Inventory: Lianyungang,周,万吨,当期值,连云港,中国,Datayes!,getEcoDataIndEnergy,2011-07-08,2026-08-07,1,139.0,2020746421,炼焦煤库存:连云港,Coking Coal Inventory: Lianyungang,S020746421,S020746419,0,周,万吨,当期值,2.0,连云港,中国,,不重要,Datayes!,,2985,getEcoDataIndEnergy,2011-07-08,2026-08-07,1,EcoInfoProGet,2026-08-13T01:09:36.711019+00:00,炼焦煤库存:连云港,炼焦煤库存:连云港,False,Coking Coal Inventory: Lianyungang,Coking Coal Inventory: Lianyungang,False,周,周,False,万吨,万吨,False,当期值,当期值,False,连云港,连云港,False,中国,中国,False,Datayes!,Datayes!,False,getEcoDataIndEnergy,getEcoDataIndEnergy,False,2011-07-08,2011-07-08,False,2026-08-07,2026-08-07,False,1,1,False,True,False,炼焦煤库存:连云港,Coking Coal Inventory: Lianyungang,周,万吨,当期值,连云港,中国,Datayes!,getEcoDataIndEnergy,2011-07-08,2026-08-07,1,False,False,False,False,False,False,False,False,False,False,False,False,False
801950,煤炭,24,2020657632,现货交易平仓价:CCTD秦皇岛动力煤(Q4500),Exit Price(Spot): CCTD Steam Coal in Qinhuangdao (Q4500),周,元/吨,当期值,全国,中国,Datayes!,getEcoDataIndEnergy,2018-03-26,2026-08-07,1,139.0,2020657632,现货交易平仓价:CCTD秦皇岛动力煤(Q4500),Exit Price(Spot): CCTD Steam Coal in Qinhuangdao (Q4500),S020657632,S020657626,0,周,元/吨,当期值,0.0,全国,中国,人民币元,不重要,Datayes!,,2985,getEcoDataIndEnergy,2018-03-26,2026-08-07,1,EcoInfoProGet,2026-08-13T01:09:36.711019+00:00,现货交易平仓价:CCTD秦皇岛动力煤(Q4500),现货交易平仓价:CCTD秦皇岛动力煤(Q4500),False,Exit Price(Spot): CCTD Steam Coal in Qinhuangdao (Q4500),Exit Price(Spot): CCTD Steam Coal in Qinhuangdao (Q4500),False,周,周,False,元/吨,元/吨,False,当期值,当期值,False,全国,全国,False,中国,中国,False,Datayes!,Datayes!,False,getEcoDataIndEnergy,getEcoDataIndEnergy,False,2018-03-26,2018-03-26,False,2026-08-07,2026-08-07,False,1,1,False,True,False,现货交易平仓价:CCTD秦皇岛动力煤(Q4500),Exit Price(Spot): CCTD Steam Coal in Qinhuangdao (Q4500),周,元/吨,当期值,全国,中国,Datayes!,getEcoDataIndEnergy,2018-03-26,2026-08-07,1,False,False,False,False,False,False,False,False,False,False,False,False,False
801950,煤炭,25,2020657631,现货交易平仓价:CCTD秦皇岛动力煤(Q5000),Exit Price(Spot): CCTD Steam Coal in Qinhuangdao (Q5000),周,元/吨,当期值,全国,中国,Datayes!,getEcoDataIndEnergy,2018-03-26,2026-08-07,1,139.0,2020657631,现货交易平仓价:CCTD秦皇岛动力煤(Q5000),Exit Price(Spot): CCTD Steam Coal in Qinhuangdao (Q5000),S020657631,S020657626,0,周,元/吨,当期值,0.0,全国,中国,人民币元,不重要,Datayes!,,2985,getEcoDataIndEnergy,2018-03-26,2026-08-07,1,EcoInfoProGet,2026-08-13T01:09:36.711019+00:00,现货交易平仓价:CCTD秦皇岛动力煤(Q5000),现货交易平仓价:CCTD秦皇岛动力煤(Q5000),False,Exit Price(Spot): CCTD Steam Coal in Qinhuangdao (Q5000),Exit Price(Spot): CCTD Steam Coal in Qinhuangdao (Q5000),False,周,周,False,元/吨,元/吨,False,当期值,当期值,False,全国,全国,False,中国,中国,False,Datayes!,Datayes!,False,getEcoDataIndEnergy,getEcoDataIndEnergy,False,2018-03-26,2018-03-26,False,2026-08-07,2026-08-07,False,1,1,False,True,False,现货交易平仓价:CCTD秦皇岛动力煤(Q5000),Exit Price(Spot): CCTD Steam Coal in Qinhuangdao (Q5000),周,元/吨,当期值,全国,中国,Datayes!,getEcoDataIndEnergy,2018-03-26,2026-08-07,1,False,False,False,False,False,False,False,False,False,False,False,False,False
801950,煤炭,26,2020657627,综合交易价:CCTD秦皇岛动力煤(Q4500),Comprehensive Transaction Price: CCTD Steam Coal in Qinhuangdao (Q4500),周,元/吨,当期值,全国,中国,Datayes!,getEcoDataIndEnergy,2006-01-09,2026-08-07,1,139.0,2020657627,综合交易价:CCTD秦皇岛动力煤(Q4500),Comprehensive Transaction Price: CCTD Steam Coal in Qinhuangdao (Q4500),S020657627,S020657626,0,周,元/吨,当期值,0.0,全国,中国,人民币元,不重要,Datayes!,,2985,getEcoDataIndEnergy,2006-01-09,2026-08-07,1,EcoInfoProGet,2026-08-13T01:09:36.711019+00:00,综合交易价:CCTD秦皇岛动力煤(Q4500),综合交易价:CCTD秦皇岛动力煤(Q4500),False,Comprehensive Transaction Price: CCTD Steam Coal in Qinhuangdao (Q4500),Comprehensive Transaction Price: CCTD Steam Coal in Qinhuangdao (Q4500),False,周,周,False,元/吨,元/吨,False,当期值,当期值,False,全国,全国,False,中国,中国,False,Datayes!,Datayes!,False,getEcoDataIndEnergy,getEcoDataIndEnergy,False,2006-01-09,2006-01-09,False,2026-08-07,2026-08-07,False,1,1,False,True,False,综合交易价:CCTD秦皇岛动力煤(Q4500),Comprehensive Transaction Price: CCTD Steam Coal in Qinhuangdao (Q4500),周,元/吨,当期值,全国,中国,Datayes!,getEcoDataIndEnergy,2006-01-09,2026-08-07,1,False,False,False,False,False,False,False,False,False,False,False,False,False
801950,煤炭,27,2020657628,综合交易价:CCTD秦皇岛动力煤(Q5000),Comprehensive Transaction Price: CCTD Steam Coal in Qinhuangdao (Q5000),周,元/吨,当期值,全国,中国,Datayes!,getEcoDataIndEnergy,2006-01-09,2026-08-07,1,139.0,2020657628,综合交易价:CCTD秦皇岛动力煤(Q5000),Comprehensive Transaction Price: CCTD Steam Coal in Qinhuangdao (Q5000),S020657628,S020657626,0,周,元/吨,当期值,0.0,全国,中国,人民币元,不重要,Datayes!,,2985,getEcoDataIndEnergy,2006-01-09,2026-08-07,1,EcoInfoProGet,2026-08-13T01:09:36.711019+00:00,综合交易价:CCTD秦皇岛动力煤(Q5000),综合交易价:CCTD秦皇岛动力煤(Q5000),False,Comprehensive Transaction Price: CCTD Steam Coal in Qinhuangdao (Q5000),Comprehensive Transaction Price: CCTD Steam Coal in Qinhuangdao (Q5000),False,周,周,False,元/吨,元/吨,False,当期值,当期值,False,全国,全国,False,中国,中国,False,Datayes!,Datayes!,False,getEcoDataIndEnergy,getEcoDataIndEnergy,False,2006-01-09,2006-01-09,False,2026-08-07,2026-08-07,False,1,1,False,True,False,综合交易价:CCTD秦皇岛动力煤(Q5000),Comprehensive Transaction Price: CCTD Steam Coal in Qinhuangdao (Q5000),周,元/吨,当期值,全国,中国,Datayes!,getEcoDataIndEnergy,2006-01-09,2026-08-07,1,False,False,False,False,False,False,False,False,False,False,False,False,False
801950,煤炭,28,2020657629,综合交易价:CCTD秦皇岛动力煤(Q5500),Comprehensive Transaction Price: CCTD Steam Coal in Qinhuangdao (Q5500),周,元/吨,当期值,全国,中国,Datayes!,getEcoDataIndEnergy,1994-07-04,2026-08-07,1,139.0,2020657629,综合交易价:CCTD秦皇岛动力煤(Q5500),Comprehensive Transaction Price: CCTD Steam Coal in Qinhuangdao (Q5500),S020657629,S020657626,0,周,元/吨,当期值,0.0,全国,中国,人民币元,不重要,Datayes!,,2985,getEcoDataIndEnergy,1994-07-04,2026-08-07,1,EcoInfoProGet,2026-08-13T01:09:36.711019+00:00,综合交易价:CCTD秦皇岛动力煤(Q5500),综合交易价:CCTD秦皇岛动力煤(Q5500),False,Comprehensive Transaction Price: CCTD Steam Coal in Qinhuangdao (Q5500),Comprehensive Transaction Price: CCTD Steam Coal in Qinhuangdao (Q5500),False,周,周,False,元/吨,元/吨,False,当期值,当期值,False,全国,全国,False,中国,中国,False,Datayes!,Datayes!,False,getEcoDataIndEnergy,getEcoDataIndEnergy,False,1994-07-04,1994-07-04,False,2026-08-07,2026-08-07,False,1,1,False,True,False,综合交易价:CCTD秦皇岛动力煤(Q5500),Comprehensive Transaction Price: CCTD Steam Coal in Qinhuangdao (Q5500),周,元/吨,当期值,全国,中国,Datayes!,getEcoDataIndEnergy,1994-07-04,2026-08-07,1,False,False,False,False,False,False,False,False,False,False,False,False,False
801950,煤炭,29,2020004552,蒙东煤炭价格指数:褐煤,East Inner Mongolia Coal Price Index: Brown Coal,周,元/吨,当期值,蒙东,中国,内蒙古煤炭交易中心,getEcoDataIndEnergy,2015-07-17,2026-08-07,1,139.0,2020004552,蒙东煤炭价格指数:褐煤,East Inner Mongolia Coal Price Index: Brown Coal,S020004552,S020640012,0,周,元/吨,当期值,0.0,蒙东,中国,人民币元,不重要,内蒙古煤炭交易中心,,2985,getEcoDataIndEnergy,2015-07-17,2026-08-07,1,EcoInfoProGet,2026-08-13T01:09:36.711019+00:00,蒙东煤炭价格指数:褐煤,蒙东煤炭价格指数:褐煤,False,East Inner Mongolia Coal Price Index: Brown Coal,East Inner Mongolia Coal Price Index: Brown Coal,False,周,周,False,元/吨,元/吨,False,当期值,当期值,False,蒙东,蒙东,False,中国,中国,False,内蒙古煤炭交易中心,内蒙古煤炭交易中心,False,getEcoDataIndEnergy,getEcoDataIndEnergy,False,2015-07-17,2015-07-17,False,2026-08-07,2026-08-07,False,1,1,False,True,False,蒙东煤炭价格指数:褐煤,East Inner Mongolia Coal Price Index: Brown Coal,周,元/吨,当期值,蒙东,中国,内蒙古煤炭交易中心,getEcoDataIndEnergy,2015-07-17,2026-08-07,1,False,False,False,False,False,False,False,False,False,False,False,False,False
801950,煤炭,30,2020004566,蒙东煤炭价格指数:褐煤(Q3200):车板价:同比:呼伦贝尔,East Inner Mongolia Coal Price Index: Brown Coal (Q3200): Free on Truck Price: YoY: Hulunbeir,周,%,当期同比,呼伦贝尔市,中国,内蒙古煤炭交易中心,getEcoDataIndEnergy,2016-07-15,2026-08-07,1,139.0,2020004566,蒙东煤炭价格指数:褐煤(Q3200):车板价:同比:呼伦贝尔,East Inner Mongolia Coal Price Index: Brown Coal (Q3200): Free on Truck Price: YoY: Hulunbeir,S020004566,S020640012,0,周,%,当期同比,2.0,呼伦贝尔市,中国,,不重要,内蒙古煤炭交易中心,,2985,getEcoDataIndEnergy,2016-07-15,2026-08-07,1,EcoInfoProGet,2026-08-13T01:09:36.711019+00:00,蒙东煤炭价格指数:褐煤(Q3200):车板价:同比:呼伦贝尔,蒙东煤炭价格指数:褐煤(Q3200):车板价:同比:呼伦贝尔,False,East Inner Mongolia Coal Price Index: Brown Coal (Q3200): Free on Truck Price: YoY: Hulunbeir,East Inner Mongolia Coal Price Index: Brown Coal (Q3200): Free on Truck Price: YoY: Hulunbeir,False,周,周,False,%,%,False,当期同比,当期同比,False,呼伦贝尔市,呼伦贝尔市,False,中国,中国,False,内蒙古煤炭交易中心,内蒙古煤炭交易中心,False,getEcoDataIndEnergy,getEcoDataIndEnergy,False,2016-07-15,2016-07-15,False,2026-08-07,2026-08-07,False,1,1,False,True,False,蒙东煤炭价格指数:褐煤(Q3200):车板价:同比:呼伦贝尔,East Inner Mongolia Coal Price Index: Brown Coal (Q3200): Free on Truck Price: YoY: Hulunbeir,周,%,当期同比,呼伦贝尔市,中国,内蒙古煤炭交易中心,getEcoDataIndEnergy,2016-07-15,2026-08-07,1,False,False,False,False,False,False,False,False,False,False,False,False,False
801960,石油石化,1,2030019741,中国塑料城价格指数:丙烯腈-丁二烯-苯乙烯共聚物(ABS),China Plastics City Price Index: Acrylonitrile-Butadiene-Styrene Copolymer (ABS),日,点,当期值,全国,中国,中塑在线,getEcoDataIndChemical,2010-01-04,2026-08-07,1,150.0,2030019741,中国塑料城价格指数:丙烯腈-丁二烯-苯乙烯共聚物(ABS),China Plastics City Price Index: Acrylonitrile-Butadiene-Styrene Copolymer (ABS),S030019741,S030019737,0,日,点,当期值,2.0,全国,中国,,不重要,中塑在线,,2981,getEcoDataIndChemical,2010-01-04,2026-08-12,1,EcoInfoProGet,2026-08-13T01:09:36.711019+00:00,中国塑料城价格指数:丙烯腈-丁二烯-苯乙烯共聚物(ABS),中国塑料城价格指数:丙烯腈-丁二烯-苯乙烯共聚物(ABS),False,China Plastics City Price Index: Acrylonitrile-Butadiene-Styrene Copolymer (ABS),China Plastics City Price Index: Acrylonitrile-Butadiene-Styrene Copolymer (ABS),False,日,日,False,点,点,False,当期值,当期值,False,全国,全国,False,中国,中国,False,中塑在线,中塑在线,False,getEcoDataIndChemical,getEcoDataIndChemical,False,2010-01-04,2010-01-04,False,2026-08-07,2026-08-12,True,1,1,False,True,True,中国塑料城价格指数:丙烯腈-丁二烯-苯乙烯共聚物(ABS),China Plastics City Price Index: Acrylonitrile-Butadiene-Styrene Copolymer (ABS),日,点,当期值,全国,中国,中塑在线,getEcoDataIndChemical,2010-01-04,2026-08-11,1,False,False,False,False,False,False,False,False,False,False,True,False,True
801960,石油石化,3,1040024023,生产资料价格:成品油:0号柴油:周环比,,周,%,当期环比,全国,中国,商务部,getEcoDataChina,2016-01-01,2026-07-31,1,149.0,1040024023,生产资料价格:成品油:0号柴油:周环比,,M040024023,M040015364,0,周,%,当期环比,2.0,全国,中国,,一般重要,商务部,,2975,getEcoDataChina,2016-01-01,2026-08-07,1,EcoInfoProGet,2026-08-13T01:09:36.711019+00:00,生产资料价格:成品油:0号柴油:周环比,生产资料价格:成品油:0号柴油:周环比,False,,,False,周,周,False,%,%,False,当期环比,当期环比,False,全国,全国,False,中国,中国,False,商务部,商务部,False,getEcoDataChina,getEcoDataChina,False,2016-01-01,2016-01-01,False,2026-07-31,2026-08-07,True,1,1,False,True,True,生产资料价格:成品油:0号柴油:周环比,,周,%,当期环比,全国,中国,商务部,getEcoDataChina,2016-01-01,2026-07-31,1,False,False,False,False,False,False,False,False,False,False,True,False,True
801960,石油石化,4,1040024022,生产资料价格:成品油:92号汽油:周环比,,周,%,当期环比,全国,中国,商务部,getEcoDataChina,2016-01-01,2026-07-31,1,149.0,1040024022,生产资料价格:成品油:92号汽油:周环比,,M040024022,M040015364,0,周,%,当期环比,2.0,全国,中国,,一般重要,商务部,,2975,getEcoDataChina,2016-01-01,2026-08-07,1,EcoInfoProGet,2026-08-13T01:09:36.711019+00:00,生产资料价格:成品油:92号汽油:周环比,生产资料价格:成品油:92号汽油:周环比,False,,,False,周,周,False,%,%,False,当期环比,当期环比,False,全国,全国,False,中国,中国,False,商务部,商务部,False,getEcoDataChina,getEcoDataChina,False,2016-01-01,2016-01-01,False,2026-07-31,2026-08-07,True,1,1,False,True,True,生产资料价格:成品油:92号汽油:周环比,,周,%,当期环比,全国,中国,商务部,getEcoDataChina,2016-01-01,2026-07-31,1,False,False,False,False,False,False,False,False,False,False,True,False,True
801960,石油石化,5,1040024021,生产资料价格:成品油:95号汽油:周环比,,周,%,当期环比,全国,中国,商务部,getEcoDataChina,2016-01-01,2026-07-31,1,149.0,1040024021,生产资料价格:成品油:95号汽油:周环比,,M040024021,M040015364,0,周,%,当期环比,2.0,全国,中国,,一般重要,商务部,,2975,getEcoDataChina,2016-01-01,2026-08-07,1,EcoInfoProGet,2026-08-13T01:09:36.711019+00:00,生产资料价格:成品油:95号汽油:周环比,生产资料价格:成品油:95号汽油:周环比,False,,,False,周,周,False,%,%,False,当期环比,当期环比,False,全国,全国,False,中国,中国,False,商务部,商务部,False,getEcoDataChina,getEcoDataChina,False,2016-01-01,2016-01-01,False,2026-07-31,2026-08-07,True,1,1,False,True,True,生产资料价格:成品油:95号汽油:周环比,,周,%,当期环比,全国,中国,商务部,getEcoDataChina,2016-01-01,2026-07-31,1,False,False,False,False,False,False,False,False,False,False,True,False,True
801960,石油石化,6,1040002009,国内期货价格:燃料油,Domestic Futures Prices: Fuel Oil,周,元/吨,当期值,全国,中国,商务部,getEcoDataChina,2005-01-07,2026-07-31,1,147.0,1040002009,国内期货价格:燃料油,Domestic Futures Prices: Fuel Oil,M040002009,M040002008,0,周,元/吨,当期值,0.0,全国,中国,人民币元,不重要,商务部,,2975,getEcoDataChina,2005-01-07,2026-08-07,1,EcoInfoProGet,2026-08-13T01:09:36.711019+00:00,国内期货价格:燃料油,国内期货价格:燃料油,False,Domestic Futures Prices: Fuel Oil,Domestic Futures Prices: Fuel Oil,False,周,周,False,元/吨,元/吨,False,当期值,当期值,False,全国,全国,False,中国,中国,False,商务部,商务部,False,getEcoDataChina,getEcoDataChina,False,2005-01-07,2005-01-07,False,2026-07-31,2026-08-07,True,1,1,False,True,True,国内期货价格:燃料油,Domestic Futures Prices: Fuel Oil,周,元/吨,当期值,全国,中国,商务部,getEcoDataChina,2005-01-07,2026-07-31,1,False,False,False,False,False,False,False,False,False,False,True,False,True
801960,石油石化,7,1040001962,国内现货价格:批发价:柴油(0#),Domestic Spot Price: Wholesale Price: Diesel 0 #,周,元/吨,当期值,全国,中国,商务部,getEcoDataChina,2008-06-15,2026-07-31,1,147.0,1040001962,国内现货价格:批发价:柴油(0#),Domestic Spot Price: Wholesale Price: Diesel 0 #,M040001962,M040001959,0,周,元/吨,当期值,0.0,全国,中国,人民币元,不重要,商务部,2016年之前频度为半月,2975,getEcoDataChina,2008-06-15,2026-08-07,1,EcoInfoProGet,2026-08-13T01:09:36.711019+00:00,国内现货价格:批发价:柴油(0#),国内现货价格:批发价:柴油(0#),False,Domestic Spot Price: Wholesale Price: Diesel 0 #,Domestic Spot Price: Wholesale Price: Diesel 0 #,False,周,周,False,元/吨,元/吨,False,当期值,当期值,False,全国,全国,False,中国,中国,False,商务部,商务部,False,getEcoDataChina,getEcoDataChina,False,2008-06-15,2008-06-15,False,2026-07-31,2026-08-07,True,1,1,False,True,True,国内现货价格:批发价:柴油(0#),Domestic Spot Price: Wholesale Price: Diesel 0 #,周,元/吨,当期值,全国,中国,商务部,getEcoDataChina,2008-06-15,2026-07-31,1,False,False,False,False,False,False,False,False,False,False,True,False,True
801960,石油石化,8,1040001968,国内现货价格:批发价:汽油(93#),Domestic Spot Price: Wholesale Price: Gasoline 93 #,周,元/吨,当期值,全国,中国,商务部,getEcoDataChina,2008-06-15,2026-07-31,1,147.0,1040001968,国内现货价格:批发价:汽油(93#),Domestic Spot Price: Wholesale Price: Gasoline 93 #,M040001968,M040001959,0,周,元/吨,当期值,0.0,全国,中国,人民币元,不重要,商务部,2016年之前频度为半月,2975,getEcoDataChina,2008-06-15,2026-08-07,1,EcoInfoProGet,2026-08-13T01:09:36.711019+00:00,国内现货价格:批发价:汽油(93#),国内现货价格:批发价:汽油(93#),False,Domestic Spot Price: Wholesale Price: Gasoline 93 #,Domestic Spot Price: Wholesale Price: Gasoline 93 #,False,周,周,False,元/吨,元/吨,False,当期值,当期值,False,全国,全国,False,中国,中国,False,商务部,商务部,False,getEcoDataChina,getEcoDataChina,False,2008-06-15,2008-06-15,False,2026-07-31,2026-08-07,True,1,1,False,True,True,国内现货价格:批发价:汽油(93#),Domestic Spot Price: Wholesale Price: Gasoline 93 #,周,元/吨,当期值,全国,中国,商务部,getEcoDataChina,2008-06-15,2026-07-31,1,False,False,False,False,False,False,False,False,False,False,True,False,True
801960,石油石化,9,1040001966,国内现货价格:批发价:汽油(97#),Domestic Spot Price: Wholesale Price: Gasoline 97 #,周,元/吨,当期值,全国,中国,商务部,getEcoDataChina,2008-06-15,2026-07-31,1,147.0,1040001966,国内现货价格:批发价:汽油(97#),Domestic Spot Price: Wholesale Price: Gasoline 97 #,M040001966,M040001959,0,周,元/吨,当期值,0.0,全国,中国,人民币元,不重要,商务部,2016年之前频度为半月,2975,getEcoDataChina,2008-06-15,2026-08-07,1,EcoInfoProGet,2026-08-13T01:09:36.711019+00:00,国内现货价格:批发价:汽油(97#),国内现货价格:批发价:汽油(97#),False,Domestic Spot Price: Wholesale Price: Gasoline 97 #,Domestic Spot Price: Wholesale Price: Gasoline 97 #,False,周,周,False,元/吨,元/吨,False,当期值,当期值,False,全国,全国,False,中国,中国,False,商务部,商务部,False,getEcoDataChina,getEcoDataChina,False,2008-06-15,2008-06-15,False,2026-07-31,2026-08-07,True,1,1,False,True,True,国内现货价格:批发价:汽油(97#),Domestic Spot Price: Wholesale Price: Gasoline 97 #,周,元/吨,当期值,全国,中国,商务部,getEcoDataChina,2008-06-15,2026-07-31,1,False,False,False,False,False,False,False,False,False,False,True,False,True
801960,石油石化,10,1040001963,国内现货价格:零售价:柴油(0#),Domestic Spot Price: Retail Price: Diesel 0 #,周,元/吨,当期值,全国,中国,商务部,getEcoDataChina,2003-06-15,2026-07-31,1,147.0,1040001963,国内现货价格:零售价:柴油(0#),Domestic Spot Price: Retail Price: Diesel 0 #,M040001963,M040001959,0,周,元/吨,当期值,0.0,全国,中国,人民币元,不重要,商务部,2016年之前频度为半月,2975,getEcoDataChina,2003-06-15,2026-08-07,1,EcoInfoProGet,2026-08-13T01:09:36.711019+00:00,国内现货价格:零售价:柴油(0#),国内现货价格:零售价:柴油(0#),False,Domestic Spot Price: Retail Price: Diesel 0 #,Domestic Spot Price: Retail Price: Diesel 0 #,False,周,周,False,元/吨,元/吨,False,当期值,当期值,False,全国,全国,False,中国,中国,False,商务部,商务部,False,getEcoDataChina,getEcoDataChina,False,2003-06-15,2003-06-15,False,2026-07-31,2026-08-07,True,1,1,False,True,True,国内现货价格:零售价:柴油(0#),Domestic Spot Price: Retail Price: Diesel 0 #,周,元/吨,当期值,全国,中国,商务部,getEcoDataChina,2003-06-15,2026-07-31,1,False,False,False,False,False,False,False,False,False,False,True,False,True
801960,石油石化,11,1040001969,国内现货价格:零售价:汽油(93#),Domestic Spot Price: Retail Price: Gasoline 93 #,周,元/吨,当期值,全国,中国,商务部,getEcoDataChina,2004-01-01,2026-07-31,1,147.0,1040001969,国内现货价格:零售价:汽油(93#),Domestic Spot Price: Retail Price: Gasoline 93 #,M040001969,M040001959,0,周,元/吨,当期值,0.0,全国,中国,人民币元,不重要,商务部,2016年之前频度为半月,2975,getEcoDataChina,2004-01-01,2026-08-07,1,EcoInfoProGet,2026-08-13T01:09:36.711019+00:00,国内现货价格:零售价:汽油(93#),国内现货价格:零售价:汽油(93#),False,Domestic Spot Price: Retail Price: Gasoline 93 #,Domestic Spot Price: Retail Price: Gasoline 93 #,False,周,周,False,元/吨,元/吨,False,当期值,当期值,False,全国,全国,False,中国,中国,False,商务部,商务部,False,getEcoDataChina,getEcoDataChina,False,2004-01-01,2004-01-01,False,2026-07-31,2026-08-07,True,1,1,False,True,True,国内现货价格:零售价:汽油(93#),Domestic Spot Price: Retail Price: Gasoline 93 #,周,元/吨,当期值,全国,中国,商务部,getEcoDataChina,2004-01-01,2026-07-31,1,False,False,False,False,False,False,False,False,False,False,True,False,True
801960,石油石化,12,1040001967,国内现货价格:零售价:汽油(97#),Domestic Spot Price: Retail Price: Gasoline 97 #,周,元/吨,当期值,全国,中国,商务部,getEcoDataChina,2004-01-01,2026-07-31,1,147.0,1040001967,国内现货价格:零售价:汽油(97#),Domestic Spot Price: Retail Price: Gasoline 97 #,M040001967,M040001959,0,周,元/吨,当期值,0.0,全国,中国,人民币元,不重要,商务部,2016年之前频度为半月,2975,getEcoDataChina,2004-01-01,2026-08-07,1,EcoInfoProGet,2026-08-13T01:09:36.711019+00:00,国内现货价格:零售价:汽油(97#),国内现货价格:零售价:汽油(97#),False,Domestic Spot Price: Retail Price: Gasoline 97 #,Domestic Spot Price: Retail Price: Gasoline 97 #,False,周,周,False,元/吨,元/吨,False,当期值,当期值,False,全国,全国,False,中国,中国,False,商务部,商务部,False,getEcoDataChina,getEcoDataChina,False,2004-01-01,2004-01-01,False,2026-07-31,2026-08-07,True,1,1,False,True,True,国内现货价格:零售价:汽油(97#),Domestic Spot Price: Retail Price: Gasoline 97 #,周,元/吨,当期值,全国,中国,商务部,getEcoDataChina,2004-01-01,2026-07-31,1,False,False,False,False,False,False,False,False,False,False,True,False,True
801960,石油石化,13,1040002016,国际期货价格:原油,International Futures Prices: Crude Oil,周,美元/桶,当期值,全国,中国,商务部,getEcoDataChina,2005-01-21,2026-07-31,1,147.0,1040002016,国际期货价格:原油,International Futures Prices: Crude Oil,M040002016,M040002015,0,周,美元/桶,当期值,2.0,全国,中国,美元,不重要,商务部,,2975,getEcoDataChina,2005-01-21,2026-07-31,1,EcoInfoProGet,2026-08-13T01:09:36.711019+00:00,国际期货价格:原油,国际期货价格:原油,False,International Futures Prices: Crude Oil,International Futures Prices: Crude Oil,False,周,周,False,美元/桶,美元/桶,False,当期值,当期值,False,全国,全国,False,中国,中国,False,商务部,商务部,False,getEcoDataChina,getEcoDataChina,False,2005-01-21,2005-01-21,False,2026-07-31,2026-07-31,False,1,1,False,True,False,国际期货价格:原油,International Futures Prices: Crude Oil,周,美元/桶,当期值,全国,中国,商务部,getEcoDataChina,2005-01-21,2026-07-31,1,False,False,False,False,False,False,False,False,False,False,False,False,False
801960,石油石化,14,1040002020,国际期货价格:天然气,International Futures Prices: Natural Gas,周,美元/百万英热,当期值,全国,中国,商务部,getEcoDataChina,2005-01-21,2026-07-31,1,147.0,1040002020,国际期货价格:天然气,International Futures Prices: Natural Gas,M040002020,M040002015,0,周,美元/百万英热,当期值,2.0,全国,中国,美元,不重要,商务部,,2975,getEcoDataChina,2005-01-21,2026-07-31,1,EcoInfoProGet,2026-08-13T01:09:36.711019+00:00,国际期货价格:天然气,国际期货价格:天然气,False,International Futures Prices: Natural Gas,International Futures Prices: Natural Gas,False,周,周,False,美元/百万英热,美元/百万英热,False,当期值,当期值,False,全国,全国,False,中国,中国,False,商务部,商务部,False,getEcoDataChina,getEcoDataChina,False,2005-01-21,2005-01-21,False,2026-07-31,2026-07-31,False,1,1,False,True,False,国际期货价格:天然气,International Futures Prices: Natural Gas,周,美元/百万英热,当期值,全国,中国,商务部,getEcoDataChina,2005-01-21,2026-07-31,1,False,False,False,False,False,False,False,False,False,False,False,False,False
801960,石油石化,15,1040002017,国际期货价格:燃料油,International Futures Prices: Fuel Oil,周,美分/加仑,当期值,全国,中国,商务部,getEcoDataChina,2005-01-21,2026-07-31,1,147.0,1040002017,国际期货价格:燃料油,International Futures Prices: Fuel Oil,M040002017,M040002015,0,周,美分/加仑,当期值,2.0,全国,中国,,不重要,商务部,,2975,getEcoDataChina,2005-01-21,2026-07-31,1,EcoInfoProGet,2026-08-13T01:09:36.711019+00:00,国际期货价格:燃料油,国际期货价格:燃料油,False,International Futures Prices: Fuel Oil,International Futures Prices: Fuel Oil,False,周,周,False,美分/加仑,美分/加仑,False,当期值,当期值,False,全国,全国,False,中国,中国,False,商务部,商务部,False,getEcoDataChina,getEcoDataChina,False,2005-01-21,2005-01-21,False,2026-07-31,2026-07-31,False,1,1,False,True,False,国际期货价格:燃料油,International Futures Prices: Fuel Oil,周,美分/加仑,当期值,全国,中国,商务部,getEcoDataChina,2005-01-21,2026-07-31,1,False,False,False,False,False,False,False,False,False,False,False,False,False
801960,石油石化,16,1040002018,国际期货价格:轻柴油,International Futures Prices: Light Diesel Oil,周,美元/吨,当期值,全国,中国,商务部,getEcoDataChina,2005-01-21,2026-07-31,1,147.0,1040002018,国际期货价格:轻柴油,International Futures Prices: Light Diesel Oil,M040002018,M040002015,0,周,美元/吨,当期值,2.0,全国,中国,美元,不重要,商务部,,2975,getEcoDataChina,2005-01-21,2026-07-31,1,EcoInfoProGet,2026-08-13T01:09:36.711019+00:00,国际期货价格:轻柴油,国际期货价格:轻柴油,False,International Futures Prices: Light Diesel Oil,International Futures Prices: Light Diesel Oil,False,周,周,False,美元/吨,美元/吨,False,当期值,当期值,False,全国,全国,False,中国,中国,False,商务部,商务部,False,getEcoDataChina,getEcoDataChina,False,2005-01-21,2005-01-21,False,2026-07-31,2026-07-31,False,1,1,False,True,False,国际期货价格:轻柴油,International Futures Prices: Light Diesel Oil,周,美元/吨,当期值,全国,中国,商务部,getEcoDataChina,2005-01-21,2026-07-31,1,False,False,False,False,False,False,False,False,False,False,False,False,False
801960,石油石化,18,1040005215,国际现货价格:柴油,International Spot Price: Diesel,周,美元/桶,当期值,全国,中国,商务部,getEcoDataChina,2005-01-21,2026-07-31,1,147.0,1040005215,国际现货价格:柴油,International Spot Price: Diesel,M040005215,M040002013,0,周,美元/桶,当期值,2.0,全国,中国,美元,不重要,商务部,,2975,getEcoDataChina,2005-01-21,2026-07-31,1,EcoInfoProGet,2026-08-13T01:09:36.711019+00:00,国际现货价格:柴油,国际现货价格:柴油,False,International Spot Price: Diesel,International Spot Price: Diesel,False,周,周,False,美元/桶,美元/桶,False,当期值,当期值,False,全国,全国,False,中国,中国,False,商务部,商务部,False,getEcoDataChina,getEcoDataChina,False,2005-01-21,2005-01-21,False,2026-07-31,2026-07-31,False,1,1,False,True,False,国际现货价格:柴油,International Spot Price: Diesel,周,美元/桶,当期值,全国,中国,商务部,getEcoDataChina,2005-01-21,2026-07-31,1,False,False,False,False,False,False,False,False,False,False,False,False,False
801960,石油石化,19,1040005216,国际现货价格:汽油,International Spot Price: Gasoline,周,美元/桶,当期值,全国,中国,商务部,getEcoDataChina,2005-01-21,2026-07-31,1,147.0,1040005216,国际现货价格:汽油,International Spot Price: Gasoline,M040005216,M040002013,0,周,美元/桶,当期值,2.0,全国,中国,美元,不重要,商务部,,2975,getEcoDataChina,2005-01-21,2026-07-31,1,EcoInfoProGet,2026-08-13T01:09:36.711019+00:00,国际现货价格:汽油,国际现货价格:汽油,False,International Spot Price: Gasoline,International Spot Price: Gasoline,False,周,周,False,美元/桶,美元/桶,False,当期值,当期值,False,全国,全国,False,中国,中国,False,商务部,商务部,False,getEcoDataChina,getEcoDataChina,False,2005-01-21,2005-01-21,False,2026-07-31,2026-07-31,False,1,1,False,True,False,国际现货价格:汽油,International Spot Price: Gasoline,周,美元/桶,当期值,全国,中国,商务部,getEcoDataChina,2005-01-21,2026-07-31,1,False,False,False,False,False,False,False,False,False,False,False,False,False
801960,石油石化,20,2020102327,产量:液化石油气:当月值,Liquefied Petroleum Gas: Output,月,万吨,当期值,全国,中国,国家统计局,getEcoDataIndEnergy,2000-07-31,2026-06-30,1,145.0,2020102327,产量:液化石油气:当月值,Liquefied Petroleum Gas: Output,S020102327,M020001541,0,月,万吨,当期值,2.0,全国,中国,,不重要,国家统计局,,2985,getEcoDataIndEnergy,2000-07-31,2026-06-30,1,EcoInfoProGet,2026-08-13T01:09:36.711019+00:00,产量:液化石油气:当月值,产量:液化石油气:当月值,False,Liquefied Petroleum Gas: Output,Liquefied Petroleum Gas: Output,False,月,月,False,万吨,万吨,False,当期值,当期值,False,全国,全国,False,中国,中国,False,国家统计局,国家统计局,False,getEcoDataIndEnergy,getEcoDataIndEnergy,False,2000-07-31,2000-07-31,False,2026-06-30,2026-06-30,False,1,1,False,True,False,产量:液化石油气:当月值,Liquefied Petroleum Gas: Output,月,万吨,当期值,全国,中国,国家统计局,getEcoDataIndEnergy,2000-07-31,2026-06-30,1,False,False,False,False,False,False,False,False,False,False,False,False,False
801960,石油石化,21,1020000172,出口交货值:石油和天然气开采业:当月同比,Export Delivery Value: Oil And Gas Exploration Industry: Current YoY (Month),月,%,当期同比,全国,中国,国家统计局,getEcoDataChina,2007-02-28,2026-06-30,1,145.0,1020000172,出口交货值:石油和天然气开采业:当月同比,Export Delivery Value: Oil And Gas Exploration Industry: Current YoY (Month),M020000172,M020000129,0,月,%,当期同比,2.0,全国,中国,,不重要,国家统计局,,2975,getEcoDataChina,2007-02-28,2026-06-30,1,EcoInfoProGet,2026-08-13T01:09:36.711019+00:00,出口交货值:石油和天然气开采业:当月同比,出口交货值:石油和天然气开采业:当月同比,False,Export Delivery Value: Oil And Gas Exploration Industry: Current YoY (Month),Export Delivery Value: Oil And Gas Exploration Industry: Current YoY (Month),False,月,月,False,%,%,False,当期同比,当期同比,False,全国,全国,False,中国,中国,False,国家统计局,国家统计局,False,getEcoDataChina,getEcoDataChina,False,2007-02-28,2007-02-28,False,2026-06-30,2026-06-30,False,1,1,False,True,False,出口交货值:石油和天然气开采业:当月同比,Export Delivery Value: Oil And Gas Exploration Industry: Current YoY (Month),月,%,当期同比,全国,中国,国家统计局,getEcoDataChina,2007-02-28,2026-06-30,1,False,False,False,False,False,False,False,False,False,False,False,False,False
801960,石油石化,22,1020000131,出口交货值:石油和天然气开采业:当期值,Export Delivery Value: Oil And Gas Exploration Industry: Current Value,月,亿元,当期值,全国,中国,国家统计局,getEcoDataChina,2007-02-28,2026-06-30,1,145.0,1020000131,出口交货值:石油和天然气开采业:当期值,Export Delivery Value: Oil And Gas Exploration Industry: Current Value,M020000131,M020000129,0,月,亿元,当期值,2.0,全国,中国,人民币元,不重要,国家统计局,,2975,getEcoDataChina,2007-02-28,2026-06-30,1,EcoInfoProGet,2026-08-13T01:09:36.711019+00:00,出口交货值:石油和天然气开采业:当期值,出口交货值:石油和天然气开采业:当期值,False,Export Delivery Value: Oil And Gas Exploration Industry: Current Value,Export Delivery Value: Oil And Gas Exploration Industry: Current Value,False,月,月,False,亿元,亿元,False,当期值,当期值,False,全国,全国,False,中国,中国,False,国家统计局,国家统计局,False,getEcoDataChina,getEcoDataChina,False,2007-02-28,2007-02-28,False,2026-06-30,2026-06-30,False,1,1,False,True,False,出口交货值:石油和天然气开采业:当期值,Export Delivery Value: Oil And Gas Exploration Industry: Current Value,月,亿元,当期值,全国,中国,国家统计局,getEcoDataChina,2007-02-28,2026-06-30,1,False,False,False,False,False,False,False,False,False,False,False,False,False
801960,石油石化,23,2030763079,出口数量:石油原油及从沥青矿物提取的原油(2709):当月值,Export Quantity: Petroleum Crude Oil And Crude Oil Extracted From Bituminous Minerals (2709): Current Month Value,月,千克,当期值,中国,中国,海关总署,getEcoDataIndChemical,2015-01-31,2026-06-30,1,145.0,2030763079,出口数量:石油原油及从沥青矿物提取的原油(2709):当月值,Export Quantity: Petroleum Crude Oil And Crude Oil Extracted From Bituminous Minerals (2709): Current Month Value,S030763079,S030762686,0,月,千克,当期值,2.0,中国,中国,,一般重要,海关总署,"与HS编码""270900""中文全称为""石油原油及从沥青矿物提取的原油""相同,与HS编码""27090000""中文全称为""石油原油及从沥青矿物提取的原油""相同",2981,getEcoDataIndChemical,2015-01-31,2026-06-30,1,EcoInfoProGet,2026-08-13T01:09:36.711019+00:00,出口数量:石油原油及从沥青矿物提取的原油(2709):当月值,出口数量:石油原油及从沥青矿物提取的原油(2709):当月值,False,Export Quantity: Petroleum Crude Oil And Crude Oil Extracted From Bituminous Minerals (2709): Current Month Value,Export Quantity: Petroleum Crude Oil And Crude Oil Extracted From Bituminous Minerals (2709): Current Month Value,False,月,月,False,千克,千克,False,当期值,当期值,False,中国,中国,False,中国,中国,False,海关总署,海关总署,False,getEcoDataIndChemical,getEcoDataIndChemical,False,2015-01-31,2015-01-31,False,2026-06-30,2026-06-30,False,1,1,False,True,False,出口数量:石油原油及从沥青矿物提取的原油(2709):当月值,Export Quantity: Petroleum Crude Oil And Crude Oil Extracted From Bituminous Minerals (2709): Current Month Value,月,千克,当期值,中国,中国,海关总署,getEcoDataIndChemical,2015-01-31,2026-06-30,1,False,False,False,False,False,False,False,False,False,False,False,False,False
801960,石油石化,24,2030763072,出口金额(美元):石油原油及从沥青矿物提取的原油(2709):当月值,Export Value (USD): Petroleum Crude Oil And Crude Oil Extracted From Bituminous Minerals (2709): Current Month Value,月,美元,当期值,中国,中国,海关总署,getEcoDataIndChemical,2015-01-31,2026-06-30,1,145.0,2030763072,出口金额(美元):石油原油及从沥青矿物提取的原油(2709):当月值,Export Value (USD): Petroleum Crude Oil And Crude Oil Extracted From Bituminous Minerals (2709): Current Month Value,S030763072,S030762686,0,月,美元,当期值,2.0,中国,中国,美元,一般重要,海关总署,"与HS编码""270900""中文全称为""石油原油及从沥青矿物提取的原油""相同,与HS编码""27090000""中文全称为""石油原油及从沥青矿物提取的原油""相同",2981,getEcoDataIndChemical,2015-01-31,2026-06-30,1,EcoInfoProGet,2026-08-13T01:09:36.711019+00:00,出口金额(美元):石油原油及从沥青矿物提取的原油(2709):当月值,出口金额(美元):石油原油及从沥青矿物提取的原油(2709):当月值,False,Export Value (USD): Petroleum Crude Oil And Crude Oil Extracted From Bituminous Minerals (2709): Current Month Value,Export Value (USD): Petroleum Crude Oil And Crude Oil Extracted From Bituminous Minerals (2709): Current Month Value,False,月,月,False,美元,美元,False,当期值,当期值,False,中国,中国,False,中国,中国,False,海关总署,海关总署,False,getEcoDataIndChemical,getEcoDataIndChemical,False,2015-01-31,2015-01-31,False,2026-06-30,2026-06-30,False,1,1,False,True,False,出口金额(美元):石油原油及从沥青矿物提取的原油(2709):当月值,Export Value (USD): Petroleum Crude Oil And Crude Oil Extracted From Bituminous Minerals (2709): Current Month Value,月,美元,当期值,中国,中国,海关总署,getEcoDataIndChemical,2015-01-31,2026-06-30,1,False,False,False,False,False,False,False,False,False,False,False,False,False
801960,石油石化,25,2030763106,出口金额(美元):石油气及其他烃类气(2711):当月值,Export Value (USD): Petroleum Gas And Other Hydrocarbon Gas (2711): Current Month Value,月,美元,当期值,中国,中国,海关总署,getEcoDataIndChemical,2015-01-31,2026-06-30,1,145.0,2030763106,出口金额(美元):石油气及其他烃类气(2711):当月值,Export Value (USD): Petroleum Gas And Other Hydrocarbon Gas (2711): Current Month Value,S030763106,S030762693,0,月,美元,当期值,2.0,中国,中国,美元,一般重要,海关总署,,2981,getEcoDataIndChemical,2015-01-31,2026-06-30,1,EcoInfoProGet,2026-08-13T01:09:36.711019+00:00,出口金额(美元):石油气及其他烃类气(2711):当月值,出口金额(美元):石油气及其他烃类气(2711):当月值,False,Export Value (USD): Petroleum Gas And Other Hydrocarbon Gas (2711): Current Month Value,Export Value (USD): Petroleum Gas And Other Hydrocarbon Gas (2711): Current Month Value,False,月,月,False,美元,美元,False,当期值,当期值,False,中国,中国,False,中国,中国,False,海关总署,海关总署,False,getEcoDataIndChemical,getEcoDataIndChemical,False,2015-01-31,2015-01-31,False,2026-06-30,2026-06-30,False,1,1,False,True,False,出口金额(美元):石油气及其他烃类气(2711):当月值,Export Value (USD): Petroleum Gas And Other Hydrocarbon Gas (2711): Current Month Value,月,美元,当期值,中国,中国,海关总署,getEcoDataIndChemical,2015-01-31,2026-06-30,1,False,False,False,False,False,False,False,False,False,False,False,False,False
801960,石油石化,26,1020008193,工业企业:利润总额:石油和天然气开采业:累计值,Total Profit: Oil and Gas Extraction Industry: Cumulative Value,月,亿元,累计值,全国,中国,国家统计局,getEcoDataChina,2000-02-29,2026-06-30,1,145.0,1020008193,工业企业:利润总额:石油和天然气开采业:累计值,Total Profit: Oil and Gas Extraction Industry: Cumulative Value,M020008193,M020006126,0,月,亿元,累计值,2.0,全国,中国,人民币元,不重要,国家统计局,"从2011年起,规模以上工业企业起点标准由原来的年主营业务收入500万元提高到年主营业务收入2000万元。",2975,getEcoDataChina,2000-02-29,2026-06-30,1,EcoInfoProGet,2026-08-13T01:09:36.711019+00:00,工业企业:利润总额:石油和天然气开采业:累计值,工业企业:利润总额:石油和天然气开采业:累计值,False,Total Profit: Oil and Gas Extraction Industry: Cumulative Value,Total Profit: Oil and Gas Extraction Industry: Cumulative Value,False,月,月,False,亿元,亿元,False,累计值,累计值,False,全国,全国,False,中国,中国,False,国家统计局,国家统计局,False,getEcoDataChina,getEcoDataChina,False,2000-02-29,2000-02-29,False,2026-06-30,2026-06-30,False,1,1,False,True,False,工业企业:利润总额:石油和天然气开采业:累计值,Total Profit: Oil and Gas Extraction Industry: Cumulative Value,月,亿元,累计值,全国,中国,国家统计局,getEcoDataChina,2000-02-29,2026-06-30,1,False,False,False,False,False,False,False,False,False,False,False,False,False
801960,石油石化,27,1020010170,工业企业:营业利润:石油和天然气开采业:累计值,Operating Profit: Oil and Gas Extraction Industry: Cumulative Value,月,亿元,累计值,全国,中国,国家统计局,getEcoDataChina,2017-02-28,2026-06-30,1,145.0,1020010170,工业企业:营业利润:石油和天然气开采业:累计值,Operating Profit: Oil and Gas Extraction Industry: Cumulative Value,M020010170,M020010167,0,月,亿元,累计值,2.0,全国,中国,人民币元,不重要,国家统计局,"从2011年起,规模以上工业企业起点标准由原来的年主营业务收入500万元提高到年主营业务收入2000万元。",2975,getEcoDataChina,2017-02-28,2026-06-30,1,EcoInfoProGet,2026-08-13T01:09:36.711019+00:00,工业企业:营业利润:石油和天然气开采业:累计值,工业企业:营业利润:石油和天然气开采业:累计值,False,Operating Profit: Oil and Gas Extraction Industry: Cumulative Value,Operating Profit: Oil and Gas Extraction Industry: Cumulative Value,False,月,月,False,亿元,亿元,False,累计值,累计值,False,全国,全国,False,中国,中国,False,国家统计局,国家统计局,False,getEcoDataChina,getEcoDataChina,False,2017-02-28,2017-02-28,False,2026-06-30,2026-06-30,False,1,1,False,True,False,工业企业:营业利润:石油和天然气开采业:累计值,Operating Profit: Oil and Gas Extraction Industry: Cumulative Value,月,亿元,累计值,全国,中国,国家统计局,getEcoDataChina,2017-02-28,2026-06-30,1,False,False,False,False,False,False,False,False,False,False,False,False,False
801960,石油石化,28,1020000918,成本费用利润率:石油和天然气开采业,Profit-To-Cost Ratio: Oil And Gas Exploration Industry,月,%,当期值,全国,中国,国家统计局,getEcoDataChina,2003-02-28,2026-06-30,1,145.0,1020000918,成本费用利润率:石油和天然气开采业,Profit-To-Cost Ratio: Oil And Gas Exploration Industry,M020000918,M020000916,0,月,%,当期值,2.0,全国,中国,,不重要,国家统计局,,2975,getEcoDataChina,2003-02-28,2026-06-30,1,EcoInfoProGet,2026-08-13T01:09:36.711019+00:00,成本费用利润率:石油和天然气开采业,成本费用利润率:石油和天然气开采业,False,Profit-To-Cost Ratio: Oil And Gas Exploration Industry,Profit-To-Cost Ratio: Oil And Gas Exploration Industry,False,月,月,False,%,%,False,当期值,当期值,False,全国,全国,False,中国,中国,False,国家统计局,国家统计局,False,getEcoDataChina,getEcoDataChina,False,2003-02-28,2003-02-28,False,2026-06-30,2026-06-30,False,1,1,False,True,False,成本费用利润率:石油和天然气开采业,Profit-To-Cost Ratio: Oil And Gas Exploration Industry,月,%,当期值,全国,中国,国家统计局,getEcoDataChina,2003-02-28,2026-06-30,1,False,False,False,False,False,False,False,False,False,False,False,False,False
801960,石油石化,29,2020102329,液化石油气:产量:当月同比,Liquefied Petroleum Gas: Production: YoY,月,%,当期同比,全国,中国,国家统计局,getEcoDataIndEnergy,2000-07-31,2026-06-30,1,145.0,2020102329,液化石油气:产量:当月同比,Liquefied Petroleum Gas: Production: YoY,M020008708,M020001607,0,月,%,当期同比,2.0,全国,中国,,不重要,国家统计局,,2985,getEcoDataIndEnergy,2000-07-31,2026-06-30,1,EcoInfoProGet,2026-08-13T01:09:36.711019+00:00,液化石油气:产量:当月同比,液化石油气:产量:当月同比,False,Liquefied Petroleum Gas: Production: YoY,Liquefied Petroleum Gas: Production: YoY,False,月,月,False,%,%,False,当期同比,当期同比,False,全国,全国,False,中国,中国,False,国家统计局,国家统计局,False,getEcoDataIndEnergy,getEcoDataIndEnergy,False,2000-07-31,2000-07-31,False,2026-06-30,2026-06-30,False,1,1,False,True,False,液化石油气:产量:当月同比,Liquefied Petroleum Gas: Production: YoY,月,%,当期同比,全国,中国,国家统计局,getEcoDataIndEnergy,2000-07-31,2026-06-30,1,False,False,False,False,False,False,False,False,False,False,False,False,False
801960,石油石化,30,1020000838,税前利润率:石油和天然气开采业,Pre-Tax Profit Margin: Oil And Gas Exploration Industry,月,%,当期值,全国,中国,国家统计局,getEcoDataChina,2000-02-29,2026-06-30,1,145.0,1020000838,税前利润率:石油和天然气开采业,Pre-Tax Profit Margin: Oil And Gas Exploration Industry,M020000838,M020000836,0,月,%,当期值,2.0,全国,中国,,不重要,国家统计局,,2975,getEcoDataChina,2000-02-29,2026-06-30,1,EcoInfoProGet,2026-08-13T01:09:36.711019+00:00,税前利润率:石油和天然气开采业,税前利润率:石油和天然气开采业,False,Pre-Tax Profit Margin: Oil And Gas Exploration Industry,Pre-Tax Profit Margin: Oil And Gas Exploration Industry,False,月,月,False,%,%,False,当期值,当期值,False,全国,全国,False,中国,中国,False,国家统计局,国家统计局,False,getEcoDataChina,getEcoDataChina,False,2000-02-29,2000-02-29,False,2026-06-30,2026-06-30,False,1,1,False,True,False,税前利润率:石油和天然气开采业,Pre-Tax Profit Margin: Oil And Gas Exploration Industry,月,%,当期值,全国,中国,国家统计局,getEcoDataChina,2000-02-29,2026-06-30,1,False,False,False,False,False,False,False,False,False,False,False,False,False
