指数代码,日期,rolling_return,rolling_volatility,rolling_sharpe,rolling_drawdown
CI011800.WI,2023-01-03,,,,
CI011800.WI,2023-01-04,,,,
CI011800.WI,2023-01-05,,,,
CI011800.WI,2023-01-06,,,,
CI011800.WI,2023-01-09,,,,
CI011800.WI,2023-01-10,,,,
CI011800.WI,2023-01-11,,,,
CI011800.WI,2023-01-12,,,,
CI011800.WI,2023-01-13,,,,
CI011800.WI,2023-01-16,,,,
CI011800.WI,2023-01-17,,,,
CI011800.WI,2023-01-18,,,,
CI011800.WI,2023-01-19,,,,
CI011800.WI,2023-01-20,,,,
CI011800.WI,2023-01-30,,,,
CI011800.WI,2023-01-31,,,,
CI011800.WI,2023-02-01,,,,
CI011800.WI,2023-02-02,,,,
CI011800.WI,2023-02-03,,,,
CI011800.WI,2023-02-06,,,,
CI011800.WI,2023-02-07,,,,
CI011800.WI,2023-02-08,,,,
CI011800.WI,2023-02-09,,,,
CI011800.WI,2023-02-10,,,,
CI011800.WI,2023-02-13,,,,
CI011800.WI,2023-02-14,,,,
CI011800.WI,2023-02-15,,,,
CI011800.WI,2023-02-16,,,,
CI011800.WI,2023-02-17,,,,
CI011800.WI,2023-02-20,,,,
CI011800.WI,2023-02-21,,,,
CI011800.WI,2023-02-22,,,,
CI011800.WI,2023-02-23,,,,
CI011800.WI,2023-02-24,,,,
CI011800.WI,2023-02-27,,,,
CI011800.WI,2023-02-28,,,,
CI011800.WI,2023-03-01,,,,
CI011800.WI,2023-03-02,,,,
CI011800.WI,2023-03-03,,,,
CI011800.WI,2023-03-06,,,,
CI011800.WI,2023-03-07,,,,
CI011800.WI,2023-03-08,,,,
CI011800.WI,2023-03-09,,,,
CI011800.WI,2023-03-10,,,,
CI011800.WI,2023-03-13,,,,
CI011800.WI,2023-03-14,,,,
CI011800.WI,2023-03-15,,,,
CI011800.WI,2023-03-16,,,,
CI011800.WI,2023-03-17,,,,
CI011800.WI,2023-03-20,,,,
CI011800.WI,2023-03-21,,,,
CI011800.WI,2023-03-22,,,,
CI011800.WI,2023-03-23,,,,
CI011800.WI,2023-03-24,,,,
CI011800.WI,2023-03-27,,,,
CI011800.WI,2023-03-28,,,,
CI011800.WI,2023-03-29,,,,
CI011800.WI,2023-03-30,,,,
CI011800.WI,2023-03-31,,,,
CI011800.WI,2023-04-03,,,,
CI011800.WI,2023-04-04,,,,
CI011800.WI,2023-04-06,,,,
CI011800.WI,2023-04-07,,,,
CI011800.WI,2023-04-10,,,,
CI011800.WI,2023-04-11,,,,
CI011800.WI,2023-04-12,,,,
CI011800.WI,2023-04-13,,,,
CI011800.WI,2023-04-14,,,,
CI011800.WI,2023-04-17,,,,
CI011800.WI,2023-04-18,,,,
CI011800.WI,2023-04-19,,,,
CI011800.WI,2023-04-20,,,,
CI011800.WI,2023-04-21,,,,
CI011800.WI,2023-04-24,,,,
CI011800.WI,2023-04-25,,,,
CI011800.WI,2023-04-26,,,,
CI011800.WI,2023-04-27,,,,
CI011800.WI,2023-04-28,,,,
CI011800.WI,2023-05-04,,,,
CI011800.WI,2023-05-05,,,,
CI011800.WI,2023-05-08,,,,
CI011800.WI,2023-05-09,,,,
CI011800.WI,2023-05-10,,,,
CI011800.WI,2023-05-11,,,,
CI011800.WI,2023-05-12,,,,
CI011800.WI,2023-05-15,,,,
CI011800.WI,2023-05-16,,,,
CI011800.WI,2023-05-17,,,,
CI011800.WI,2023-05-18,,,,
CI011800.WI,2023-05-19,,,,
CI011800.WI,2023-05-22,,,,
CI011800.WI,2023-05-23,,,,
CI011800.WI,2023-05-24,,,,
CI011800.WI,2023-05-25,,,,
CI011800.WI,2023-05-26,,,,
CI011800.WI,2023-05-29,,,,
CI011800.WI,2023-05-30,,,,
CI011800.WI,2023-05-31,,,,
CI011800.WI,2023-06-01,,,,
CI011800.WI,2023-06-02,,,,
CI011800.WI,2023-06-05,,,,
CI011800.WI,2023-06-06,,,,
CI011800.WI,2023-06-07,,,,
CI011800.WI,2023-06-08,,,,
CI011800.WI,2023-06-09,,,,
CI011800.WI,2023-06-12,,,,
CI011800.WI,2023-06-13,,,,
CI011800.WI,2023-06-14,,,,
CI011800.WI,2023-06-15,,,,
CI011800.WI,2023-06-16,,,,
CI011800.WI,2023-06-19,,,,
CI011800.WI,2023-06-20,,,,
CI011800.WI,2023-06-21,,,,
CI011800.WI,2023-06-26,,,,
CI011800.WI,2023-06-27,,,,
CI011800.WI,2023-06-28,,,,
CI011800.WI,2023-06-29,,,,
CI011800.WI,2023-06-30,,,,
CI011800.WI,2023-07-03,,,,
CI011800.WI,2023-07-04,,,,
CI011800.WI,2023-07-05,,,,
CI011800.WI,2023-07-06,,,,
CI011800.WI,2023-07-07,,,,
CI011800.WI,2023-07-10,,,,
CI011800.WI,2023-07-11,,,,
CI011800.WI,2023-07-12,,,,
CI011800.WI,2023-07-13,,,,
CI011800.WI,2023-07-14,,,,
CI011800.WI,2023-07-17,,,,
CI011800.WI,2023-07-18,,,,
CI011800.WI,2023-07-19,,,,
CI011800.WI,2023-07-20,,,,
CI011800.WI,2023-07-21,,,,
CI011800.WI,2023-07-24,,,,
CI011800.WI,2023-07-25,,,,
CI011800.WI,2023-07-26,,,,
CI011800.WI,2023-07-27,,,,
CI011800.WI,2023-07-28,,,,
CI011800.WI,2023-07-31,,,,
CI011800.WI,2023-08-01,,,,
CI011800.WI,2023-08-02,,,,
CI011800.WI,2023-08-03,,,,
CI011800.WI,2023-08-04,,,,
CI011800.WI,2023-08-07,,,,
CI011800.WI,2023-08-08,,,,
CI011800.WI,2023-08-09,,,,
CI011800.WI,2023-08-10,,,,
CI011800.WI,2023-08-11,,,,
CI011800.WI,2023-08-14,,,,
CI011800.WI,2023-08-15,,,,
CI011800.WI,2023-08-16,,,,
CI011800.WI,2023-08-17,,,,
CI011800.WI,2023-08-18,,,,
CI011800.WI,2023-08-21,,,,
CI011800.WI,2023-08-22,,,,
CI011800.WI,2023-08-23,,,,
CI011800.WI,2023-08-24,,,,
CI011800.WI,2023-08-25,,,,
CI011800.WI,2023-08-28,,,,
CI011800.WI,2023-08-29,,,,
CI011800.WI,2023-08-30,,,,
CI011800.WI,2023-08-31,,,,
CI011800.WI,2023-09-01,,,,
CI011800.WI,2023-09-04,,,,
CI011800.WI,2023-09-05,,,,
CI011800.WI,2023-09-06,,,,
CI011800.WI,2023-09-07,,,,
CI011800.WI,2023-09-08,,,,
CI011800.WI,2023-09-11,,,,
CI011800.WI,2023-09-12,,,,
CI011800.WI,2023-09-13,,,,
CI011800.WI,2023-09-14,,,,
CI011800.WI,2023-09-15,,,,
CI011800.WI,2023-09-18,,,,
CI011800.WI,2023-09-19,,,,
CI011800.WI,2023-09-20,,,,
CI011800.WI,2023-09-21,,,,
CI011800.WI,2023-09-22,,,,
CI011800.WI,2023-09-25,,,,
CI011800.WI,2023-09-26,,,,
CI011800.WI,2023-09-27,,,,
CI011800.WI,2023-09-28,,,,
CI011800.WI,2023-10-09,,,,
CI011800.WI,2023-10-10,,,,
CI011800.WI,2023-10-11,,,,
CI011800.WI,2023-10-12,,,,
CI011800.WI,2023-10-13,,,,
CI011800.WI,2023-10-16,,,,
CI011800.WI,2023-10-17,,,,
CI011800.WI,2023-10-18,,,,
CI011800.WI,2023-10-19,,,,
CI011800.WI,2023-10-20,,,,
CI011800.WI,2023-10-23,,,,
CI011800.WI,2023-10-24,,,,
CI011800.WI,2023-10-25,,,,
CI011800.WI,2023-10-26,,,,
CI011800.WI,2023-10-27,,,,
CI011800.WI,2023-10-30,,,,
CI011800.WI,2023-10-31,,,,
CI011800.WI,2023-11-01,,,,
CI011800.WI,2023-11-02,,,,
CI011800.WI,2023-11-03,,,,
CI011800.WI,2023-11-06,,,,
CI011800.WI,2023-11-07,,,,
CI011800.WI,2023-11-08,,,,
CI011800.WI,2023-11-09,,,,
CI011800.WI,2023-11-10,,,,
CI011800.WI,2023-11-13,,,,
CI011800.WI,2023-11-14,,,,
CI011800.WI,2023-11-15,,,,
CI011800.WI,2023-11-16,,,,
CI011800.WI,2023-11-17,,,,
CI011800.WI,2023-11-20,,,,
CI011800.WI,2023-11-21,,,,
CI011800.WI,2023-11-22,,,,
CI011800.WI,2023-11-23,,,,
CI011800.WI,2023-11-24,,,,
CI011800.WI,2023-11-27,,,,
CI011800.WI,2023-11-28,,,,
CI011800.WI,2023-11-29,,,,
CI011800.WI,2023-11-30,,,,
CI011800.WI,2023-12-01,,,,
CI011800.WI,2023-12-04,,,,
CI011800.WI,2023-12-05,,,,
CI011800.WI,2023-12-06,,,,
CI011800.WI,2023-12-07,,,,
CI011800.WI,2023-12-08,,,,
CI011800.WI,2023-12-11,,,,
CI011800.WI,2023-12-12,,,,
CI011800.WI,2023-12-13,,,,
CI011800.WI,2023-12-14,,,,
CI011800.WI,2023-12-15,,,,
CI011800.WI,2023-12-18,,,,
CI011800.WI,2023-12-19,,,,
CI011800.WI,2023-12-20,,,,
CI011800.WI,2023-12-21,,,,
CI011800.WI,2023-12-22,,,,
CI011800.WI,2023-12-25,,,,
CI011800.WI,2023-12-26,,,,
CI011800.WI,2023-12-27,,,,
CI011800.WI,2023-12-28,,,,
CI011800.WI,2023-12-29,,,,
CI011800.WI,2024-01-02,,,,
CI011800.WI,2024-01-03,,,,
CI011800.WI,2024-01-04,,,,
CI011800.WI,2024-01-05,,,,
CI011800.WI,2024-01-08,,,,
CI011800.WI,2024-01-09,,,,
CI011800.WI,2024-01-10,,,,
CI011800.WI,2024-01-11,,,,
CI011800.WI,2024-01-12,,,,
CI011800.WI,2024-01-15,,,,-0.08911216889056128
CI011800.WI,2024-01-16,-0.010757508597600607,0.08273632020493674,-0.26947035272282854,-0.08949101790138947
CI011800.WI,2024-01-17,-0.02315087687779871,0.08339506645854415,-0.41785049552372017,-0.09920828566999518
CI011800.WI,2024-01-18,-0.032428837058463666,0.08292971820900556,-0.5357222010421729,-0.0999876478109637
CI011800.WI,2024-01-19,-0.03698245635975761,0.08296708939889456,-0.5922943907197442,-0.10281226666127785
CI011800.WI,2024-01-22,-0.059540642679070666,0.0850947153562623,-0.8538630268474403,-0.12031960583682355
CI011800.WI,2024-01-23,-0.057426810134719286,0.08516439704681723,-0.8267387259744933,-0.11721799574673253
CI011800.WI,2024-01-24,-0.04777869024920289,0.0853659300043236,-0.7053145880512411,-0.11141146561681248
CI011800.WI,2024-01-25,-0.0352190214681537,0.08645197474290311,-0.5438407601204579,-0.09942729353161273
CI011800.WI,2024-01-26,-0.0408277836633133,0.08634625585933033,-0.6121265725035726,-0.10077838816585649
CI011800.WI,2024-01-29,-0.05753583452302524,0.08681182629915851,-0.8107607167893054,-0.11088588315921477
CI011800.WI,2024-01-30,-0.06675642977201102,0.08731752873660446,-0.918129408370591,-0.11943374361352233
CI011800.WI,2024-01-31,-0.07896157171166962,0.08792830631183951,-1.0608162689162226,-0.12903677411432668
CI011800.WI,2024-02-01,-0.08592887496346968,0.08782934766827914,-1.148537436914916,-0.1316375607403193
CI011800.WI,2024-02-02,-0.10031358598111317,0.08821680993032434,-1.3228443317358307,-0.14069507415273041
CI011800.WI,2024-02-05,-0.11756241157993941,0.08918355467803799,-1.5244999231187517,-0.15316159148261488
CI011800.WI,2024-02-06,-0.10036557343101216,0.09096937196112367,-1.280761215903755,-0.13832430949943408
CI011800.WI,2024-02-07,-0.09975013243273101,0.09104195025621381,-1.2721600467412848,-0.13015893908441056
CI011800.WI,2024-02-08,-0.0915803835451382,0.09167515514725957,-1.1642426063192695,-0.12102414484302482
CI011800.WI,2024-02-19,-0.08787302449207957,0.091689075308488,-1.1196481551418451,-0.1192731742586206
CI011800.WI,2024-02-20,-0.07757861156089385,0.09194638072665681,-0.9942407855450379,-0.11276601922808915
CI011800.WI,2024-02-21,-0.07582057879138338,0.0920023860845231,-0.9728902012810129,-0.10980040155082316
CI011800.WI,2024-02-22,-0.06673051254760232,0.09220527064623638,-0.8644262513585195,-0.1039930521895005
CI011800.WI,2024-02-23,-0.07197351124686735,0.09175078901550912,-0.9305445406036117,-0.1001998287442265
CI011800.WI,2024-02-26,-0.06913846466129248,0.09171604324393672,-0.8976831731784777,-0.10001331706157712
CI011800.WI,2024-02-27,-0.06776443783528796,0.09183441461927613,-0.8803519058830057,-0.09302691166054833
CI011800.WI,2024-02-28,-0.08185905681146388,0.09292018761223815,-1.0328851977831806,-0.10614144102985756
CI011800.WI,2024-02-29,-0.07005556370187282,0.09382289828379975,-0.8859509410634023,-0.0948233951006503
CI011800.WI,2024-03-01,-0.057473951483108854,0.09344860530956119,-0.7461027176924743,-0.09133765650847026
CI011800.WI,2024-03-04,-0.050139128505156116,0.09335340019005672,-0.663936905211114,-0.08904380858130323
CI011800.WI,2024-03-05,-0.061295703801790946,0.09268608164989418,-0.7968259036309123,-0.08990045155124649
CI011800.WI,2024-03-06,-0.062550305457031,0.09266522987884848,-0.811455337418486,-0.08941692297231352
CI011800.WI,2024-03-07,-0.06498370426214661,0.09268400421446653,-0.8393084020694926,-0.09142950145126838
CI011800.WI,2024-03-08,-0.05772987862414658,0.09281895695680015,-0.7547147210405246,-0.08666303109975348
CI011800.WI,2024-03-11,-0.05146556772853805,0.09290652829347838,-0.6826110740200729,-0.08270659855394735
CI011800.WI,2024-03-12,-0.04877353787811678,0.09285147866265096,-0.6525538024214546,-0.0832324540886793
CI011800.WI,2024-03-13,-0.05414905091932498,0.09267287882952949,-0.7151294273051461,-0.08335160674489595
CI011800.WI,2024-03-14,-0.06221296601935411,0.09237307646879302,-0.8104181926446236,-0.08454103971570115
CI011800.WI,2024-03-15,-0.056767098901105095,0.09245216212899948,-0.7470298712561013,-0.0809455241155782
CI011800.WI,2024-03-18,-0.05229378877802404,0.09263722544182475,-0.6942909547209383,-0.07565046745798953
CI011800.WI,2024-03-19,-0.05613596883217997,0.09266482938987311,-0.7378876427671949,-0.07829531052829775
CI011800.WI,2024-03-20,-0.04315767912439439,0.092053622497746,-0.5950765549068865,-0.0760111113265386
CI011800.WI,2024-03-21,-0.044016855889113304,0.09204215326407106,-0.6049205702371568,-0.07549399426010073
CI011800.WI,2024-03-22,-0.04978471854430788,0.09219160199551595,-0.6694219919120704,-0.0805451930368607
CI011800.WI,2024-03-25,-0.04695342473027542,0.09198937760092966,-0.6387595043794145,-0.08512132862584765
CI011800.WI,2024-03-26,-0.053613827588317564,0.09171011941151916,-0.7174374581181243,-0.08519105432077667
CI011800.WI,2024-03-27,-0.056227583354571564,0.0919162294735081,-0.7457047126358843,-0.09291595131835717
CI011800.WI,2024-03-28,-0.052963869542473785,0.09208982584999874,-0.7066475474093833,-0.08736857138878018
CI011800.WI,2024-03-29,-0.038727160098202096,0.09181329698789484,-0.5465678314783294,-0.08227950591607958
CI011800.WI,2024-04-01,-0.03882774104181319,0.09180822097961917,-0.5477426769469083,-0.07840272086774436
CI011800.WI,2024-04-02,-0.03790098798328834,0.0918011929372108,-0.5372951054220161,-0.0787017403296788
CI011800.WI,2024-04-03,-0.04530633113295823,0.09144834881311871,-0.6241997465428398,-0.0785912351160446
CI011800.WI,2024-04-08,-0.04988074344427684,0.09144320443514098,-0.6767551450410316,-0.08087698175489744
CI011800.WI,2024-04-09,-0.052034835424980885,0.09134835449540238,-0.7023945095833957,-0.07861544795527575
CI011800.WI,2024-04-10,-0.05334981819491891,0.09138322840345925,-0.7172787981551528,-0.08154784124788239
CI011800.WI,2024-04-11,-0.05078864554663387,0.09141503034161849,-0.6874474779236397,-0.07950240248711371
CI011800.WI,2024-04-12,-0.04868760565886643,0.09137181674403193,-0.6636222781442848,-0.08029887746182451
CI011800.WI,2024-04-15,-0.045567133704545015,0.09142452871610941,-0.6273737453541088,-0.07760606384161084
CI011800.WI,2024-04-16,-0.059533947438344725,0.0920634624461251,-0.7824742817651331,-0.08822730795008549
CI011800.WI,2024-04-17,-0.05450268196229846,0.09258217534654385,-0.7199622221504783,-0.07788960893260799
CI011800.WI,2024-04-18,-0.06893205684232828,0.09105991161926046,-0.9023569767519989,-0.07698417618135667
CI011800.WI,2024-04-19,-0.06805003471541682,0.09105017423297913,-0.8920664664556014,-0.07765430746865054
CI011800.WI,2024-04-22,-0.071911522444979,0.09106216133790003,-0.9375205090130379,-0.08006011702083404
CI011800.WI,2024-04-23,-0.08321331523843778,0.09079122682493641,-1.0754949883031961,-0.08414571505111046
CI011800.WI,2024-04-24,-0.07157950004064861,0.09074029485703423,-0.9372261481477584,-0.07898774311488344
CI011800.WI,2024-04-25,-0.07114232235338092,0.09074349477538904,-0.9320034048235539,-0.07846079527161476
CI011800.WI,2024-04-26,-0.06902421180328844,0.09085530107267438,-0.9056824709011307,-0.07358345560362012
CI011800.WI,2024-04-29,-0.06184621906045262,0.09087217183894597,-0.8209982172536792,-0.07007541571214826
CI011800.WI,2024-04-30,-0.06648703544705681,0.09072270091197086,-0.8771472913989318,-0.07008779520889807
CI011800.WI,2024-05-06,-0.061581442478987,0.09111626193425257,-0.8154619234622291,-0.059153771460069726
CI011800.WI,2024-05-07,-0.05840123166106326,0.09109163341214703,-0.778575150395582,-0.054300504324179655
CI011800.WI,2024-05-08,-0.05872550858172365,0.09110782475789794,-0.7822004173548683,-0.05793956927033106
CI011800.WI,2024-05-09,-0.05215814336813385,0.09132736557964284,-0.7039872450071175,-0.036234850649282224
CI011800.WI,2024-05-10,-0.03322127773296646,0.08944130560658385,-0.49961690839012124,-0.0352841787848881
CI011800.WI,2024-05-13,-0.027374233291611705,0.08921217411337916,-0.4335479570799558,-0.035761566795285415
CI011800.WI,2024-05-14,-0.015245895725642056,0.08848038844770262,-0.2978208755769121,-0.03495192866901564
CI011800.WI,2024-05-15,-0.02117730105203086,0.08844639595206344,-0.3662713717658315,-0.03744557678741378
CI011800.WI,2024-05-16,-0.025093395907474503,0.08830695694336732,-0.4123814497483066,-0.03651682484924934
CI011800.WI,2024-05-17,-0.02702756404951301,0.08816838795956931,-0.43568905247875866,-0.03169220244796156
CI011800.WI,2024-05-20,-0.01704550864592358,0.08809346670791579,-0.3202774078793938,-0.027449157663873236
CI011800.WI,2024-05-21,-0.015096829814446266,0.0880113037445465,-0.2981568027970136,-0.030088969715896363
CI011800.WI,2024-05-22,-0.021196458537886653,0.08783134777550683,-0.36967319405896265,-0.030710469581718525
CI011800.WI,2024-05-23,-0.02047445391111624,0.08775949527023752,-0.3616465126597223,-0.03875414974518321
CI011800.WI,2024-05-24,-0.022517000843615187,0.08782409973961273,-0.38508245240286065,-0.04243156715626473
CI011800.WI,2024-05-27,-0.01680471338390832,0.0880445381218152,-0.317723249037342,-0.03653090956780547
CI011800.WI,2024-05-28,-0.011670013635990517,0.08774741776400273,-0.2597375327258062,-0.03891029424096393
CI011800.WI,2024-05-29,-0.017618061554929065,0.08748886024225581,-0.329755849973606,-0.03828403728476859
CI011800.WI,2024-05-30,-0.017019372155566814,0.08746449390716156,-0.3229068752055806,-0.041407486858071385
CI011800.WI,2024-05-31,-0.01857046397369333,0.08744776254468664,-0.34104300148511224,-0.04133491791080923
CI011800.WI,2024-06-03,-0.02225060193348527,0.08742874820685415,-0.38410327720539145,-0.04277790199069309
CI011800.WI,2024-06-04,-0.019917888735018763,0.08748627115183161,-0.3565574008059576,-0.03969278896922157
CI011800.WI,2024-06-05,-0.02731518058998994,0.08762299360404976,-0.4423216420736301,-0.044914861607379786
CI011800.WI,2024-06-06,-0.021755469809675465,0.08731849771229783,-0.37890169359046605,-0.04675249763567946
CI011800.WI,2024-06-07,-0.016028135376600194,0.08722799958523873,-0.3124655050143632,-0.04531828152628725
CI011800.WI,2024-06-11,-0.01877362225929813,0.08731404329206442,-0.344070600499861,-0.04926302876108857
CI011800.WI,2024-06-12,-0.02110792305534137,0.08721683242600518,-0.37185776867749265,-0.04709976523292625
CI011800.WI,2024-06-13,-0.022709957062818753,0.08724555059489146,-0.39047902189810535,-0.049402290249858316
CI011800.WI,2024-06-14,-0.02466924054219355,0.0872087146399682,-0.4136904956408698,-0.0489200518728059
CI011800.WI,2024-06-17,-0.024607158592546696,0.08720720190346176,-0.41296937005836537,-0.050937338019906964
CI011800.WI,2024-06-18,-0.022874824121228654,0.08724467022800869,-0.392417486704261,-0.04843203036628019
CI011800.WI,2024-06-19,-0.030987370620724652,0.08699912749743971,-0.4895897832194321,-0.05007126774313109
CI011800.WI,2024-06-20,-0.03402827337008718,0.0870578795139127,-0.5252998898629141,-0.053213745677926916
CI011800.WI,2024-06-21,-0.023977085413258492,0.08645999220376421,-0.4098204799311706,-0.0531850165831238
CI011800.WI,2024-06-24,-0.03242228925079882,0.08674886032240099,-0.5083351157433791,-0.06010322513004818
CI011800.WI,2024-06-25,-0.03184033752130344,0.08674487936273041,-0.5014317165492503,-0.06046672280033316
CI011800.WI,2024-06-26,-0.03159715904843874,0.08675809916527251,-0.4984477626354447,-0.05619989256437863
CI011800.WI,2024-06-27,-0.04071388707357071,0.08692709046192969,-0.6061080539549687,-0.06224083768070776
CI011800.WI,2024-06-28,-0.04020276278617185,0.08694659676103338,-0.5998271520021067,-0.05916533211626451
CI011800.WI,2024-07-01,-0.03606786594696787,0.08710813446494757,-0.5492108795390618,-0.05421282793259008
CI011800.WI,2024-07-02,-0.042327790892924044,0.08702321837527922,-0.6246892218239648,-0.05636489830693303
CI011800.WI,2024-07-03,-0.049539620203492896,0.08683877264917417,-0.7132315531975715,-0.058110470645068135
CI011800.WI,2024-07-04,-0.05277353292966813,0.08689629099336917,-0.7519167478673769,-0.061272723151611586
CI011800.WI,2024-07-05,-0.050244928936111544,0.08689975766484827,-0.7212111296079262,-0.06009884114480224
CI011800.WI,2024-07-08,-0.044887846362426376,0.08639857434684342,-0.6608101109804234,-0.06493017943838175
CI011800.WI,2024-07-09,-0.02886799952647645,0.0860830647843,-0.4703502679505674,-0.05881937038696328
CI011800.WI,2024-07-10,-0.04183937706572327,0.08554739725259108,-0.6309937627510798,-0.062094487194519044
CI011800.WI,2024-07-11,-0.03400833954081883,0.08585185374894702,-0.5336561307654442,-0.055410588667547556
CI011800.WI,2024-07-12,-0.03632609002629694,0.08581263349967075,-0.5619293901596213,-0.055350238913204564
CI011800.WI,2024-07-15,-0.04307954541692416,0.08559903063012687,-0.6456904255466182,-0.05637487886908854
CI011800.WI,2024-07-16,-0.046590710949877656,0.08546865948725807,-0.6898073844741436,-0.05542924392391313
CI011800.WI,2024-07-17,-0.05137080680235695,0.08550765951646376,-0.7482247481267194,-0.058600264400948565
CI011800.WI,2024-07-18,-0.04610804359614795,0.08543563851523278,-0.6841839621428998,-0.05721725697028013
CI011800.WI,2024-07-19,-0.045741563952313546,0.08542668424714556,-0.6797688987529596,-0.059072988597254406
CI011800.WI,2024-07-22,-0.0454639807466225,0.08541796750754017,-0.676442573986082,-0.061503115567727584
CI011800.WI,2024-07-23,-0.05545685760563224,0.08598599240420697,-0.7937750513304711,-0.07094183580221669
CI011800.WI,2024-07-24,-0.06350117154719281,0.08594213026765701,-0.8937220203992986,-0.07472045797908178
CI011800.WI,2024-07-25,-0.06145851353088583,0.08583218083274602,-0.8695987939974713,-0.07795322735468757
CI011800.WI,2024-07-26,-0.06436205027254704,0.08561865660171195,-0.9081595320520935,-0.07421881813540909
CI011800.WI,2024-07-29,-0.06463051465041192,0.08561938144104289,-0.9115020136586892,-0.07478257998277937
CI011800.WI,2024-07-30,-0.06576235928146767,0.08564225119763491,-0.9253698998955572,-0.07706906147923698
CI011800.WI,2024-07-31,-0.05301288171161189,0.08669460662177689,-0.7567906355104828,-0.06487402711672108
CI011800.WI,2024-08-01,-0.05308833393875756,0.08669436519849973,-0.7577118806567239,-0.06485499875522804
CI011800.WI,2024-08-02,-0.0544884339709969,0.08680185428166344,-0.7737091583715112,-0.07164168774477453
CI011800.WI,2024-08-05,-0.0643193656706802,0.08752288177928924,-0.8860063062211032,-0.08226958729629286
CI011800.WI,2024-08-06,-0.060646196722484724,0.08759529910223499,-0.8404844516874342,-0.07921301681706083
CI011800.WI,2024-08-07,-0.07025737255828268,0.08685196344885317,-0.9667988148783068,-0.07846214274834273
CI011800.WI,2024-08-08,-0.06853100062325612,0.08682306291024507,-0.9457887405741882,-0.0791017382128395
CI011800.WI,2024-08-09,-0.0665605153980191,0.08679342041898534,-0.9217999711902269,-0.07949051375549998
CI011800.WI,2024-08-12,-0.0734818525118579,0.08644547768447244,-1.011927006837473,-0.07948127940359906
CI011800.WI,2024-08-13,-0.07426625718218816,0.0864081583400228,-1.0222002793376652,-0.07665976515457429
CI011800.WI,2024-08-14,-0.08009876838930241,0.08642740011912566,-1.095060078031978,-0.07997321859033579
CI011800.WI,2024-08-15,-0.07540085450437728,0.08646450172681483,-1.0356573141993382,-0.0773342590091064
CI011800.WI,2024-08-16,-0.07492432200293231,0.08647447943908533,-1.029571121183475,-0.07583193275429467
CI011800.WI,2024-08-19,-0.07399740432652047,0.0864951556413267,-1.0177292690073854,-0.06942150433884409
CI011800.WI,2024-08-20,-0.07356900459806281,0.08647165271767436,-1.0126820786086888,-0.07196152585556792
CI011800.WI,2024-08-21,-0.07326916593336519,0.08646684044898621,-1.0090018780316317,-0.0716838729912288
CI011800.WI,2024-08-22,-0.07186462519708992,0.08642635883490143,-0.9919970210431808,-0.07338866977121195
CI011800.WI,2024-08-23,-0.07382949736811062,0.08640492927913594,-1.0167843838934034,-0.06625040640289892
CI011800.WI,2024-08-26,-0.0595132826664142,0.08592465801600847,-0.8444795900593086,-0.06186884254557501
CI011800.WI,2024-08-27,-0.06322623688356777,0.08597091510829004,-0.8899804575549062,-0.06488438050920142
CI011800.WI,2024-08-28,-0.06439005786500884,0.08601957952234068,-0.9038766291310592,-0.06884133158265515
CI011800.WI,2024-08-29,-0.05953736028018619,0.08588958058733183,-0.8451575796307378,-0.06866938095117059
CI011800.WI,2024-08-30,-0.05912120027629586,0.08591695946376601,-0.8397130533278157,-0.0637679817870801
CI011800.WI,2024-09-02,-0.057447647578355854,0.08576771736706598,-0.8206084598990533,-0.0699247248884739
CI011800.WI,2024-09-03,-0.050038897328469556,0.08553457191749064,-0.731560650016417,-0.0688533766627426
CI011800.WI,2024-09-04,-0.04695043216379624,0.08574168900783577,-0.691739029681,-0.06246275035272164
CI011800.WI,2024-09-05,-0.03678860767528924,0.08520906858818529,-0.572147788764009,-0.06168513136345366
CI011800.WI,2024-09-06,-0.04316637684436897,0.08528152977183834,-0.6494770303056162,-0.06580691983212006
CI011800.WI,2024-09-09,-0.040626547615472686,0.08511350216565655,-0.6197871288933453,-0.06977382943635468
CI011800.WI,2024-09-10,-0.0453425692692766,0.08491947239475309,-0.6794164403035164,-0.06913022381845357
CI011800.WI,2024-09-11,-0.06010790173008684,0.08357067039595385,-0.8782041948143094,-0.06991097263168111
CI011800.WI,2024-09-12,-0.06259240694799972,0.08348844230906317,-0.9108470645760463,-0.0689672832862468
CI011800.WI,2024-09-13,-0.05993602944431786,0.08342574778816926,-0.8776829524227299,-0.06959173058778845
CI011800.WI,2024-09-18,-0.06010722567203031,0.08342125035437477,-0.8799174665058042,-0.06798669995534778
CI011800.WI,2024-09-19,-0.06493369894735479,0.08303973467598999,-0.9463223969250179,-0.06139058711683243
CI011800.WI,2024-09-20,-0.05968445193124794,0.08295867055900658,-0.8798642451874369,-0.060119252587818806
CI011800.WI,2024-09-23,-0.06026643569264556,0.08295578685188157,-0.8873591712343791,-0.0557532736199694
CI011800.WI,2024-09-24,-0.03707524215217606,0.08352947133740449,-0.5889049659506052,-0.042558829308385726
CI011800.WI,2024-09-25,-0.032583754766540185,0.08364105484615615,-0.5323781444790453,-0.03854064171235527
CI011800.WI,2024-09-26,-0.025866586414517667,0.08445828805517197,-0.4445062835675097,-0.024813106151109654
CI011800.WI,2024-09-27,-0.017653562271215728,0.0847784399662323,-0.34348638197439485,-0.016158923349702703
CI011800.WI,2024-09-30,0.04012067762817617,0.09957147013223562,0.2946910915900213,0.0
CI011800.WI,2024-10-08,0.07956270124273024,0.10574453189156632,0.6353790264990989,0.0
CI011800.WI,2024-10-09,0.03348096920836796,0.11435948460493828,0.21446723452670305,-0.04322512217523433
CI011800.WI,2024-10-10,0.037176127267528614,0.11444917468814932,0.24557803581279172,-0.038624595133591844
CI011800.WI,2024-10-11,0.023245051107187775,0.11565365971480286,0.12728649749308205,-0.05483391535860005
CI011800.WI,2024-10-14,0.04089913784495813,0.11640691722632159,0.27417462820454325,-0.041779477278840016
CI011800.WI,2024-10-15,0.02865489790907305,0.1174495730445623,0.17202150152462264,-0.05717012329112059
CI011800.WI,2024-10-16,0.015891944699998106,0.11700413900193381,0.06551702094212351,-0.05906194384517238
CI011800.WI,2024-10-17,0.01454203473934812,0.11705678294332976,0.05417999023967147,-0.063965226553514
CI011800.WI,2024-10-18,0.04013524743753649,0.11916850992999653,0.2643617568192847,-0.042821686390194125
CI011800.WI,2024-10-21,0.04104953775844211,0.11918182745311406,0.27171896213304003,-0.04050371890540161
CI011800.WI,2024-10-22,0.041998959194353036,0.11919361089426067,0.2793530671565857,-0.038414025259086104
CI011800.WI,2024-10-23,0.04691371236937569,0.11911633649802611,0.3189689971822913,-0.037840166467333236
CI011800.WI,2024-10-24,0.04466483240375352,0.1192026684058225,0.3007806475292955,-0.04327778699735063
CI011800.WI,2024-10-25,0.047905932630060155,0.1192643486935402,0.32666531542953514,-0.03933704556249251
CI011800.WI,2024-10-28,0.04630933874196508,0.11921441679831223,0.31395978795898544,-0.03614899083828815
CI011800.WI,2024-10-29,0.042749429068766,0.11937420180793952,0.28514360521914484,-0.042987459871015044
CI011800.WI,2024-10-30,0.04374144574189831,0.11934257944355532,0.2931568766678378,-0.046144487951290114
CI011800.WI,2024-10-31,0.04268611507915443,0.11933767965133277,0.28468546421900903,-0.04589171468792386
CI011800.WI,2024-11-01,0.04669946357871524,0.11910486248725083,0.31726906334513133,-0.05079472915438721
CI011800.WI,2024-11-04,0.06423659412929239,0.11925579628760612,0.45637785663956765,-0.041646608135096796
CI011800.WI,2024-11-05,0.08880497248917685,0.12040519808609004,0.6427577176613095,-0.024609940543293685
CI011800.WI,2024-11-06,0.10102368514322002,0.11973553800788675,0.7389166145978624,-0.025874253929922486
CI011800.WI,2024-11-07,0.10461857619737835,0.1200041346823115,0.7647020340730643,-0.014377496437747883
CI011800.WI,2024-11-08,0.099374926048446,0.11993856629909982,0.7253655217237366,-0.014699833761566583
CI011800.WI,2024-11-11,0.1079806674396957,0.12032839105515268,0.7882284084559421,-0.0045633308345113255
CI011800.WI,2024-11-12,0.08622391809898389,0.12044612802248175,0.6228628549676581,-0.014745077225048475
CI011800.WI,2024-11-13,0.08284254341492603,0.1203286774359789,0.5974344311479604,-0.011514014386348581
CI011800.WI,2024-11-14,0.06672867956255857,0.121665514256895,0.4689411920521875,-0.029270106695889586
CI011800.WI,2024-11-15,0.053616896833633465,0.12239068429308117,0.3658113810944953,-0.04194417779214765
CI011800.WI,2024-11-18,0.051034090134112864,0.12252191482473306,0.34551422318387975,-0.04917803535356435
CI011800.WI,2024-11-19,0.054997189090334686,0.12280365055294153,0.3756535097375933,-0.03853303523911433
CI011800.WI,2024-11-20,0.0515172701705815,0.12258041315756686,0.3491571855014751,-0.032035769875650266
CI011800.WI,2024-11-21,0.05240221897108954,0.12257940098334306,0.35602344598453733,-0.03154756965705097
CI011800.WI,2024-11-22,0.031718071428446626,0.12410459973888643,0.19320123094518837,-0.05011044412271326
CI011800.WI,2024-11-25,0.03219389744366685,0.12409771720686777,0.19692120631820118,-0.05150002646653207
CI011800.WI,2024-11-26,0.03011563419884511,0.1241503571235534,0.180653705756683,-0.0553808605485584
CI011800.WI,2024-11-27,0.03976206550057615,0.12477159408034309,0.2550814947701437,-0.043044058907347194
CI011800.WI,2024-11-28,0.03233586283209844,0.12481546325355648,0.1975984605133873,-0.04703630278284854
CI011800.WI,2024-11-29,0.03694710385575073,0.1250401407389527,0.2331148292363001,-0.03880127711746584
CI011800.WI,2024-12-02,0.05232828338788331,0.12520162996741274,0.3506004343565914,-0.03020600260945705
CI011800.WI,2024-12-03,0.04901076883578903,0.12517208180265146,0.3254226100009898,-0.030389032984452058
CI011800.WI,2024-12-04,0.04239705168963659,0.12517851064983404,0.2748766906013985,-0.03337653219760928
CI011800.WI,2024-12-05,0.04828083011801265,0.12520026757231084,0.31981652237644076,-0.02998881610195203
CI011800.WI,2024-12-06,0.06375273209942844,0.12524107541648324,0.4367657333300494,-0.022302255663837922
CI011800.WI,2024-12-09,0.05866852369625941,0.1250815243710542,0.39885169780688856,-0.020352673691981127
CI011800.WI,2024-12-10,0.06806665092994968,0.12491271987099925,0.46999555903057744,-0.018098190118398416
CI011800.WI,2024-12-11,0.07452685169735362,0.12494302957375159,0.5181904731843439,-0.014222810287898624
CI011800.WI,2024-12-12,0.07777961946683498,0.12502012822856895,0.5421320084181976,-0.0092910939404518
CI011800.WI,2024-12-13,0.06849550035296037,0.12558456248692274,0.47135052200676736,-0.02136573385255436
CI011800.WI,2024-12-16,0.06603578010390865,0.12563299515126938,0.45286719548481646,-0.02478662252716768
CI011800.WI,2024-12-17,0.05658739971657556,0.12591570545952835,0.3814113650115514,-0.03274491198805152
CI011800.WI,2024-12-18,0.06485979719501467,0.12604758753020176,0.4430317506193885,-0.0266601132195321
CI011800.WI,2024-12-19,0.07766906742363777,0.12564260960956325,0.539251047213368,-0.024716343155039677
CI011800.WI,2024-12-20,0.07809948812852929,0.12564920447258757,0.5424083955313563,-0.022189594074930374
CI011800.WI,2024-12-23,0.0724803839471333,0.1258154446567471,0.5003101723882761,-0.028332869572930353
CI011800.WI,2024-12-24,0.0805516635262471,0.1259319137181898,0.5595193071497707,-0.02247929530354975
CI011800.WI,2024-12-25,0.07329380630207627,0.12585246935444735,0.5062257443442593,-0.024018914271326408
CI011800.WI,2024-12-26,0.08407026962774156,0.12636929308725853,0.5837490489546596,-0.012487464162885153
CI011800.WI,2024-12-27,0.09144132439191588,0.12624113529294764,0.6379114186674486,-0.011141962901075497
CI011800.WI,2024-12-30,0.09172603606166385,0.1262402981134682,0.6399816932734099,-0.011037169740599428
CI011800.WI,2024-12-31,0.08466390326341067,0.12653436424569958,0.5874811152500375,-0.019537844279509553
CI011800.WI,2025-01-02,0.07692925508856985,0.12702673900158598,0.5293404197752466,-0.03127396294113283
CI011800.WI,2025-01-03,0.06944614036152741,0.12720863890308046,0.47393415785999743,-0.037548140475768155
CI011800.WI,2025-01-06,0.07447802083454991,0.1271134759384366,0.5111335888283656,-0.037475178684856614
CI011800.WI,2025-01-07,0.075058148753115,0.12712540883546947,0.5153447757596376,-0.034222656495888404
CI011800.WI,2025-01-08,0.07774202336414548,0.1270708795183391,0.5351397859232979,-0.035389061596919236
CI011800.WI,2025-01-09,0.07590818044931247,0.1270907405078716,0.5216716524311279,-0.03732102901876411
CI011800.WI,2025-01-10,0.07335442083138388,0.1272136211766804,0.5026044924520214,-0.04449623102278133
CI011800.WI,2025-01-13,0.06749415904202705,0.12714622712198514,0.45973250866828164,-0.04534092469770934
CI011800.WI,2025-01-14,0.06915281472112711,0.12730728418181977,0.4715082204642069,-0.031924002426337195
CI011800.WI,2025-01-15,0.06248274375648477,0.1272633271067481,0.4224383508791835,-0.033819936022523756
CI011800.WI,2025-01-16,0.06567252514007826,0.12727182948089175,0.4459786422554414,-0.03175474180109761
CI011800.WI,2025-01-17,0.0709775655752285,0.12728294909068671,0.4849757397238942,-0.028789774905721988
CI011800.WI,2025-01-20,0.07519347275251542,0.12726001845487045,0.5159218986357726,-0.02729879713188632
CI011800.WI,2025-01-21,0.08164927234916908,0.12714826848322106,0.5633609515168508,-0.026376134484317526
CI011800.WI,2025-01-22,0.08734366544374939,0.1269092266931217,0.605570957729216,-0.02912838557016062
CI011800.WI,2025-01-23,0.08563012476399523,0.12690362100016597,0.5931597955603187,-0.029108356843243866
CI011800.WI,2025-01-24,0.09608108549693695,0.12704526645690228,0.6680778399313361,-0.022269887810516864
CI011800.WI,2025-01-27,0.08802164231726373,0.1270146419853088,0.6100820014938779,-0.024995404122484244
CI011800.WI,2025-02-05,0.0958666135163071,0.1271104111732419,0.6662600260328431,-0.01947292974494863
CI011800.WI,2025-02-06,0.1060897903842426,0.12742396646134635,0.7378323819148928,-0.01031604615763193
CI011800.WI,2025-02-07,0.1116046190019222,0.1274881112777941,0.77655345183232,-0.005795276367819069
CI011800.WI,2025-02-10,0.12983449700050964,0.12709855801029477,0.9065871288706645,-0.0002752161671883968
CI011800.WI,2025-02-11,0.12839647666557585,0.1271187959350384,0.8964390070594342,-0.0024114944863776744
CI011800.WI,2025-02-12,0.13679356837537693,0.12712141519554668,0.954776240520467,0.0
CI011800.WI,2025-02-13,0.15451754521663563,0.125610366467477,1.0879632909728412,-0.004226613151105396
CI011800.WI,2025-02-14,0.15729971898796058,0.12569014771531722,1.106512975677403,0.0
CI011800.WI,2025-02-17,0.1522043083395932,0.12555699186092498,1.0723893034274776,0.0
CI011800.WI,2025-02-18,0.12989881952064408,0.1250661919333973,0.9197202977280085,-0.006133309008494292
CI011800.WI,2025-02-19,0.13886270196730055,0.12518881099385076,0.9820954595885357,0.0
CI011800.WI,2025-02-20,0.15012492673575473,0.12464517084675308,1.0648243884169037,-0.0014624164830238096
CI011800.WI,2025-02-21,0.16925208131349168,0.12437994719568876,1.199516793560357,0.0
CI011800.WI,2025-02-24,0.17984043386504278,0.12386585089692044,1.2768066451739715,-0.0019486111603496115
CI011800.WI,2025-02-25,0.17742259256506654,0.12394350180571828,1.259521987851384,-0.006968090641317648
CI011800.WI,2025-02-26,0.1958557427117349,0.12351687663736174,1.3892982378188978,-0.0019417152994312126
CI011800.WI,2025-02-27,0.2079363769024456,0.12268139076967716,1.4799090827976118,-0.006485026743121125
CI011800.WI,2025-02-28,0.17282221153400235,0.12219375279295613,1.2437496245970596,-0.01846490532822842
CI011800.WI,2025-03-03,0.16232389454450202,0.12187305575602773,1.1728784556535765,-0.01803302993608158
CI011800.WI,2025-03-04,0.1540532874388214,0.12149964038221522,1.1173035309765271,-0.014781366287532793
CI011800.WI,2025-03-05,0.15639284991922442,0.12154001691868163,1.1336453294060187,-0.010817483977953346
CI011800.WI,2025-03-06,0.156038789092517,0.12152312607510853,1.1312647876866622,-0.003814118355782825
CI011800.WI,2025-03-07,0.15062512462102418,0.12150767741872782,1.092739485102664,-0.0051649998280455245
CI011800.WI,2025-03-10,0.1392049676896785,0.12142820003285193,1.0111844893759674,-0.00861337232972148
CI011800.WI,2025-03-11,0.13408869754856823,0.12137445151179001,0.9744737028749433,-0.008887615413946559
CI011800.WI,2025-03-12,0.13487772537541076,0.12137459776308998,0.980205866147394,-0.00799247962162597
CI011800.WI,2025-03-13,0.12101670406492526,0.12126237096133333,0.8796101411764757,-0.012501842211562808
CI011800.WI,2025-03-14,0.14941067819081089,0.12074244137047799,1.0901397555916283,-0.0021302905730132826
CI011800.WI,2025-03-17,0.13608353665146655,0.12013234759836601,0.9979373952234253,-0.0012118149437372328
CI011800.WI,2025-03-18,0.134624962935062,0.12010354011455697,0.9874459702992103,0.0
CI011800.WI,2025-03-19,0.13111040720726486,0.12009190486623535,0.9616833784187997,-0.0005809451235527785
CI011800.WI,2025-03-20,0.12980206873809874,0.12011154649529589,0.9519050817759025,-0.002675702570576033
CI011800.WI,2025-03-21,0.12182687379649337,0.12031792354152482,0.8915721522952623,-0.00918961598556145
CI011800.WI,2025-03-24,0.12589807654603202,0.12029097935167771,0.9218743794558385,-0.007791727818204031
CI011800.WI,2025-03-25,0.1056360803222296,0.12093285955871468,0.7673883218982873,-0.02053623353852696
CI011800.WI,2025-03-26,0.10183094678137983,0.12087019735252709,0.7391894699932264,-0.01967885388885815
CI011800.WI,2025-03-27,0.10248092567529254,0.12086680219075821,0.7440880813964684,-0.019662873483483834
CI011800.WI,2025-03-28,0.10264856337710393,0.12086620834887365,0.745349617420868,-0.019641242548032345
CI011800.WI,2025-03-31,0.10205866534515207,0.12087499658031145,0.7408752517789293,-0.021437139927696025
CI011800.WI,2025-04-01,0.09991633856269311,0.12083379774583411,0.7249770225998154,-0.019503510877402652
CI011800.WI,2025-04-02,0.09386155419033604,0.12071425183060515,0.6798306107812282,-0.019282963625330662
CI011800.WI,2025-04-03,0.09702203152710887,0.12067084377314803,0.7039501703531709,-0.019263628217722872
CI011800.WI,2025-04-07,0.07424536413480798,0.12209687720426664,0.525259441147065,-0.037245910450928954
CI011800.WI,2025-04-08,0.07318498421263087,0.12209887325920664,0.5171619566430807,-0.03765795769889568
CI011800.WI,2025-04-09,0.07883223963461217,0.12196251175275143,0.5606500388279861,-0.037879564425357226
CI011800.WI,2025-04-10,0.08538269498104234,0.12184813855493433,0.6107591797606959,-0.0368553175593489
CI011800.WI,2025-04-11,0.0857323866274311,0.12184742138613652,0.6134067226387688,-0.03661843674377241
CI011800.WI,2025-04-14,0.11201577579283639,0.1224696761647956,0.8062860363154584,-0.02162890479218793
CI011800.WI,2025-04-15,0.10467267180286943,0.1223412918044323,0.7528266812080616,-0.022145663425646056
CI011800.WI,2025-04-16,0.0986086876482346,0.12223240509493491,0.7083373986938128,-0.02209065904692664
CI011800.WI,2025-04-17,0.09543534735557468,0.12217575596412103,0.6849237216476407,-0.020796246211606473
CI011800.WI,2025-04-18,0.09538570007381453,0.12217603079603676,0.6845513450211863,-0.021158321584203832
CI011800.WI,2025-04-21,0.09816437838398007,0.12219671958789019,0.7051971853672372,-0.018557576826681688
CI011800.WI,2025-04-22,0.1045710777031712,0.12219750723789363,0.752816648323476,-0.015280710829620459
CI011800.WI,2025-04-23,0.09994116917739104,0.12219944785334724,0.7184190790497843,-0.01699547012895819
CI011800.WI,2025-04-24,0.10441951114119563,0.12214712401657381,0.7519529871041669,-0.01613447060845874
CI011800.WI,2025-04-25,0.10277912457066751,0.12213412751105544,0.7398447574717583,-0.01540793604588786
CI011800.WI,2025-04-28,0.10215532825383367,0.1221413952415977,0.7351735648414985,-0.01681633066760735
CI011800.WI,2025-04-29,0.10017157235713348,0.12211745139949585,0.720535568368847,-0.015712446643324607
CI011800.WI,2025-04-30,0.11172767342374956,0.12153969254045814,0.8093892798533207,-0.01682657225337214
CI011800.WI,2025-05-06,0.10446309206148463,0.12112423706325809,0.7576050918940367,-0.012176715737105881
CI011800.WI,2025-05-07,0.1041178221342729,0.12112319217198442,0.7550281393968988,-0.0115158685866813
CI011800.WI,2025-05-08,0.1054930106217391,0.12111774313220955,0.7653380964582696,-0.01100325956124859
CI011800.WI,2025-05-09,0.10813987291584493,0.1210811955716614,0.7852917179125825,-0.011221158127347142
CI011800.WI,2025-05-12,0.11477365678443263,0.12098679686887348,0.8351645792923472,-0.009719529759355305
CI011800.WI,2025-05-13,0.10861021599293541,0.12087588212088488,0.7899332423030079,-0.00964836839619665
CI011800.WI,2025-05-14,0.11126385132118455,0.12090227540684621,0.8095704246773261,-0.0067098278875025175
CI011800.WI,2025-05-15,0.10025363727884362,0.12091180851079797,0.7271302835005725,-0.011346176105303196
CI011800.WI,2025-05-16,0.09593116331973217,0.12086547303300942,0.694781918874399,-0.011501212524293924
CI011800.WI,2025-05-19,0.0980858422175801,0.12087483846746004,0.7109932189280604,-0.009570938476233803
CI011800.WI,2025-05-20,0.09247559916072556,0.12060990786980472,0.6698068581254984,-0.005617509791971287
CI011800.WI,2025-05-21,0.09708629650719014,0.12069860820393707,0.7043091269075117,-0.0006220880456767608
CI011800.WI,2025-05-22,0.10107262895365898,0.12060006445616295,0.7348726824872586,-0.0016839462525108928
CI011800.WI,2025-05-23,0.09194830499214568,0.12049076634758024,0.666342160931254,-0.0038808546885845674
CI011800.WI,2025-05-26,0.0900151152088704,0.12049480977823006,0.6516125241225873,-0.004663541393796766
CI011800.WI,2025-05-27,0.09001189365457307,0.12049483111764814,0.6515878927264499,-0.005159022249933365
CI011800.WI,2025-05-28,0.08967946936655036,0.120494024877769,0.649059104905272,-0.004627342685490365
CI011800.WI,2025-05-29,0.09582222439289279,0.12048684609584978,0.6957638371233691,-0.0016027198826525924
CI011800.WI,2025-05-30,0.09468138744091115,0.1204863757604766,0.6871175834340056,-0.0016797966444855872
CI011800.WI,2025-06-03,0.0918883907172594,0.1204149281601411,0.6662305749071756,0.0
CI011800.WI,2025-06-04,0.09423404322863504,0.1205062653076897,0.6836306234593648,0.0
CI011800.WI,2025-06-05,0.10021301640851443,0.12048871681552918,0.7289563371272788,0.0
CI011800.WI,2025-06-06,0.1025662369316287,0.12048900379716841,0.7466948640763713,0.0
CI011800.WI,2025-06-09,0.11396707849758214,0.12018034044744345,0.8339383043728824,0.0
CI011800.WI,2025-06-10,0.1158759302730965,0.12013138406207356,0.8484876512355393,-0.0021186717508284714
CI011800.WI,2025-06-11,0.10980863275238151,0.11999533053702201,0.8038582788260066,-0.001428766304460538
CI011800.WI,2025-06-12,0.11158538573761168,0.11996705175527544,0.8173597591420789,-0.002300120367594194
CI011800.WI,2025-06-13,0.11023023156614076,0.11997117744614713,0.8071632688832893,-0.0028671146290094596
CI011800.WI,2025-06-16,0.11597808136215182,0.11992274886000064,0.8505198856203572,-0.000960031303588571
CI011800.WI,2025-06-17,0.11574970027323261,0.11992358852229858,0.8488073266765309,-0.0010888659191413685
CI011800.WI,2025-06-18,0.11964843098338118,0.11991685147730496,0.8779502605865602,0.0
CI011800.WI,2025-06-19,0.11113722874877174,0.1199839912056063,0.8138990548226233,-0.004403188384278778
CI011800.WI,2025-06-20,0.11514892501587504,0.11986084975025982,0.8446933734546603,-0.0062421655265675335
CI011800.WI,2025-06-23,0.11991129213992746,0.11985148927655803,0.880323307967251,-0.0039184225214037305
CI011800.WI,2025-06-24,0.12186070742235278,0.11987915951392793,0.8946623093801878,-0.00068328488140601
CI011800.WI,2025-06-25,0.1307867651921013,0.11983464976317672,0.961115718406995,0.0
CI011800.WI,2025-06-26,0.1264996001327343,0.1198388903386745,0.9293729851356503,-0.0015245838715476356
CI011800.WI,2025-06-27,0.12943307489153622,0.11980354871832839,0.9513307255731044,-0.0013434245770000963
CI011800.WI,2025-06-30,0.13352049135109278,0.1198581296136911,0.9811068435503114,0.0
CI011800.WI,2025-07-01,0.13878722106925911,0.11984501252684848,1.0199016269354955,0.0
CI011800.WI,2025-07-02,0.13385871461231558,0.11984738930281566,0.9836746880177814,-0.0016995094362387553
CI011800.WI,2025-07-03,0.13932466636744012,0.11985331762916494,1.0237781079529569,0.0
CI011800.WI,2025-07-04,0.1432022543474638,0.11979178913318132,1.0526210011503363,0.0
CI011800.WI,2025-07-07,0.14213177066180283,0.1197996015204145,1.0447358133428368,-0.0009060750722064137
CI011800.WI,2025-07-08,0.15443574453861975,0.11957203743351404,1.1361605661686751,0.0
CI011800.WI,2025-07-09,0.1520826083870228,0.11960624328874223,1.1188001166752461,-0.002424296920796598
CI011800.WI,2025-07-10,0.14991704657952898,0.11955851004727787,1.103453440667418,0.0
CI011800.WI,2025-07-11,0.16646691994332352,0.11957513059160908,1.2228910905643944,0.0
CI011800.WI,2025-07-14,0.16132266207916546,0.11955890352569115,1.1860495132966906,-0.0011449498688982374
CI011800.WI,2025-07-15,0.15706832358412992,0.11947203130780848,1.1560876464504897,0.0
CI011800.WI,2025-07-16,0.16031556181152506,0.11943700993653304,1.1798703747639825,0.0
CI011800.WI,2025-07-17,0.17340807138472902,0.11973399990737733,1.2710081818397667,0.0
CI011800.WI,2025-07-18,0.18720831514960734,0.1199124581463123,1.3668657379446254,0.0
CI011800.WI,2025-07-21,0.19305695443341642,0.1200361858410598,1.4065489489975056,0.0
CI011800.WI,2025-07-22,0.20148476772398838,0.11989683096964415,1.4667986465672267,0.0
CI011800.WI,2025-07-23,0.19701987444111868,0.1197741329752104,1.437072205854286,0.0
CI011800.WI,2025-07-24,0.21301357097777096,0.12004270282915074,1.544773992518017,0.0
CI011800.WI,2025-07-25,0.20603980076215667,0.11987561933445591,1.4986262239002586,0.0
CI011800.WI,2025-07-28,0.21317582985943728,0.11998652062799568,1.5465573459130106,0.0
CI011800.WI,2025-07-29,0.22025694183524602,0.12003644587069351,1.5944869193350395,0.0
CI011800.WI,2025-07-30,0.2151594746939025,0.12010284224825112,1.5587889598898386,-0.0031794283396108236
CI011800.WI,2025-07-31,0.2158951191442835,0.12008337900968655,1.5640660927980783,-0.005924418242947205
CI011800.WI,2025-08-01,0.21068577130746102,0.12013617680512587,1.5276636851138807,-0.008729272029260882
CI011800.WI,2025-08-04,0.2166934472641311,0.12012420151992483,1.5690436556598517,-0.0057712347480760595
CI011800.WI,2025-08-05,0.22742144938206854,0.12019695726737177,1.6412618936108194,0.0
CI011800.WI,2025-08-06,0.24529031956220515,0.1197480764488177,1.7677639056855736,0.0
CI011800.WI,2025-08-07,0.25212089026633966,0.11964517726955733,1.8149427042884743,0.0
CI011800.WI,2025-08-08,0.25472763847461555,0.11958629662731991,1.8331844059358005,-0.0014192373974045713
CI011800.WI,2025-08-11,0.25474383210895235,0.11958663687980492,1.8332875497428514,0.0
CI011800.WI,2025-08-12,0.2576898303446067,0.1195793585516449,1.85302173907358,0.0
CI011800.WI,2025-08-13,0.2725800573525303,0.11982421813794238,1.9477968948305195,0.0
CI011800.WI,2025-08-14,0.2519005100577687,0.11926718465403335,1.8188441912269975,-0.0032514370818215177
CI011800.WI,2025-08-15,0.26004157980932496,0.11939516387584162,1.871361617335297,0.0
CI011800.WI,2025-08-18,0.2725353117420459,0.11912162593590953,1.9582917795511763,0.0
CI011800.WI,2025-08-19,0.28459178114493167,0.1185068123761734,2.047484039752248,-0.0020821516235270954
CI011800.WI,2025-08-20,0.2858841957780136,0.11853085240644368,2.0555850448262603,0.0
CI011800.WI,2025-08-21,0.2875634675245371,0.11853572802768716,2.066526643432509,0.0
CI011800.WI,2025-08-22,0.31535130553615875,0.12017126698767362,2.2178678059661006,0.0
CI011800.WI,2025-08-25,0.3430223473684404,0.12173059345694984,2.3622007597044794,0.0
CI011800.WI,2025-08-26,0.3365414790328203,0.12187352525743618,2.319834980196671,-0.0048156015076736836
CI011800.WI,2025-08-27,0.3241366637498686,0.12208442209460697,2.2395710631688828,-0.01103012299268824
CI011800.WI,2025-08-28,0.3488591136605308,0.12275488752830278,2.3788691738145737,0.0
CI011800.WI,2025-08-29,0.3446133276092649,0.12275286409917054,2.3531923634368224,-0.0002883646589113553
CI011800.WI,2025-09-01,0.34423583291988447,0.12275221357502278,2.350914015743587,0.0
CI011800.WI,2025-09-02,0.3341593988416478,0.12293389970905035,2.2863424043848153,-0.005525852203841497
CI011800.WI,2025-09-03,0.3362755048861914,0.12287140465747838,2.300356347467453,-0.008387827025041261
CI011800.WI,2025-09-04,0.33592166441730975,0.12287728443989568,2.2980943465296964,-0.010047249768504574
CI011800.WI,2025-09-05,0.36466246709098304,0.12421723153862253,2.4461817282213785,0.0
CI011800.WI,2025-09-08,0.3713550504520071,0.12424498568335564,2.485088564799143,0.0
CI011800.WI,2025-09-09,0.3590583169453532,0.12432347152646181,2.4110561279318077,-0.004316485377441004
CI011800.WI,2025-09-10,0.36130650723087077,0.12427496825965816,2.425265371059691,-0.005875228552708611
CI011800.WI,2025-09-11,0.3780207132293325,0.12433443134888025,2.5224379207436383,0.0
CI011800.WI,2025-09-12,0.3766966034477861,0.12434682864899531,2.5144576058009442,-0.0007763923507317916
CI011800.WI,2025-09-15,0.37130157793668395,0.12428316370911982,2.4840483328330203,0.0
CI011800.WI,2025-09-16,0.3862128799422666,0.12406651452530541,2.575454874859415,0.0
CI011800.WI,2025-09-17,0.38972390118186917,0.12408883160145691,2.5954265049835037,0.0
CI011800.WI,2025-09-18,0.3712166167904247,0.12421370787564348,2.4848691088431574,-0.0065454575304572105
CI011800.WI,2025-09-19,0.36906106364760993,0.12422945008757186,2.471889725547786,-0.007284465528571427
CI011800.WI,2025-09-22,0.3795158191871286,0.12411363179960855,2.5354539528609794,-0.0040977088333408185
CI011800.WI,2025-09-23,0.38179819266789883,0.12405053132338807,2.550024121694723,-0.006685959199839719
CI011800.WI,2025-09-24,0.3934753252067229,0.12429592524353913,2.613025101975248,0.0
CI011800.WI,2025-09-25,0.39589972143256125,0.12427737624105506,2.627402857708395,0.0
CI011800.WI,2025-09-26,0.3881183535726189,0.12441790721110291,2.5795855158349217,-0.004565479533871986
CI011800.WI,2025-09-29,0.40249438122530057,0.12468077301707729,2.6571552512633305,0.0
CI011800.WI,2025-09-30,0.41742072848879674,0.1251657886194156,2.7320344366045317,0.0
CI011800.WI,2025-10-09,0.43880428611956845,0.12630154899604534,2.827304269920109,0.0
CI011800.WI,2025-10-10,0.39546393569570215,0.12988175967777638,2.5171327451434875,-0.028808791192677874
CI011800.WI,2025-10-13,0.4054949863178485,0.12999650739465052,2.5701985227936284,-0.02198073102216891
CI011800.WI,2025-10-14,0.38929903824826506,0.12938417788036152,2.492055133931203,-0.019741862132090726
CI011800.WI,2025-10-15,0.3912568371253107,0.12942329647950687,2.5022358934907905,-0.014240740124557227
CI011800.WI,2025-10-16,0.37640008421618254,0.1288808377809189,2.4288187472501077,-0.011911707397128768
CI011800.WI,2025-10-17,0.37698500859663864,0.1289016907903894,2.4317468596156764,-0.004234457559127547
CI011800.WI,2025-10-20,0.29766549524486363,0.11855840907416036,2.132510678907578,-0.01230761053282814
CI011800.WI,2025-10-21,0.25878429561828664,0.11336348862313722,1.9564539948571784,-0.007551838214352902
CI011800.WI,2025-10-22,0.31198693445330505,0.10440520336060395,2.511643324366167,-0.010317732005159175
CI011800.WI,2025-10-23,0.30902892969942886,0.10434897269749548,2.4912865468338636,-0.007801040063479925
CI011800.WI,2025-10-24,0.34318880427431453,0.10306380897539157,2.7712811400628263,0.0
CI011800.WI,2025-10-27,0.3321947652243322,0.10237548793244337,2.7088585062049297,0.0
CI011800.WI,2025-10-28,0.3520221680415161,0.10093958828951827,2.8924718950273807,-0.0014174843333903953
CI011800.WI,2025-10-29,0.36737093585138103,0.10121172091916361,2.996635104653225,0.0
CI011800.WI,2025-10-30,0.36874313001997505,0.10115251953933807,3.0082581752011968,-0.004212759980816383
CI011800.WI,2025-10-31,0.3334904247268642,0.09898430600161541,2.8080773419004155,-0.00794586062400593
CI011800.WI,2025-11-03,0.3358742403395041,0.09902341297531508,2.8250648878760294,-0.0037656941275923117
CI011800.WI,2025-11-04,0.31512668960071477,0.10008184649466116,2.639666286163591,-0.01710226688726446
CI011800.WI,2025-11-05,0.31434231159324266,0.10008668275321077,2.6335760677050195,-0.01710226688726446
CI011800.WI,2025-11-06,0.3358751280383405,0.10030807740124971,2.7901667639843892,-0.006645318050208959
CI011800.WI,2025-11-07,0.32995591117752965,0.10027540686263225,2.746705852311147,-0.006973337765305843
CI011800.WI,2025-11-10,0.33327869333024607,0.10036107754482074,2.7693380758349395,-0.0011886544930117537
CI011800.WI,2025-11-11,0.34409264099121306,0.1000184007403064,2.8593438683492045,-0.00023149018453116899
CI011800.WI,2025-11-12,0.34550053576823614,0.0999767573655448,2.870977430855706,-0.002485791777393498
CI011800.WI,2025-11-13,0.356715491393899,0.10024591051771732,2.9464381777841906,0.0
CI011800.WI,2025-11-14,0.34799235595902767,0.10085621278705391,2.865186114692736,-0.011535402327195077
CI011800.WI,2025-11-17,0.3294753961103225,0.10064547092467717,2.7333841581905194,-0.015718012293220562
CI011800.WI,2025-11-18,0.28840210107528863,0.10034174329709315,2.428293105582672,-0.029169753441386836
CI011800.WI,2025-11-19,0.2942474959980028,0.10033876639998257,2.4735226994602324,-0.026029273158236
CI011800.WI,2025-11-20,0.28103310681285953,0.09975684043435526,2.3843940925132294,-0.02459604264256232
CI011800.WI,2025-11-21,0.25672410466722084,0.10179363985956762,2.150328205243345,-0.0434183400871101
CI011800.WI,2025-11-24,0.2482334342354644,0.10139156087126923,2.0915353735680786,-0.040106623674586395
CI011800.WI,2025-11-25,0.27265862288397846,0.10110663098815867,2.288986303688237,-0.03133393221080072
CI011800.WI,2025-11-26,0.27201640789770276,0.1010963253387838,2.2842117474244805,-0.028647687017103296
CI011800.WI,2025-11-27,0.29634071721106303,0.09929248002208893,2.5148385209602098,-0.027854847850931175
CI011800.WI,2025-11-28,0.32124209098880185,0.098394219208432,2.730472704409989,-0.022117297784740475
CI011800.WI,2025-12-01,0.3406343956308917,0.09818272422172798,2.8847156040555006,-0.015256524362466606
CI011800.WI,2025-12-02,0.32114040891901174,0.09777744680377531,2.7462935962812796,-0.018711087211272126
CI011800.WI,2025-12-03,0.3120309634987275,0.09762222932870784,2.679552032787431,-0.01889171749699614
CI011800.WI,2025-12-04,0.312795733770592,0.09762041607908806,2.685575804451983,-0.017824720929662363
CI011800.WI,2025-12-05,0.3469508742125009,0.09561616546482764,3.008753211455325,-0.01158707018712668
CI011800.WI,2025-12-08,0.3534123375053251,0.0956021798792747,3.0592977226266305,-0.008298424717406827
CI011800.WI,2025-12-09,0.35027384008420603,0.09575876162947267,3.0301777399634373,-0.014646318647711265
CI011800.WI,2025-12-10,0.3393989685059631,0.09509036971471092,2.965674214599256,-0.00981703153639002
CI011800.WI,2025-12-11,0.34149796136850763,0.09501499452873609,2.9844514194083893,-0.012402634922707212
CI011800.WI,2025-12-12,0.3379454948076672,0.09484191328583659,2.9617350344756024,-0.006506213094694235
CI011800.WI,2025-12-15,0.31999248763197596,0.09469473078575523,2.823370268815341,-0.011072394753501746
CI011800.WI,2025-12-16,0.3163071567152802,0.09477457286280719,2.791538628945209,-0.014019535009982986
CI011800.WI,2025-12-17,0.3269292193673743,0.09475891809132224,2.8768966121885904,-0.009125524924389117
CI011800.WI,2025-12-18,0.3227494235861903,0.09473247029757396,2.844331974566412,-0.008784986756657176
CI011800.WI,2025-12-19,0.3149568947265944,0.09449059108462898,2.7887723875687715,-0.0068160821049265685
CI011800.WI,2025-12-22,0.32303202728874214,0.0947487288575268,2.8461171619854464,0.0
CI011800.WI,2025-12-23,0.3215458105234361,0.09474143411987851,2.8344520970682163,0.0
CI011800.WI,2025-12-24,0.32482934717863743,0.09484880901013228,2.8575422704333038,0.0
CI011800.WI,2025-12-25,0.3187511761029418,0.09477205548078964,2.8112046030096978,0.0
CI011800.WI,2025-12-26,0.33710714763101945,0.09382687012146623,2.9860657222164715,0.0
CI011800.WI,2025-12-29,0.33852951628738404,0.09377991530080795,2.9988643833862563,-0.002435527002247584
CI011800.WI,2025-12-30,0.3512980878871046,0.09331039675237929,3.1153511853459825,-0.0011378502270130708
CI011800.WI,2025-12-31,0.3394838087260885,0.09324442638014903,3.0232020837176035,-0.003642118361159463
CI011800.WI,2026-01-05,0.3640147934771547,0.09519162783333576,3.154133231569761,0.0
CI011800.WI,2026-01-06,0.3822129929774485,0.09631389611140445,3.2562620606581962,0.0
CI011800.WI,2026-01-07,0.3925548236906329,0.09601243656031389,3.3439247203808145,0.0
CI011800.WI,2026-01-08,0.38124271154460243,0.09595933354136978,3.2606118886503332,-0.002147957497600661
CI011800.WI,2026-01-09,0.3937810286652419,0.0961145252998995,3.3496436458688925,0.0
CI011800.WI,2026-01-12,0.396275283569943,0.09632953347712479,3.3609641968765134,0.0
CI011800.WI,2026-01-13,0.3865766672016602,0.09657897095054187,3.280264665049495,-0.005593011695658068
CI011800.WI,2026-01-14,0.39472511949508227,0.0966838005234297,3.3374968293589538,0.0
CI011800.WI,2026-01-15,0.404725087743969,0.09621059937139216,3.4277938180543344,-0.0014873249691614854
CI011800.WI,2026-01-16,0.4231359670376227,0.09527517028256886,3.597365468470982,-0.0005092584099429809
CI011800.WI,2026-01-19,0.4362593831289483,0.09495282486498134,3.706065200346454,0.0
CI011800.WI,2026-01-20,0.42739216350748577,0.09524319523898607,3.6299397784585423,-0.006098488631488874
CI011800.WI,2026-01-21,0.4366600464096926,0.09559913068004573,3.6845720121052565,0.0
CI011800.WI,2026-01-22,0.4473466110537798,0.09567988338675301,3.7591117711777082,0.0
CI011800.WI,2026-01-23,0.4674107930681539,0.09617232425492886,3.8837196513698995,0.0
CI011800.WI,2026-01-26,0.47079749731735787,0.0959843244469027,3.9151923128914756,-0.0051626258146355575
CI011800.WI,2026-01-27,0.47920013082515167,0.09600869660791406,3.973650618211269,-0.0003636320595494791
CI011800.WI,2026-01-28,0.47265884048065465,0.09552692704812488,3.946747765640998,0.0
CI011800.WI,2026-01-29,0.4779039684255415,0.0954617734953858,3.986678318473616,0.0
CI011800.WI,2026-01-30,0.4565419248479492,0.09646887922418462,3.794904697306908,-0.01234769593897378
CI011800.WI,2026-02-02,0.41174298949737653,0.10080674471325145,3.3255608806534704,-0.039793595165769746
CI011800.WI,2026-02-03,0.44000447482899485,0.10280979922290506,3.4557849729749233,-0.019067763045717445
CI011800.WI,2026-02-04,0.43863984276900236,0.10281899518845775,3.4462503884984446,-0.019067763045717445
CI011800.WI,2026-02-05,0.4289243689956479,0.10332052446710137,3.364344678363497,-0.02844641388632696
CI011800.WI,2026-02-06,0.4271982310453024,0.10334422729727888,3.35188372564178,-0.02960003020705171
CI011800.WI,2026-02-09,0.44041141408984164,0.10426876367110852,3.4115794419219236,-0.013717658369892471
CI011800.WI,2026-02-10,0.4436249477160066,0.10420125655481229,3.435140290077552,-0.014272769300969101
CI011800.WI,2026-02-11,0.4328415290979004,0.10416915503113124,3.3640855047728717,-0.016094334668709687
CI011800.WI,2026-02-12,0.42646379900117126,0.1039241491676681,3.328786169044189,-0.01132626677848625
CI011800.WI,2026-02-13,0.40957181691144307,0.10424410362305422,3.204452896585005,-0.01857132543019857
CI011800.WI,2026-02-24,0.4095485337529552,0.10424343826290458,3.204314015033382,-0.013138502024542476
CI011800.WI,2026-02-25,0.4221017613569855,0.10432081023551056,3.2871248667433175,-0.006477233469889154
CI011800.WI,2026-02-26,0.4170186910583007,0.10428375985603669,3.2538709362475964,-0.0057915008352337205
CI011800.WI,2026-02-27,0.4269292067172177,0.10413857404002536,3.3252832403701387,-0.0030696100341013333
CI011800.WI,2026-03-02,0.42651406904990785,0.1041262570813514,3.3228659560550478,0.0
CI011800.WI,2026-03-03,0.3970059999491453,0.10602970249610956,3.067704267731435,-0.018584092573882938
CI011800.WI,2026-03-04,0.4045674589060555,0.10578471218944493,3.1256613941311846,-0.019323971115381644
CI011800.WI,2026-03-05,0.3972326881237971,0.10566330261848231,3.0795135666639415,-0.018180925598923037
CI011800.WI,2026-03-06,0.4045192211145634,0.1056524466869892,3.1291175209153463,-0.014504080262144114
CI011800.WI,2026-03-09,0.3971414711505912,0.1055090226488151,3.083243796957705,-0.012958992016356974
CI011800.WI,2026-03-10,0.3988366823478804,0.10547795701343875,3.095632747058256,-0.013687065978728263
CI011800.WI,2026-03-11,0.4152964535541912,0.10541625579912174,3.2085051196816,-0.007100173283726585
CI011800.WI,2026-03-12,0.40854553523421133,0.10535812298440185,3.1647724488104743,-0.006834539024314634
CI011800.WI,2026-03-13,0.40501629325364985,0.10552855505667423,3.1360260493837653,-0.013832718246056808
CI011800.WI,2026-03-16,0.41203288623573875,0.10501221537493978,3.1984282716877317,-0.02085850394385369
CI011800.WI,2026-03-17,0.39472469962841106,0.10583660559414,3.0576472696937884,-0.03243492366621992
CI011800.WI,2026-03-18,0.39232142243420376,0.10581844699728224,3.041834311107563,-0.03090370111655083
CI011800.WI,2026-03-19,0.3866950582168287,0.1057927918911675,3.0042210208232873,-0.030936554072217515
CI011800.WI,2026-03-20,0.3765642872806696,0.1056463738936094,2.9387427035111826,-0.031205436152341726
CI011800.WI,2026-03-23,0.3774645949762685,0.10563196116006275,2.9453268243333,-0.031886416714384636
CI011800.WI,2026-03-24,0.38297909718696044,0.10552675614311041,2.986068696965561,-0.03137988159944671
CI011800.WI,2026-03-25,0.3839978648786453,0.10551821212102326,2.993289786621311,-0.03093449295522699
CI011800.WI,2026-03-26,0.3830265395412369,0.10552328574907845,2.986488951665332,-0.03073999846103259
CI011800.WI,2026-03-27,0.38969990571834257,0.1053648969842335,3.0365652376136154,-0.030490353472819698
CI011800.WI,2026-03-30,0.3756196599692194,0.10496656903018556,2.9505499913719695,-0.030233838094638532
CI011800.WI,2026-03-31,0.37403874121414904,0.10497691646182332,2.9393015223458856,-0.03045675102006551
CI011800.WI,2026-04-01,0.370557789427876,0.10497658434091153,2.9151162537130917,-0.0304352029788012
CI011800.WI,2026-04-02,0.371574881550375,0.104966050157646,2.9224746149533463,-0.030279370042701315
CI011800.WI,2026-04-03,0.3754062144649484,0.10491313541795949,2.9505184757329483,-0.029608757523701623
CI011800.WI,2026-04-07,0.38542450263698513,0.10462084047438405,3.0279287092945704,-0.02892471651521833
CI011800.WI,2026-04-08,0.4008752710306771,0.10522533087306515,3.116669240699347,-0.016709600358159604
CI011800.WI,2026-04-09,0.4137414963533588,0.10438374137377712,3.2286541608301227,-0.02042460758830822
CI011800.WI,2026-04-10,0.4174806981702406,0.10440403852247332,3.2533819455143194,-0.016973985455759233
CI011800.WI,2026-04-13,0.4168360852482722,0.10441111036849257,3.248806049289497,-0.017405008739136085
CI011800.WI,2026-04-14,0.42654734049915954,0.1045448513053234,3.310213539078347,-0.0106482924957354
CI011800.WI,2026-04-15,0.4297276706792741,0.10449876642287946,3.332968417213653,-0.010259053674984031
CI011800.WI,2026-04-16,0.43774269015431755,0.10467843801474527,3.3809077447934768,-0.002743908837170239
CI011800.WI,2026-04-17,0.4378087255406371,0.10467790236758516,3.3813639175821804,-0.002473777595233484
CI011800.WI,2026-04-20,0.44154877160839234,0.10467419792369463,3.406334635636773,0.0
CI011800.WI,2026-04-21,0.4683557537202496,0.10278038401950178,3.6467108249373874,-8.049715140623359e-05
CI011800.WI,2026-04-22,0.47526803826440434,0.1027973430961244,3.691883590543467,0.0
CI011800.WI,2026-04-23,0.4693186855903182,0.1029469961545454,3.6473529116407235,-0.004262076505314849
CI011800.WI,2026-04-24,0.4654430029551926,0.10299332768933415,3.620074087608053,-0.005831336570028101
CI011800.WI,2026-04-27,0.47122704178491603,0.10301924203238425,3.657485688242802,-0.0016619206613851523
CI011800.WI,2026-04-28,0.44237196150592606,0.10222311945895102,3.491121254751559,-0.0060134861590565025
CI011800.WI,2026-04-29,0.44789487032732755,0.10221945421724722,3.5286857238393283,-0.0027344826149441337
CI011800.WI,2026-04-30,0.45020667805207637,0.10220943263585318,3.544654123246246,-0.0010859946306605028
CI011800.WI,2026-05-06,0.46803849127544606,0.10292755481277015,3.6395444621248427,0.0
CI011800.WI,2026-05-07,0.47433543037600656,0.10293675500749831,3.680873577388422,0.0
CI011800.WI,2026-05-08,0.4650080814625097,0.1030644184760423,3.614767357540975,-0.0036863244124547556
CI011800.WI,2026-05-11,0.47676830239240475,0.10351945364297448,3.6766819631002283,0.0
CI011800.WI,2026-05-12,0.4775405218345383,0.10350400722809101,3.6822739464547367,-0.0012193675195802944
CI011800.WI,2026-05-13,0.4886305409029341,0.10372570160453405,3.7468284768182087,0.0
CI011800.WI,2026-05-14,0.47479374507649164,0.10421929757220308,3.639830380203156,-0.00856339799606265
CI011800.WI,2026-05-15,0.46626681284849547,0.10454527543207627,3.5732562273153468,-0.01570565145928482
CI011800.WI,2026-05-18,0.4600332101288742,0.10464897345830332,3.529045037956279,-0.01878979129339642
CI011800.WI,2026-05-19,0.4686150157146505,0.10466403521010237,3.584632504620377,-0.01413958936729498
CI011800.WI,2026-05-20,0.4639173083177808,0.10461528411399292,3.555582194015382,-0.012645443518260802
CI011800.WI,2026-05-21,0.4522948412183059,0.10498234011309968,3.4674749830014164,-0.01982905032822868
CI011800.WI,2026-05-22,0.4608855549635842,0.10509335077808911,3.5201273075836457,-0.013519771420882898
CI011800.WI,2026-05-25,0.4772833529596021,0.10550436835113544,3.6127798985446087,-0.0026667483284747995
CI011800.WI,2026-05-26,0.4726159751304442,0.10555340189972372,3.581124087081844,-0.004307921601288345
CI011800.WI,2026-05-27,0.468787448438053,0.10562218055425411,3.554176100705248,-0.006825170950274462
CI011800.WI,2026-05-28,0.4667534134201594,0.10561258602256103,3.541347629729371,-0.005257722375813678
CI011800.WI,2026-05-29,0.463941949622517,0.1057423831597257,3.518958276260938,-0.011798664419520155
CI011800.WI,2026-06-01,0.46726807825293526,0.10573027882119125,3.5408467482630908,-0.009708753080854393
CI011800.WI,2026-06-02,0.4671750237810468,0.10573005170907164,3.540253351232737,-0.007837905972616799
CI011800.WI,2026-06-03,0.46671437558073103,0.10572319629614174,3.5375013265426123,-0.004190311718634265
CI011800.WI,2026-06-04,0.4543683479359415,0.10578203838936592,3.455560074565754,-0.007612029893526606
CI011800.WI,2026-06-05,0.44356724303188955,0.10622238077988641,3.371393230974787,-0.01602876215688931
CI011800.WI,2026-06-08,0.4274698280465661,0.10718783136533107,3.2372221196836213,-0.02914235449559699
CI011800.WI,2026-06-09,0.43401945261253094,0.10719047107405813,3.2799136459559253,-0.025454130277027698
CI011800.WI,2026-06-10,0.427888847098733,0.10735363990790527,3.235125488672976,-0.030103488257277045
CI011800.WI,2026-06-11,0.42449946602613453,0.10739995326169186,3.2116171076224833,-0.03188861457969516
CI011800.WI,2026-06-12,0.4245953694914619,0.10740099135518238,3.2122148203897103,-0.028881454663650774
CI011800.WI,2026-06-15,0.44243613332749643,0.1079533858856401,3.311776436781062,-0.01679566780892716
CI011800.WI,2026-06-16,0.4436178580767558,0.10796388338340798,3.3190612109472033,-0.013585960888414572
CI011800.WI,2026-06-17,0.44806495658114254,0.10815409764083202,3.3418928555172247,-0.004076680437853586
CI011800.WI,2026-06-18,0.4569772246377086,0.10840101889691704,3.39121207044255,0.0
CI011800.WI,2026-06-22,0.4715299878925663,0.10885964353666934,3.4688164235122794,0.0
CI011800.WI,2026-06-23,0.4345327641497254,0.11164616601606532,3.156605769225883,-0.023235250558083176
CI011800.WI,2026-06-24,0.4531907434604405,0.11198264974451856,3.2630205439536746,-0.012627504138062573
CI011800.WI,2026-06-25,0.4691918615646693,0.11244301705485364,3.3476540669472454,-0.0010653654048533578
CI011800.WI,2026-06-26,0.46308673149324964,0.11260945588711915,3.3058370833148327,-0.006084421519100047
CI011800.WI,2026-06-29,0.47053600444486365,0.11262894219894869,3.350445202541225,-0.0015916423916736422
CI011800.WI,2026-06-30,0.47273331599355584,0.11264364230150578,3.363298398788108,0.0
CI011800.WI,2026-07-01,0.46950869312780097,0.11269790832381509,3.3422529308496616,-0.002318225810089891
CI011800.WI,2026-07-02,0.45618129999583124,0.11302898087823085,3.252065397934564,-0.009405226120264287
CI011800.WI,2026-07-03,0.46588562951670043,0.11287466517505841,3.3152924519353677,-0.007194516350401248
CI011800.WI,2026-07-06,0.4660580853993044,0.1128711841591539,3.3164350773724864,-0.008911753545764789
CI011800.WI,2026-07-07,0.45501596321906557,0.11307017710343734,3.2438305732901513,-0.014076430997940204
CI011800.WI,2026-07-08,0.4421311117908089,0.11328227446365165,3.15933156275083,-0.01963345911012837
CI011800.WI,2026-07-09,0.4451410092585586,0.11334456363547916,3.1760790720361785,-0.013862405400241862
CI011800.WI,2026-07-10,0.44557113903864676,0.11333702364485707,3.1789125014318187,-0.015072789720945612
CI011800.WI,2026-07-13,0.4265352618580047,0.11425115409534062,3.0381984521712453,-0.027866369639791055
CI011800.WI,2026-07-14,0.42538692484728924,0.11423489379831891,3.031555085085581,-0.024639053082078144
CI011800.WI,2026-07-15,0.41933021963734296,0.11427379956559058,2.9932453481397334,-0.026340482577694724
CI011800.WI,2026-07-16,0.41254381685563657,0.11450393230114361,2.9455427955490676,-0.03264278156784328
CI011800.WI,2026-07-17,0.4048605006325994,0.11455296003697658,2.8966521657083706,-0.03493199699262961
CI011800.WI,2026-07-20,0.40578297201069113,0.11454740730501904,2.902525436691712,-0.03421715741680409
CI011800.WI,2026-07-21,0.4109996039981778,0.11453316929817119,2.9352565771410175,-0.031511613360478474
CI011800.WI,2026-07-22,0.40719952829324946,0.11451781034817284,2.91205302537082,-0.030848222814915727
CI011800.WI,2026-07-23,0.4116386386256996,0.11445600743802599,2.941120056986751,-0.030147888431741876
CI011800.WI,2026-07-24,0.40472585049606646,0.11450711758496036,2.8969279624416173,-0.032336633195589326
CI011800.WI,2026-07-27,0.3958889929872995,0.114319819716404,2.8462113738392154,-0.030828093159807057
CI011800.WI,2026-07-28,0.3939528539344106,0.11435856823087127,2.833132093531349,-0.0332804772007087
CI011800.WI,2026-07-29,0.39272187160737415,0.1143601519100337,2.825358663010586,-0.03260684421298765
CI011800.WI,2026-07-30,0.390669956609085,0.11438021880137463,2.811975387986396,-0.033525348534617416
CI011800.WI,2026-07-31,0.380529608923837,0.1140948276825371,2.7544984382816513,-0.0315416302285374
CI011800.WI,2026-08-03,0.36708007483764216,0.11390748734054736,2.6727851430386322,-0.032955383270705574
CI011800.WI,2026-08-04,0.3637106297828965,0.11382700350767498,2.6528880593663007,-0.029374317626893687
CI011800.WI,2026-08-05,0.3682573316892168,0.1138945609179476,2.6806430037999625,-0.024300046008102982
CICSF040.WI,2015-01-05,,,,
CICSF040.WI,2015-01-06,,,,
CICSF040.WI,2015-01-07,,,,
CICSF040.WI,2015-01-08,,,,
CICSF040.WI,2015-01-09,,,,
CICSF040.WI,2015-01-12,,,,
CICSF040.WI,2015-01-13,,,,
CICSF040.WI,2015-01-14,,,,
CICSF040.WI,2015-01-15,,,,
CICSF040.WI,2015-01-16,,,,
CICSF040.WI,2015-01-19,,,,
CICSF040.WI,2015-01-20,,,,
CICSF040.WI,2015-01-21,,,,
CICSF040.WI,2015-01-22,,,,
CICSF040.WI,2015-01-23,,,,
CICSF040.WI,2015-01-26,,,,
CICSF040.WI,2015-01-27,,,,
CICSF040.WI,2015-01-28,,,,
CICSF040.WI,2015-01-29,,,,
CICSF040.WI,2015-01-30,,,,
CICSF040.WI,2015-02-02,,,,
CICSF040.WI,2015-02-03,,,,
CICSF040.WI,2015-02-04,,,,
CICSF040.WI,2015-02-05,,,,
CICSF040.WI,2015-02-06,,,,
CICSF040.WI,2015-02-09,,,,
CICSF040.WI,2015-02-10,,,,
CICSF040.WI,2015-02-11,,,,
CICSF040.WI,2015-02-12,,,,
CICSF040.WI,2015-02-13,,,,
CICSF040.WI,2015-02-16,,,,
CICSF040.WI,2015-02-17,,,,
CICSF040.WI,2015-02-25,,,,
CICSF040.WI,2015-02-26,,,,
CICSF040.WI,2015-02-27,,,,
CICSF040.WI,2015-03-02,,,,
CICSF040.WI,2015-03-03,,,,
CICSF040.WI,2015-03-04,,,,
CICSF040.WI,2015-03-05,,,,
CICSF040.WI,2015-03-06,,,,
CICSF040.WI,2015-03-09,,,,
CICSF040.WI,2015-03-10,,,,
CICSF040.WI,2015-03-11,,,,
CICSF040.WI,2015-03-12,,,,
CICSF040.WI,2015-03-13,,,,
CICSF040.WI,2015-03-16,,,,
CICSF040.WI,2015-03-17,,,,
CICSF040.WI,2015-03-18,,,,
CICSF040.WI,2015-03-19,,,,
CICSF040.WI,2015-03-20,,,,
CICSF040.WI,2015-03-23,,,,
CICSF040.WI,2015-03-24,,,,
CICSF040.WI,2015-03-25,,,,
CICSF040.WI,2015-03-26,,,,
CICSF040.WI,2015-03-27,,,,
CICSF040.WI,2015-03-30,,,,
CICSF040.WI,2015-03-31,,,,
CICSF040.WI,2015-04-01,,,,
CICSF040.WI,2015-04-02,,,,
CICSF040.WI,2015-04-03,,,,
CICSF040.WI,2015-04-07,,,,
CICSF040.WI,2015-04-08,,,,
CICSF040.WI,2015-04-09,,,,
CICSF040.WI,2015-04-10,,,,
CICSF040.WI,2015-04-13,,,,
CICSF040.WI,2015-04-14,,,,
CICSF040.WI,2015-04-15,,,,
CICSF040.WI,2015-04-16,,,,
CICSF040.WI,2015-04-17,,,,
CICSF040.WI,2015-04-20,,,,
CICSF040.WI,2015-04-21,,,,
CICSF040.WI,2015-04-22,,,,
CICSF040.WI,2015-04-23,,,,
CICSF040.WI,2015-04-24,,,,
CICSF040.WI,2015-04-27,,,,
CICSF040.WI,2015-04-28,,,,
CICSF040.WI,2015-04-29,,,,
CICSF040.WI,2015-04-30,,,,
CICSF040.WI,2015-05-04,,,,
CICSF040.WI,2015-05-05,,,,
CICSF040.WI,2015-05-06,,,,
CICSF040.WI,2015-05-07,,,,
CICSF040.WI,2015-05-08,,,,
CICSF040.WI,2015-05-11,,,,
CICSF040.WI,2015-05-12,,,,
CICSF040.WI,2015-05-13,,,,
CICSF040.WI,2015-05-14,,,,
CICSF040.WI,2015-05-15,,,,
CICSF040.WI,2015-05-18,,,,
CICSF040.WI,2015-05-19,,,,
CICSF040.WI,2015-05-20,,,,
CICSF040.WI,2015-05-21,,,,
CICSF040.WI,2015-05-22,,,,
CICSF040.WI,2015-05-25,,,,
CICSF040.WI,2015-05-26,,,,
CICSF040.WI,2015-05-27,,,,
CICSF040.WI,2015-05-28,,,,
CICSF040.WI,2015-05-29,,,,
CICSF040.WI,2015-06-01,,,,
CICSF040.WI,2015-06-02,,,,
CICSF040.WI,2015-06-03,,,,
CICSF040.WI,2015-06-04,,,,
CICSF040.WI,2015-06-05,,,,
CICSF040.WI,2015-06-08,,,,
CICSF040.WI,2015-06-09,,,,
CICSF040.WI,2015-06-10,,,,
CICSF040.WI,2015-06-11,,,,
CICSF040.WI,2015-06-12,,,,
CICSF040.WI,2015-06-15,,,,
CICSF040.WI,2015-06-16,,,,
CICSF040.WI,2015-06-17,,,,
CICSF040.WI,2015-06-18,,,,
CICSF040.WI,2015-06-19,,,,
CICSF040.WI,2015-06-23,,,,
CICSF040.WI,2015-06-24,,,,
CICSF040.WI,2015-06-25,,,,
CICSF040.WI,2015-06-26,,,,
CICSF040.WI,2015-06-29,,,,
CICSF040.WI,2015-06-30,,,,
CICSF040.WI,2015-07-01,,,,
CICSF040.WI,2015-07-02,,,,
CICSF040.WI,2015-07-03,,,,
CICSF040.WI,2015-07-06,,,,
CICSF040.WI,2015-07-07,,,,
CICSF040.WI,2015-07-08,,,,
CICSF040.WI,2015-07-09,,,,
CICSF040.WI,2015-07-10,,,,
CICSF040.WI,2015-07-13,,,,
CICSF040.WI,2015-07-14,,,,
CICSF040.WI,2015-07-15,,,,
CICSF040.WI,2015-07-16,,,,
CICSF040.WI,2015-07-17,,,,
CICSF040.WI,2015-07-20,,,,
CICSF040.WI,2015-07-21,,,,
CICSF040.WI,2015-07-22,,,,
CICSF040.WI,2015-07-23,,,,
CICSF040.WI,2015-07-24,,,,
CICSF040.WI,2015-07-27,,,,
CICSF040.WI,2015-07-28,,,,
CICSF040.WI,2015-07-29,,,,
CICSF040.WI,2015-07-30,,,,
CICSF040.WI,2015-07-31,,,,
CICSF040.WI,2015-08-03,,,,
CICSF040.WI,2015-08-04,,,,
CICSF040.WI,2015-08-05,,,,
CICSF040.WI,2015-08-06,,,,
CICSF040.WI,2015-08-07,,,,
CICSF040.WI,2015-08-10,,,,
CICSF040.WI,2015-08-11,,,,
CICSF040.WI,2015-08-12,,,,
CICSF040.WI,2015-08-13,,,,
CICSF040.WI,2015-08-14,,,,
CICSF040.WI,2015-08-17,,,,
CICSF040.WI,2015-08-18,,,,
CICSF040.WI,2015-08-19,,,,
CICSF040.WI,2015-08-20,,,,
CICSF040.WI,2015-08-21,,,,
CICSF040.WI,2015-08-24,,,,
CICSF040.WI,2015-08-25,,,,
CICSF040.WI,2015-08-26,,,,
CICSF040.WI,2015-08-27,,,,
CICSF040.WI,2015-08-28,,,,
CICSF040.WI,2015-08-31,,,,
CICSF040.WI,2015-09-01,,,,
CICSF040.WI,2015-09-02,,,,
CICSF040.WI,2015-09-07,,,,
CICSF040.WI,2015-09-08,,,,
CICSF040.WI,2015-09-09,,,,
CICSF040.WI,2015-09-10,,,,
CICSF040.WI,2015-09-11,,,,
CICSF040.WI,2015-09-14,,,,
CICSF040.WI,2015-09-15,,,,
CICSF040.WI,2015-09-16,,,,
CICSF040.WI,2015-09-17,,,,
CICSF040.WI,2015-09-18,,,,
CICSF040.WI,2015-09-21,,,,
CICSF040.WI,2015-09-22,,,,
CICSF040.WI,2015-09-23,,,,
CICSF040.WI,2015-09-24,,,,
CICSF040.WI,2015-09-25,,,,
CICSF040.WI,2015-09-28,,,,
CICSF040.WI,2015-09-29,,,,
CICSF040.WI,2015-09-30,,,,
CICSF040.WI,2015-10-08,,,,
CICSF040.WI,2015-10-09,,,,
CICSF040.WI,2015-10-12,,,,
CICSF040.WI,2015-10-13,,,,
CICSF040.WI,2015-10-14,,,,
CICSF040.WI,2015-10-15,,,,
CICSF040.WI,2015-10-16,,,,
CICSF040.WI,2015-10-19,,,,
CICSF040.WI,2015-10-20,,,,
CICSF040.WI,2015-10-21,,,,
CICSF040.WI,2015-10-22,,,,
CICSF040.WI,2015-10-23,,,,
CICSF040.WI,2015-10-26,,,,
CICSF040.WI,2015-10-27,,,,
CICSF040.WI,2015-10-28,,,,
CICSF040.WI,2015-10-29,,,,
CICSF040.WI,2015-10-30,,,,
CICSF040.WI,2015-11-02,,,,
CICSF040.WI,2015-11-03,,,,
CICSF040.WI,2015-11-04,,,,
CICSF040.WI,2015-11-05,,,,
CICSF040.WI,2015-11-06,,,,
CICSF040.WI,2015-11-09,,,,
CICSF040.WI,2015-11-10,,,,
CICSF040.WI,2015-11-11,,,,
CICSF040.WI,2015-11-12,,,,
CICSF040.WI,2015-11-13,,,,
CICSF040.WI,2015-11-16,,,,
CICSF040.WI,2015-11-17,,,,
CICSF040.WI,2015-11-18,,,,
CICSF040.WI,2015-11-19,,,,
CICSF040.WI,2015-11-20,,,,
CICSF040.WI,2015-11-23,,,,
CICSF040.WI,2015-11-24,,,,
CICSF040.WI,2015-11-25,,,,
CICSF040.WI,2015-11-26,,,,
CICSF040.WI,2015-11-27,,,,
CICSF040.WI,2015-11-30,,,,
CICSF040.WI,2015-12-01,,,,
CICSF040.WI,2015-12-02,,,,
CICSF040.WI,2015-12-03,,,,
CICSF040.WI,2015-12-04,,,,
CICSF040.WI,2015-12-07,,,,
CICSF040.WI,2015-12-08,,,,
CICSF040.WI,2015-12-09,,,,
CICSF040.WI,2015-12-10,,,,
CICSF040.WI,2015-12-11,,,,
CICSF040.WI,2015-12-14,,,,
CICSF040.WI,2015-12-15,,,,
CICSF040.WI,2015-12-16,,,,
CICSF040.WI,2015-12-17,,,,
CICSF040.WI,2015-12-18,,,,
CICSF040.WI,2015-12-21,,,,
CICSF040.WI,2015-12-22,,,,
CICSF040.WI,2015-12-23,,,,
CICSF040.WI,2015-12-24,,,,
CICSF040.WI,2015-12-25,,,,
CICSF040.WI,2015-12-28,,,,
CICSF040.WI,2015-12-29,,,,
CICSF040.WI,2015-12-30,,,,
CICSF040.WI,2015-12-31,,,,
CICSF040.WI,2016-01-04,,,,
CICSF040.WI,2016-01-05,,,,
CICSF040.WI,2016-01-06,,,,
CICSF040.WI,2016-01-07,,,,
CICSF040.WI,2016-01-08,,,,
CICSF040.WI,2016-01-11,,,,
CICSF040.WI,2016-01-12,,,,
CICSF040.WI,2016-01-13,,,,0.0
CICSF040.WI,2016-01-14,0.16842230000000002,0.050168373484791036,2.831797468856822,-0.0037817883804840413
CICSF040.WI,2016-01-15,0.16893848741914153,0.050171415557035706,2.840437783394376,-0.0025976721133628144
CICSF040.WI,2016-01-18,0.168006701591628,0.05020334744304553,2.8227688798173496,-0.004372652848452785
CICSF040.WI,2016-01-19,0.16989844656230835,0.05016745143787592,2.857031466469926,-0.004049936829511602
CICSF040.WI,2016-01-20,0.1662446679851315,0.05015123333783777,2.795528255350298,-0.004732116715257306
CICSF040.WI,2016-01-21,0.1646168145260809,0.050157518800487876,2.767319209779882,-0.00504136136537614
CICSF040.WI,2016-01-22,0.1634395649416791,0.050116437729909265,2.7493543499954027,-0.0029280616968228035
CICSF040.WI,2016-01-25,0.15898076934918737,0.05017857972000275,2.6694432324241615,-0.005051592784734882
CICSF040.WI,2016-01-26,0.15227467897471048,0.04971263840621861,2.5772007801103483,-0.0034192550878716643
CICSF040.WI,2016-01-27,0.14707524038666664,0.04950211132612143,2.496540440000727,-0.0028369168027018166
CICSF040.WI,2016-01-28,0.1463158479520339,0.049523841366648516,2.4820871119929864,-0.004235466567217183
CICSF040.WI,2016-01-29,0.14545034564404857,0.04946857196447142,2.469528498821407,-0.0004926428421245799
CICSF040.WI,2016-02-01,0.1442162802904281,0.04942607536221827,2.4497885446992638,0.0
CICSF040.WI,2016-02-02,0.1374177802691281,0.04939132775638221,2.3307584419643765,-0.002167634610024227
CICSF040.WI,2016-02-03,0.13869742675408503,0.04938770667193774,2.353704580488397,-0.0012474541361381375
CICSF040.WI,2016-02-04,0.14630961158485767,0.04977148787164488,2.4698726925493664,0.0
CICSF040.WI,2016-02-05,0.14769105117627346,0.04981842608272295,2.49178116840587,0.0
CICSF040.WI,2016-02-15,0.16449905422038147,0.05032783400907034,2.756109157665279,0.0
CICSF040.WI,2016-02-16,0.16594093964285528,0.05015545854891601,2.79009543648765,-0.005789130077790472
CICSF040.WI,2016-02-17,0.16670935291470634,0.05015695040323421,2.803157444992223,-0.004736857419688545
CICSF040.WI,2016-02-18,0.16497397273018177,0.050013022695430794,2.7813006439669046,-9.556993629000754e-05
CICSF040.WI,2016-02-19,0.16375436582447223,0.0500091825026513,2.760552597418839,0.0
CICSF040.WI,2016-02-22,0.15948343781242813,0.04999054365482852,2.6879712344656608,-0.0009880552240859597
CICSF040.WI,2016-02-23,0.1604066912647204,0.05001374406667177,2.7026713860961658,0.0
CICSF040.WI,2016-02-24,0.16506380506879825,0.049647887378967324,2.802943235147244,-0.0019534631501604283
CICSF040.WI,2016-02-25,0.16394394239690246,0.0496688278171501,2.7824090336650538,-0.0029003514246900286
CICSF040.WI,2016-02-26,0.16388230006120774,0.049669877359672,2.7812843727851253,-0.003299041224491872
CICSF040.WI,2016-02-29,0.16998860989450115,0.04970440915436192,2.884729341586948,0.0
CICSF040.WI,2016-03-01,0.16867282606798373,0.04970112149815985,2.862262482557297,0.0
CICSF040.WI,2016-03-02,0.1669256713933578,0.049553008532519226,2.8404599645982516,0.0
CICSF040.WI,2016-03-03,0.16859260010154475,0.049609935435018675,2.8660485997207155,0.0
CICSF040.WI,2016-03-04,0.17297571213056373,0.04957582293634297,2.9435497871943412,0.0
CICSF040.WI,2016-03-07,0.17647627287476064,0.04948220725225602,3.0092856331074476,0.0
CICSF040.WI,2016-03-08,0.1669453140624353,0.04954705796063159,2.8411356455560823,-0.003827351849138183
CICSF040.WI,2016-03-09,0.16436160059721994,0.04952774704153095,2.797443313016435,-0.0038938089626292527
CICSF040.WI,2016-03-10,0.16740887498897838,0.04963989037610969,2.843920327711162,0.0
CICSF040.WI,2016-03-11,0.17195261238731874,0.049248319889879544,2.9450660835085807,-0.0024251673266402207
CICSF040.WI,2016-03-14,0.17224188476667934,0.04924436043674652,2.9503138379917315,-0.002453645295588225
CICSF040.WI,2016-03-15,0.17716778181178205,0.048877465552839484,3.0579394457564697,-0.00400812967595876
CICSF040.WI,2016-03-16,0.1885198725738837,0.04917846175598398,3.2348048178160753,0.0
CICSF040.WI,2016-03-17,0.18730990348617826,0.04915366450212839,3.215675737777673,0.0
CICSF040.WI,2016-03-18,0.1924444909329739,0.04896096396492666,3.316336658321501,0.0
CICSF040.WI,2016-03-21,0.18951036500858498,0.048915006229101936,3.2690060987667873,0.0
CICSF040.WI,2016-03-22,0.18577426396341856,0.04878117058000513,3.213309200157627,0.0
CICSF040.WI,2016-03-23,0.18038459899300419,0.04911362477870168,3.099069849805196,-0.005167301122338652
CICSF040.WI,2016-03-24,0.1732171107101652,0.04915025065673598,2.9727971547272474,-0.007843003793612913
CICSF040.WI,2016-03-25,0.1729047530604415,0.04914679546490704,2.967581289701374,-0.006712464470755575
CICSF040.WI,2016-03-28,0.16820411920980693,0.04897672165528444,2.8956727823161836,-0.006036404251864358
CICSF040.WI,2016-03-29,0.17023614483452243,0.04901189773723739,2.9291110840917995,-0.0035695717137190774
CICSF040.WI,2016-03-30,0.1641899118452963,0.04901830135923952,2.8229934164081545,-0.005595620205704699
CICSF040.WI,2016-03-31,0.15790690749094338,0.04876585045634319,2.726320915777856,-0.005447188740858255
CICSF040.WI,2016-04-01,0.15500970858194285,0.048923729753202,2.666443612880746,-0.009168226153787984
CICSF040.WI,2016-04-05,0.1552231160736488,0.048917393085941265,2.6705616503281013,-0.010162716968258545
CICSF040.WI,2016-04-06,0.15654029945964765,0.04888308403722088,2.6957270251129493,-0.010478195335807738
CICSF040.WI,2016-04-07,0.15877626153252256,0.048883828016706356,2.7352209602354582,-0.008923765271629525
CICSF040.WI,2016-04-08,0.1508108242373336,0.04838896296692885,2.620070747805375,-0.00835423128082402
CICSF040.WI,2016-04-11,0.16145559859758674,0.04845757572828126,2.806545238520969,-0.0028530823720822607
CICSF040.WI,2016-04-12,0.1589440703020082,0.04820116204629894,2.776283432436447,0.0
CICSF040.WI,2016-04-13,0.16000532147404822,0.04825295857150699,2.792334386841275,0.0
CICSF040.WI,2016-04-14,0.16037959975006588,0.04825384250992225,2.7989735703863357,0.0
CICSF040.WI,2016-04-15,0.15259392708220965,0.04814662609907198,2.665191888637216,-0.0020253889467511943
CICSF040.WI,2016-04-18,0.14593283547827274,0.048100322996065446,2.547146862925777,-0.003982776294365609
CICSF040.WI,2016-04-19,0.14865170490835822,0.04830102542257903,2.585851847791289,0.0
CICSF040.WI,2016-04-20,0.14417323203575383,0.04797856246525476,2.521443941739128,0.0
CICSF040.WI,2016-04-21,0.14120772069534016,0.047641744354548154,2.4844332957465425,0.0
CICSF040.WI,2016-04-22,0.1391375750802617,0.04772600596837909,2.442067935989318,-0.0025889937880765324
CICSF040.WI,2016-04-25,0.13650523412307392,0.04775447592743704,2.392169786350753,-0.003810698168524196
CICSF040.WI,2016-04-26,0.13076610154894586,0.04715427835731373,2.314604053102914,-0.000298671111163884
CICSF040.WI,2016-04-27,0.12912281786666568,0.0470931569335866,2.2866508128342438,0.0
CICSF040.WI,2016-04-28,0.13229892366847973,0.047194287352429025,2.341399313420528,0.0
CICSF040.WI,2016-04-29,0.12259368205791321,0.04670353992938812,2.181108680695371,-0.001179567527753167
CICSF040.WI,2016-05-03,0.10803027535821541,0.0472409048523811,1.8803040608590977,-0.009180049691428827
CICSF040.WI,2016-05-04,0.10289814957530163,0.04741716036470486,1.7755430655803108,-0.012853899350258713
CICSF040.WI,2016-05-05,0.10582628740479971,0.04728836016712418,1.8363421529732777,-0.013420409567867275
CICSF040.WI,2016-05-06,0.0969027673404772,0.04694228321308466,1.6768682977236362,-0.015071467041568698
CICSF040.WI,2016-05-09,0.08991375051413586,0.04765276177028952,1.5183886576663683,-0.023033266966274724
CICSF040.WI,2016-05-10,0.09414459859525448,0.04790279844078199,1.591617701969855,-0.017798243874502906
CICSF040.WI,2016-05-11,0.09655548921290169,0.04800760548305836,1.6341111520010732,-0.014126882077515446
CICSF040.WI,2016-05-12,0.09092840344599362,0.047911645886447016,1.5298687598892675,-0.015433731827272701
CICSF040.WI,2016-05-13,0.09721852871520209,0.04734263899920069,1.6691669478680142,-0.016902774118436215
CICSF040.WI,2016-05-16,0.10566050606314503,0.047568720484468384,1.8226452680455831,-0.011378998545724328
CICSF040.WI,2016-05-17,0.1157790497788691,0.04712157009223447,2.032901521318269,-0.008760724590564206
CICSF040.WI,2016-05-18,0.0980974372147827,0.04729839296586099,1.6876234408748367,-0.016788653488114647
CICSF040.WI,2016-05-19,0.10061971343108222,0.04753000527925816,1.7279179244999905,-0.010617391807503096
CICSF040.WI,2016-05-20,0.09457177779741088,0.04761394754508744,1.6091860250514953,-0.013686610785009545
CICSF040.WI,2016-05-23,0.09246573877329833,0.047697799862831805,1.5660484473204184,-0.016322219519459003
CICSF040.WI,2016-05-24,0.09373699601594465,0.047698996620726575,1.5904007584038968,-0.01534994706070758
CICSF040.WI,2016-05-25,0.10312755151625375,0.04820328935700082,1.7516814191130272,-0.007991012237952955
CICSF040.WI,2016-05-26,0.10542709766039304,0.048141634410262535,1.797136191100683,-0.007974801009173027
CICSF040.WI,2016-05-27,0.10386278722887687,0.048141083117283164,1.767728416440518,-0.008262590446819096
CICSF040.WI,2016-05-30,0.10791072405677693,0.04815563717150456,1.8432502651692542,-0.005856747791561201
CICSF040.WI,2016-05-31,0.10245763648901751,0.04797499312877441,1.7471223294261982,-0.006176718925943514
CICSF040.WI,2016-06-01,0.0954443574814492,0.047774747549370146,1.6206142784930773,-0.007492958347815826
CICSF040.WI,2016-06-02,0.08898701108007678,0.04741266006647432,1.5078900756343596,-0.007212311481265665
CICSF040.WI,2016-06-03,0.09281950445583176,0.04760506147747591,1.57580983282677,-0.0025507004173749293
CICSF040.WI,2016-06-06,0.09733169460379387,0.047459655283037305,1.667344004285481,-0.0018030578069143655
CICSF040.WI,2016-06-07,0.11403410640090361,0.045406757443630465,2.073438458612323,-0.00021740702358707953
CICSF040.WI,2016-06-08,0.11476679664609013,0.04544058981582684,2.086403460065262,0.0
CICSF040.WI,2016-06-13,0.1137928088271154,0.045432404670204894,2.067523371041794,0.0
CICSF040.WI,2016-06-14,0.11293859015552576,0.045408368984384335,2.0516901408902046,0.0
CICSF040.WI,2016-06-15,0.11775642350237536,0.0454698726379929,2.144016413554398,0.0
CICSF040.WI,2016-06-16,0.11365790235322937,0.045709435283177176,2.0526172147234405,-0.004362224762494371
CICSF040.WI,2016-06-17,0.11918673963469018,0.04603571766613997,2.146014053746109,0.0
CICSF040.WI,2016-06-20,0.11798551654290956,0.046023119982403715,2.12324504962876,0.0
CICSF040.WI,2016-06-21,0.11516349473829934,0.04605809771258207,2.066769183072371,-0.00145638211449306
CICSF040.WI,2016-06-22,0.11815796491603092,0.045988563520539406,2.128161321409643,-0.0008648187535676977
CICSF040.WI,2016-06-23,0.11902686206427271,0.04596008340730611,2.1463603862970313,-0.001708183899687521
CICSF040.WI,2016-06-24,0.11997590620952248,0.04595741069318767,2.164937062009338,-0.0009774899215719834
CICSF040.WI,2016-06-27,0.12935201479471448,0.045656318544659916,2.3615981831375095,0.0
CICSF040.WI,2016-06-28,0.12976746880102064,0.04565676503708279,2.3696352601805004,0.0
CICSF040.WI,2016-06-29,0.1300440714741098,0.045660535011209265,2.3748073196912483,0.0
CICSF040.WI,2016-06-30,0.13050291102739475,0.04566063447626726,2.383697291524362,0.0
CICSF040.WI,2016-07-01,0.14104913948676856,0.04537279847734987,2.6032840421024233,0.0
CICSF040.WI,2016-07-04,0.14070146771369796,0.0453618205178245,2.5971815937196396,0.0
CICSF040.WI,2016-07-05,0.13838109508954677,0.045375353490756117,2.5515216923991613,-0.0007960493182589401
CICSF040.WI,2016-07-06,0.14317284603106528,0.045256778359667967,2.650950586383886,0.0
CICSF040.WI,2016-07-07,0.1491149786337409,0.044890615874577905,2.787760474159795,-4.83306628348279e-05
CICSF040.WI,2016-07-08,0.14968637305206633,0.044884110334694596,2.7992399385280318,0.0
CICSF040.WI,2016-07-11,0.1511009072923597,0.04489954471832534,2.825694157868375,0.0
CICSF040.WI,2016-07-12,0.15376472072000968,0.04482429304540068,2.8819594778606197,0.0
CICSF040.WI,2016-07-13,0.1544990415964942,0.04482241974910779,2.896281185544052,0.0
CICSF040.WI,2016-07-14,0.15380790613610085,0.04482297723212182,2.882878294526335,0.0
CICSF040.WI,2016-07-15,0.15175261318232613,0.04476337730521811,2.8468053143606427,0.0
CICSF040.WI,2016-07-18,0.1464638024897067,0.04457051931996065,2.7556099988662117,0.0
CICSF040.WI,2016-07-19,0.1485198574504556,0.04452910439260832,2.7983921774843856,0.0
CICSF040.WI,2016-07-20,0.14903459491398707,0.044552907560223017,2.8069834240876554,0.0
CICSF040.WI,2016-07-21,0.16040232536945553,0.044572028218419574,3.026794532638804,0.0
CICSF040.WI,2016-07-22,0.15528593631493015,0.04479553557717494,2.9132111700288945,-0.0038749677286306072
CICSF040.WI,2016-07-25,0.15553531091083994,0.04479052754016431,2.918353385739807,-0.004224079984928353
CICSF040.WI,2016-07-26,0.1579598376745983,0.0447970769932733,2.964748916988729,-0.0024615398928398147
CICSF040.WI,2016-07-27,0.15964414371621105,0.04484468921279122,2.994079215627675,0.0
CICSF040.WI,2016-07-28,0.15835508049749492,0.04484109865248472,2.9694971624268782,0.0
CICSF040.WI,2016-07-29,0.16152576403344177,0.04475723140505086,3.0360876825062655,0.0
CICSF040.WI,2016-08-01,0.1641395450190537,0.04473297646426685,3.0879886492288833,0.0
CICSF040.WI,2016-08-02,0.1672568927463305,0.044714511913241016,3.149088865536412,0.0
CICSF040.WI,2016-08-03,0.16244708711374733,0.04489734311152744,3.044423170706464,-0.003430836648297797
CICSF040.WI,2016-08-04,0.16347436030486495,0.04490904701789592,3.063322476956289,-0.001799127402359768
CICSF040.WI,2016-08-05,0.16436810893425213,0.04488370217857762,3.0821455238371764,-0.002285396835472464
CICSF040.WI,2016-08-08,0.16719570181537513,0.0450298425904773,3.126184615064658,0.0
CICSF040.WI,2016-08-09,0.16904735540214322,0.045115047404421633,3.155522646961198,0.0
CICSF040.WI,2016-08-10,0.17208140270779326,0.04508171029840987,3.2153536035961783,0.0
CICSF040.WI,2016-08-11,0.17622712686970754,0.04485166176479851,3.3103878052267697,-0.0005221703152155088
CICSF040.WI,2016-08-12,0.18441866663052964,0.045060843825783056,3.44934554029614,0.0
CICSF040.WI,2016-08-15,0.18908200150670118,0.04525973989525389,3.5212647567722772,0.0
CICSF040.WI,2016-08-16,0.18988555508049787,0.04523480658279636,3.538125406364132,-0.0006346950966349407
CICSF040.WI,2016-08-17,0.18608350148242603,0.045312842901895765,3.4614317692845367,-0.002645119519568695
CICSF040.WI,2016-08-18,0.1882319713139342,0.045360462112940876,3.497769910501929,0.0
CICSF040.WI,2016-08-19,0.18167544628844112,0.04552816724428981,3.3634377679512015,-0.003459801362716064
CICSF040.WI,2016-08-22,0.17834804714334296,0.04540043220096259,3.3106231640690975,-0.002171065578292941
CICSF040.WI,2016-08-23,0.17096570240636844,0.04538738918752709,3.1730049379840692,-0.004573680115909529
CICSF040.WI,2016-08-24,0.1624234672744822,0.0455402618837455,3.001631481392488,-0.008544847223601937
CICSF040.WI,2016-08-25,0.16329040484709578,0.045535859396857746,3.0182994093208007,-0.007842762850378993
CICSF040.WI,2016-08-26,0.16442248647725033,0.045530518837713356,3.040024745438379,-0.007005361599255688
CICSF040.WI,2016-08-29,0.1678269530734784,0.04545223128830043,3.1094539005842217,-0.006154147856950232
CICSF040.WI,2016-08-30,0.16106953058992635,0.04557970465622216,2.973489153140699,-0.009422168092097949
CICSF040.WI,2016-08-31,0.16019756821082276,0.04557574094878662,2.957249758252419,-0.008967721953641705
CICSF040.WI,2016-09-01,0.15833846689165543,0.04559202092285521,2.9210145197650865,-0.009633757242735297
CICSF040.WI,2016-09-02,0.16159043438432974,0.045618826883016474,2.9808162503031586,-0.007226968600640538
CICSF040.WI,2016-09-05,0.16418276602813786,0.04564906810175107,3.027734956298826,-0.0049088986519084665
CICSF040.WI,2016-09-06,0.16848257655238852,0.04567159406456375,3.1070335892489607,-0.0021848780694750936
CICSF040.WI,2016-09-07,0.162596452046061,0.045674511691898005,2.9962025698686627,-0.004121283083287963
CICSF040.WI,2016-09-08,0.16045623721621238,0.04562092999435893,2.9592550346246513,-0.0031303506801777514
CICSF040.WI,2016-09-09,0.15511907265699176,0.04538525747101725,2.872757106959272,-0.0025477215878384474
CICSF040.WI,2016-09-12,0.15196862396760902,0.045517208377584405,2.8045248093678894,-0.00552317504547295
CICSF040.WI,2016-09-13,0.15099974838303742,0.04555586109033585,2.783703431119119,-0.007455254169190462
CICSF040.WI,2016-09-14,0.1560631661866907,0.04535957818639431,2.892379316410423,-0.006725772492029214
CICSF040.WI,2016-09-19,0.15766302416708622,0.04537313360317787,2.922025442565779,-0.0050202334022617645
CICSF040.WI,2016-09-20,0.15611253942057712,0.045369180328024936,2.8927185827581368,-0.0049753048595151395
CICSF040.WI,2016-09-21,0.157967785081927,0.04542057835358432,2.9248189039316568,-0.0021565700518324515
CICSF040.WI,2016-09-22,0.15900996429621994,0.04541802674552306,2.9447994918821903,-0.0012487402742415998
CICSF040.WI,2016-09-23,0.16229296349149536,0.045460281423384416,3.0043623842814737,0.0
CICSF040.WI,2016-09-26,0.16247194861492753,0.04545821239410587,3.007886418513215,0.0
CICSF040.WI,2016-09-27,0.1574094235792125,0.04540785093383736,2.9149982535458485,-0.0010700721853524886
CICSF040.WI,2016-09-28,0.15596379555535078,0.04538639988992235,2.888801704890188,-0.0003397162812077692
CICSF040.WI,2016-09-29,0.15507652676901507,0.04537571693332427,2.8725393209259047,0.0
CICSF040.WI,2016-09-30,0.15754500887276413,0.0452511744308112,2.9275246602261498,-0.000992754415189534
CICSF040.WI,2016-10-10,0.17438697450128537,0.046212622623389446,3.1803231348551497,0.0
CICSF040.WI,2016-10-11,0.17657560841241482,0.04618137949014378,3.222786845876956,0.0
CICSF040.WI,2016-10-12,0.16720400630135268,0.04615317625730133,3.0513474889102588,-0.003205827654801263
CICSF040.WI,2016-10-13,0.16711045724881823,0.046156312497250884,3.0494056933186613,-0.004425118316908283
CICSF040.WI,2016-10-14,0.1704592686922799,0.04602050736474054,3.1205668953495413,-0.004550119965611055
CICSF040.WI,2016-10-17,0.17300323722955335,0.0459153965174959,3.1749207674587647,-0.005050875970786239
CICSF040.WI,2016-10-18,0.17644776644765958,0.04593652370846191,3.2373541840869544,-0.0026230112147761497
CICSF040.WI,2016-10-19,0.17047925512169737,0.045610886318321255,3.148557924640789,-0.0016300424825747006
CICSF040.WI,2016-10-20,0.16178151940694763,0.044904408616417736,3.0311859895097926,-0.0005161189176355885
CICSF040.WI,2016-10-21,0.1643499834834865,0.04491482790620199,3.0796905186987558,0.0
CICSF040.WI,2016-10-24,0.16959491831679196,0.04475960329919733,3.190691461155939,0.0
CICSF040.WI,2016-10-25,0.16294878427944504,0.044463375216912356,3.083410616676617,0.0
CICSF040.WI,2016-10-26,0.15386619654262224,0.04449176512842651,2.905142382485817,-0.0034947430882174
CICSF040.WI,2016-10-27,0.15900596044366533,0.04428973491167902,3.018600916219767,-0.0027103446652348984
CICSF040.WI,2016-10-28,0.15869496860670895,0.04429320007667304,3.0123058749105116,-0.0028247610129469303
CICSF040.WI,2016-10-31,0.15102736160110286,0.04451015490572426,2.848586604355751,-0.007000770871735229
CICSF040.WI,2016-11-01,0.1568662249068935,0.04430468647007578,2.9758642855751374,-0.005709084291816158
CICSF040.WI,2016-11-02,0.15184512402130457,0.04450777940660769,2.864702235110119,-0.009354339806089906
CICSF040.WI,2016-11-03,0.14959604405708649,0.04443272277417601,2.825454224943118,-0.008087464609215056
CICSF040.WI,2016-11-04,0.15001584025460968,0.044419049561678074,2.834534402123355,-0.008998685071431645
CICSF040.WI,2016-11-07,0.15675017866533647,0.0451689592475283,2.9175495001357064,0.0
CICSF040.WI,2016-11-08,0.16001053276807253,0.04504822648187282,2.9877641590285933,0.0
CICSF040.WI,2016-11-09,0.1733627376245821,0.04528482324027795,3.225268282812503,0.0
CICSF040.WI,2016-11-10,0.19368603788963967,0.04712625445343399,3.465655933879364,0.0
CICSF040.WI,2016-11-11,0.21250653511588058,0.04896556043683645,3.6569740878654406,0.0
CICSF040.WI,2016-11-14,0.2081465383051122,0.04934539922349566,3.556144852630661,-0.006216096542911109
CICSF040.WI,2016-11-15,0.2015422699040803,0.04987164258348641,3.409151497555111,-0.01292214807111769
CICSF040.WI,2016-11-16,0.20431054314251695,0.050004980185690204,3.44624823718521,-0.008218969637791007
CICSF040.WI,2016-11-17,0.19627682405683688,0.050264755199665764,3.2954413162644633,-0.012734863246741335
CICSF040.WI,2016-11-18,0.20544079911726065,0.050174735887736084,3.453467423266715,-0.00882755517221967
CICSF040.WI,2016-11-21,0.22066120580872584,0.05154444311121308,3.6066480270544305,0.0
CICSF040.WI,2016-11-22,0.2256708936577989,0.05186725476952727,3.6635480198041646,0.0
CICSF040.WI,2016-11-23,0.22468108194814462,0.05191965077289699,3.644330069797242,-0.0029521583925140593
CICSF040.WI,2016-11-24,0.24331175238764757,0.05357756806046998,3.8152048377718133,0.0
CICSF040.WI,2016-11-25,0.2388724478202009,0.053749652725612045,3.7365560342386286,-0.003498155543007808
CICSF040.WI,2016-11-28,0.2525530058750116,0.054634538573975815,3.8780937113089924,0.0
CICSF040.WI,2016-11-29,0.2316329424406942,0.0578578287529231,3.3738401643419453,-0.018300032498076213
CICSF040.WI,2016-11-30,0.23627331913009653,0.058052146710985,3.427573194963337,-0.012704239338311551
CICSF040.WI,2016-12-01,0.24900598321808531,0.05890034734751355,3.5531620223410916,-0.0020259796824662057
CICSF040.WI,2016-12-02,0.24601592961408403,0.05900155327106567,3.5065092627604413,-0.004815292790289916
CICSF040.WI,2016-12-05,0.24429887492850977,0.05898120097759692,3.484298386832244,-0.003768039129982137
CICSF040.WI,2016-12-06,0.23968538086205493,0.05902542781357182,3.4187450430759316,-0.005451660898339816
CICSF040.WI,2016-12-07,0.2459032947272508,0.05907970182876936,3.5004171244846582,-0.0014612923247503407
CICSF040.WI,2016-12-08,0.24800576152892528,0.05892377546544694,3.5381637222371474,-0.005193315906666163
CICSF040.WI,2016-12-09,0.24776605213058045,0.058919248769742534,3.5351679022031535,-0.003034975581598598
CICSF040.WI,2016-12-12,0.24483078484087883,0.058988385853029436,3.491131927935908,-0.005049674129359083
CICSF040.WI,2016-12-13,0.2376921490344761,0.05925772355877546,3.3783957333819394,-0.009793916791751789
CICSF040.WI,2016-12-14,0.2267820158890459,0.05961087447372396,3.21007961662971,-0.015684701113693134
CICSF040.WI,2016-12-15,0.22176612097763937,0.059782356055220406,3.1324545064776386,-0.019353872659392368
CICSF040.WI,2016-12-16,0.2277936253959314,0.05966711326315292,3.220935832082283,-0.017512875558433727
CICSF040.WI,2016-12-19,0.21587197487093723,0.06040832214581727,3.020501343255666,-0.025979612397028062
CICSF040.WI,2016-12-20,0.2113255298126009,0.06056435757235359,2.9509712578926828,-0.029493720892395214
CICSF040.WI,2016-12-21,0.21501336348099387,0.06056326929081287,3.0012547669875715,-0.027286962778001134
CICSF040.WI,2016-12-22,0.21238535467600927,0.06064168781583726,2.9617178999694675,-0.029713107431296737
CICSF040.WI,2016-12-23,0.2218022548078291,0.060633645358743014,3.0898089302802196,-0.02525383604124931
CICSF040.WI,2016-12-26,0.2136017677602826,0.060844425309750955,2.9685453298355284,-0.02961087652734995
CICSF040.WI,2016-12-27,0.21489181661585866,0.06087412926754285,2.984592743659698,-0.026698662113479266
CICSF040.WI,2016-12-28,0.2228913713318994,0.06115121897811574,3.0787521531727107,-0.020233240613149905
CICSF040.WI,2016-12-29,0.22482552130179867,0.06125318937533269,3.099549354986717,-0.014826844391951699
CICSF040.WI,2016-12-30,0.21824761782595958,0.06111121124706733,3.018421483000183,-0.015116790574632999
CICSF040.WI,2017-01-03,0.21884758095073598,0.061120115875483674,3.026052559518531,-0.013011562672589072
CICSF040.WI,2017-01-04,0.21688015476142475,0.06109810090689403,3.000659490802538,-0.012213194667400673
CICSF040.WI,2017-01-05,0.21514967574404475,0.06104322027490474,2.9799718695638946,-0.009834066420237986
CICSF040.WI,2017-01-06,0.21055731703741198,0.061207603326222215,2.910222905101526,-0.013561395368456575
CICSF040.WI,2017-01-09,0.21459434087679452,0.061220510196137556,2.9640462449417213,-0.01092266088474636
CICSF040.WI,2017-01-10,0.21685668762692667,0.06120849733001351,2.995042495812792,-0.009616852025285949
CICSF040.WI,2017-01-11,0.2265216417755498,0.06152510298824807,3.108630753913242,-0.0024772250706892596
CICSF040.WI,2017-01-12,0.22472689769708265,0.06153554162617414,3.0842975808677764,-0.002830373635385519
CICSF040.WI,2017-01-13,0.22751392228027556,0.061503105404700664,3.1228802658252257,-0.001754671896254889
CICSF040.WI,2017-01-16,0.22939273057204845,0.06151039114396182,3.1474023602372374,0.0
CICSF040.WI,2017-01-17,0.21944209203980614,0.061726933238536695,3.0048118989984833,-0.004885529876430872
CICSF040.WI,2017-01-18,0.2088357030944139,0.06193038087000806,2.8539762590013753,-0.009883366758037249
CICSF040.WI,2017-01-19,0.2100307136145103,0.061927959456145085,2.870052835187008,-0.008788601154246956
CICSF040.WI,2017-01-20,0.21398051069414192,0.06178707805506689,2.9292407133627076,-0.009057563470447616
CICSF040.WI,2017-01-23,0.21690435916071205,0.06183748842111579,2.965834989483407,-0.005812360426318275
CICSF040.WI,2017-01-24,0.2087235127736713,0.06165779086562201,2.8648155982714663,-0.006779545832713008
CICSF040.WI,2017-01-25,0.21596190007671034,0.06150501542066414,2.968928769183144,-0.004610332174415643
CICSF040.WI,2017-01-26,0.21971880759209772,0.06160317065159649,3.014412068049536,-0.0003481306978904142
CICSF040.WI,2017-02-03,0.2153844217148615,0.06185369129696713,2.944853683759577,-0.005673150183471032
CICSF040.WI,2017-02-06,0.2165877156200824,0.06185426122184053,2.9608379449745823,-0.004366101219928753
CICSF040.WI,2017-02-07,0.21621557023910642,0.06186231360670466,2.9555111954458675,-0.00535241314685575
CICSF040.WI,2017-02-08,0.22379589440804848,0.062065002201305106,3.0462504057212656,0.0
CICSF040.WI,2017-02-09,0.22010775222938883,0.06207425395507981,2.997143494847854,-0.0008960841396188357
CICSF040.WI,2017-02-10,0.22725195019765487,0.06207262250614818,3.0913525304276486,0.0
CICSF040.WI,2017-02-13,0.2319531846541143,0.06224187708419761,3.1445925621617756,0.0
CICSF040.WI,2017-02-14,0.23141183577512514,0.0622452131845198,3.1373603481544547,0.0
CICSF040.WI,2017-02-15,0.2304739777763356,0.06227728752496876,3.123532312455758,-0.00216307241272351
CICSF040.WI,2017-02-16,0.22809115569659122,0.062215847803710825,3.0953742556715347,-0.0003520408684036802
CICSF040.WI,2017-02-17,0.2226865694006619,0.06229271329249764,3.020770672040981,-0.0028222290130697214
CICSF040.WI,2017-02-20,0.23232923170542952,0.06241253469651938,3.1410575159020775,0.0
CICSF040.WI,2017-02-21,0.23063344832906685,0.06242584455955746,3.1183240493560334,-0.00045516938165424126
CICSF040.WI,2017-02-22,0.2239625768802629,0.06214771928654504,3.0444713709317304,0.0
CICSF040.WI,2017-02-23,0.22087939500176623,0.06210636108690812,3.0058140739806363,0.0
CICSF040.WI,2017-02-24,0.20547870755331932,0.06159619223796067,2.8239493126499875,-0.0031253891524706257
CICSF040.WI,2017-02-27,0.21244116461494644,0.06125091120898412,2.9336178549558296,-0.0031721306640980496
CICSF040.WI,2017-02-28,0.20832187980754036,0.06132932914398603,2.8744103373090746,-0.005507408495020738
CICSF040.WI,2017-03-01,0.20524438932875966,0.06121904564007178,2.837791177996237,-0.0034144121089833
CICSF040.WI,2017-03-02,0.19955379931017547,0.06143809074019656,2.750802956440605,-0.007854648280842369
CICSF040.WI,2017-03-03,0.20038455027391922,0.06142256297303932,2.7627623976942988,-0.008148511334712838
CICSF040.WI,2017-03-06,0.19682211840185504,0.06141150702196275,2.7148162905257607,-0.008677741408671502
CICSF040.WI,2017-03-07,0.1992809035452725,0.06135607159778389,2.750687426226683,-0.008581630903993998
CICSF040.WI,2017-03-08,0.19670318391051134,0.06145251754043714,2.711427177262918,-0.011651151504105228
CICSF040.WI,2017-03-09,0.19346997977674163,0.06156118874251102,2.6627709822989236,-0.014715555429866689
CICSF040.WI,2017-03-10,0.18926609569465924,0.06149815718988363,2.6080194940551276,-0.014688105163422782
CICSF040.WI,2017-03-13,0.19424716812820586,0.06160735323159516,2.671395712779773,-0.01035614888388392
CICSF040.WI,2017-03-14,0.18832890475698538,0.06148198891389313,2.5958579442710135,-0.010597462309297478
CICSF040.WI,2017-03-15,0.18639900526717712,0.06143416842383388,2.5713557858450353,-0.008944154196098286
CICSF040.WI,2017-03-16,0.18898977336594736,0.06152196074373056,2.6032543442018454,-0.00474094450627871
CICSF040.WI,2017-03-17,0.1847417769641484,0.061632326691171496,2.5405897308619614,-0.00772016271854159
CICSF040.WI,2017-03-20,0.19082369897886053,0.061468749429975995,2.6305456381911894,-0.0064435524682802114
CICSF040.WI,2017-03-21,0.19131521711294197,0.061464961424136696,2.6374225925264025,-0.006099767267375711
CICSF040.WI,2017-03-22,0.1842743334752004,0.061428106086354996,2.5424035874741517,-0.007984501178529002
CICSF040.WI,2017-03-23,0.18852654078757847,0.061350771822132395,2.603991509969072,-0.006837052383474762
CICSF040.WI,2017-03-24,0.19150041998682155,0.06137224375602255,2.6438494654602565,-0.004380426397365467
CICSF040.WI,2017-03-27,0.19336683830221135,0.06133430478370643,2.6709844860115526,-0.004374756569031968
CICSF040.WI,2017-03-28,0.18553914617487588,0.061007994469412664,2.577001118904774,-0.003973166776825021
CICSF040.WI,2017-03-29,0.1846996624795012,0.061004120453648676,2.5655414292898904,-0.0033167804308502635
CICSF040.WI,2017-03-30,0.18069433789939326,0.06109875588469083,2.50619629899578,-0.0060268892300159305
CICSF040.WI,2017-03-31,0.18225768472519777,0.06110671067061264,2.527546623637205,-0.004339977012303264
CICSF040.WI,2017-04-05,0.18541082713228763,0.06118703902541513,2.5678680754658214,-0.000512082300462402
CICSF040.WI,2017-04-06,0.1918251241904223,0.0609064829378601,2.668079140867661,-0.0002964213910453539
CICSF040.WI,2017-04-07,0.1955822607039972,0.06081168345240129,2.723938084849439,0.0
CICSF040.WI,2017-04-10,0.19506342588009717,0.06081020085343186,2.716860062937148,0.0
CICSF040.WI,2017-04-11,0.1947228393777818,0.06081102996422388,2.7121332715532382,0.0
CICSF040.WI,2017-04-12,0.19340517694029913,0.0607887992945526,2.6949368988273723,0.0
CICSF040.WI,2017-04-13,0.19507764590078192,0.060741521592270795,2.7200595297117722,-0.0006347301234957969
CICSF040.WI,2017-04-14,0.19347132313677817,0.06076895578442205,2.696709793580563,-0.0018290213315250714
CICSF040.WI,2017-04-17,0.19721675719380127,0.06061929692996197,2.7549439550339976,-0.0024427868790167784
CICSF040.WI,2017-04-18,0.19397702815533124,0.06075667433414496,2.70422028446221,-0.006140758783864331
CICSF040.WI,2017-04-19,0.19016746244345972,0.060894520992633254,2.645719073019647,-0.009627567755406408
CICSF040.WI,2017-04-20,0.19021747135087885,0.060895140909026015,2.646383235380608,-0.00803012223382249
CICSF040.WI,2017-04-21,0.18899660751252823,0.060905885779635474,2.6290651546260495,-0.00847817108349147
CICSF040.WI,2017-04-24,0.17990961552426676,0.060775803728946996,2.508244460829888,-0.01059752420770621
CICSF040.WI,2017-04-25,0.17668978784144418,0.0606332791889195,2.4689013279672163,-0.008194528645645072
CICSF040.WI,2017-04-26,0.17443771052333856,0.06056482787483432,2.439971882946476,-0.006370196758752389
CICSF040.WI,2017-04-27,0.1746209399482357,0.06056565538299702,2.4425167897558655,-0.005333277795596891
CICSF040.WI,2017-04-28,0.176880141123249,0.06051104357795094,2.4764418304011593,-0.00543865237498653
CICSF040.WI,2017-05-02,0.1793567375495677,0.06045633945159417,2.513422543412845,-0.00530052064559039
CICSF040.WI,2017-05-03,0.1688681809117516,0.06035659322727771,2.3693749194832785,-0.008441000338536564
CICSF040.WI,2017-05-04,0.16308663634192655,0.06040367037749871,2.285434498754298,-0.01085406441407355
CICSF040.WI,2017-05-05,0.15411332548222711,0.06028786493860618,2.161166936081654,-0.013217475546442814
CICSF040.WI,2017-05-08,0.15687351136012073,0.0602092725640951,2.2036066899001536,-0.013418363079009343
CICSF040.WI,2017-05-09,0.16044926539188276,0.06019521581417575,2.2554059372048294,-0.011581135219377425
CICSF040.WI,2017-05-10,0.15676438434634576,0.06012391966648489,2.205080130897041,-0.011246184740257625
CICSF040.WI,2017-05-11,0.15792926368217697,0.06015162915415694,2.220834548368808,-0.008540030375188024
CICSF040.WI,2017-05-12,0.15241821374890363,0.0601023014116471,2.143184914370711,-0.009719908437214264
CICSF040.WI,2017-05-15,0.1564064860108243,0.060100666683324214,2.200758432291583,-0.00746490623076157
CICSF040.WI,2017-05-16,0.1653402435795368,0.05948593124363717,2.352331269656705,-0.007808683899778068
CICSF040.WI,2017-05-17,0.16943134791554004,0.059333411219595324,2.4173269049304293,-0.00801729522350414
CICSF040.WI,2017-05-18,0.16696837636580786,0.05941351113713037,2.3786396351976746,-0.010674624194458637
CICSF040.WI,2017-05-19,0.1716788341865414,0.05939399622762525,2.447268713299965,-0.008343556437569566
CICSF040.WI,2017-05-22,0.18386399039289691,0.05876604361693407,2.6489573279265115,-0.006130138571020072
CICSF040.WI,2017-05-23,0.17685830647051115,0.05859108652921298,2.55532707833441,-0.006717422548822127
CICSF040.WI,2017-05-24,0.17402800657838657,0.05851316694446279,2.517475054552904,-0.0054023781415055705
CICSF040.WI,2017-05-25,0.1786549226874352,0.05851255269122551,2.5847663127835996,-0.002806218838037111
CICSF040.WI,2017-05-26,0.18166085191677772,0.05847395292365605,2.630021862414257,-0.0017547488040364767
CICSF040.WI,2017-05-31,0.17396471108056666,0.05828386526089793,2.526225617866908,-0.002683948465486141
CICSF040.WI,2017-06-01,0.16935924988195628,0.058280737671921885,2.4588708303927085,-0.003965477136164353
CICSF040.WI,2017-06-02,0.1808421372941198,0.05762673362128483,2.655800150999126,-0.0023305850199415445
CICSF040.WI,2017-06-05,0.17183091028447706,0.05738730337864121,2.5330690628543504,-0.0037297635809592222
CICSF040.WI,2017-06-06,0.17832072154524226,0.057291741215616046,2.633660627666885,-0.0013199407392122664
CICSF040.WI,2017-06-07,0.18226881429530395,0.057194108295695316,2.69658298576341,-0.0006513500669729222
CICSF040.WI,2017-06-08,0.18367133196856433,0.057213046373119525,2.7164455503030083,0.0
CICSF040.WI,2017-06-09,0.17626072866541498,0.05680687312173439,2.6248345204820818,0.0
CICSF040.WI,2017-06-12,0.1769073035319022,0.05680336890994009,2.6346736138257234,0.0
CICSF040.WI,2017-06-13,0.17734399143907487,0.05679839685646167,2.641435056102654,0.0
CICSF040.WI,2017-06-14,0.17332467085222314,0.05679433447880153,2.581368514544214,-0.0009962829949579088
CICSF040.WI,2017-06-15,0.16911416401812285,0.05696841588482002,2.510509252540762,-0.0049016161091708366
CICSF040.WI,2017-06-16,0.1691984714646475,0.05696598511278129,2.511880583400924,-0.006147880563436403
CICSF040.WI,2017-06-19,0.17497661800571174,0.05715019128171378,2.590282173847617,-0.0009538748122819296
CICSF040.WI,2017-06-20,0.16992519581266485,0.05700600071241306,2.5210638354060504,-0.000578112195280478
CICSF040.WI,2017-06-21,0.16903566416294802,0.05700946837877069,2.507563548282824,-0.0005894531193347818
CICSF040.WI,2017-06-22,0.1673428433133004,0.057003341751750786,2.4823898263091544,-0.0004513687773638475
CICSF040.WI,2017-06-23,0.16794885368199552,0.05702832073591715,2.490433737274264,0.0
CICSF040.WI,2017-06-26,0.17189034569534622,0.05711611595743591,2.5457155179032314,0.0
CICSF040.WI,2017-06-27,0.17092477233933967,0.05711011635415489,2.5315345743688216,0.0
CICSF040.WI,2017-06-28,0.164387427913939,0.05712774602759934,2.432706972987508,-0.0023579670527194008
CICSF040.WI,2017-06-29,0.17403658521665144,0.05700235686546083,2.58280219837499,0.0
CICSF040.WI,2017-06-30,0.16396982427968987,0.05685220369438129,2.4379092668056126,-0.0026993661951925096
CICSF040.WI,2017-07-03,0.16272569195035214,0.05686528553331117,2.4185434626381594,-0.003318220687762219
CICSF040.WI,2017-07-04,0.1593842810281909,0.057041845170684745,2.360750698660823,-0.007629837014323293
CICSF040.WI,2017-07-05,0.16213123921818373,0.057091046214701166,2.4002416070435326,-0.004689290568394622
CICSF040.WI,2017-07-06,0.16272340577268118,0.05708036034389258,2.409610342267792,-0.005022692807127638
CICSF040.WI,2017-07-07,0.1605743230291845,0.05710618971203283,2.376130439097868,-0.006134805525009779
CICSF040.WI,2017-07-10,0.15799792141700175,0.057056149325253366,2.3391903549104796,-0.005381840918432856
CICSF040.WI,2017-07-11,0.1614762814904973,0.05714257403362635,2.388256923447845,-0.0016691226276592808
CICSF040.WI,2017-07-12,0.16115470887505623,0.05713978653234223,2.3835216745726586,-0.0006371081800018441
CICSF040.WI,2017-07-13,0.1636625972459742,0.05718462844682899,2.4194485054318133,0.0
CICSF040.WI,2017-07-14,0.16022441714296742,0.05709832320639121,2.3711657804955397,0.0
CICSF040.WI,2017-07-17,0.15859112480494852,0.05708095874980746,2.3471756769138254,0.0
CICSF040.WI,2017-07-18,0.15973787821711927,0.05706540078285302,2.365146496668171,0.0
CICSF040.WI,2017-07-19,0.16133396087228125,0.05710035269790121,2.387833507868107,0.0
CICSF040.WI,2017-07-20,0.16199515789801278,0.05709669945210298,2.3979573599055755,0.0
CICSF040.WI,2017-07-21,0.16089979222955986,0.05711082045584461,2.3808550231756356,-0.0007227356497983006
CICSF040.WI,2017-07-24,0.15917681873672263,0.05710043956924074,2.355250453192809,-0.0004734371653180025
CICSF040.WI,2017-07-25,0.1598398684243647,0.05710001710414143,2.3652880602333357,0.0
CICSF040.WI,2017-07-26,0.1625018031761445,0.05715284372344582,2.403289352414646,0.0
CICSF040.WI,2017-07-27,0.1630848740435198,0.05715176535339582,2.4121127635941084,0.0
CICSF040.WI,2017-07-28,0.16128143521595506,0.057157651015994564,2.384704955640911,-0.00038896830652557224
CICSF040.WI,2017-07-31,0.16494107336120667,0.05721730756213296,2.437301941930022,0.0
CICSF040.WI,2017-08-01,0.16413022813205003,0.05722390397014227,2.424852441386144,-0.0002769722367571559
CICSF040.WI,2017-08-02,0.16113516323514587,0.05716799700826829,2.3820789234693645,0.0
CICSF040.WI,2017-08-03,0.1529831925280829,0.05698530001173062,2.2658258953497956,-0.0014733158153129589
CICSF040.WI,2017-08-04,0.15725687979926595,0.056815417242892526,2.337588039826463,-0.0016557429706794968
CICSF040.WI,2017-08-07,0.1586692282885649,0.056808323970516786,2.3593556463504823,-0.000787652911153347
CICSF040.WI,2017-08-08,0.15729729813751492,0.05679598917844852,2.338983601917015,-0.0002042485854342191
CICSF040.WI,2017-08-09,0.15572049120140852,0.0567595094908141,2.316415602920817,0.0
CICSF040.WI,2017-08-10,0.15198858275822613,0.05687433258301309,2.2549533322053534,-0.003052393861815439
CICSF040.WI,2017-08-11,0.14553959341207356,0.05714748996724256,2.1461578629084603,-0.008050055074665052
CICSF040.WI,2017-08-14,0.1468776238313012,0.057173835923448664,2.1656238962523218,-0.005654064040854223
CICSF040.WI,2017-08-15,0.14490944940353812,0.05716670850918497,2.1358251010583613,-0.005729978221616472
CICSF040.WI,2017-08-16,0.15057190587688685,0.05703499922999028,2.227174411028079,-0.004240598327138523
CICSF040.WI,2017-08-17,0.14942629038922384,0.05702486009655371,2.210081149131014,-0.003603308168318886
CICSF040.WI,2017-08-18,0.147794631214079,0.057068632852238094,2.18352379203444,-0.0055024368653210365
CICSF040.WI,2017-08-21,0.1441781951824872,0.05693546033641166,2.133041696374157,-0.004156167272739486
CICSF040.WI,2017-08-22,0.1400291234331723,0.05684116512674743,2.0725403189189167,-0.003975368128450674
CICSF040.WI,2017-08-23,0.13952709705193,0.05683648154593996,2.064952776056561,-0.003072445398960233
CICSF040.WI,2017-08-24,0.13796156683851346,0.05687844800386729,2.0392878106873202,-0.004961917168374352
CICSF040.WI,2017-08-25,0.13696772553366743,0.05680819777824202,2.026351595477644,-0.000376888423925803
CICSF040.WI,2017-08-28,0.13528258049629494,0.05671159749159887,2.003539822347215,0.0
CICSF040.WI,2017-08-29,0.13518287516439487,0.05671344395597559,2.001927013130424,-0.0007224635968537951
CICSF040.WI,2017-08-30,0.1378511886737126,0.05665722650443798,2.0453172926756635,-0.0003885765708786515
CICSF040.WI,2017-08-31,0.13502400755163801,0.05661226890685151,2.0029304422129415,-0.00010262646873693271
CICSF040.WI,2017-09-01,0.139419861150321,0.05647200317990653,2.0762492477039016,0.0
CICSF040.WI,2017-09-04,0.13741790306446555,0.05647535896697432,2.0449747704991936,-0.0004660598420034301
CICSF040.WI,2017-09-05,0.14186616656300344,0.0564071917921853,2.1166115052055963,0.0
CICSF040.WI,2017-09-06,0.1441152128677161,0.05628326422039657,2.156127199587748,-0.0020276476649701003
CICSF040.WI,2017-09-07,0.1419805908894567,0.056308647959395476,2.1219975900292334,-0.003184224089252674
CICSF040.WI,2017-09-08,0.13769154535024875,0.056413189074554296,2.0514325057490783,-0.006089886993763227
CICSF040.WI,2017-09-11,0.13714193598983582,0.05641234488696551,2.042892282186453,-0.005718449824366867
CICSF040.WI,2017-09-12,0.14364357071014466,0.05631422499836496,2.147646814158481,-0.0033217686819108083
CICSF040.WI,2017-09-13,0.14118704126933368,0.05635828497606414,2.107837301149149,-0.005006356095872744
CICSF040.WI,2017-09-14,0.1403971327724962,0.056377345031774606,2.094855282336097,-0.0063633069485857785
CICSF040.WI,2017-09-15,0.13715972009714972,0.056352749232190504,2.0452708148875587,-0.006776207803438905
CICSF040.WI,2017-09-18,0.13771384654597685,0.056370687329727144,2.053284544205939,-0.003971967343708749
CICSF040.WI,2017-09-19,0.13428906522742778,0.056332191451588125,2.001104286986233,-0.004251863912845821
CICSF040.WI,2017-09-20,0.1392550396561545,0.05631108688514045,2.0794509608917546,-0.0018332824663160885
CICSF040.WI,2017-09-21,0.1371764883939619,0.05632535493650193,2.0465001171879247,-0.002663023559986488
CICSF040.WI,2017-09-22,0.13438699149480549,0.05637583661769517,2.0011305543926556,-0.00452802140567754
CICSF040.WI,2017-09-25,0.14229061815579902,0.056372083587815064,2.1244901453936635,-0.000582494672984657
CICSF040.WI,2017-09-26,0.14436501227802356,0.056321235825368354,2.1585890509254004,-0.0007127614206913213
CICSF040.WI,2017-09-27,0.14238259174133705,0.05634193487936966,2.1270266577125168,-0.0017106941788790353
CICSF040.WI,2017-09-28,0.14059379130807548,0.05633071753658092,2.0996050349444286,-0.0015623997418434676
CICSF040.WI,2017-09-29,0.14406980683738335,0.0563868843802522,2.1515631899458105,0.0
CICSF040.WI,2017-10-09,0.14293025520184988,0.056354953346182256,2.1350576169775413,0.0
CICSF040.WI,2017-10-10,0.1428776921016488,0.05635466605917984,2.134251681275171,0.0
CICSF040.WI,2017-10-11,0.13997858190247303,0.05631460793394964,2.0906040869026894,0.0
CICSF040.WI,2017-10-12,0.14053614700962513,0.05631275285148784,2.09935901040438,0.0
CICSF040.WI,2017-10-13,0.1459798963525396,0.05637869403804785,2.1814721632427183,0.0
CICSF040.WI,2017-10-16,0.14767996811358075,0.056403099935151135,2.2068493695193925,0.0
CICSF040.WI,2017-10-17,0.14567540588976713,0.056421828923087974,2.17513490167812,-0.0009264866802101146
CICSF040.WI,2017-10-18,0.14777148643540183,0.05640138114976564,2.2083294644057925,-9.227218166774076e-05
CICSF040.WI,2017-10-19,0.1344158176015533,0.05545718651105613,2.0338215526902497,-0.0009719952937885523
CICSF040.WI,2017-10-20,0.13419631433987744,0.05545648005147099,2.0303555301253,-0.00036162504984305066
CICSF040.WI,2017-10-23,0.13651324865728598,0.05535694431524673,2.070790247281956,-0.0015307803023133504
CICSF040.WI,2017-10-24,0.1426419986306131,0.05544919027803715,2.1644791117575046,0.0
CICSF040.WI,2017-10-25,0.14175357152859092,0.05546394132416447,2.1498867338635765,-0.0009029797144788354
CICSF040.WI,2017-10-26,0.1435845008287624,0.05545706227082166,2.179055140115017,0.0
CICSF040.WI,2017-10-27,0.14436032397455434,0.05548463703277389,2.190229080297025,0.0
CICSF040.WI,2017-10-30,0.1415210680800203,0.05551979516136926,2.1441093126606625,-0.0014879755463018673
CICSF040.WI,2017-10-31,0.14082581330330934,0.055516700967468885,2.1332458208817218,-0.0009827257083002694
CICSF040.WI,2017-11-01,0.13925154038850995,0.05549914696829375,2.109008630215608,-0.0004462876086936962
CICSF040.WI,2017-11-02,0.13715418650294953,0.055503261080741086,2.07563948522202,-0.0009712352961298576
CICSF040.WI,2017-11-03,0.138776940808784,0.05550982850266018,2.101103173360563,0.0
CICSF040.WI,2017-11-06,0.14864920199139187,0.05555444267249747,2.254918837746237,0.0
CICSF040.WI,2017-11-07,0.14795737449987567,0.05555519680941718,2.2440382858911105,0.0
CICSF040.WI,2017-11-08,0.14585521252579126,0.055607467063320745,2.2090015183136504,-0.0019457367463288078
CICSF040.WI,2017-11-09,0.15258061131858613,0.055414696312400286,2.3221588280884586,-0.00029205308159407917
CICSF040.WI,2017-11-10,0.151806650981821,0.0554098694751997,2.31022653263086,0.0
CICSF040.WI,2017-11-13,0.15532260066076797,0.05525985235775754,2.371535677372514,-0.0006248253180914931
CICSF040.WI,2017-11-14,0.15020730087547118,0.055381191071900274,2.286289847618224,-0.003777272972575685
CICSF040.WI,2017-11-15,0.14891372480646337,0.05542272448831226,2.2643030126407258,-0.0058118216689160285
CICSF040.WI,2017-11-16,0.13921436805482235,0.05473901889453343,2.136939163361752,-0.005132964459087619
CICSF040.WI,2017-11-17,0.1429170357177707,0.054808048618931876,2.1935528714566828,-0.001836431759972057
CICSF040.WI,2017-11-20,0.1350416648276307,0.05438905584656522,2.0828387031856335,-0.001502125743827576
CICSF040.WI,2017-11-21,0.12361777385552619,0.052739341835629346,1.954439099541753,0.0
CICSF040.WI,2017-11-22,0.10842983634032333,0.05090529010043214,1.7555519521811962,0.0
CICSF040.WI,2017-11-23,0.11030911765593765,0.05071249598902095,1.7954507095525956,-0.0045311910484040485
CICSF040.WI,2017-11-24,0.11939906164752778,0.0502079141068925,1.975453523316215,-0.003153844297097974
CICSF040.WI,2017-11-27,0.11245224634071316,0.05005722285935258,1.8568346943493645,-0.004619869537871857
CICSF040.WI,2017-11-28,0.11652308609991047,0.04982529441684253,1.938586936409024,-0.005526302931315286
CICSF040.WI,2017-11-29,0.11114630986864826,0.04971727814072012,1.845554839168448,-0.006398449043797938
CICSF040.WI,2017-11-30,0.09509087288947238,0.048256793801777116,1.5982153861050516,-0.008436297647690827
CICSF040.WI,2017-12-01,0.08953976543581943,0.04783065318984543,1.5057431436437831,-0.006653228915225129
CICSF040.WI,2017-12-04,0.09532494384390011,0.04775719816626427,1.6189129793191912,-0.004326898710232174
CICSF040.WI,2017-12-05,0.07503609978240267,0.04596663852366621,1.2732960795271375,-0.00892217509401827
CICSF040.WI,2017-12-06,0.06897345891714601,0.0467683137566501,1.1313085205900475,-0.017958727872911306
CICSF040.WI,2017-12-07,0.05651568210855484,0.04559313280217091,0.9021193788935822,-0.018994437978440026
CICSF040.WI,2017-12-08,0.08270380886600082,0.04202186370869906,1.557858057860086,-0.01307542531680439
CICSF040.WI,2017-12-11,0.08176331752671895,0.04191849974449688,1.5408589848036665,-0.00831203065217856
CICSF040.WI,2017-12-12,0.06762109712343878,0.040659162028825156,1.263572444952328,-0.010691125534323609
CICSF040.WI,2017-12-13,0.07448461904800796,0.04068048970230494,1.420499809901357,-0.007113927656179353
CICSF040.WI,2017-12-14,0.07085739758745335,0.040757066057357856,1.3349169315323226,-0.009424382915148688
CICSF040.WI,2017-12-15,0.07083601936337014,0.04075803560555167,1.3343961954542165,-0.011118187606859009
CICSF040.WI,2017-12-18,0.07127234416075656,0.04079773121361181,1.3431252835728178,-0.006746006263707138
CICSF040.WI,2017-12-19,0.07681135625526103,0.04061367910346538,1.4760454977273212,-0.005341854275672686
CICSF040.WI,2017-12-20,0.07661962426994107,0.04060580988513711,1.471937063454848,-0.003361324636725449
CICSF040.WI,2017-12-21,0.08105892392200964,0.04057855944810297,1.5743346606754256,-0.0012741596021530466
CICSF040.WI,2017-12-22,0.08939692845354386,0.040338910414796265,1.7739762176643066,0.0
CICSF040.WI,2017-12-25,0.09559774905166418,0.03984664871947318,1.9378889778150066,-0.00029093517699230187
CICSF040.WI,2017-12-26,0.1034079547405673,0.03974700021735026,2.1214311535736234,0.0
CICSF040.WI,2017-12-27,0.09771498801462908,0.03988915283933397,1.9842837785984022,-0.003291794880395771
CICSF040.WI,2017-12-28,0.11399064071150211,0.039266275757902466,2.390103769724652,0.0
CICSF040.WI,2017-12-29,0.11824456989185594,0.039057094411041264,2.5003226202962763,0.0
CICSF040.WI,2018-01-02,0.12027494230915381,0.03918475698193868,2.5386183594078386,0.0
CICSF040.WI,2018-01-03,0.12419335969658185,0.03907639944768114,2.6349446010125184,0.0
CICSF040.WI,2018-01-04,0.12295092278517128,0.03897427994001329,2.6133616295811932,0.0
CICSF040.WI,2018-01-05,0.1270297195779715,0.03868140449336388,2.7266296628438216,-0.0008539460372679608
CICSF040.WI,2018-01-08,0.12384341590895298,0.03859952884128794,2.6589498434825334,-0.0006886620291549628
CICSF040.WI,2018-01-09,0.1209518543890864,0.038268921432355156,2.6142413745199624,0.0
CICSF040.WI,2018-01-10,0.11629350787847903,0.03794072516651145,2.526719239816896,0.0
CICSF040.WI,2018-01-11,0.11778834370515456,0.037938347646088943,2.562164106000906,0.0
CICSF040.WI,2018-01-12,0.11773432161112973,0.037936208928142534,2.561031862970552,0.0
CICSF040.WI,2018-01-15,0.11515805282595726,0.037984073672526014,2.497074789466557,-0.0014978740896554044
CICSF040.WI,2018-01-16,0.11249643167144407,0.03793461664985057,2.437260909846375,-0.0014818683113153597
CICSF040.WI,2018-01-17,0.11350248198066337,0.037845296510777324,2.4668183504050667,-0.004341059254788671
CICSF040.WI,2018-01-18,0.1119956955821626,0.03778875211162219,2.4346042562794916,-0.0030285854309053395
CICSF040.WI,2018-01-19,0.11016482805100702,0.03778546626955785,2.3911842820086515,-0.003356005221948677
CICSF040.WI,2018-01-22,0.10625016682752353,0.03730848198841048,2.3265592701527797,0.0
CICSF040.WI,2018-01-23,0.11106524950074537,0.037473137885329744,2.432448289124759,0.0
CICSF040.WI,2018-01-24,0.10849613507024713,0.03750381466113841,2.368737103354428,-0.0012360378132451055
CICSF040.WI,2018-01-25,0.10557832327673022,0.03749277165668711,2.2990964876585838,-0.0019909164122471346
CICSF040.WI,2018-01-26,0.11200324536481565,0.03711821254113665,2.478095505093199,-0.0010952570021377506
CICSF040.WI,2018-01-29,0.11259344370267677,0.03704409866487702,2.497309037194289,-0.005584621726513972
CICSF040.WI,2018-01-30,0.1048739137281689,0.0375637428628099,2.277849959155902,-0.011392304513574425
CICSF040.WI,2018-01-31,0.109549901856556,0.037725909265013416,2.3802095135485772,-0.007477763145961602
CICSF040.WI,2018-02-01,0.10228356285331497,0.03779800096981396,2.201841693229151,-0.010748608603668108
CICSF040.WI,2018-02-02,0.10366146824402556,0.03777343816402478,2.2363345429390664,-0.010475584901264323
CICSF040.WI,2018-02-05,0.10101924537412099,0.03773548556098996,2.175002196524856,-0.010688590189588565
CICSF040.WI,2018-02-06,0.0873869863248915,0.038487388064819585,1.8094305798509773,-0.018754015193955587
CICSF040.WI,2018-02-07,0.08691736422310536,0.03855318142382388,1.7952001268751818,-0.02440251320942677
CICSF040.WI,2018-02-08,0.08168886253069418,0.03873064256832273,1.662610113535029,-0.02781926223012743
CICSF040.WI,2018-02-09,0.07087142066431329,0.04032442533666811,1.34914144470258,-0.038495013918074195
CICSF040.WI,2018-02-12,0.06795443604363127,0.040031339766610066,1.2905711485609839,-0.03543742672409367
CICSF040.WI,2018-02-13,0.07269683383248426,0.04014793183236158,1.397331000990299,-0.03202232204350497
CICSF040.WI,2018-02-14,0.0725535862617177,0.040136652336300226,1.3943842100649484,-0.0285578239157126
CICSF040.WI,2018-02-22,0.07118782159626891,0.03999038141289425,1.3674678921435108,-0.02448042963318431
CICSF040.WI,2018-02-23,0.07373950794963124,0.04005343840460724,1.4247969369465883,-0.022015184342542793
CICSF040.WI,2018-02-26,0.07998727957143004,0.0401178480786828,1.5672359408825591,-0.018452342027296842
CICSF040.WI,2018-02-27,0.07293861836215276,0.04040316812284658,1.394338004675998,-0.02308868546012488
CICSF040.WI,2018-02-28,0.07078006324310149,0.04058989940715604,1.3384814669121965,-0.027463199352079304
CICSF040.WI,2018-03-01,0.06596044097563025,0.04023309494255128,1.2378397935256047,-0.026320446218251692
CICSF040.WI,2018-03-02,0.06433972012830624,0.04028875658125405,1.1984084304317126,-0.028243375491262324
CICSF040.WI,2018-03-05,0.06388284732802352,0.040280300998066974,1.1879899439862731,-0.027442328881430056
CICSF040.WI,2018-03-06,0.06658307588048817,0.04037956058223722,1.2479602814600648,-0.024433376208447655
CICSF040.WI,2018-03-07,0.06685889844421822,0.04035868469835589,1.2549934134242722,-0.027230904689367064
CICSF040.WI,2018-03-08,0.06763398855295155,0.040359675708174635,1.2729627914665484,-0.026569816720586226
CICSF040.WI,2018-03-09,0.07442430814215917,0.04044708530839836,1.4270897848391562,-0.022673616069604607
CICSF040.WI,2018-03-12,0.07346998273380878,0.040416735157526223,1.4061386324153362,-0.021486655484310613
CICSF040.WI,2018-03-13,0.07564352748196179,0.04022921819859153,1.4627998734310865,-0.02387392110734421
CICSF040.WI,2018-03-14,0.07488160585906778,0.04024585263001862,1.4446001519731415,-0.02485426403320956
CICSF040.WI,2018-03-15,0.07659054878710125,0.040244583920750455,1.4841302885866587,-0.023825033610944235
CICSF040.WI,2018-03-16,0.07765423313761421,0.04025180447838731,1.508412218933807,-0.022765825603564438
CICSF040.WI,2018-03-19,0.08171350608723338,0.04010862067133356,1.6074204967920271,-0.022121813474405894
CICSF040.WI,2018-03-20,0.08748299525007397,0.04000634682696274,1.7444366873180972,-0.019954256987844587
CICSF040.WI,2018-03-21,0.09237722816105332,0.04022410523745425,1.846882074965041,-0.015516119782334914
CICSF040.WI,2018-03-22,0.08379085686091048,0.04020224505864963,1.6515087371135755,-0.018960126902580532
CICSF040.WI,2018-03-23,0.08333202299239528,0.04021045912375142,1.640645331513709,-0.01961457426706381
CICSF040.WI,2018-03-26,0.08062644088911575,0.04020394460291401,1.5786875128670974,-0.020428902085491196
CICSF040.WI,2018-03-27,0.07350232420517133,0.04009914382096658,1.4177091934595147,-0.022759690950070688
CICSF040.WI,2018-03-28,0.07231403317402574,0.04020477110779696,1.3865346732900234,-0.02676346939067209
CICSF040.WI,2018-03-29,0.07446819541817162,0.04030550666005583,1.432975037426386,-0.02355371749250279
CICSF040.WI,2018-03-30,0.07371614104922397,0.04031058094010242,1.4154251732489975,-0.023899534866777428
CICSF040.WI,2018-04-02,0.07736395576426425,0.04026891772026921,1.5010967625885874,-0.022440625724537422
CICSF040.WI,2018-04-03,0.0760881748760307,0.04026101576551511,1.4719450636907898,-0.022468832481839174
CICSF040.WI,2018-04-04,0.07421498757532285,0.04020395953125966,1.4306292355899397,-0.021756706725743147
CICSF040.WI,2018-04-09,0.07914044683858168,0.04043252947312692,1.535945380543148,-0.017265697661254964
CICSF040.WI,2018-04-10,0.08149762961715457,0.040496836875977445,1.5874660340254463,-0.014721840264500963
CICSF040.WI,2018-04-11,0.08269748275180278,0.04052153648843601,1.6138953873109618,-0.012978713258327002
CICSF040.WI,2018-04-12,0.08297916816662965,0.04050283456741045,1.6210466279993798,-0.015406454945650183
CICSF040.WI,2018-04-13,0.0822353051635889,0.04048518118740039,1.6047587897613909,-0.014412894055040093
CICSF040.WI,2018-04-16,0.07814826490806404,0.0403307341929811,1.5169064575483762,-0.014360085439912185
CICSF040.WI,2018-04-17,0.0780646624013226,0.04033097497100269,1.5149743284573527,-0.01422385818603733
CICSF040.WI,2018-04-18,0.08942570312581544,0.041725057607443015,1.7170388863035448,-0.0033827870730075427
CICSF040.WI,2018-04-19,0.08789955702242191,0.041736407017758936,1.6829835553796682,-0.004077267794827311
CICSF040.WI,2018-04-20,0.0854362727606901,0.04179469475885387,1.6264393032771998,-0.005939356483702696
CICSF040.WI,2018-04-23,0.08158537158090362,0.04185626138898238,1.5391690174411208,-0.008102928607685245
CICSF040.WI,2018-04-24,0.08332797960065674,0.04185056086687988,1.577852185438772,-0.007135424183461803
CICSF040.WI,2018-04-25,0.08181300581195594,0.04192460844601511,1.5417490652279717,-0.0097087532145268
CICSF040.WI,2018-04-26,0.08174533565973952,0.041926047987842774,1.5402050730498453,-0.010379580736277316
CICSF040.WI,2018-04-27,0.08566533112270758,0.04173329811698723,1.633828398410832,-0.010475268682012095
CICSF040.WI,2018-05-02,0.08721468388964748,0.04162608568994317,1.6722000036816236,-0.012539674448485139
CICSF040.WI,2018-05-03,0.08629921881696778,0.04160863590497366,1.6526317938894026,-0.011779736341447022
CICSF040.WI,2018-05-04,0.08850740646355981,0.04161982521065168,1.7010066229998861,-0.01021818242992234
CICSF040.WI,2018-05-07,0.09150315954995403,0.041546238221876544,1.7701213107009006,-0.009615595022810175
CICSF040.WI,2018-05-08,0.08864848515400525,0.04149728906410425,1.7090313754298352,-0.009806717938877885
CICSF040.WI,2018-05-09,0.0866383833905493,0.04147142843368762,1.665492504774786,-0.00981702668650164
CICSF040.WI,2018-05-10,0.08678219951515986,0.0414739185066953,1.6685869914780618,-0.008652517668118254
CICSF040.WI,2018-05-11,0.08672094519215956,0.04147455657616669,1.667202486746826,-0.008813410023669643
CICSF040.WI,2018-05-14,0.08831042326600724,0.041493459433793074,1.7016976841947549,-0.007225799645758424
CICSF040.WI,2018-05-15,0.08853684637999448,0.041476428379816396,1.7073967035008453,-0.01015430614096513
CICSF040.WI,2018-05-16,0.09221843569732391,0.041387030962670726,1.7926057856881599,-0.009223546393854698
CICSF040.WI,2018-05-17,0.0938469517308318,0.041314726879021206,1.8317459926760389,-0.010117118756899024
CICSF040.WI,2018-05-18,0.09575826383139585,0.04132775999776132,1.8734395512287296,-0.0085893370615161
CICSF040.WI,2018-05-21,0.09646370607889643,0.041356222331398525,1.8877462279522519,-0.006103664007178322
CICSF040.WI,2018-05-22,0.09709543608981552,0.041359818319165284,1.9015170612349948,-0.0051940277061189866
CICSF040.WI,2018-05-23,0.09509727989126948,0.0412952095785791,1.860266634028901,-0.004288122792236115
CICSF040.WI,2018-05-24,0.09570321286522154,0.0412780244500415,1.8744297329740438,-0.00492277483152781
CICSF040.WI,2018-05-25,0.09272932494603925,0.04124120339245221,1.8101421248539935,-0.00536377420073364
CICSF040.WI,2018-05-28,0.09329379416184413,0.04123561495908072,1.8229103383188305,-0.005194660144623553
CICSF040.WI,2018-05-29,0.09344890765305047,0.041233898526911845,1.8264262876576252,-0.005262710527710435
CICSF040.WI,2018-05-30,0.0954719904596879,0.04113863929873609,1.8755094061723696,-0.006091900650994186
CICSF040.WI,2018-05-31,0.09396019267209588,0.041094659382510335,1.8438554309556838,-0.005124902177574331
CICSF040.WI,2018-06-01,0.09049068260920246,0.04107218862636449,1.7674738154337941,-0.006066603110813196
CICSF040.WI,2018-06-04,0.09171538022962045,0.04106178653064942,1.7952561436687273,-0.005538327227982864
CICSF040.WI,2018-06-05,0.09062714143008832,0.04105018663206754,1.7714484462919857,-0.005214328982114269
CICSF040.WI,2018-06-06,0.08945599361657952,0.04100470149210372,1.747157131965559,-0.0036886975776466713
CICSF040.WI,2018-06-07,0.09135338039403362,0.04107206228771894,1.786739695419592,-0.0009011616250987897
CICSF040.WI,2018-06-08,0.08909748846127141,0.04118848826859439,1.7315505387630423,-0.003894429823168899
CICSF040.WI,2018-06-11,0.09218772166651457,0.041173578665160165,1.8010027578309094,-0.0023516593352287396
CICSF040.WI,2018-06-12,0.08896563289217796,0.04118680308700259,1.7286790295036982,-0.0036621351604565477
CICSF040.WI,2018-06-13,0.09037745784171425,0.04115209537664917,1.761597469954435,-0.0037695232185250838
CICSF040.WI,2018-06-14,0.08608045113524421,0.04114199971699504,1.6660116663327562,-0.005295281110693439
CICSF040.WI,2018-06-15,0.08392241473898032,0.041173614606100875,1.6164411827021914,-0.00660714830063136
CICSF040.WI,2018-06-19,0.07934854153180626,0.04119973552737048,1.5127719056399491,-0.008646635990026241
CICSF040.WI,2018-06-20,0.07864172736209407,0.0411912150743464,1.4971684149364926,-0.00814049545485418
CICSF040.WI,2018-06-21,0.07657722216047214,0.041223480051812235,1.4495408123097773,-0.009478545598879395
CICSF040.WI,2018-06-22,0.07997743362311804,0.04132778912208733,1.5223104581720166,-0.006269805602317269
CICSF040.WI,2018-06-25,0.0793269349848611,0.04135123963270761,1.5068955633499888,-0.007857795443331095
CICSF040.WI,2018-06-26,0.08681284714871396,0.04122104113468805,1.6792542562859247,-0.004881982547985886
CICSF040.WI,2018-06-27,0.08882659746620125,0.04119107683969858,1.7254024139133075,-0.004286731427526225
CICSF040.WI,2018-06-28,0.0873418950312419,0.04105043759754137,1.6979228722858029,-0.0004478297050546365
CICSF040.WI,2018-06-29,0.09516220300195277,0.04168319194014819,1.844755928222739,0.0
CICSF040.WI,2018-07-02,0.09232197813239318,0.04178719878013384,1.7781023503994926,-0.002604746555441184
CICSF040.WI,2018-07-03,0.09459349251353566,0.041828154743625424,1.826084186057745,-0.0003925425086925838
CICSF040.WI,2018-07-04,0.08818164140839357,0.04178351808400133,1.6873366583188807,-0.002664403471655863
CICSF040.WI,2018-07-05,0.08143449386062529,0.041730060696775095,1.540350977139973,-0.005086160286202568
CICSF040.WI,2018-07-06,0.07918279425541996,0.04176594946542045,1.4891430923859028,-0.006526780617656436
CICSF040.WI,2018-07-09,0.08512901967474407,0.04177568763950755,1.620378268224799,-0.0034082938184759604
CICSF040.WI,2018-07-10,0.0808611108935351,0.041624113630692135,1.5314208073500801,-0.003467950734690639
CICSF040.WI,2018-07-11,0.07294384030195178,0.042779734905957476,1.3192891649453575,-0.01343781457248916
CICSF040.WI,2018-07-12,0.07797954889984426,0.04293711525904604,1.4236933504222218,-0.009422590127471264
CICSF040.WI,2018-07-13,0.08317163058416699,0.04268527027976285,1.5444424438958473,-0.00895732897775059
CICSF040.WI,2018-07-16,0.0787014844266285,0.04262865875911411,1.4493960525746497,-0.010122773933569862
CICSF040.WI,2018-07-17,0.07878350972486592,0.04262758209123783,1.4512159029865979,-0.01037911028303129
CICSF040.WI,2018-07-18,0.08051422248544293,0.042604015746537605,1.4896330691460575,-0.00989934308315743
CICSF040.WI,2018-07-19,0.08209937595481565,0.04264474696047845,1.522637675176126,-0.007695616598186961
CICSF040.WI,2018-07-20,0.07832101048346796,0.04250667564812153,1.4451321925860425,-0.0074692970970945405
CICSF040.WI,2018-07-23,0.07783965648649716,0.042501309908521336,1.434800761233322,-0.006886794407823582
CICSF040.WI,2018-07-24,0.07659307633292767,0.04244683216565676,1.4093170209800618,-0.005192663580834145
CICSF040.WI,2018-07-25,0.07870000372808161,0.0425141636823225,1.4531532089115426,-0.002472622185214046
CICSF040.WI,2018-07-26,0.07791269555151858,0.0425155375558772,1.435929072775358,-0.0026142916620354173
CICSF040.WI,2018-07-27,0.07870247888069004,0.04251997739188259,1.453014289216272,-0.001690928192539909
CICSF040.WI,2018-07-30,0.07560981716481296,0.04245255215571424,1.3876030778139512,-0.0018370562388889677
CICSF040.WI,2018-07-31,0.07608804822079263,0.04245728272672394,1.3979259561422754,-0.000873000472859542
CICSF040.WI,2018-08-01,0.0747286444360713,0.042506390058280996,1.3666125833649423,-0.0028563731483592925
CICSF040.WI,2018-08-02,0.0722761305299886,0.04256979125182756,1.3109581294022847,-0.004883640754842156
CICSF040.WI,2018-08-03,0.07321359597908805,0.04259028261627389,1.3308721896110687,-0.0031790228699498657
CICSF040.WI,2018-08-06,0.071323200920135,0.042511377067758344,1.2917813581411757,-0.0018932593336385972
CICSF040.WI,2018-08-07,0.07283985524855985,0.0425502435746935,1.3238966809088812,0.0
CICSF040.WI,2018-08-08,0.07167361815185602,0.04258132646491143,1.297411273172195,-0.0014756015647251486
CICSF040.WI,2018-08-09,0.06832698224711375,0.04247617901314857,1.2268641016652586,-0.0013485330841686016
CICSF040.WI,2018-08-10,0.067615803480646,0.042489929521431095,1.210804307158392,-0.002289743884813622
CICSF040.WI,2018-08-13,0.06419287297322573,0.042589304543428255,1.1326573171457845,-0.004943302910351499
CICSF040.WI,2018-08-14,0.06508884373667989,0.04256343124541291,1.1530971712947675,-0.005572806692239696
CICSF040.WI,2018-08-15,0.05987266355485876,0.0428942148261135,1.030051578518035,-0.010623716013497542
CICSF040.WI,2018-08-16,0.055965423734963604,0.04299793308827354,0.9417552679097868,-0.013413948992677782
CICSF040.WI,2018-08-17,0.05353964192381033,0.04303980922641814,0.8874335722004356,-0.01510564231139322
CICSF040.WI,2018-08-20,0.055195309683919946,0.0431125614383835,0.9224392013152043,-0.012166618670691687
CICSF040.WI,2018-08-21,0.05967620604761481,0.04299795583184136,1.0233571074676935,-0.010999836204710567
CICSF040.WI,2018-08-22,0.06621178490185176,0.04268292681754834,1.1746821099885332,-0.009888552027668251
CICSF040.WI,2018-08-23,0.06207841176902229,0.042662623019377295,1.0841531259051402,-0.011344628741873142
CICSF040.WI,2018-08-24,0.06638440828666559,0.04282450000911838,1.1747204958819413,-0.007412097835949649
CICSF040.WI,2018-08-27,0.06865541409642995,0.042939422275664475,1.221246973081457,-0.0038082247836397354
CICSF040.WI,2018-08-28,0.06485469897247542,0.04305571899348341,1.1352922442469597,-0.0067159207702910395
CICSF040.WI,2018-08-29,0.06902088907095805,0.043036200606795284,1.2265445219735434,-0.004730350199853461
CICSF040.WI,2018-08-30,0.0662430637862299,0.04304898649703191,1.16573760334328,-0.00597272083312228
CICSF040.WI,2018-08-31,0.06515625597550723,0.04306287861542363,1.1416874988645473,-0.006805634633292756
CICSF040.WI,2018-09-03,0.06292244728826502,0.04308210819937587,1.0924554475223958,-0.00799005852369894
CICSF040.WI,2018-09-04,0.06480684019670324,0.04303012303171719,1.1348971763191367,-0.008114866892941497
CICSF040.WI,2018-09-05,0.05763085961281922,0.042874512875012656,0.9811068723169386,-0.010259712530163778
CICSF040.WI,2018-09-06,0.05298273635594475,0.0427698127817506,0.8803999007641313,-0.011224780061348083
CICSF040.WI,2018-09-07,0.05343177788769671,0.04276262238709576,0.8905131608638303,-0.01151777838089263
CICSF040.WI,2018-09-10,0.05095629202005458,0.04282035426253813,0.8344155082394165,-0.013511133779190443
CICSF040.WI,2018-09-11,0.0508616827654087,0.04282026907810341,0.8323142431467384,-0.0133177687000825
CICSF040.WI,2018-09-12,0.050846908197907714,0.0428202056950972,0.8319870064194872,-0.012937253847980723
CICSF040.WI,2018-09-13,0.0539197739829651,0.042874248058387736,0.8991101631654328,-0.01051227996953108
CICSF040.WI,2018-09-14,0.05375342834904884,0.04286979558477308,0.8955163118373867,-0.009190805440263738
CICSF040.WI,2018-09-17,0.05557968963227933,0.042813953766520835,0.9370820664234621,-0.009486126651992222
CICSF040.WI,2018-09-18,0.05814510299933606,0.04280437368687344,0.9940037446210981,-0.008229567542139549
CICSF040.WI,2018-09-19,0.06251642090259057,0.0426987892717248,1.0929298094973976,-0.007035349836038263
CICSF040.WI,2018-09-20,0.06150349640018393,0.04270653620713796,1.0704004922787802,-0.007611238755082961
CICSF040.WI,2018-09-21,0.06134997354830718,0.04269938587911374,1.0671844590066601,-0.005362993025233576
CICSF040.WI,2018-09-25,0.06434688112942832,0.04266449134696161,1.1341286886101556,-0.004240345510750254
CICSF040.WI,2018-09-26,0.0682251937250542,0.042681386505692614,1.2189364303857988,-0.0019748978225646585
CICSF040.WI,2018-09-27,0.06925231424558298,0.042676809744294095,1.2415880724299224,-0.001430399338440247
CICSF040.WI,2018-09-28,0.06750325608097296,0.042609721774618844,1.2050447777925715,-0.00024911449152609233
CICSF040.WI,2018-10-08,0.06554372575692757,0.042672707931424615,1.1602619318786591,-0.0023647042434028487
CICSF040.WI,2018-10-09,0.06363856620259778,0.04261866609495263,1.1196785521728507,-0.0017296129640989033
CICSF040.WI,2018-10-10,0.06404291816933116,0.042610696677372724,1.128802232016421,-0.0021802540478123023
CICSF040.WI,2018-10-11,0.06445533932361647,0.04259312524158878,1.1383509116684198,-0.003660124711686641
CICSF040.WI,2018-10-12,0.06211840445872152,0.04245708326315093,1.0900841521091733,-0.0019072200448768672
CICSF040.WI,2018-10-15,0.06112451679728692,0.04247564316102032,1.067580204711024,-0.0029711674460596305
CICSF040.WI,2018-10-16,0.06229327939836837,0.04245770173518788,1.0939474283543782,-0.002869776341267727
CICSF040.WI,2018-10-17,0.06207865805342294,0.042458635758043976,1.0891642399976622,-0.002923140080631881
CICSF040.WI,2018-10-18,0.05938661889717278,0.042363295205603765,1.031598205034437,-0.0023744352782281153
CICSF040.WI,2018-10-19,0.05928276361205875,0.04235968136852404,1.0293676600835422,-0.0006428133262942337
CICSF040.WI,2018-10-22,0.05925327681318038,0.04235927343018967,1.0287198516240168,0.0
CICSF040.WI,2018-10-23,0.057168863537824466,0.04240910354886629,0.9811037298178316,-0.0018248140820008585
CICSF040.WI,2018-10-24,0.05844588058200517,0.04243589999101297,1.008965626026406,-6.032080121087802e-05
CICSF040.WI,2018-10-25,0.05402131357991857,0.0422987638117876,0.9130446030458488,-0.0005582027941398726
CICSF040.WI,2018-10-26,0.051198048928826845,0.042256276397642865,0.8504336171108691,-0.0010267089962606724
CICSF040.WI,2018-10-29,0.05268160098754704,0.04224200353893993,0.8840997997527977,-0.0005437032050870094
CICSF040.WI,2018-10-30,0.052116464712641086,0.0422374044429724,0.8714750619587249,-0.0002461791699782667
CICSF040.WI,2018-10-31,0.05341483047415663,0.042223600694543006,0.900960829286514,0.0
CICSF040.WI,2018-11-01,0.054198099232244834,0.0422372460436284,0.918284695741803,0.0
CICSF040.WI,2018-11-02,0.056132194513196065,0.04221677038770945,0.962137337050678,0.0
CICSF040.WI,2018-11-05,0.04991836818317674,0.042076003348289315,0.8249421893435679,-0.0017452790745962066
CICSF040.WI,2018-11-06,0.051440270878956085,0.0420629196108626,0.8596289934181266,-0.0012009754872347456
CICSF040.WI,2018-11-07,0.05134035645139878,0.042060989945245555,0.8574066976251841,-0.0001975527634681118
CICSF040.WI,2018-11-08,0.048236290674335436,0.04195884652802953,0.788908192803338,-3.902199481320423e-05
CICSF040.WI,2018-11-09,0.04691188062254059,0.04202842131419343,0.7575847871039172,-0.0027884754206843887
CICSF040.WI,2018-11-12,0.04561087318261392,0.04203729010719606,0.7278479208673648,-0.0035237550308151455
CICSF040.WI,2018-11-13,0.0469805742411038,0.04206886868840622,0.7584565869794576,-0.0016826434488929065
CICSF040.WI,2018-11-14,0.049617040009143354,0.04210144392805552,0.81765008445266,0.0
CICSF040.WI,2018-11-15,0.05252671246599694,0.042278103491252036,0.8798999034315318,0.0
CICSF040.WI,2018-11-16,0.05248836387408984,0.04227382518275722,0.879122643878221,0.0
CICSF040.WI,2018-11-19,0.053426000022325004,0.04228274544553726,0.9000105448977364,0.0
CICSF040.WI,2018-11-20,0.052800234621199094,0.042317236607764756,0.8852667796253606,-0.002538609740138753
CICSF040.WI,2018-11-21,0.053283132193802096,0.042335523029759604,0.8957367301179412,-0.0004276355558546774
CICSF040.WI,2018-11-22,0.05222795741895392,0.04233743362399012,0.8720192584038172,-0.000801483593598662
CICSF040.WI,2018-11-23,0.05044314263125349,0.04240469855065496,0.8306601407396348,-0.0031196140832330244
CICSF040.WI,2018-11-26,0.054762947044682875,0.04227719392357488,0.9301299579375785,-0.0021775889100549284
CICSF040.WI,2018-11-27,0.056569445234827986,0.042220079019912184,0.9718715160889946,-0.0025099189326672766
CICSF040.WI,2018-11-28,0.05941678740076495,0.042335602958793184,1.032918461685605,0.0
CICSF040.WI,2018-11-29,0.05679092524055562,0.042226805344164745,0.9766881594280776,0.0
CICSF040.WI,2018-11-30,0.05661035585034013,0.04222669539712991,0.9726429551731902,0.0
CICSF040.WI,2018-12-03,0.05909771755030868,0.042504611085762416,1.0218897333183752,0.0
CICSF040.WI,2018-12-04,0.05869351406308776,0.042503976404735605,1.012921440754845,0.0
CICSF040.WI,2018-12-05,0.059159231935508316,0.04245695841138626,1.0243572797844207,-0.004093285639890865
CICSF040.WI,2018-12-06,0.056152807503314195,0.042474674352920044,0.957009482722232,-0.005546126419578634
CICSF040.WI,2018-12-07,0.06108918792273266,0.0425444709045338,1.0651376719173802,-0.002367464920971618
CICSF040.WI,2018-12-10,0.06120617007664486,0.04254162537717805,1.0677980714992354,-0.003166063369939076
CICSF040.WI,2018-12-11,0.06448715297608287,0.042572382448750334,1.1395862787432458,-0.0009610221273531616
CICSF040.WI,2018-12-12,0.06873045335102645,0.0425422163733088,1.2339029525004586,0.0
CICSF040.WI,2018-12-13,0.0614669891739974,0.042840027328200976,1.066395137606572,-0.005010330337498536
CICSF040.WI,2018-12-14,0.05610559223023359,0.042889806622911246,0.9471163384452567,-0.007717546740694359
CICSF040.WI,2018-12-17,0.06357396798371129,0.042670097188371496,1.1169559223177057,-0.005312516960392921
CICSF040.WI,2018-12-18,0.07353156394917937,0.04162125214106141,1.3679944985689625,-0.005154240423655532
CICSF040.WI,2018-12-19,0.07387852542454709,0.04161207006415569,1.3760550568127292,-0.00588226337657749
CICSF040.WI,2018-12-20,0.0731856609067345,0.041527038339542785,1.3632421332203293,-0.0005294098434007743
CICSF040.WI,2018-12-21,0.06656390927030142,0.041308352727188975,1.2203692924573972,-0.001902142614895297
CICSF040.WI,2018-12-24,0.07303407178586441,0.041360643149550784,1.3651444763341412,0.0
CICSF040.WI,2018-12-25,0.06924320885374935,0.0412255625892013,1.283612183027635,0.0
CICSF040.WI,2018-12-26,0.0714756125619258,0.041146416016272856,1.3367047873725795,-0.00024403255524196865
CICSF040.WI,2018-12-27,0.07660710470909637,0.04119232443958765,1.4512801928480215,0.0
CICSF040.WI,2018-12-28,0.07399319710601904,0.04101896476157277,1.397962088859055,0.0
CICSF040.WI,2019-01-02,0.07285250561452461,0.04100341076031047,1.3725529668348901,0.0
CICSF040.WI,2019-01-03,0.07356441085129473,0.04103660636928142,1.3876448956360008,0.0
CICSF040.WI,2019-01-04,0.07171190707406083,0.04099648157625984,1.346824358003192,0.0
CICSF040.WI,2019-01-07,0.06735613778388583,0.040936589631953596,1.249223071843436,-0.0011684137558443108
CICSF040.WI,2019-01-08,0.06728282652195938,0.04093757839423852,1.2475155914280416,-0.001527593699829466
CICSF040.WI,2019-01-09,0.0635829795671583,0.04081964465055921,1.1659083664509768,-0.0016312325227257896
CICSF040.WI,2019-01-10,0.06724877296717313,0.040664821116918236,1.2548257579251572,-0.0014879617276719603
CICSF040.WI,2019-01-11,0.05868001290763458,0.040304840979489755,1.0656190728676458,-0.0034812311003513674
CICSF040.WI,2019-01-14,0.05670899495495352,0.0403493402314331,1.0182935066997083,-0.00514054640089423
CICSF040.WI,2019-01-15,0.05248059010804096,0.04016190019541504,0.9230042829835517,-0.005065172711515076
CICSF040.WI,2019-01-16,0.055343448316619304,0.040307611439992785,0.9872184409319469,-0.00136639126093141
CICSF040.WI,2019-01-17,0.05147290968221174,0.04017578425586859,0.8988516691003304,-0.0015609040077163572
CICSF040.WI,2019-01-18,0.052757720016893606,0.04016210405074961,0.9295564311732055,-0.0011945514061935114
CICSF040.WI,2019-01-21,0.05097971037813598,0.04019937495444938,0.8866743822263167,-0.0027164920793194547
CICSF040.WI,2019-01-22,0.04530714831883542,0.04004296841777489,0.7548011246366731,-0.004079297011481797
CICSF040.WI,2019-01-23,0.04420443604720181,0.04002616503702311,0.7287270118106554,-0.0037973750991103783
CICSF040.WI,2019-01-24,0.04217715556085655,0.04003095749896789,0.6800901679065786,-0.004693045512822014
CICSF040.WI,2019-01-25,0.041073748910241514,0.039993857419637374,0.6541928917559919,-0.0036697261090326005
CICSF040.WI,2019-01-28,0.045599151846055896,0.04004838427966747,0.7616798478187644,-0.0008376813010764206
CICSF040.WI,2019-01-29,0.047851715124938465,0.0400974372607324,0.8144762301092137,0.0
CICSF040.WI,2019-01-30,0.053050953730637396,0.040024512636911924,0.9395744470564967,0.0
CICSF040.WI,2019-01-31,0.05416327873159532,0.04006791053833249,0.9649539774896557,0.0
CICSF040.WI,2019-02-01,0.05624161806065908,0.040089664562161856,1.0135928081900176,0.0
CICSF040.WI,2019-02-11,0.05370348910858014,0.03995438978359704,0.956661482984427,0.0
CICSF040.WI,2019-02-12,0.04962308562445794,0.03977323614866427,0.8632666291050335,0.0
CICSF040.WI,2019-02-13,0.05219946214192128,0.039760209671594764,0.9252075602028041,0.0
CICSF040.WI,2019-02-14,0.05245427631633137,0.03975507434026714,0.9314140909264886,-0.0005138229692709384
CICSF040.WI,2019-02-15,0.05081308070862156,0.03975845922058645,0.8920777906633113,-0.0011768339381695858
CICSF040.WI,2019-02-18,0.061724254843590565,0.03987674261791451,1.1486526371343915,0.0
CICSF040.WI,2019-02-19,0.06845277868707789,0.039407068211486256,1.322221398213985,0.0
CICSF040.WI,2019-02-20,0.0682025519102496,0.039385636892798705,1.316971112880273,0.0
CICSF040.WI,2019-02-21,0.07016276006579525,0.039261912440473265,1.3677059568459793,-0.0014664828671624441
CICSF040.WI,2019-02-22,0.07045146366754396,0.03926286611220905,1.3745456390584387,-0.0009214432496363889
CICSF040.WI,2019-02-25,0.07241327771842498,0.03928272750434453,1.4204946610731477,0.0
CICSF040.WI,2019-02-26,0.07856049510936924,0.03846015513615398,1.5987015029977687,-0.002467161295110598
CICSF040.WI,2019-02-27,0.08467417858952886,0.03797858733930753,1.7673656673420477,-0.0025875745988731547
CICSF040.WI,2019-02-28,0.08627251431683214,0.03785820186779888,1.811772620867891,-0.004616121493446812
CICSF040.WI,2019-03-01,0.09930009186261413,0.036117897150424766,2.2274739439214652,-0.003740204124394131
CICSF040.WI,2019-03-04,0.09507225657516338,0.03602337055870985,2.1262172260162613,-0.004415830057485359
CICSF040.WI,2019-03-05,0.09092885209829715,0.035886962783340366,2.0284924557745314,-0.004671201638336231
CICSF040.WI,2019-03-06,0.08723594120751699,0.03574036756206735,1.9417598456468366,-0.004490164408867514
CICSF040.WI,2019-03-07,0.08202857825619536,0.03554154338625672,1.817297697547545,-0.005099801467075116
CICSF040.WI,2019-03-08,0.07392098689874893,0.035864593170698914,1.5914769826440789,-0.010059160486791674
CICSF040.WI,2019-03-11,0.07360331143284404,0.035837908297557695,1.5843778445927927,-0.006746662032940165
CICSF040.WI,2019-03-12,0.0811143969536614,0.03553619929684758,1.7937733594010778,-0.004522175272293483
CICSF040.WI,2019-03-13,0.08480663168454883,0.0352374848937983,1.9054653499678305,-0.005595284328894001
CICSF040.WI,2019-03-14,0.08218677495706572,0.03526190819248818,1.8355763248723926,-0.0068311897877595396
CICSF040.WI,2019-03-15,0.08712492845049224,0.03525894889671759,1.9648922961176285,-0.004269605387124287
CICSF040.WI,2019-03-18,0.08979691051464056,0.03537889636717702,2.0277598565147157,-0.000999430421228964
CICSF040.WI,2019-03-19,0.08690673961610784,0.03527113687009459,1.9585326672600334,-0.0005662405804158777
CICSF040.WI,2019-03-20,0.08886465880132977,0.03515302332167991,2.016209976695718,-0.001637024825706268
CICSF040.WI,2019-03-21,0.08950591997750479,0.03516367179265452,2.032358947448227,-0.0003701814932500769
CICSF040.WI,2019-03-22,0.08531904150200131,0.03497164574708105,1.9331920260630573,-0.00022598358146708186
CICSF040.WI,2019-03-25,0.08045833036831329,0.03514448818937065,1.7960957613509394,-0.0034947875047948163
CICSF040.WI,2019-03-26,0.08311384418261536,0.0350372861819013,1.871567215957375,-0.0034827461744186827
CICSF040.WI,2019-03-27,0.08528802749730002,0.03501860975723237,1.9298300460542177,-0.0024852232906749094
CICSF040.WI,2019-03-28,0.08451517991756075,0.03501098178485612,1.9098893371638384,-0.0021434760280657494
CICSF040.WI,2019-03-29,0.08890291094688041,0.03533212167948437,2.0071619509212977,0.0
CICSF040.WI,2019-04-01,0.09146503938551898,0.03543174177516708,2.0679701881014827,0.0
CICSF040.WI,2019-04-02,0.08936919849453107,0.035382174709390035,2.016476405511441,0.0
CICSF040.WI,2019-04-03,0.08396935825423824,0.035140233465782156,1.8886619794008452,-0.0004507975236109907
CICSF040.WI,2019-04-04,0.08711180104203065,0.03494307379394347,1.9819920859437472,-0.001059936936921524
CICSF040.WI,2019-04-08,0.08967871336717725,0.034954877591552136,2.0488283042024764,0.0
CICSF040.WI,2019-04-09,0.09072751684507963,0.034935676198372775,2.0774818106322885,0.0
CICSF040.WI,2019-04-10,0.09251199622675266,0.034845800910549084,2.1296793925922244,-0.000747245066548885
CICSF040.WI,2019-04-11,0.09400203461840517,0.03469778537224957,2.1779102060186712,-0.003483947253400843
CICSF040.WI,2019-04-12,0.08745878317578293,0.034706363298501935,2.0044713894246033,-0.006177261398920386
CICSF040.WI,2019-04-15,0.08324658176578481,0.03499834095412789,1.8771132238346546,-0.010377377700180435
CICSF040.WI,2019-04-16,0.08355121214761962,0.035008964513411955,1.884588408969554,-0.008619540505844236
CICSF040.WI,2019-04-17,0.08505156490058163,0.03502245514994103,1.923397746134881,-0.0072754583032044184
CICSF040.WI,2019-04-18,0.08470072765999515,0.035020220012722134,1.9142809153478655,-0.006873482602401726
CICSF040.WI,2019-04-19,0.07953516652366988,0.03476096825125328,1.790930455288298,-0.0070653252244459175
CICSF040.WI,2019-04-22,0.0754951766909826,0.03471609060151521,1.685168070646325,-0.008220583618285593
CICSF040.WI,2019-04-23,0.07480753171239063,0.034694616251610466,1.6677498492043352,-0.00710119582887625
CICSF040.WI,2019-04-24,0.07451794393832056,0.03471702565198432,1.6589316175022337,-0.009810255157198466
CICSF040.WI,2019-04-25,0.0738676148234847,0.03470967050901119,1.641828666988605,-0.00941094311514068
CICSF040.WI,2019-04-26,0.0719055256242398,0.03476995635379661,1.5864302413701894,-0.011167892423228576
CICSF040.WI,2019-04-29,0.07036770407782567,0.03480533521977662,1.543592387893594,-0.012450059358155352
CICSF040.WI,2019-04-30,0.06017682335039898,0.03311748097620545,1.3316118015678602,-0.01109526332811972
CICSF040.WI,2019-05-06,0.06452821094603567,0.03325542553500305,1.4494226308841975,-0.0077283394822414975
CICSF040.WI,2019-05-07,0.06676692601849799,0.03318725073757776,1.515649676576234,-0.007500744640600243
CICSF040.WI,2019-05-08,0.07003548654232694,0.03310273706125466,1.6118777271888145,-0.006626531840547956
CICSF040.WI,2019-05-09,0.06876238535090473,0.033098710000823706,1.5760925220984336,-0.006840630811215553
CICSF040.WI,2019-05-10,0.07246450301344964,0.03297930698527013,1.6865600316314389,-0.005983406234713606
CICSF040.WI,2019-05-13,0.07751966519795195,0.03317783851878113,1.8184422089918235,-0.001974540631332178
CICSF040.WI,2019-05-14,0.07938985238634277,0.03320246520021337,1.8693628517468102,-0.0003389949695916661
CICSF040.WI,2019-05-15,0.08111953350230205,0.033125237508270865,1.9219959937159286,-0.0008259709805626958
CICSF040.WI,2019-05-16,0.08288377596827767,0.03318809858772411,1.9675636346769565,0.0
CICSF040.WI,2019-05-17,0.07968679853339045,0.03320693600116208,1.8774014429842099,-0.00137677844717643
CICSF040.WI,2019-05-20,0.07749205065156106,0.03325060853410898,1.81376375327572,-0.0028000089831011765
CICSF040.WI,2019-05-21,0.0750484519394572,0.03336137558331939,1.7397762353345945,-0.005253518479775621
CICSF040.WI,2019-05-22,0.0735588703260972,0.03340262512965709,1.6961465681038495,-0.006642175896212077
CICSF040.WI,2019-05-23,0.07087380275932342,0.03342932565293767,1.6198865907790143,-0.00796133247757469
CICSF040.WI,2019-05-24,0.07037536805011713,0.033438661078902844,1.6055171900642167,-0.008584003224460512
CICSF040.WI,2019-05-27,0.0670493970369026,0.033459246056910974,1.5115126623351234,-0.010081580742122398
CICSF040.WI,2019-05-28,0.07147713895932695,0.033316278754460735,1.6421807884011261,-0.00890609467952197
CICSF040.WI,2019-05-29,0.0717054089139566,0.03332122846626795,1.6483364529332494,-0.0077628177624277095
CICSF040.WI,2019-05-30,0.07098013499240086,0.03335209161542143,1.6265384206720976,-0.009328595929473216
CICSF040.WI,2019-05-31,0.07177359838137276,0.03338867199305534,1.6469800840041209,-0.007064499848114747
CICSF040.WI,2019-06-03,0.07412742381566395,0.033608172000315836,1.7017343470409134,-0.002388854808264007
CICSF040.WI,2019-06-04,0.07825114384030663,0.03389881882842631,1.800500172421533,0.0
CICSF040.WI,2019-06-05,0.07994017534667619,0.0339633119265099,1.8432451578363382,0.0
CICSF040.WI,2019-06-06,0.08058833952714806,0.03395185277048164,1.8615335485752844,-3.758250948837638e-05
CICSF040.WI,2019-06-10,0.081004435492255,0.03394546269788549,1.8732225616095974,-9.58677472079339e-05
CICSF040.WI,2019-06-11,0.0800730364647666,0.03396000159170263,1.8470451109805153,-0.0007875270767571108
CICSF040.WI,2019-06-12,0.08298379493509933,0.03403684521441013,1.9220475524947662,0.0
CICSF040.WI,2019-06-13,0.08534261419783928,0.03403245065806895,1.9862423223676247,0.0
CICSF040.WI,2019-06-14,0.08961729806150753,0.034334542818789886,2.0835892073803293,0.0
CICSF040.WI,2019-06-17,0.0875177925017292,0.03446086068541475,2.0200911095004663,-0.0028715564804588922
CICSF040.WI,2019-06-18,0.08886755311527561,0.03449031939702869,2.0543699820537533,-0.0011033497797325875
CICSF040.WI,2019-06-19,0.08700903774506874,0.03453327189624748,2.002372890818101,-0.002483412123195805
CICSF040.WI,2019-06-20,0.09500568413765365,0.035561037444297804,2.1516900083203065,0.0
CICSF040.WI,2019-06-21,0.09378236456061417,0.03550161311112948,2.1237351096478982,0.0
CICSF040.WI,2019-06-24,0.09842036652657149,0.035351992965687695,2.2523101272916324,0.0
CICSF040.WI,2019-06-25,0.10063183732360126,0.03547649756458108,2.3012443391859922,0.0
CICSF040.WI,2019-06-26,0.09694660544249678,0.03579322953230507,2.187458378522026,-0.004657454242180892
CICSF040.WI,2019-06-27,0.0980617895481466,0.03579404714648778,2.2158074394590246,-0.0037529532785854913
CICSF040.WI,2019-06-28,0.10160460719759534,0.035766839052248256,2.3075621185004263,-0.002069339698169359
CICSF040.WI,2019-07-01,0.09988563947448004,0.03587522650158471,2.2571519977772936,-0.0049406003665464215
CICSF040.WI,2019-07-02,0.10873592791622633,0.03622534937794302,2.457005219236598,0.0
CICSF040.WI,2019-07-03,0.11520536312404595,0.03670843950684592,2.5837060284272453,0.0
CICSF040.WI,2019-07-04,0.11377382918247503,0.03679329002766797,2.5429065339252275,-0.0026309507643708097
CICSF040.WI,2019-07-05,0.11041994944591549,0.03668559032259867,2.4680226365404128,-0.0024131104424702787
CICSF040.WI,2019-07-08,0.10759086430732911,0.03691343747407233,2.383879239380122,-0.006544815214516886
CICSF040.WI,2019-07-09,0.10186530708302421,0.03691217558819478,2.243495316799013,-0.008716014265396366
CICSF040.WI,2019-07-10,0.10071885647089296,0.03692089639661562,2.214767657070857,-0.009155068289510293
CICSF040.WI,2019-07-11,0.10192946631872868,0.03704144306923415,2.237366483012824,-0.0042409679886220575
CICSF040.WI,2019-07-12,0.09294315198258762,0.03634654584250693,2.0540732982855574,-0.0048840829336972424
CICSF040.WI,2019-07-15,0.0964499517752131,0.03622556308428755,2.14927495987526,-0.004291511517377833
CICSF040.WI,2019-07-16,0.0934598573363381,0.03618851870989849,2.0759506315540506,-0.00480443685275056
CICSF040.WI,2019-07-17,0.09400602356346299,0.036155573895871304,2.091625699613845,-0.006570315682644878
CICSF040.WI,2019-07-18,0.09863611311615261,0.036075200140504735,2.213317860156935,-0.004788370414311127
CICSF040.WI,2019-07-19,0.10464888652064697,0.03621148418113633,2.3559074005468004,-0.0007905716879050839
CICSF040.WI,2019-07-22,0.09945554899885733,0.03616010473886411,2.22883202164732,-0.0023664548774647853
CICSF040.WI,2019-07-23,0.09834789669147681,0.03618640022039113,2.199373352475927,-0.0034311851857146136
CICSF040.WI,2019-07-24,0.1099544180953751,0.03465348131189159,2.5985538658604916,-0.0029757788434737753
CICSF040.WI,2019-07-25,0.10714919881597584,0.034477341241151545,2.5382271458837464,-0.0014480377932947208
CICSF040.WI,2019-07-26,0.10574296259920479,0.034498409034606485,2.499842390856303,-0.0022479291590133954
CICSF040.WI,2019-07-29,0.10675623990091876,0.03446852356164608,2.528564486390277,-0.002508022498731277
CICSF040.WI,2019-07-30,0.10883940202456865,0.03448349649160005,2.582035735506228,-0.0008893145319791573
CICSF040.WI,2019-07-31,0.1098917728696005,0.03449856764980043,2.608431614584797,0.0
CICSF040.WI,2019-08-01,0.10175060603694197,0.03489244298999844,2.368298735837751,-0.005125665844828209
CICSF040.WI,2019-08-02,0.10943430511230123,0.03555160315994775,2.5206008527000425,0.0
CICSF040.WI,2019-08-05,0.11635165006378245,0.03612471163314201,2.6533106020130126,0.0
CICSF040.WI,2019-08-06,0.11390879766691686,0.03611406142962421,2.593397071779199,-0.00048610034522644785
CICSF040.WI,2019-08-07,0.11615985254027139,0.036300198597804305,2.635921879201429,0.0
CICSF040.WI,2019-08-08,0.11963299323499132,0.036383455275347705,2.7154027170275477,0.0
CICSF040.WI,2019-08-09,0.12058521538939893,0.03640455740564579,2.7372121736680586,0.0
CICSF040.WI,2019-08-12,0.11983363967442617,0.03642184266487265,2.7175010747399475,-0.0008169766788355126
CICSF040.WI,2019-08-13,0.12498171017758852,0.03677600614561706,2.816456214179995,0.0
CICSF040.WI,2019-08-14,0.12267420975654253,0.03696967926965454,2.746329964296443,-0.004032178766555039
CICSF040.WI,2019-08-15,0.1295474915440964,0.03706044664982398,2.9044639622059285,0.0
CICSF040.WI,2019-08-16,0.12831636802507984,0.03704023923104326,2.876572630282592,0.0
CICSF040.WI,2019-08-19,0.13081348143645233,0.037154879581843714,2.927338927383203,0.0
CICSF040.WI,2019-08-20,0.12636665321272633,0.03718712825885772,2.818826269638453,-0.0017905327099091428
CICSF040.WI,2019-08-21,0.12673648365929657,0.03717130396878984,2.828846384457668,-0.0029362243873203298
CICSF040.WI,2019-08-22,0.12708328107626476,0.03716967604102802,2.837251989353972,-0.0025024171802120465
CICSF040.WI,2019-08-23,0.12885670962783857,0.03714261099863165,2.881642367860801,-0.0018744900108617069
CICSF040.WI,2019-08-26,0.1390127119285689,0.03746262793485101,3.0965395377212634,0.0
CICSF040.WI,2019-08-27,0.14061412835243292,0.03744559250961987,3.1354714970737523,0.0
CICSF040.WI,2019-08-28,0.1461800091375196,0.03702850045519318,3.30190324092149,-0.00022427714899242446
CICSF040.WI,2019-08-29,0.15294745906331597,0.036959426749516036,3.467375910517382,0.0
CICSF040.WI,2019-08-30,0.14918334681513867,0.03730358791371986,3.3480171105594416,-0.004973869495837557
CICSF040.WI,2019-09-02,0.14587606287890975,0.03722645193399191,3.2774146719319353,-0.004876785268012052
CICSF040.WI,2019-09-03,0.14595464327299923,0.037227696440178336,3.2791493732062924,-0.003633069526215671
CICSF040.WI,2019-09-04,0.15066790692483822,0.03751869381625762,3.3634635005833458,0.0
CICSF040.WI,2019-09-05,0.1573625561089267,0.03765257858348245,3.505795912981259,0.0
CICSF040.WI,2019-09-06,0.14675608822470543,0.03794276695713684,3.2364919580278513,-0.0052231400533023775
CICSF040.WI,2019-09-09,0.14394552224132462,0.03782155158831299,3.181828153012316,-0.004058254065743339
CICSF040.WI,2019-09-10,0.14316220800312474,0.03789027723675594,3.1580378176001096,-0.007645198695608646
CICSF040.WI,2019-09-11,0.14151692492155465,0.03786172679667534,3.122330196896733,-0.007092576036916376
CICSF040.WI,2019-09-12,0.1419941777078071,0.037844355204473296,3.134797166709625,-0.007917394983314341
CICSF040.WI,2019-09-16,0.14596192570222444,0.037877595141140745,3.223696455577086,-0.00530467274500368
CICSF040.WI,2019-09-17,0.14532233413390805,0.037907339422281715,3.206461077825964,-0.007045390226106729
CICSF040.WI,2019-09-18,0.143114172764353,0.037990331824438554,3.148713443257859,-0.009084475659748126
CICSF040.WI,2019-09-19,0.14423211471387432,0.037933289884895416,3.179174107409644,-0.010260225357237696
CICSF040.WI,2019-09-20,0.14666570495070808,0.03790771915496076,3.237369448671667,-0.009122334042839575
CICSF040.WI,2019-09-23,0.14801385002018752,0.03789971653495358,3.269065409789726,-0.008251316895625638
CICSF040.WI,2019-09-24,0.15061144738871923,0.03781331503713661,3.3362527862181794,-0.008011766604933634
CICSF040.WI,2019-09-25,0.14874186576372228,0.03786389849868681,3.2888742276124927,-0.009429480750877683
CICSF040.WI,2019-09-26,0.14371758316775707,0.038135174200893594,3.1507444069955186,-0.013381621609521055
CICSF040.WI,2019-09-27,0.13816036127206588,0.03819986350892762,3.01789923081248,-0.01576340771097351
CICSF040.WI,2019-09-30,0.1354030382921736,0.03822466684619082,2.952478040852861,-0.016836555703562905
CICSF040.WI,2019-10-08,0.13807680898910601,0.03824738047172233,3.0122767895587144,-0.014815027780920365
CICSF040.WI,2019-10-09,0.13951960884541603,0.03829348418844653,3.041798358316421,-0.012314673613003202
CICSF040.WI,2019-10-10,0.13655268403463583,0.038335521528684476,2.970463289939391,-0.01370007096526471
CICSF040.WI,2019-10-11,0.13762090705087004,0.038320189058428544,2.9961646071008525,-0.013345628711973312
CICSF040.WI,2019-10-14,0.13763975813916485,0.03832095447675816,2.9965381584761324,-0.01109398766080072
CICSF040.WI,2019-10-15,0.1334932488285483,0.038435817226784484,2.8926470506526787,-0.013586276347102744
CICSF040.WI,2019-10-16,0.12936232721698637,0.038440042882149895,2.7973055513235416,-0.014945172831200115
CICSF040.WI,2019-10-17,0.1277964696159568,0.03846290180709809,2.759575768146909,-0.01577427142090415
CICSF040.WI,2019-10-18,0.1239014142465571,0.03855479353472675,2.663313957049368,-0.018013183276602507
CICSF040.WI,2019-10-21,0.12790281240920431,0.038479472609685844,2.760855428049714,-0.016602437267836168
CICSF040.WI,2019-10-22,0.12755636185670105,0.03847944958614766,2.752869465218177,-0.016278665791571
CICSF040.WI,2019-10-23,0.12668517338106056,0.038505947195551844,2.7309188362780183,-0.01748245263943704
CICSF040.WI,2019-10-24,0.13178779566807286,0.0385404357153771,2.8458105874693596,-0.014496523557954943
CICSF040.WI,2019-10-25,0.13070290425738018,0.03852074896181265,2.8223368485704285,-0.013709014322429769
CICSF040.WI,2019-10-28,0.1324840173154327,0.03848904032445845,2.865544984564455,-0.013208405790072097
CICSF040.WI,2019-10-29,0.1294762203019788,0.03860788366155185,2.7879248298330683,-0.015729170564525496
CICSF040.WI,2019-10-30,0.1287968322094304,0.0386210085936423,2.771403605544286,-0.01637386042151845
CICSF040.WI,2019-10-31,0.12810833173175729,0.038624775276850834,2.7553331805875696,-0.016432842685030646
CICSF040.WI,2019-11-01,0.12733585120912072,0.038608497895114544,2.7387281225518465,-0.015400296436626326
CICSF040.WI,2019-11-04,0.12836197452014209,0.03862770287519365,2.7609500844824884,-0.013680318765390886
CICSF040.WI,2019-11-05,0.13503836587325657,0.038724937420862734,2.9065314943635667,-0.00965487529832687
CICSF040.WI,2019-11-06,0.13036350026129084,0.038809651461173565,2.7938742133681127,-0.011990353464519377
CICSF040.WI,2019-11-07,0.13047717793201152,0.038807214329592075,2.796639841490775,-0.012382983304233597
CICSF040.WI,2019-11-08,0.12768196852190128,0.038946946040053526,2.7231497991618814,-0.015286776154573745
CICSF040.WI,2019-11-11,0.12568216542492716,0.0389871754815043,2.674831774600994,-0.01655777534923253
CICSF040.WI,2019-11-12,0.1262816460822258,0.038988411093041006,2.688410226212136,-0.015741131618893567
CICSF040.WI,2019-11-13,0.12601526285792497,0.03898987142045837,2.682241313144599,-0.015626404257959692
CICSF040.WI,2019-11-14,0.12538714108087246,0.038981201519661376,2.668508331440934,-0.014842461391856299
CICSF040.WI,2019-11-15,0.12322225218293004,0.039019238986087036,2.6165733801983575,-0.016085752639469986
CICSF040.WI,2019-11-18,0.1295175005902749,0.03910218831016795,2.7541055365111387,-0.01229810371199791
CICSF040.WI,2019-11-19,0.1311463854574333,0.0391309787976852,2.7889526350515776,-0.01033440584120826
CICSF040.WI,2019-11-20,0.1280161802247699,0.0391925540076322,2.71389255722576,-0.012081597654492016
CICSF040.WI,2019-11-21,0.130158840123342,0.039222887081798566,2.760229646582243,-0.010048108677481515
CICSF040.WI,2019-11-22,0.1321193811681749,0.039117499973452416,2.8118912060947783,-0.011057446091034207
CICSF040.WI,2019-11-25,0.13465434273233745,0.03911068831795892,2.869589803111534,-0.009573891278844116
CICSF040.WI,2019-11-26,0.13234414725961208,0.039093545144183464,2.8186708467007753,-0.009764225671517246
CICSF040.WI,2019-11-27,0.13271301267639446,0.03910743972323328,2.8260156985709672,-0.007468800577290935
CICSF040.WI,2019-11-28,0.12719442390509572,0.0389401496751213,2.712507756483786,-0.008093573632744433
CICSF040.WI,2019-11-29,0.12122507876279975,0.038667681639356195,2.593966096362183,-0.008307116860269304
CICSF040.WI,2019-12-02,0.1181776218765982,0.03871969469286972,2.5202099949097554,-0.00993892290595677
CICSF040.WI,2019-12-03,0.12056293109243033,0.038613327396936084,2.5822575847434006,-0.01034565362169193
CICSF040.WI,2019-12-04,0.11987820470219712,0.03859172152612434,2.5678359165355453,-0.008857215626755455
CICSF040.WI,2019-12-05,0.12214040884884314,0.038601139717080235,2.619521046432567,-0.007226506925505305
CICSF040.WI,2019-12-06,0.12501381530568034,0.03850080601995021,2.692702200890821,-0.006993485834215996
CICSF040.WI,2019-12-09,0.13141337904733907,0.038989183139324486,2.805009055410319,-0.00040113425910426326
CICSF040.WI,2019-12-10,0.13454113913532972,0.039028314538658286,2.8730055067429605,0.0
CICSF040.WI,2019-12-11,0.13277175390227658,0.03894384121469215,2.83905563215083,0.0
CICSF040.WI,2019-12-12,0.1325916776199778,0.03894281712608002,2.835044787496533,0.0
CICSF040.WI,2019-12-13,0.13288006524705098,0.038941462158961805,2.841683198981113,0.0
CICSF040.WI,2019-12-16,0.12811323289695586,0.03852842267507393,2.7622408474766478,0.0
CICSF040.WI,2019-12-17,0.1297259421525887,0.03854111587074354,2.7984271134012277,0.0
CICSF040.WI,2019-12-18,0.1335991377328809,0.038284105440402734,2.9063995875238513,-0.0006788810126118205
CICSF040.WI,2019-12-19,0.13594114698977444,0.03823364800520441,2.9641923930342813,-7.512297102696408e-05
CICSF040.WI,2019-12-20,0.13409650546202134,0.03815330005592575,2.9277365140510123,0.0
CICSF040.WI,2019-12-23,0.13478528937553325,0.03813731774893583,2.9448758249740554,-0.0001936382265432801
CICSF040.WI,2019-12-24,0.13781216513641836,0.03835056326587096,2.998206833657839,0.0
CICSF040.WI,2019-12-25,0.13765411088002022,0.038345671778512204,2.9949597219895874,0.0
CICSF040.WI,2019-12-26,0.14589203978196186,0.03797851549258459,3.213622612236196,0.0
CICSF040.WI,2019-12-27,0.15111223719229594,0.03785802141473845,3.343856642519097,0.0
CICSF040.WI,2019-12-30,0.14863526143205474,0.037812914010153846,3.2908008653723533,0.0
CICSF040.WI,2019-12-31,0.14653385498243776,0.037876261960766835,3.2369878027733887,-0.0016706502908188092
CICSF040.WI,2020-01-02,0.14875052324776372,0.03786011380169675,3.2893970859937913,-0.00047250009672472615
CICSF040.WI,2020-01-03,0.1451124048447956,0.037585074937874836,3.2287516548838777,0.0
CICSF040.WI,2020-01-06,0.1515636435482488,0.037718248765986735,3.36650973791921,0.0
CICSF040.WI,2020-01-07,0.14544485411534147,0.03765659897647454,3.230402755542505,-0.001680098067772473
CICSF040.WI,2020-01-08,0.14596131330207252,0.03765362932278672,3.24263280445119,-0.0011598247971749132
CICSF040.WI,2020-01-09,0.14032342390017405,0.03807580897208864,3.077500046847645,-0.006316459368393645
CICSF040.WI,2020-01-10,0.137995930360856,0.03799326429933583,3.030299074631727,-0.00529920226723779
CICSF040.WI,2020-01-13,0.1372646484456599,0.03797375911960975,3.014899688091188,-0.003967484309407521
CICSF040.WI,2020-01-14,0.1343591802776245,0.03807067065163021,2.940095141418031,-0.0061643301820833996
CICSF040.WI,2020-01-15,0.13071509953475635,0.03802403487414424,2.85899179683655,-0.006725787301924302
CICSF040.WI,2020-01-16,0.13011437835792816,0.03802950908998259,2.844605070995916,-0.006891110276513568
CICSF040.WI,2020-01-17,0.1326858056606377,0.037998000138858685,2.906775211833672,-0.005794423364949175
CICSF040.WI,2020-01-20,0.13311341681321576,0.037991328383989165,2.9172191001018652,-0.005776742620332342
CICSF040.WI,2020-01-21,0.1268295198498246,0.03848116178130418,2.735985829920436,-0.011393023135441327
CICSF040.WI,2020-01-22,0.12800010470640055,0.038486150721571265,2.762627358707053,-0.010224010761003322
CICSF040.WI,2020-01-23,0.12271834739500376,0.03906745608369103,2.6019055701354548,-0.016825124776112865
CICSF040.WI,2020-02-03,0.13626418611585223,0.04024789848117122,2.8248669216173146,-0.006619756250370257
CICSF040.WI,2020-02-04,0.1342689577582159,0.040305201448539066,2.7772809809946133,-0.008288957424179455
CICSF040.WI,2020-02-05,0.13001831834601063,0.04017935195888917,2.692364661059991,-0.008332384751591815
CICSF040.WI,2020-02-06,0.1325684743132478,0.040204181371611046,2.746822907324868,-0.006288041978254166
CICSF040.WI,2020-02-07,0.13467087300459002,0.04024100435402965,2.7904561463895488,-0.004078109149593057
CICSF040.WI,2020-02-10,0.13746942250452476,0.040191697838858155,2.855151772403816,-0.0031430594984832583
CICSF040.WI,2020-02-11,0.13766943554463928,0.04018382984867397,2.860080729760183,-0.004330233362860092
CICSF040.WI,2020-02-12,0.1377597704591622,0.0401834478045892,2.862084505955991,-0.003969300458401381
CICSF040.WI,2020-02-13,0.14037608165110416,0.040167924505205746,2.920386999932193,-0.0025764744285420305
CICSF040.WI,2020-02-14,0.13760247091817246,0.04021104417817413,2.856707572351917,-0.003979396110161404
CICSF040.WI,2020-02-17,0.13569695739331022,0.040148462156481206,2.8193211212580778,-0.0028213340458335123
CICSF040.WI,2020-02-18,0.13276717132900062,0.040124236467570774,2.7565903519366857,-0.0032350955195550313
CICSF040.WI,2020-02-19,0.13241943464558603,0.040113205064110556,2.7496796457334653,-0.0014642968343829832
CICSF040.WI,2020-02-20,0.1303234725819089,0.04006882816451839,2.7064229282006473,-0.0009444508929603579
CICSF040.WI,2020-02-21,0.1314124118573743,0.040108308283428894,2.7278179904878033,0.0
CICSF040.WI,2020-02-24,0.13291043357750465,0.04015515453257131,2.7576495063561333,0.0
CICSF040.WI,2020-02-25,0.12918820867962988,0.04032124313409577,2.664797339813589,-0.0031767689700032964
CICSF040.WI,2020-02-26,0.12746607041216196,0.04032239956384662,2.6268519980651677,-0.0034872438289863528
CICSF040.WI,2020-02-27,0.12948486519814462,0.04031785600196565,2.671536280640766,-0.002215876674726447
CICSF040.WI,2020-02-28,0.12468055342080708,0.040662175795509535,2.544376738980128,-0.007119060326589599
CICSF040.WI,2020-03-02,0.11515947045270614,0.04042340902072581,2.3487589695291087,-0.009772484746732424
CICSF040.WI,2020-03-03,0.11401914282684644,0.0404357379424866,2.3227424491117112,-0.010329977807723156
CICSF040.WI,2020-03-04,0.11651189677067753,0.040680988744923804,2.3639484735913037,-0.0044211683748192065
CICSF040.WI,2020-03-05,0.11975989488232353,0.040647958992697665,2.4373315620117335,-0.0029892181129234086
CICSF040.WI,2020-03-06,0.12466820853866567,0.04089395804632486,2.529916729823743,0.0
CICSF040.WI,2020-03-09,0.13008988376241515,0.04131288799254012,2.6211382874354294,0.0
CICSF040.WI,2020-03-10,0.1258797644364371,0.041744739934762014,2.504998498224695,-0.006183442931529615
CICSF040.WI,2020-03-11,0.1280462094912267,0.04176155317675335,2.5500608727116822,-0.004391312638514333
CICSF040.WI,2020-03-12,0.1261295510146443,0.041898296365167786,2.501267873809743,-0.008104385061941333
CICSF040.WI,2020-03-13,0.11479427368621598,0.04299733023584381,2.2030276969688765,-0.017224442494508274
CICSF040.WI,2020-03-16,0.11106808098469378,0.04321334750973643,2.114718896963871,-0.021173617204661932
CICSF040.WI,2020-03-17,0.10039010748692911,0.04441613936667554,1.8411325377609,-0.030829335656377355
CICSF040.WI,2020-03-18,0.10220871209558191,0.044439355622356326,1.8773672485910304,-0.029051025470404612
CICSF040.WI,2020-03-19,0.099401959364537,0.04456967621878374,1.8147780469552113,-0.03211661005433897
CICSF040.WI,2020-03-20,0.11025033289060326,0.04446446429062567,2.0398852529914957,-0.02743829282644139
CICSF040.WI,2020-03-23,0.10728619975926601,0.044368002510025616,1.9839451490250244,-0.0267891697834437
CICSF040.WI,2020-03-24,0.11577631995989401,0.04534126769489159,2.1108443428775368,-0.017130761158219987
CICSF040.WI,2020-03-25,0.12128698463483101,0.045443852418110914,2.2146426967246615,-0.013341256158057813
CICSF040.WI,2020-03-26,0.12374558533788993,0.045414296296737704,2.2643052676012703,-0.012406816477682048
CICSF040.WI,2020-03-27,0.12238455261725822,0.04537381501843769,2.239563702560876,-0.011058828556033573
CICSF040.WI,2020-03-30,0.11670562831240372,0.045340804097094775,2.1292352073799172,-0.01283112541298781
CICSF040.WI,2020-03-31,0.11811829806604468,0.04535822372175821,2.1563194100198655,-0.011153723107825697
CICSF040.WI,2020-04-01,0.11658407915456404,0.04542495780458889,2.1229770887693102,-0.013568549445257316
CICSF040.WI,2020-04-02,0.11576069309803105,0.04541745950100028,2.107070602835677,-0.013045178826646575
CICSF040.WI,2020-04-03,0.1158672397250522,0.04541693797848874,2.109197673233849,-0.01280854905491835
CICSF040.WI,2020-04-07,0.131431205542071,0.04639439667910361,2.364414019759583,-0.0023120195106152153
CICSF040.WI,2020-04-08,0.13019346024108192,0.04641870619082455,2.3396081748031654,-0.0033914120694371608
CICSF040.WI,2020-04-09,0.12818975940045885,0.0464330150455849,2.300667458928086,-0.004162436896309907
CICSF040.WI,2020-04-10,0.12722307472515615,0.046443527211683856,2.2816912006223524,-0.004674835826886881
CICSF040.WI,2020-04-13,0.12061566572617277,0.04622375541889978,2.165077586838337,-0.0054278206667042195
CICSF040.WI,2020-04-14,0.12020012961400295,0.04620458916331331,2.157926098905194,-0.0028005761191188805
CICSF040.WI,2020-04-15,0.11805350486781352,0.04625110015583189,2.1143117006006777,-0.004420746301604939
CICSF040.WI,2020-04-16,0.12009766983100145,0.046251583758347155,2.1538017671458425,-0.00305012927338677
CICSF040.WI,2020-04-17,0.11692764761345642,0.04640313115032524,2.085814792582479,-0.006477463071434486
CICSF040.WI,2020-04-20,0.1111329954424154,0.04655341039032499,1.9674504482017796,-0.009959022327648892
CICSF040.WI,2020-04-21,0.11116945510302556,0.046553215667676694,1.9681636203367552,-0.009796767941149698
CICSF040.WI,2020-04-22,0.1114284617560879,0.04654792128527219,1.9733913463891062,-0.01030605471021695
CICSF040.WI,2020-04-23,0.12167074007683198,0.04682746804778055,2.157866931007,-0.003921112508067259
CICSF040.WI,2020-04-24,0.1272366023043774,0.04675332339358391,2.267136184097133,-0.0016839431191824072
CICSF040.WI,2020-04-27,0.13024833211115205,0.04655976327709005,2.333702609684666,-0.0032470394244927814
CICSF040.WI,2020-04-28,0.12739182766726231,0.046558391515879066,2.2793920445426505,-0.004000129761310478
CICSF040.WI,2020-04-29,0.12840853313286216,0.0465841919096471,2.2975148083272114,-0.0017503534808868126
CICSF040.WI,2020-04-30,0.12835947928037617,0.046584286138373183,2.2965765990794984,-0.0013895537397764501
CICSF040.WI,2020-05-06,0.127464024082943,0.04660261285445661,2.2786478669561947,-0.002374790225808554
CICSF040.WI,2020-05-07,0.1254887370034945,0.04669734841970186,2.2365511705743146,-0.005281285333253227
CICSF040.WI,2020-05-08,0.1279965265473748,0.04678197080281842,2.2801882985423654,-0.0019396678479693952
CICSF040.WI,2020-05-11,0.13069064133812347,0.04667836351207196,2.336277122461028,-0.0022855397635338504
CICSF040.WI,2020-05-12,0.1266360630644623,0.04682282429928011,2.252453105550851,-0.0054623709343104565
CICSF040.WI,2020-05-13,0.1273379212750858,0.04679692838627057,2.266988085254954,-0.006607857363835734
CICSF040.WI,2020-05-14,0.12543716259031856,0.046891313714513105,2.2265148413567726,-0.009568683426447677
CICSF040.WI,2020-05-15,0.1283039912580719,0.04700961454373166,2.2751729371217047,-0.005683545395491207
CICSF040.WI,2020-05-18,0.13002039610718352,0.047129472128261546,2.301774298601578,-0.0007804668084019362
CICSF040.WI,2020-05-19,0.12997054153736265,0.04712973738661603,2.300825025835336,-0.0005953723213323325
CICSF040.WI,2020-05-20,0.1322410827198277,0.047189380090215886,2.3405357263553315,0.0
CICSF040.WI,2020-05-21,0.13147291561993968,0.047204540679801246,2.325414595589192,-0.0008938292991286234
CICSF040.WI,2020-05-22,0.12088271212504864,0.048053018970986336,2.0894085308906583,-0.009390838807537882
CICSF040.WI,2020-05-25,0.11521041418332745,0.04794194629819054,1.988267531375141,-0.010428973331478852
CICSF040.WI,2020-05-26,0.11639481916772221,0.047980498007274705,2.0088412142846668,-0.007754590177108667
CICSF040.WI,2020-05-27,0.11367229889961572,0.04808965545850532,1.9535951635489701,-0.010656535618892349
CICSF040.WI,2020-05-28,0.11226807937751837,0.04805424739206268,1.928732685770433,-0.009529881259745743
CICSF040.WI,2020-05-29,0.11383467859247154,0.04802181808955607,1.9593246343969508,-0.00950040973316113
CICSF040.WI,2020-06-01,0.12187960824693156,0.04828261738688423,2.098120920506697,-0.0037681451847394465
CICSF040.WI,2020-06-02,0.12238239752249425,0.04825752195478505,2.108476144612336,-0.005773893079722536
CICSF040.WI,2020-06-03,0.12328193204892601,0.048233201399835376,2.126132271402289,-0.006366112880893837
CICSF040.WI,2020-06-04,0.12162285254173,0.04831077469136535,2.0921861664750634,-0.009151277398586344
CICSF040.WI,2020-06-05,0.12347475439203781,0.048301649329580025,2.126742895818065,-0.008138246299968288
CICSF040.WI,2020-06-08,0.1271728785898425,0.04827838652621901,2.1958459934253685,-0.006376533170650567
CICSF040.WI,2020-06-09,0.12799086080273403,0.04829454358370481,2.210155622012862,-0.00447472503460411
CICSF040.WI,2020-06-10,0.1282275600638214,0.04829793048278587,2.214350376473402,-0.0031171928413031846
CICSF040.WI,2020-06-11,0.13054502662858392,0.04825356659370788,2.258887458502,-0.0026458589268544275
CICSF040.WI,2020-06-12,0.12829403556571584,0.04822034007461387,2.2190585689716067,-0.0023568274554215396
CICSF040.WI,2020-06-15,0.11894997458270584,0.04820623129733336,2.0471041958385587,-0.005959984719013489
CICSF040.WI,2020-06-16,0.1147996176775603,0.048015599706864795,1.9776151508658348,-0.004935059754309634
CICSF040.WI,2020-06-17,0.11057950582822973,0.048003482021515755,1.8990593415100976,-0.006244963855540964
CICSF040.WI,2020-06-18,0.11232240347004874,0.048014086115772986,1.9313240802506644,-0.004722812135174781
CICSF040.WI,2020-06-19,0.11421960877503379,0.0480270666792256,1.9663138555902415,-0.003083353213456985
CICSF040.WI,2020-06-22,0.11475019424104715,0.04801822661592542,1.976585947501129,-0.0032985479852501998
CICSF040.WI,2020-06-23,0.11403002967038511,0.047992920643894155,1.964131828625185,-0.0013264292072091566
CICSF040.WI,2020-06-24,0.11569272140768683,0.04804459818702931,1.9931258096730387,0.0
CICSF040.WI,2020-06-29,0.10916126864221809,0.04785410884019926,1.8781247345163359,-0.0009676287357673896
CICSF040.WI,2020-06-30,0.11640757788607181,0.047848228184552026,2.0145023522966494,0.0
CICSF040.WI,2020-07-01,0.11763210696559168,0.04789152848270851,2.035624338046909,0.0
CICSF040.WI,2020-07-02,0.12171098978281814,0.047890573700103564,2.111766189083781,0.0
CICSF040.WI,2020-07-03,0.1123389580154619,0.047134792799065184,1.966789165830432,0.0
CICSF040.WI,2020-07-06,0.12177794234398132,0.048117381137265346,2.1032762231901594,0.0
CICSF040.WI,2020-07-07,0.11798220617119393,0.048182104284931616,2.0301375133887287,-0.0021561847715285687
CICSF040.WI,2020-07-08,0.11771437260325102,0.04816708137585356,2.025779261564996,0.0
CICSF040.WI,2020-07-09,0.12721699775773643,0.04800994573815768,2.2086697405720233,0.0
CICSF040.WI,2020-07-10,0.11889991160844371,0.04850912668641565,2.033699451049369,-0.006476396737745693
CICSF040.WI,2020-07-13,0.1268897177973709,0.04921482935478269,2.14987682839715,0.0
CICSF040.WI,2020-07-14,0.1259218346818971,0.04928087267211084,2.1296172119509156,-0.003733641183653047
CICSF040.WI,2020-07-15,0.11891303688630228,0.04897594149504474,2.0150147925414865,-0.0040177437330469745
CICSF040.WI,2020-07-16,0.09800315897054723,0.05029517503493612,1.5882425618116793,-0.016425501315261104
CICSF040.WI,2020-07-17,0.10624437481153826,0.05040281107846402,1.7333721725131412,-0.011650304435830816
CICSF040.WI,2020-07-20,0.10901616089712829,0.050455735044147784,1.7812238668488982,-0.00895750190528477
CICSF040.WI,2020-07-21,0.12202689698146352,0.05074803898278942,2.0011837743648186,-0.0014835612846126889
CICSF040.WI,2020-07-22,0.1259974876326846,0.050685892787914,2.073302420956569,-0.00014002819002045808
CICSF040.WI,2020-07-23,0.12623866443805265,0.050682447513871805,2.077667594867636,-0.00036881601914295903
CICSF040.WI,2020-07-24,0.11136973470088862,0.05123790720649804,1.7961996649339533,-0.008674013963893779
CICSF040.WI,2020-07-27,0.11417256261946296,0.051247043264914416,1.845059442032116,-0.006815797884109465
CICSF040.WI,2020-07-28,0.11264522618871031,0.05126106625903106,1.8177967375761503,-0.007586669971891946
CICSF040.WI,2020-07-29,0.11669539073251611,0.05132287452777627,1.8864969451304534,-0.004487253030017402
CICSF040.WI,2020-07-30,0.11627231853930486,0.051340671730809626,1.8784767346732958,-0.00663018626719869
CICSF040.WI,2020-07-31,0.11291472249972667,0.05134943385704975,1.8194747327948986,-0.007841629858476251
CICSF040.WI,2020-08-03,0.10818750326160687,0.051227272155634086,1.7405637376202512,-0.008087319407681703
CICSF040.WI,2020-08-04,0.11383749856577796,0.05128161931619686,1.8379821784830037,-0.004602492030582939
CICSF040.WI,2020-08-05,0.11453548920404666,0.05126705023386554,1.8507147783455011,-0.005041731883404732
CICSF040.WI,2020-08-06,0.11209623629179988,0.051312870821321445,1.8063909377911382,-0.006765604897196575
CICSF040.WI,2020-08-07,0.10605925180203624,0.05148302549912743,1.694817133532442,-0.010643678961558267
CICSF040.WI,2020-08-10,0.10535398894671522,0.05150195335473352,1.6818233707236345,-0.01206654770587312
CICSF040.WI,2020-08-11,0.10672451752578382,0.05150083808442846,1.7059288546272986,-0.011099462013128059
CICSF040.WI,2020-08-12,0.10280994609175376,0.05153876343270022,1.6359326800554517,-0.01299819100377786
CICSF040.WI,2020-08-13,0.10315859671639904,0.051546153613118775,1.6418402234414442,-0.0112700157339648
CICSF040.WI,2020-08-14,0.11079600560354641,0.05126495105418688,1.785201773814855,-0.009527806914749748
CICSF040.WI,2020-08-17,0.10989099351791709,0.05116243079342767,1.7727396650463247,-0.0032054880397281993
CICSF040.WI,2020-08-18,0.10204340566818382,0.05076114775034709,1.6465115547961506,-0.003497836579829272
CICSF040.WI,2020-08-19,0.10345615877041925,0.05075509734426705,1.6719529113804807,-0.002705401994607781
CICSF040.WI,2020-08-20,0.09307438781343658,0.05081920476158033,1.48382743246985,-0.007385283416237121
CICSF040.WI,2020-08-21,0.09328583291518733,0.05082958156143587,1.4873414829100549,-0.004245404780830797
CICSF040.WI,2020-08-24,0.09357953105740702,0.05083783055578629,1.4923937506622806,-0.0022079280335002283
CICSF040.WI,2020-08-25,0.09170822680656565,0.05090628298198672,1.4568002380214962,-0.004729101279204007
CICSF040.WI,2020-08-26,0.085141254755571,0.050642951654766774,1.3449349826401396,-0.0052081882175547545
CICSF040.WI,2020-08-27,0.08899397515072205,0.05046032017014749,1.4198798825127774,-0.0057016672266428925
CICSF040.WI,2020-08-28,0.08974435111663093,0.05051642368491053,1.431998775141414,-0.0009602737873783962
CICSF040.WI,2020-08-31,0.08976568663413831,0.050516534572923405,1.4323834379418843,-0.00032010833490403456
CICSF040.WI,2020-09-01,0.08887194658869069,0.050471537941693484,1.4173542924275708,0.0
CICSF040.WI,2020-09-02,0.08595827267234601,0.050655242544378636,1.3594837195975649,-0.004461606105640725
CICSF040.WI,2020-09-03,0.08359117371202207,0.05076578244292295,1.313635745123465,-0.00777174922479984
CICSF040.WI,2020-09-04,0.0791781440052386,0.05092007489878449,1.2296403347287876,-0.011382749413601956
CICSF040.WI,2020-09-07,0.07632266057947024,0.050972074961759165,1.1764428399390159,-0.013377920269299737
CICSF040.WI,2020-09-08,0.07190732481001616,0.05064904252040656,1.1024412321408261,-0.011222152645618322
CICSF040.WI,2020-09-09,0.06691988435003804,0.050817417319352874,1.0071573111214385,-0.015062576788682835
CICSF040.WI,2020-09-10,0.06623085576607934,0.05082772346423497,0.9942500626519362,-0.015919416496706362
CICSF040.WI,2020-09-11,0.06372025877941678,0.050751545190653634,0.9492045502163738,-0.01522501303603252
CICSF040.WI,2020-09-14,0.07110167033037729,0.050507078260091876,1.090507032714114,-0.013323553434703928
CICSF040.WI,2020-09-15,0.07368204278563728,0.050555895551655815,1.1371105412096478,-0.010850066847191031
CICSF040.WI,2020-09-16,0.069196818184865,0.05064887528036519,1.0524418748598672,-0.013751079097357177
CICSF040.WI,2020-09-17,0.060067239467727074,0.050530331717423535,0.8850430290338943,-0.017047375024622058
CICSF040.WI,2020-09-18,0.061692265334812424,0.05067905861227025,0.9128250683311835,-0.011269110466101018
CICSF040.WI,2020-09-21,0.06474786138059674,0.050449398782205584,0.9737306480326774,-0.013602643331849018
CICSF040.WI,2020-09-22,0.05983168770703462,0.05057666459086667,0.8798820704050752,-0.017007315251762134
CICSF040.WI,2020-09-23,0.06290528205657298,0.05043891564752004,0.9395747854627533,-0.01770713495723586
CICSF040.WI,2020-09-24,0.05595934031624816,0.05082095704118723,0.8038540068933865,-0.023582840825507212
CICSF040.WI,2020-09-25,0.057215995759647864,0.05081015657945171,0.8274271254367913,-0.02323293097277035
CICSF040.WI,2020-09-28,0.05631404607478263,0.05077665153921538,0.8111271053088202,-0.02149605367805174
CICSF040.WI,2020-09-29,0.05693986045517008,0.05075702573669879,0.8230926073392272,-0.02262973503066179
CICSF040.WI,2020-09-30,0.05910074536083276,0.05070605614280359,0.8641572714763458,-0.022642713579522078
CICSF040.WI,2020-10-09,0.06267273513556915,0.05072327199828331,0.9302765059879426,-0.020509990544565038
CICSF040.WI,2020-10-12,0.06919760375061257,0.05120339471568223,1.0416063678121588,-0.013362846757828173
CICSF040.WI,2020-10-13,0.06712929832765813,0.051216904957670104,1.0035287219000375,-0.014405831558363391
CICSF040.WI,2020-10-14,0.06474099239056708,0.051266747048101045,0.9588872180141266,-0.016374125576657628
CICSF040.WI,2020-10-15,0.06253171742174213,0.05137680252952389,0.916504148793633,-0.01981793752974781
CICSF040.WI,2020-10-16,0.06876621176362252,0.051225234382294274,1.0333037469836182,-0.018000276432871276
CICSF040.WI,2020-10-19,0.0708131558478331,0.05116034635914323,1.0719599696490727,-0.018494687609139193
CICSF040.WI,2020-10-20,0.07324103332347787,0.05114971757484648,1.1164615406779201,-0.017341896109782207
CICSF040.WI,2020-10-21,0.07439951721454707,0.051198718908757226,1.136519405716337,-0.014258519919134405
CICSF040.WI,2020-10-22,0.0727745600293932,0.05115431251716132,1.1078648779879252,-0.013251404966236557
CICSF040.WI,2020-10-23,0.07112390141077696,0.051228199050764915,1.0762732976841585,-0.016151650766666803
CICSF040.WI,2020-10-26,0.06959823291236855,0.05124573633548795,1.0481002402502684,-0.01719994961870397
CICSF040.WI,2020-10-27,0.06826652646546427,0.051211781088918065,1.024427839783204,-0.016183535075677935
CICSF040.WI,2020-10-28,0.0712851238642005,0.05113525818058218,1.081080875876069,-0.015890035923499135
CICSF040.WI,2020-10-29,0.06950593841956665,0.05121601664503762,1.0469936108265727,-0.01887791247706072
CICSF040.WI,2020-10-30,0.06504266090930821,0.05147611209467356,0.9607007669411214,-0.023794687532494252
CICSF040.WI,2020-11-02,0.07092812280678329,0.05149929882700063,1.067327225243349,-0.020633082372141454
CICSF040.WI,2020-11-03,0.07429494412975335,0.051666425278569704,1.1248108403579085,-0.016142708853082
CICSF040.WI,2020-11-04,0.07510187613160824,0.0516724657691891,1.1392204478316021,-0.015079540876169584
CICSF040.WI,2020-11-05,0.07793245683604333,0.051661899092878084,1.1903541615107482,-0.013694821686746406
CICSF040.WI,2020-11-06,0.07540500134536976,0.05159033517719008,1.1464183228525404,-0.013017024637015706
CICSF040.WI,2020-11-09,0.07824093956595357,0.051683710139689414,1.1954114980648594,-0.009623491786596827
CICSF040.WI,2020-11-10,0.07392876230102674,0.05182260893788344,1.1149959848347646,-0.013083603570736013
CICSF040.WI,2020-11-11,0.07624378447106261,0.05174873897888744,1.1581374259868258,-0.013482668399864894
CICSF040.WI,2020-11-12,0.07565897346691441,0.05176161508062746,1.1473584361330906,-0.01466453389253497
CICSF040.WI,2020-11-13,0.07611056281725714,0.051760429088630315,1.155495179874683,-0.014309974244734014
CICSF040.WI,2020-11-16,0.08244446196698996,0.052180189188062255,1.2591181622540233,-0.007467417583021163
CICSF040.WI,2020-11-17,0.07742031630992541,0.05225961440692252,1.1682335444681828,-0.010348451043406315
CICSF040.WI,2020-11-18,0.0724347847766047,0.05212859008788939,1.0820408460347157,-0.010907499480730332
CICSF040.WI,2020-11-19,0.07327440384679895,0.05209469935534597,1.0977379147192647,-0.012467480176416301
CICSF040.WI,2020-11-20,0.07776822475929057,0.05220758085976095,1.1755320066363237,-0.008726745595660446
CICSF040.WI,2020-11-23,0.08547615550589382,0.052249852793966774,1.3110545341071178,-0.0045727924139871146
CICSF040.WI,2020-11-24,0.0867148302902041,0.052226764759670086,1.3334555335827176,-0.004723169852159481
CICSF040.WI,2020-11-25,0.08352770118919617,0.05228129147638775,1.2759214682445572,-0.006818081366814943
CICSF040.WI,2020-11-26,0.08699982063444112,0.052366695649587056,1.335040396097739,-0.0035193328003952917
CICSF040.WI,2020-11-27,0.09061769052951618,0.052501828191865864,1.3950488005460382,0.0
CICSF040.WI,2020-11-30,0.09365307130984935,0.05248973747295585,1.448326463225982,0.0
CICSF040.WI,2020-12-01,0.09083382518571192,0.05238072836279376,1.4019378824526942,0.0
CICSF040.WI,2020-12-02,0.09014077088992267,0.052364611873251615,1.3902121687710896,0.0
CICSF040.WI,2020-12-03,0.09327809354645411,0.05232699553415137,1.4461129498870042,0.0
CICSF040.WI,2020-12-04,0.09469412060279514,0.05238536714905937,1.4692771704412355,0.0
CICSF040.WI,2020-12-07,0.0917860995000801,0.05252280007454393,1.4149067319916762,-0.0036733428959498937
CICSF040.WI,2020-12-08,0.08644650260041842,0.052643733664976065,1.3186152100526134,-0.007058754196386574
CICSF040.WI,2020-12-09,0.0869375239398229,0.05264113378146511,1.3272642085772355,-0.006800896694021841
CICSF040.WI,2020-12-10,0.08361545991963504,0.0526144799167257,1.2697123634012941,-0.0075412054314217825
CICSF040.WI,2020-12-11,0.08498169020924862,0.05260663752646425,1.2938532570291021,-0.0069154212709606755
CICSF040.WI,2020-12-14,0.09208951393942844,0.05294521811174176,1.409286084249856,-0.0006248221945187593
CICSF040.WI,2020-12-15,0.09176314804928842,0.05295737620228514,1.4033286922211639,-0.002567436470630069
CICSF040.WI,2020-12-16,0.09455244310943,0.05298191884904921,1.450880059404875,-0.00042994814649166546
CICSF040.WI,2020-12-17,0.1007661593628304,0.05340806650298365,1.5457570387759882,0.0
CICSF040.WI,2020-12-18,0.09972184869672218,0.05339403560708283,1.5283658624240062,0.0
CICSF040.WI,2020-12-21,0.09926934800044807,0.05339676859454303,1.5205799624603185,-0.00017684761660530235
CICSF040.WI,2020-12-22,0.08426694898764198,0.05354749976054273,1.2597384287739444,-0.007275025483093334
CICSF040.WI,2020-12-23,0.082771156450546,0.05351079770878398,1.2347591586328577,-0.006235046915878617
CICSF040.WI,2020-12-24,0.08549442884261294,0.05364056405560916,1.278745069966172,-0.0019276842505664415
CICSF040.WI,2020-12-25,0.08877486434452342,0.053744745317317606,1.3325338090117562,0.0
CICSF040.WI,2020-12-28,0.08926823816518303,0.05374729563496209,1.340905154687237,0.0
CICSF040.WI,2020-12-29,0.0871003144223721,0.053717577592656725,1.3045174615131818,0.0
CICSF040.WI,2020-12-30,0.09219878680481597,0.05402763574089702,1.383971609930175,0.0
CICSF040.WI,2020-12-31,0.09405389404613174,0.054021662305448824,1.4155445173225856,0.0
CICSF040.WI,2021-01-04,0.10108693860468909,0.054431934536389684,1.5230466913454945,0.0
CICSF040.WI,2021-01-05,0.102292638580741,0.05446682689942653,1.5422066545835886,0.0
CICSF040.WI,2021-01-06,0.10967533319831269,0.054805067761288004,1.6548722781414882,0.0
CICSF040.WI,2021-01-07,0.11024215844964957,0.05484945120358877,1.6628914884126658,0.0
CICSF040.WI,2021-01-08,0.10909624587649547,0.05483332453126519,1.6445238815149403,0.0
CICSF040.WI,2021-01-11,0.09921109126864036,0.055268411217715155,1.4699599453661463,-0.006737817621101261
CICSF040.WI,2021-01-12,0.10693008670240922,0.055896725010680125,1.579295613215847,0.0
CICSF040.WI,2021-01-13,0.10890323877241315,0.0559205882455086,1.6105065287598253,0.0
CICSF040.WI,2021-01-14,0.10906056109154538,0.05591546009190078,1.613187252571773,-0.0015290153103603155
CICSF040.WI,2021-01-15,0.105186265031469,0.05597563236472188,1.5489704700834102,-0.003822853257028358
CICSF040.WI,2021-01-18,0.10400223542359988,0.055951312331067586,1.53045391006821,-0.002700405894372704
CICSF040.WI,2021-01-19,0.09936380834906111,0.05581848317162371,1.4585056418903377,-0.0026673086466633134
CICSF040.WI,2021-01-20,0.10629943757658711,0.055940055150779405,1.567923721882552,0.0
CICSF040.WI,2021-01-21,0.10880674261351442,0.055990631003234786,1.6070065318725448,0.0
CICSF040.WI,2021-01-22,0.11087794280835106,0.05583535922041246,1.6447574023128735,-0.003304311665882631
CICSF040.WI,2021-01-25,0.11360172057099982,0.055915736890677956,1.6862881585459777,0.0
CICSF040.WI,2021-01-26,0.1040399951605262,0.0564345470338226,1.5184359190725114,-0.007258989105802027
CICSF040.WI,2021-01-27,0.10907650086165255,0.056407182171892854,1.5998684056809223,-0.0049297915797154035
CICSF040.WI,2021-01-28,0.10062571598478698,0.05705069697547103,1.4483383817534339,-0.013069758503866269
CICSF040.WI,2021-01-29,0.09998341753028983,0.05705936260060994,1.43789260515336,-0.013809878245287344
CICSF040.WI,2021-02-01,0.10250233526433417,0.05713439444041513,1.4761287818506184,-0.010460002165192606
CICSF040.WI,2021-02-02,0.10409377210342252,0.0571430920315522,1.5011652984910901,-0.009014000694887003
CICSF040.WI,2021-02-03,0.10772873671704164,0.056888410329124145,1.5654311549244004,-0.011367839945489178
CICSF040.WI,2021-02-04,0.10702015723228353,0.05688331195698716,1.554312884878607,-0.010831942715464948
CICSF040.WI,2021-02-05,0.11395158163265573,0.05644451949085928,1.6765851165687569,-0.011276795765674086
CICSF040.WI,2021-02-08,0.10554614633336357,0.05560447738521467,1.5648041293694865,-0.008551787525645338
CICSF040.WI,2021-02-09,0.11438684364771845,0.055876402300323084,1.7000621656470587,-0.00230277156711467
CICSF040.WI,2021-02-10,0.11737516429489325,0.055917609345148285,1.7467632123205186,0.0
CICSF040.WI,2021-02-18,0.11825328237654409,0.05594597996507657,1.7599534205638985,0.0
CICSF040.WI,2021-02-19,0.11650830522642353,0.05591804074172204,1.7328647118418705,0.0
CICSF040.WI,2021-02-22,0.11819281763189449,0.05595185140770068,1.7588077272178095,0.0
CICSF040.WI,2021-02-23,0.12477338221065426,0.05608741220042157,1.8593573109098438,0.0
CICSF040.WI,2021-02-24,0.12059991348567056,0.05621742206958289,1.7890307620697539,-0.00334933985270347
CICSF040.WI,2021-02-25,0.1231016601404713,0.05629935297238132,1.8261368996420702,0.0
CICSF040.WI,2021-02-26,0.11590114849311939,0.05687435465818974,1.6951061854094889,-0.007808801126985787
CICSF040.WI,2021-03-01,0.1213349737062337,0.05714470389100555,1.772398410686226,-0.0018181482658925496
CICSF040.WI,2021-03-02,0.11242935361346307,0.057814382465621345,1.6145549535649872,-0.010156577046089188
CICSF040.WI,2021-03-03,0.11775086957949799,0.058124262806490176,1.6883944882156519,-0.003654559554309711
CICSF040.WI,2021-03-04,0.11272693248499599,0.058292385072124385,1.6063789590829702,-0.007616443338829493
CICSF040.WI,2021-03-05,0.11750820631678138,0.05861221973696969,1.6711150510921349,-0.0007535523366964947
CICSF040.WI,2021-03-08,0.11563212457887473,0.05857515322743582,1.643438089934138,0.0
CICSF040.WI,2021-03-09,0.1122933153900294,0.058835535226019246,1.5854601106105737,-0.0061600127204231026
CICSF040.WI,2021-03-10,0.11076622474275366,0.058868882171935616,1.5612475996691477,-0.007833597031011275
CICSF040.WI,2021-03-11,0.11468973522775583,0.059026305449511374,1.617002158772005,-0.003058718245725789
CICSF040.WI,2021-03-12,0.1191926517783779,0.05879681111456782,1.6916806329029068,-0.0039502921334814145
CICSF040.WI,2021-03-15,0.12323556473450537,0.0587148099197611,1.7554024380163171,-0.0030237227786875653
CICSF040.WI,2021-03-16,0.12244773575531553,0.05873135132540141,1.7429723745555323,-0.004283893336295641
CICSF040.WI,2021-03-17,0.11837673701315632,0.0585008687195534,1.687471945642846,-0.0019719039798760107
CICSF040.WI,2021-03-18,0.11642167140524062,0.058497394363702146,1.6576453282784414,-0.0022836210963544934
CICSF040.WI,2021-03-19,0.09804393327541017,0.05955275795732074,1.3504910152077567,-0.013867978885432453
CICSF040.WI,2021-03-22,0.09502062070742578,0.05933337834997778,1.3087802806068038,-0.010244517714548151
CICSF040.WI,2021-03-23,0.10060894894340233,0.05898695292872868,1.4024490989349048,-0.011344729427588018
CICSF040.WI,2021-03-24,0.09301451392305071,0.05922492642454876,1.2800951996475254,-0.016396139151321654
CICSF040.WI,2021-03-25,0.09854653548138059,0.05908987030629422,1.3683550091688614,-0.015104739668768352
CICSF040.WI,2021-03-26,0.1122632256413465,0.058367972881199465,1.5972343519678087,-0.0119758874557222
CICSF040.WI,2021-03-29,0.11815658122193229,0.058202596734132445,1.692442799683863,-0.010732118043429217
CICSF040.WI,2021-03-30,0.13469932063840462,0.057434597351205305,1.9701239591122752,-0.005999338709635094
CICSF040.WI,2021-03-31,0.13202361322962797,0.05742839190558819,1.9292003434482083,-0.006523698582230564
CICSF040.WI,2021-04-01,0.13669785779318389,0.057312697606078725,2.0049124628718533,-0.005571192532520253
CICSF040.WI,2021-04-02,0.13755377361606613,0.057374896697362635,2.0159263444614224,-1.2157825742042938e-05
CICSF040.WI,2021-04-06,0.12986956815600026,0.057754157303910085,1.88564834414007,-0.0061041820775054045
CICSF040.WI,2021-04-07,0.1160779712599962,0.05704394827065537,1.69301972990725,-0.008492741897226153
CICSF040.WI,2021-04-08,0.1124609548813329,0.05694118883457986,1.6389402635004275,-0.00789562578116998
CICSF040.WI,2021-04-09,0.11030286372494347,0.05695657177536187,1.6044056309120633,-0.008882459809446352
CICSF040.WI,2021-04-12,0.10881985518315251,0.05695003798985132,1.5811041618709212,-0.008855283493081512
CICSF040.WI,2021-04-13,0.1130833229225856,0.05692993479356203,1.6490814825399152,-0.006827358159295582
CICSF040.WI,2021-04-14,0.1132641546653621,0.05693380509567854,1.6518277211329242,-0.004978129025044797
CICSF040.WI,2021-04-15,0.11730456057846972,0.05686536827055616,1.7174830666617595,-0.003805590168276085
CICSF040.WI,2021-04-16,0.11878853970075509,0.05688286191713462,1.7403166128909555,-0.001953214302656936
CICSF040.WI,2021-04-19,0.12150101346177733,0.056925458041594955,1.7816149116635942,0.0
CICSF040.WI,2021-04-20,0.10987348349539428,0.056002677492109326,1.6238719726738695,0.0
CICSF040.WI,2021-04-21,0.10925059190706521,0.05602057507385334,1.6133457730934182,-0.0016425142911365986
CICSF040.WI,2021-04-22,0.10969806939720339,0.056013418131126064,1.620748280800127,-0.002012461100445506
CICSF040.WI,2021-04-23,0.11116901245729816,0.05600690929033648,1.644591796789285,-0.0012037800503778007
CICSF040.WI,2021-04-26,0.11075490115743936,0.05601603132549809,1.6376759046227833,-0.002331341340145787
CICSF040.WI,2021-04-27,0.10875734575656804,0.05597334011368082,1.6067109383061808,-0.001494840442455625
CICSF040.WI,2021-04-28,0.11063762217352413,0.055936961996147574,1.6380235984056608,-0.001426577014984498
CICSF040.WI,2021-04-29,0.11143038109771175,0.055953765397636995,1.6503059802090827,0.0
CICSF040.WI,2021-04-30,0.11407248153791283,0.05583957834948109,1.6961064421116814,-0.0010687846798040912
CICSF040.WI,2021-05-06,0.12154797333465894,0.05576629434796372,1.818238323285707,0.0
CICSF040.WI,2021-05-07,0.1226416737680518,0.05576959831373641,1.8356191704118217,0.0
CICSF040.WI,2021-05-10,0.1308851952809711,0.05612196460630863,1.9548662551766989,0.0
CICSF040.WI,2021-05-11,0.11958324147648303,0.05595116780623906,1.7810630860857508,-0.0036069441769858157
CICSF040.WI,2021-05-12,0.12105398505259535,0.05600895163495393,1.802732595655033,-5.721492991073163e-05
CICSF040.WI,2021-05-13,0.11917019010254282,0.05609492928085578,1.7700604424399886,-0.0033005096841688397
CICSF040.WI,2021-05-14,0.11765671006820178,0.056140418572013746,1.744556171366284,-0.005400401296281165
CICSF040.WI,2021-05-17,0.11957784064446564,0.05622258943278815,1.7726484817331605,-0.0014403175230668364
CICSF040.WI,2021-05-18,0.1247663819460667,0.05640572196983113,1.8490843154605476,0.0
CICSF040.WI,2021-05-19,0.12108864104347172,0.056584886858847674,1.7855011358570088,-0.004253163467906496
CICSF040.WI,2021-05-20,0.12301533326089631,0.05650821583075374,1.8182482267404274,-0.0054478907756250194
CICSF040.WI,2021-05-21,0.11639917799761568,0.05651360582509656,1.7134767845843974,-0.007985840978601888
CICSF040.WI,2021-05-24,0.11720576470312083,0.05650808565494705,1.7264253355710752,-0.007613146170659446
CICSF040.WI,2021-05-25,0.12129431276529057,0.05639041838886978,1.7947190419698018,-0.007152819241797115
CICSF040.WI,2021-05-26,0.12465545144184431,0.05638394867932579,1.8480269684487811,-0.005323674827161451
CICSF040.WI,2021-05-27,0.12627391402319588,0.05631394061632438,1.8758027150040242,-0.00686118179757822
CICSF040.WI,2021-05-28,0.12495272580777539,0.056253904534192795,1.8568698625012687,-0.004135005688573945
CICSF040.WI,2021-05-31,0.12315325129919419,0.05614889048634218,1.8317137022102203,-0.0008251320281689178
CICSF040.WI,2021-06-01,0.12640812878385876,0.05620905785286034,1.8813197472415617,0.0
CICSF040.WI,2021-06-02,0.11728104537188866,0.056445694984235024,1.729466816678322,-0.005234283724342648
CICSF040.WI,2021-06-03,0.11654722741668988,0.05646514945712711,1.717249584215656,-0.006776201711567786
CICSF040.WI,2021-06-04,0.11717869758154831,0.056378647620035395,1.7298304388595187,-0.014666237333073706
CICSF040.WI,2021-06-07,0.11850115506775283,0.05635958363129584,1.7513970358279405,-0.014533679336724448
CICSF040.WI,2021-06-08,0.11601941291849194,0.0563142338607032,1.7133004228843884,-0.014062861822650263
CICSF040.WI,2021-06-09,0.11984683999097401,0.056212722395779555,1.777225880952014,-0.013574941562493614
CICSF040.WI,2021-06-10,0.11824040092857135,0.056213542137240335,1.7516518433462729,-0.013868265372018462
CICSF040.WI,2021-06-11,0.11758128078032537,0.05622105433207699,1.7409333952844739,-0.014420192073678284
CICSF040.WI,2021-06-15,0.10621020591299701,0.05617658021775388,1.5601431882748786,-0.01880243104524204
CICSF040.WI,2021-06-16,0.10427665005317976,0.056279021734793,1.5263079468332883,-0.022489501959599645
CICSF040.WI,2021-06-17,0.10102113162065307,0.05640832774093305,1.4705767233277744,-0.025951847476117118
CICSF040.WI,2021-06-18,0.1008192057747006,0.05641901101826264,1.467056718123957,-0.02886025144691573
CICSF040.WI,2021-06-21,0.10180140844420249,0.056436168396778306,1.4824367205510267,-0.026999988098363015
CICSF040.WI,2021-06-22,0.10212281334738127,0.056444124977002484,1.4874050242968744,-0.024987440024417884
CICSF040.WI,2021-06-23,0.1019129203734439,0.056439282447811975,1.4841518649379748,-0.023307294363375197
CICSF040.WI,2021-06-24,0.09971096221339071,0.05644015072431497,1.4486750166062048,-0.023929834320778665
CICSF040.WI,2021-06-25,0.09951092062335554,0.056440155151933666,1.445450429297986,-0.023645975592647472
CICSF040.WI,2021-06-28,0.09888947431945638,0.05644392220389113,1.4353375359410383,-0.023915027559786584
CICSF040.WI,2021-06-29,0.10118173078211012,0.05633449084940398,1.4750203748316333,-0.025411588127264295
CICSF040.WI,2021-06-30,0.1000573948553436,0.05633206388390457,1.4569400927253955,-0.025402825898449333
CICSF040.WI,2021-07-01,0.10275681564655281,0.05631106433658056,1.501003469475589,-0.024297379362617666
CICSF040.WI,2021-07-02,0.09998682822562666,0.05631625118522863,1.456193880088949,-0.025257475985167366
CICSF040.WI,2021-07-05,0.10115989698039929,0.05635041809897083,1.4742672497909415,-0.02261062688733484
CICSF040.WI,2021-07-06,0.10221010782463891,0.05634821396652989,1.4912469374754593,-0.021889640712070224
CICSF040.WI,2021-07-07,0.09897193782923841,0.05634191427721724,1.4391665845662303,-0.022833571725308976
CICSF040.WI,2021-07-08,0.09911431545075144,0.05634775058308837,1.4413232534480132,-0.019934211124356893
CICSF040.WI,2021-07-09,0.09920552765330992,0.05634581880344152,1.4428440587666884,-0.02080129692232091
CICSF040.WI,2021-07-12,0.1015137256858547,0.05650746484821036,1.476013091250859,-0.015170557486734015
CICSF040.WI,2021-07-13,0.1014605184976538,0.05650534931116136,1.4752110455595522,-0.012389744687394955
CICSF040.WI,2021-07-14,0.09869897621733958,0.05647758721440717,1.4314435466542843,-0.01263653965620748
CICSF040.WI,2021-07-15,0.09469166315970501,0.05658938694834154,1.3641326531900235,-0.015773464428771478
CICSF040.WI,2021-07-16,0.08384114561232581,0.05572557113194918,1.2055975557620033,-0.015611386624115653
CICSF040.WI,2021-07-19,0.0859160633573881,0.055672870847088635,1.2410514274218387,-0.015853449052231405
CICSF040.WI,2021-07-20,0.08398133467561086,0.055605090532181455,1.2104164507826698,-0.014340582304927185
CICSF040.WI,2021-07-21,0.08114587632155157,0.05550207152367378,1.1653543828888118,-0.013178438994410957
CICSF040.WI,2021-07-22,0.08893336662963436,0.055082592917999634,1.3041493847324916,-0.012507449065913612
CICSF040.WI,2021-07-23,0.08021986576961226,0.05441966450974755,1.1716959956051327,-0.01174691571888542
CICSF040.WI,2021-07-26,0.08687021450315346,0.05430739068551561,1.287058593808418,-0.009375256834046497
CICSF040.WI,2021-07-27,0.0835984623212922,0.05442522782951301,1.2289778830954843,-0.012638929354975126
CICSF040.WI,2021-07-28,0.09730832290752023,0.05289166250645151,1.500840375060893,-0.012602662161912637
CICSF040.WI,2021-07-29,0.0958021724634055,0.0527922401615299,1.4775408689147316,-0.00917077359047358
CICSF040.WI,2021-07-30,0.0962569641733837,0.052812522343510915,1.4848534124683068,-0.006058870369712532
CICSF040.WI,2021-08-02,0.09076808526855773,0.0523638230241473,1.4012377781224792,-0.0035771916278823923
CICSF040.WI,2021-08-03,0.08427051129126428,0.052589249501116146,1.281807081780718,-0.00818003259549116
CICSF040.WI,2021-08-04,0.08531677747270017,0.052587869070874683,1.3001858079907898,-0.007450143620895799
CICSF040.WI,2021-08-05,0.09092897272543121,0.05198873678565207,1.413807371382431,-0.01060665455198706
CICSF040.WI,2021-08-06,0.09196426858607176,0.052025395066047496,1.4310865298818423,-0.007811362989526116
CICSF040.WI,2021-08-09,0.08740375525771849,0.05228319076031584,1.3442112415627405,-0.012722053386620025
CICSF040.WI,2021-08-10,0.08486431156038887,0.0522103329494797,1.3012181329004109,-0.011951492676135489
CICSF040.WI,2021-08-11,0.08681344052968187,0.0521555436682604,1.3369589597021678,-0.012306995510458663
CICSF040.WI,2021-08-12,0.0898481199347394,0.05214660871256978,1.3906693177218206,-0.010756971290158845
CICSF040.WI,2021-08-13,0.08771022771103754,0.05220589996743202,1.3515241040033161,-0.012941999386924974
CICSF040.WI,2021-08-16,0.08365601088934493,0.05211148305371453,1.2821961388455103,-0.013166209359540937
CICSF040.WI,2021-08-17,0.08320061739294182,0.05211937043394052,1.2739426664216689,-0.014016192411422379
CICSF040.WI,2021-08-18,0.08769592065899157,0.05212001062270659,1.3534133561341581,-0.01163975412904783
CICSF040.WI,2021-08-19,0.08828298189360906,0.05207882080067456,1.3648070218405115,-0.014967433091480187
CICSF040.WI,2021-08-20,0.08801073355368283,0.052087987833580825,1.359771030803209,-0.01663014800857021
CICSF040.WI,2021-08-23,0.08870755519222762,0.0520998244631667,1.3717669748691057,-0.015037109210451871
CICSF040.WI,2021-08-24,0.09565766542273302,0.052211486911767906,1.4908669223635753,-0.01065252739695921
CICSF040.WI,2021-08-25,0.09450106624862453,0.05219407129012417,1.4711040477192818,-0.009966449566438329
CICSF040.WI,2021-08-26,0.08747478425676136,0.05241680749458808,1.3421644723201442,-0.014588782978897208
CICSF040.WI,2021-08-27,0.08400069180776093,0.052142442593298484,1.2875680492847577,-0.011466899251518115
CICSF040.WI,2021-08-30,0.08721211063989087,0.0521912446371732,1.3431110199405971,-0.008829093523532006
CICSF040.WI,2021-08-31,0.08654600202199925,0.05218944467755475,1.331408547713504,-0.00864864783815189
CICSF040.WI,2021-09-01,0.09304399357187121,0.05195267569911334,1.4520487941827593,-0.007399772519419923
CICSF040.WI,2021-09-02,0.08925796288914323,0.05188048502860662,1.387094083720132,-0.007708933940385521
CICSF040.WI,2021-09-03,0.0882226863997495,0.05185786208362593,1.3693338725497657,-0.006623588988305618
CICSF040.WI,2021-09-06,0.09277848959356638,0.05179411856003459,1.451643802324124,-0.004985380197793932
CICSF040.WI,2021-09-07,0.09364379832684544,0.051787296441877934,1.4671179617163528,-0.004676827915729986
CICSF040.WI,2021-09-08,0.09198057189299491,0.051834827351298504,1.436447639247499,-0.006683518884852191
CICSF040.WI,2021-09-09,0.0867585592475626,0.0516463888739446,1.3486531176598489,-0.006719645507399119
CICSF040.WI,2021-09-10,0.08762177618133471,0.051657220716548914,1.3637566173814815,-0.005293698195664942
CICSF040.WI,2021-09-13,0.08645139137452817,0.051619315817474094,1.3438553585333854,-0.0036983165556173647
CICSF040.WI,2021-09-14,0.0884740670512052,0.051479512743871865,1.3835079409535593,-0.006296856252871574
CICSF040.WI,2021-09-15,0.09094125772659023,0.051367410719869215,1.4305067734480055,-0.007356008232184186
CICSF040.WI,2021-09-16,0.09432196198612108,0.05121920708488928,1.4949282334886647,-0.007903624104694473
CICSF040.WI,2021-09-17,0.0974901313842258,0.05116581969497726,1.5529565359929407,-0.0070393965738839714
CICSF040.WI,2021-09-22,0.09513977194818946,0.05113457260748512,1.511932807902764,-0.007000927109408139
CICSF040.WI,2021-09-23,0.1007324716075233,0.05096284389181972,1.6168453926355868,-0.0058063588665928645
CICSF040.WI,2021-09-24,0.10243935365954959,0.05094805625125991,1.6477246612000547,-0.005130917538430202
CICSF040.WI,2021-09-27,0.1028319719148083,0.050951503793975006,1.6546078068772625,-0.004074342685239762
CICSF040.WI,2021-09-28,0.10204809393349135,0.050934906312766544,1.641165227567285,-0.002860609995444574
CICSF040.WI,2021-09-29,0.09754638435974927,0.05092871775649352,1.560956228561188,-0.004444277425846299
CICSF040.WI,2021-09-30,0.10149336564009381,0.050821043262605746,1.6348176494020934,-0.003794373074711088
CICSF040.WI,2021-10-08,0.10957864025939412,0.05080837065107032,1.779212532660276,0.0
CICSF040.WI,2021-10-11,0.10641905178290068,0.05057952303525201,1.730633035411411,0.0
CICSF040.WI,2021-10-12,0.10477332768492142,0.05068267599237541,1.6978320388609247,-0.0038440517900492077
CICSF040.WI,2021-10-13,0.10907853862912043,0.050534900327144264,1.7796441217894106,-0.003413867741806076
CICSF040.WI,2021-10-14,0.11213873878738245,0.05054833407127261,1.8337182279987605,-0.0013755146619661707
CICSF040.WI,2021-10-15,0.12263487873210543,0.050223733407344415,2.032360769927859,0.0
CICSF040.WI,2021-10-18,0.12488425313802742,0.05025947877396147,2.070795844498707,0.0
CICSF040.WI,2021-10-19,0.12414863848214353,0.050246654389463914,2.05828649151662,0.0
CICSF040.WI,2021-10-20,0.12394560942841859,0.050252846315194735,2.0544430782646845,-0.0013389840861798286
CICSF040.WI,2021-10-21,0.12522258388654728,0.05025474758136965,2.076972932166029,-0.00021762846292283644
CICSF040.WI,2021-10-22,0.12093231703783114,0.05026956532627296,2.0003477961127567,-0.0018562755617635984
CICSF040.WI,2021-10-25,0.11633138839168877,0.04987332845198341,1.9333401602442135,0.0
CICSF040.WI,2021-10-26,0.11638735636629338,0.049871842468014974,1.9344019927012528,-0.0010070281817581295
CICSF040.WI,2021-10-27,0.11262156368360166,0.050149980517214816,1.8565457371205085,-0.006365149244480728
CICSF040.WI,2021-10-28,0.11380931238613878,0.05007752172505731,1.880474799669205,-0.00878699008847128
CICSF040.WI,2021-10-29,0.11383857908400241,0.050078278949092246,1.880972041310442,-0.006922779444173521
CICSF040.WI,2021-11-01,0.11368081296072607,0.050081136570249825,1.8780378904027735,-0.007563358295867406
CICSF040.WI,2021-11-02,0.11479208361800297,0.050105958628692146,1.8970454315555452,-0.005406275817071982
CICSF040.WI,2021-11-03,0.10891665614832902,0.05009869922164063,1.7917893946994368,-0.007543827321319085
CICSF040.WI,2021-11-04,0.10702607758157545,0.05010702803374107,1.7574318748290831,-0.008223607297699886
CICSF040.WI,2021-11-05,0.10919375080986904,0.05001401808008247,1.799736181202218,-0.00920233644270163
CICSF040.WI,2021-11-08,0.11660324384678722,0.05026008146577781,1.9236934847553873,-0.0036464932575921427
CICSF040.WI,2021-11-09,0.11406754253174323,0.05028462723687775,1.8775467094536311,-0.004881027138126659
CICSF040.WI,2021-11-10,0.11703262369368272,0.05034786636716764,1.9280662475856825,-0.001934865452461798
CICSF040.WI,2021-11-11,0.11822371401936316,0.05028527090333349,1.9516069260231548,-0.003904107275803037
CICSF040.WI,2021-11-12,0.12302767720095309,0.05000017118236491,2.048225388099515,-0.004638072948793148
CICSF040.WI,2021-11-15,0.11923472435624882,0.04992624677149576,1.9833905642901255,-0.004787083614468002
CICSF040.WI,2021-11-16,0.1173214720670086,0.04981292843225885,1.9534282190342165,-0.0019331025616474706
CICSF040.WI,2021-11-17,0.11571088415910724,0.04981534988843127,1.9243656895803947,-0.002294819921631275
CICSF040.WI,2021-11-18,0.10557264495703378,0.050464968870173495,1.7192793135142959,-0.009970817662161902
CICSF040.WI,2021-11-19,0.10973528580086067,0.05062663494670553,1.7882110699629035,-0.005560296804008935
CICSF040.WI,2021-11-22,0.10336874412353958,0.0506091629502695,1.6750799138375638,-0.00786583324611656
CICSF040.WI,2021-11-23,0.10639083736174193,0.05047199145314412,1.7337099245571805,-0.0086241546474628
CICSF040.WI,2021-11-24,0.11148787357714651,0.05060762970604308,1.820058241419236,-0.004459696233500288
CICSF040.WI,2021-11-25,0.11253760223823583,0.05058605120390635,1.8394821380548763,-0.004713274159583669
CICSF040.WI,2021-11-26,0.10664995118372578,0.05086947172980769,1.725163218981845,-0.009624177657827082
CICSF040.WI,2021-11-29,0.09418947467264727,0.05067033989034255,1.508186875199681,-0.013977775699422379
CICSF040.WI,2021-11-30,0.09083045697314196,0.05095999201966298,1.4395485792962512,-0.01985808357809682
CICSF040.WI,2021-12-01,0.09291952947745208,0.0509614300635409,1.4770665452506073,-0.018535729899890163
CICSF040.WI,2021-12-02,0.09336015349083127,0.050947673361692154,1.485366159970952,-0.019688614100602853
CICSF040.WI,2021-12-03,0.09077778796107161,0.05084254508867096,1.4418070814310715,-0.018299363355178344
CICSF040.WI,2021-12-06,0.08999268117229775,0.05079284318336055,1.428987883709207,-0.014895082017103434
CICSF040.WI,2021-12-07,0.08989369154494309,0.05079381848500786,1.427172766060415,-0.015133350628220077
CICSF040.WI,2021-12-08,0.09284176007803535,0.050734704423347016,1.4820382946319146,-0.014547978094133218
CICSF040.WI,2021-12-09,0.08945066267717072,0.05064754794381725,1.4231184492590594,-0.014342926057307803
CICSF040.WI,2021-12-10,0.08451658302850973,0.050510568902878736,1.3369440829432855,-0.014757205398676976
CICSF040.WI,2021-12-13,0.08623879893671682,0.050573205425417864,1.3667359811083948,-0.011695017662310403
CICSF040.WI,2021-12-14,0.08243573455520004,0.05063005595902111,1.2959628314927654,-0.013912502347428357
CICSF040.WI,2021-12-15,0.07646230230251394,0.0508181752870078,1.1824254216954542,-0.018028852398904838
CICSF040.WI,2021-12-16,0.07882845297960861,0.05090095885002742,1.2237336637654288,-0.01478058689789874
CICSF040.WI,2021-12-17,0.0773569469307187,0.0508369861222602,1.1983529797684775,-0.012822293554351494
CICSF040.WI,2021-12-20,0.0802779517676655,0.05069654558872732,1.2549565845439348,-0.013781862859713168
CICSF040.WI,2021-12-21,0.08346974780489291,0.05056557880569551,1.31643960441361,-0.014228941248601856
CICSF040.WI,2021-12-22,0.08376300976918216,0.05056596201031605,1.3217838138872053,-0.013706058554696754
CICSF040.WI,2021-12-23,0.088203708641718,0.050644707765582886,1.4005747207616297,-0.01040291147912853
CICSF040.WI,2021-12-24,0.08746863502045987,0.05064533267922451,1.3872113210119796,-0.010447818803030695
CICSF040.WI,2021-12-27,0.08089973503053205,0.050286257503325806,1.2762328472356224,-0.01019489036303689
CICSF040.WI,2021-12-28,0.08651994727648926,0.05032011102302457,1.378503219458566,-0.006982346596952627
CICSF040.WI,2021-12-29,0.08315685062149725,0.050303779766046726,1.3172868924322403,-0.007934585987875775
CICSF040.WI,2021-12-30,0.07536897650838204,0.0498302341230792,1.184478467064115,-0.00798635930758107
CICSF040.WI,2021-12-31,0.0768383545944975,0.049860051960959204,1.2111937503120367,-0.005940478125679771
CICSF040.WI,2022-01-04,0.07426113980178295,0.049940322239989905,1.161331919188823,-0.008494953307517372
CICSF040.WI,2022-01-05,0.08274677307697664,0.04938813681142859,1.3331187863631786,-0.0077577402040797105
CICSF040.WI,2022-01-06,0.07854577168613641,0.0494833491659116,1.2520623850259467,-0.010572148997304964
CICSF040.WI,2022-01-07,0.07283411905330528,0.04933413313725934,1.1480406164028507,-0.011546006996635216
CICSF040.WI,2022-01-10,0.06879286858916078,0.049216658067737236,1.0739613821282732,-0.01163405875362511
CICSF040.WI,2022-01-11,0.06875423572624473,0.04921622622351813,1.0732357272689759,-0.010807958839654241
CICSF040.WI,2022-01-12,0.07574454555878707,0.04963220063707402,1.1960410904842007,-0.004197350245208731
CICSF040.WI,2022-01-13,0.07143793486435479,0.049310404824836666,1.1221527291522764,-0.0019979119950059854
CICSF040.WI,2022-01-14,0.07079670278685302,0.049305019780082386,1.1101246489337824,-0.0015793646021915464
CICSF040.WI,2022-01-17,0.062249690859256246,0.04885166101662015,0.9558863257994274,-0.002579387612555939
CICSF040.WI,2022-01-18,0.06155255975541807,0.04882336236005546,0.9429626757359082,-0.0005785529301471914
CICSF040.WI,2022-01-19,0.05658034600850992,0.04844252998253839,0.8530570836705684,0.0
CICSF040.WI,2022-01-20,0.05747286233670068,0.04854097221774761,0.8688232522377113,0.0
CICSF040.WI,2022-01-21,0.05553199968274991,0.04855568114245129,0.8307321083973483,-0.0010828223484771193
CICSF040.WI,2022-01-24,0.06288724756023534,0.04805072699083264,0.9835043165574021,-0.0008995046461898193
CICSF040.WI,2022-01-25,0.04982178013974492,0.047415642289776676,0.7351326699725699,-0.004440193278839155
CICSF040.WI,2022-01-26,0.04958762428488983,0.04740740233502522,0.7305459779833874,-0.0026220740024233136
CICSF040.WI,2022-01-27,0.044249673519568766,0.04786274111129915,0.6175012674239092,-0.009211749076055376
CICSF040.WI,2022-01-28,0.044449534831184634,0.047853212644884006,0.6216146048652651,-0.011298743525457011
CICSF040.WI,2022-02-07,0.050851315990418255,0.0483661469826399,0.7418928203428458,-0.004117810150551349
CICSF040.WI,2022-02-08,0.049853326695532774,0.048378787546250086,0.7220679030021604,-0.005030576665180808
CICSF040.WI,2022-02-09,0.04528428128261175,0.048174846124033555,0.6343682267727606,-0.0047859228213594784
CICSF040.WI,2022-02-10,0.04643413738684621,0.04824738537189761,0.6562780695440334,-0.0009127204664752808
CICSF040.WI,2022-02-11,0.04488256356982445,0.04837713970822766,0.623969828062328,-0.005690492764522603
CICSF040.WI,2022-02-14,0.050270516465952486,0.04900410726094975,0.7215788209873958,0.0
CICSF040.WI,2022-02-15,0.06016703831521153,0.04846456400372449,0.9226278598834641,0.0
CICSF040.WI,2022-02-16,0.05249233642622442,0.04869010984846457,0.769327248652278,-0.004909899945439444
CICSF040.WI,2022-02-17,0.06482473136746969,0.0480629413472995,1.0211631013730094,-0.0014856158625506932
CICSF040.WI,2022-02-18,0.06694097695020051,0.04806232960914,1.0624958129585893,-0.00025145138951632173
CICSF040.WI,2022-02-21,0.061510241042590286,0.04799917779436952,0.9574899089514445,-0.0019615316028762653
CICSF040.WI,2022-02-22,0.06686158715266877,0.048391896425950646,1.0540473928713334,0.0
CICSF040.WI,2022-02-23,0.06666685201942801,0.048402199459871065,1.0500608558134346,-0.0025573470293190903
CICSF040.WI,2022-02-24,0.07630436784563366,0.049290990216162865,1.2145286966241053,0.0
CICSF040.WI,2022-02-25,0.07159137420369066,0.049551170919789944,1.1198206498420464,-0.00482662212229068
CICSF040.WI,2022-02-28,0.06864361088325333,0.049489481690902476,1.0654792354869616,-0.004828932139353426
CICSF040.WI,2022-03-01,0.06172267078187543,0.049119365723252116,0.9408268254223043,-0.0050421784203732445
CICSF040.WI,2022-03-02,0.0688177653648736,0.04989819959823079,1.0604203969957628,0.0
CICSF040.WI,2022-03-03,0.0742400749426626,0.05041895255468761,1.1503750799747197,0.0
CICSF040.WI,2022-03-04,0.0694613791895542,0.050582325773436514,1.0586568882693437,-0.003791381310720321
CICSF040.WI,2022-03-07,0.08176318411870143,0.05236364478292232,1.2428528006116282,0.0
CICSF040.WI,2022-03-08,0.08443349933204947,0.05262948485677945,1.283697851401249,0.0
CICSF040.WI,2022-03-09,0.0921826681208302,0.052611859908785995,1.419494482864214,0.0
CICSF040.WI,2022-03-10,0.06697655948211612,0.056142903690314404,0.9176532923602786,-0.019528519410801914
CICSF040.WI,2022-03-11,0.07431153922013789,0.05556969128608166,1.049863394582691,-0.020497163279151853
CICSF040.WI,2022-03-14,0.06533809820262615,0.0553319935767872,0.902505278021929,-0.02281404758834371
CICSF040.WI,2022-03-15,0.057472418314759466,0.0569370539800438,0.7484725549158907,-0.03813164346035902
CICSF040.WI,2022-03-16,0.05340886510145926,0.05663518323289405,0.6841661775801122,-0.03553384103662871
CICSF040.WI,2022-03-17,0.061708248424797496,0.05659605236506794,0.8232931933539388,-0.03180053525614368
CICSF040.WI,2022-03-18,0.06285909965358072,0.0567355791463684,0.8405061418054744,-0.024048141766766062
CICSF040.WI,2022-03-21,0.06072757673793161,0.05674835903261736,0.8049459227695949,-0.025140352798272647
CICSF040.WI,2022-03-22,0.07454104937868866,0.05675870019787233,1.0328245663053697,-0.018528457933947418
CICSF040.WI,2022-03-23,0.07379445744950885,0.05678717159782799,1.0200921713288618,-0.020861993137465396
CICSF040.WI,2022-03-24,0.07485048654492488,0.05687473406395585,1.0358964948811593,-0.015182241628401538
CICSF040.WI,2022-03-25,0.07686724578198634,0.056866341663256145,1.0690150613827138,-0.014216796484488037
CICSF040.WI,2022-03-28,0.0718342859943879,0.0570065597205356,0.9843239682007461,-0.017911323208450458
CICSF040.WI,2022-03-29,0.06965076243420065,0.05709818318581443,0.9471109435856888,-0.021150842335880382
CICSF040.WI,2022-03-30,0.07004385369439103,0.057112635716856916,0.9533207796649161,-0.018517459580063678
CICSF040.WI,2022-03-31,0.06686559387043478,0.05722038521716651,0.8996335022990001,-0.021738312178591346
CICSF040.WI,2022-04-01,0.07765621848299076,0.05599780058074799,1.0977978259492942,-0.02331721132399278
CICSF040.WI,2022-04-06,0.07688399522623035,0.05595893262986463,1.0857078799125695,-0.020430910246991063
CICSF040.WI,2022-04-07,0.07225880692985243,0.05623139514943279,1.0041517675173632,-0.02572234537311313
CICSF040.WI,2022-04-08,0.07856254771512705,0.05597184504922116,1.113305323111565,-0.025001843648365107
CICSF040.WI,2022-04-11,0.07595495372685046,0.055980487599683874,1.069889253976124,-0.026082048508699884
CICSF040.WI,2022-04-12,0.07655821964824439,0.056012356937149704,1.079322244986729,-0.022440278828865567
CICSF040.WI,2022-04-13,0.0767236646230709,0.0560152155784171,1.0820141494047113,-0.021059262417086888
CICSF040.WI,2022-04-14,0.0741578911369043,0.0558737567777048,1.0419007722756926,-0.018719811764268846
CICSF040.WI,2022-04-15,0.07717006355329059,0.055902867818073784,1.0914940678427194,-0.016487189743995656
CICSF040.WI,2022-04-18,0.07624594062873147,0.05589932242256132,1.0762010355183151,-0.016388818013042816
CICSF040.WI,2022-04-19,0.06852620090979777,0.05567862681717474,0.9509209268474154,-0.01798498150677197
CICSF040.WI,2022-04-20,0.06893058970460442,0.055636735369434046,0.9583977242920072,-0.023598129438531568
CICSF040.WI,2022-04-21,0.07393901437953243,0.055607536214389325,1.0429578055108177,-0.021380756132009515
CICSF040.WI,2022-04-22,0.07425917078953304,0.05561002194371472,1.0482752133515818,-0.0204994856407289
CICSF040.WI,2022-04-25,0.06859177260478644,0.05598081294604738,0.9471856240622618,-0.026636128926472713
CICSF040.WI,2022-04-26,0.06567379626333181,0.05605921674778007,0.8971490283682461,-0.029267452229570168
CICSF040.WI,2022-04-27,0.06604332486660347,0.05607141491167248,0.9031506914019053,-0.026943995198933868
CICSF040.WI,2022-04-28,0.06415467797312013,0.056048592918785736,0.8718505519548988,-0.026859338546728395
CICSF040.WI,2022-04-29,0.0693375799726681,0.05634077363528902,0.9538771482370153,-0.020967375771292596
CICSF040.WI,2022-05-05,0.06652549364458671,0.05632786050406602,0.9073225938729621,-0.021726306007419316
CICSF040.WI,2022-05-06,0.06028588075417374,0.0563820401003601,0.8024104623276772,-0.024857944866873316
CICSF040.WI,2022-05-09,0.06058086222187131,0.05638231069733681,0.8073417122764867,-0.024435800877563474
CICSF040.WI,2022-05-10,0.06055976394768381,0.05638297984182198,0.8069798888200168,-0.02605755416678346
CICSF040.WI,2022-05-11,0.06027939622417433,0.05638647031370866,0.8022433442196303,-0.026675828163997606
CICSF040.WI,2022-05-12,0.06121971940870541,0.056402489128717176,0.8177520787629594,-0.025023226902131324
CICSF040.WI,2022-05-13,0.061577976349153074,0.05639526715588821,0.8238361790248481,-0.02579512730857536
CICSF040.WI,2022-05-16,0.05964769424412508,0.05640535183223614,0.7914253058453299,-0.026751195369894676
CICSF040.WI,2022-05-17,0.06332361109918505,0.05650159254802372,0.8514779296590563,-0.023308228604685288
CICSF040.WI,2022-05-18,0.05897372106447918,0.056516165662786444,0.7787233893680217,-0.025269353411157103
CICSF040.WI,2022-05-19,0.0603455518775069,0.056501036119486495,0.8018350261522197,-0.025049780696767332
CICSF040.WI,2022-05-20,0.0597854380816123,0.056475799424352637,0.7928102335659017,-0.02246385298977993
CICSF040.WI,2022-05-23,0.05939986546715814,0.05647113028178122,0.7864258364639626,-0.02170628111608497
CICSF040.WI,2022-05-24,0.05036728308919902,0.05611679569743493,0.6384191114056806,-0.02342754540797476
CICSF040.WI,2022-05-25,0.056166330955805144,0.05601152804967223,0.7378319067089952,-0.021577806320916215
CICSF040.WI,2022-05-26,0.054306343811460156,0.05593356461022496,0.7072630677705216,-0.019821312242083722
CICSF040.WI,2022-05-27,0.06094407908906874,0.05589589687691318,0.820009308916212,-0.01684947815001747
CICSF040.WI,2022-05-30,0.06312950304191434,0.055846987578342736,0.8575342033045407,-0.01689991283256831
CICSF040.WI,2022-05-31,0.05961842820239349,0.05572279437353124,0.7999413641378101,-0.016245313594837385
CICSF040.WI,2022-06-01,0.051327016118768665,0.05560292201522399,0.6602343614945481,-0.01906527400339253
CICSF040.WI,2022-06-02,0.0568745069388068,0.055427964742061346,0.7571119244788446,-0.018083309419581917
CICSF040.WI,2022-06-06,0.06209743645123944,0.05552022044630236,0.8447572207997095,-0.014414766854396688
CICSF040.WI,2022-06-07,0.06460506217833517,0.055451008245697354,0.888281324436251,-0.014608793591438962
CICSF040.WI,2022-06-08,0.06640466856724592,0.05548049460152141,0.9182890058858449,-0.012572257760927186
CICSF040.WI,2022-06-09,0.06633987115144024,0.055480305025893746,0.9171964271419056,-0.01217425756839019
CICSF040.WI,2022-06-10,0.06512732975823377,0.05545939788499746,0.8970010240997088,-0.011479696184276689
CICSF040.WI,2022-06-13,0.06869731844429783,0.05545118181538345,0.9574846819076089,-0.00969958412638694
CICSF040.WI,2022-06-14,0.06376582353843552,0.055436867398687785,0.8742647434754001,-0.01156347647362288
CICSF040.WI,2022-06-15,0.05874724901193806,0.05537555046516113,0.7897542255062193,-0.012956981056146066
CICSF040.WI,2022-06-16,0.0552914912385678,0.05530304825035999,0.731587217477774,-0.01314482943503048
CICSF040.WI,2022-06-17,0.06298561829842386,0.055059992913404555,0.866542737861468,-0.011152812837769588
CICSF040.WI,2022-06-20,0.06431753720469802,0.05503317286707609,0.8896978007664293,-0.01144845384834392
CICSF040.WI,2022-06-21,0.07245322691699752,0.05441816670276861,1.0391054439343355,-0.011804870623208563
CICSF040.WI,2022-06-22,0.07068173681009804,0.05444777458149003,1.0081987814347828,-0.013304458929846219
CICSF040.WI,2022-06-23,0.07277715947520402,0.05449021631854213,1.0433470602919694,-0.010901077606444542
CICSF040.WI,2022-06-24,0.07195106605862622,0.05449267907199271,1.0291616343816354,-0.0111736264556771
CICSF040.WI,2022-06-27,0.07664826015432857,0.05462187222809034,1.1069262204846029,-0.007136003672310931
CICSF040.WI,2022-06-28,0.07934328909417054,0.05463967507731723,1.1523521533916679,-0.0052077862912048856
CICSF040.WI,2022-06-29,0.0816359227992991,0.05449563376211918,1.1942021555511628,-0.007527343507117479
CICSF040.WI,2022-06-30,0.08690472081773026,0.05434717436802533,1.286757552360384,-0.006440478289052365
CICSF040.WI,2022-07-01,0.08699220329205448,0.054341486626980594,1.2883681334025252,-0.009879983420967409
CICSF040.WI,2022-07-04,0.09102341549453774,0.05424019426516885,1.3589435050852596,-0.009175387682115455
CICSF040.WI,2022-07-05,0.0890894406502285,0.054217852414319784,1.3267463843749046,-0.00903714144106571
CICSF040.WI,2022-07-06,0.08123169903591476,0.054468530733288605,1.1879052166110777,-0.014151989451045122
CICSF040.WI,2022-07-07,0.07705836644048514,0.05450544851261289,1.1161637477897912,-0.016264900304742147
CICSF040.WI,2022-07-08,0.07973082873371617,0.05451901348110807,1.1613688604637147,-0.014452581911774343
CICSF040.WI,2022-07-11,0.07933005003273275,0.05452041125365087,1.154528941820014,-0.014531892750538011
CICSF040.WI,2022-07-12,0.07978328870559981,0.0545175093471805,1.162290861795768,-0.01438974669476456
CICSF040.WI,2022-07-13,0.0796798811958761,0.05452083981793126,1.160466035652044,-0.015995155816659223
CICSF040.WI,2022-07-14,0.07990123784433889,0.0545200882837234,1.1642425262773632,-0.015784565821576835
CICSF040.WI,2022-07-15,0.07767048805562049,0.05452795655375206,1.1261482768561746,-0.016703607552091992
CICSF040.WI,2022-07-18,0.08396127266408993,0.05470135681693053,1.2291872772206434,-0.011936938506100225
CICSF040.WI,2022-07-19,0.07919745165828473,0.05468559110510649,1.1489580871461513,-0.013608074842439866
CICSF040.WI,2022-07-20,0.08022437198560817,0.05470138435368418,1.1660347191450393,-0.01194114504782473
CICSF040.WI,2022-07-21,0.08072969326177715,0.05469242432875297,1.174770648215748,-0.012432916066303368
CICSF040.WI,2022-07-22,0.07792615418097015,0.05462755864665164,1.1285373619550256,-0.012072161295285322
CICSF040.WI,2022-07-25,0.0790947066871428,0.054614637220984,1.1486363316487165,-0.011876162741809915
CICSF040.WI,2022-07-26,0.07585409117721809,0.05439553847185745,1.0977370976731025,-0.00917858640655167
CICSF040.WI,2022-07-27,0.07198774409391029,0.05434677151561539,1.0324091899128354,-0.009951669902855564
CICSF040.WI,2022-07-28,0.07350768923835038,0.0543513362673678,1.0584031870748007,-0.008795659655194132
CICSF040.WI,2022-07-29,0.07875459575735677,0.054257833547731796,1.1500224642272434,-0.007115540599546999
CICSF040.WI,2022-08-01,0.08098053971667585,0.05429164907243977,1.1873189895515812,-0.0049029434706081565
CICSF040.WI,2022-08-02,0.08120980624725771,0.054289864207215946,1.1912637096097995,-0.004936639622546979
CICSF040.WI,2022-08-03,0.07812716671885611,0.05430045427790666,1.138444621699518,-0.0062483795503006645
CICSF040.WI,2022-08-04,0.0772706421397591,0.05429341624259541,1.1239423057719964,-0.005867117888375684
CICSF040.WI,2022-08-05,0.0779159420409512,0.054300922455538685,1.1348258128780013,-0.0045952524707190134
CICSF040.WI,2022-08-08,0.07570732861901042,0.054321946978533125,1.0966386046682532,-0.005869746976953416
CICSF040.WI,2022-08-09,0.07382426021517197,0.0542820261566399,1.0651187415181762,-0.005228424636540496
CICSF040.WI,2022-08-10,0.07716506562992231,0.05416496947276065,1.124669372559045,-0.0054210930111509015
CICSF040.WI,2022-08-11,0.0781251386572761,0.05416794005038549,1.141062610422825,-0.00449806382962592
CICSF040.WI,2022-08-12,0.07532960434898839,0.05407741480768205,1.0948570662079122,-0.0036282736918018532
CICSF040.WI,2022-08-15,0.07617562945567036,0.054124864320985934,1.1084788909403602,0.0
CICSF040.WI,2022-08-16,0.07395950362043568,0.05407998351901161,1.0712256892609733,0.0
CICSF040.WI,2022-08-17,0.0778578871751805,0.053871040874974276,1.1424508497624442,-0.0010062165177404658
CICSF040.WI,2022-08-18,0.07860648294232386,0.05388112705199261,1.1551363660107838,0.0
CICSF040.WI,2022-08-19,0.0837432623897838,0.05378178148900122,1.2455393659348304,0.0
CICSF040.WI,2022-08-22,0.08237481224818355,0.053737565815417554,1.2230001601600808,0.0
CICSF040.WI,2022-08-23,0.08810478435002644,0.05347653688887846,1.3274745037951723,0.0
CICSF040.WI,2022-08-24,0.0879364360332644,0.05347548283006528,1.3246051790335065,0.0
CICSF040.WI,2022-08-25,0.0880753506187284,0.05347395772076454,1.3270299206835976,-0.0002321626526488041
CICSF040.WI,2022-08-26,0.08604989259441687,0.053463450048286495,1.292417814158326,-0.0005271827114408101
CICSF040.WI,2022-08-29,0.08761300937143401,0.05341415998593766,1.3204963656863344,-0.0012994744344936304
CICSF040.WI,2022-08-30,0.0892820123857736,0.053419867523384235,1.3490750699003677,0.0
CICSF040.WI,2022-08-31,0.08821111053766773,0.05345116073281772,1.3299081063745903,-0.001843602975779235
CICSF040.WI,2022-09-01,0.08407248576092607,0.05343895304116751,1.2588723503236934,-0.0032431092211184787
CICSF040.WI,2022-09-02,0.08732612941583162,0.05331499316255801,1.3179037790954908,-0.003617548847589025
CICSF040.WI,2022-09-05,0.09121348733063539,0.05329829467636539,1.3852816534372778,-0.0017432147965289468
CICSF040.WI,2022-09-06,0.09041450883191904,0.05328582305219874,1.371842767873085,-0.0008581598284429504
CICSF040.WI,2022-09-07,0.08379199649904856,0.05316335638659557,1.2602542417222462,-0.00250565059473562
CICSF040.WI,2022-09-08,0.0819205844203359,0.05317940946320592,1.2273814693578025,-0.003537517281325786
CICSF040.WI,2022-09-09,0.08716998853176006,0.052943486473856174,1.3240665559402942,-0.0033776720996880893
CICSF040.WI,2022-09-13,0.08630996621301334,0.052906820597759065,1.3099847554608168,-0.0010111613521812668
CICSF040.WI,2022-09-14,0.078134653544917,0.05311028794928179,1.1628873582669546,-0.005883671415845559
CICSF040.WI,2022-09-15,0.08022791104950189,0.05314129780281719,1.1987511284714887,-0.003772206798079991
CICSF040.WI,2022-09-16,0.07710166869503632,0.0531684012024908,1.143639555970605,-0.005403961510221711
CICSF040.WI,2022-09-19,0.07773639813721256,0.05316485851796547,1.1547965857221676,-0.005127817734472018
CICSF040.WI,2022-09-20,0.07736208130434741,0.053160801172076964,1.1483442357978744,-0.004385564188541746
CICSF040.WI,2022-09-21,0.07636224484942611,0.053145264609709926,1.1311887959017703,-0.003669159617989526
CICSF040.WI,2022-09-22,0.07583833208791102,0.05314738037997347,1.1219825438746438,-0.0038453075260882486
CICSF040.WI,2022-09-23,0.07707107398875368,0.05310972915788562,1.1443094686944884,-0.004714539259667916
CICSF040.WI,2022-09-26,0.0747706148929479,0.05316623416360053,1.1029217601998356,-0.006876437713036143
CICSF040.WI,2022-09-27,0.07402499813223917,0.053155766122911154,1.0900690524842642,-0.006140679103583513
CICSF040.WI,2022-09-28,0.06980547225621758,0.053203670859257035,1.0151264001542641,-0.008457497048508955
CICSF040.WI,2022-09-29,0.07240846359048425,0.053127000233339446,1.0622705792754437,-0.008637350121712406
CICSF040.WI,2022-09-30,0.07082904936710444,0.05318484189353062,1.0334532197060433,-0.011152503375187361
CICSF040.WI,2022-10-10,0.07642066098941624,0.05335895521662748,1.127887990148362,-0.006537349720682872
CICSF040.WI,2022-10-11,0.07634933465840099,0.05335828114479411,1.1266593158051097,-0.005737818681250562
CICSF040.WI,2022-10-12,0.07659410959442559,0.053357657928392574,1.130934674584877,-0.005473182712414482
CICSF040.WI,2022-10-13,0.07544838185692737,0.0533501630220474,1.1111218181938305,-0.005336440324959502
CICSF040.WI,2022-10-14,0.07865797542400421,0.05345528912867681,1.1648048745407629,-0.0016901655502640223
CICSF040.WI,2022-10-17,0.07683222621083985,0.053458089106045464,1.1330478318527555,-0.002321482093939564
CICSF040.WI,2022-10-18,0.07518052163308564,0.05345363454838117,1.1044122270011936,-0.0026377724233539457
CICSF040.WI,2022-10-19,0.07585116295882188,0.05343525079302879,1.116446609620554,-0.0036006794488178118
CICSF040.WI,2022-10-20,0.0741530446143066,0.05344799767729981,1.0866296491937764,-0.004523963002749487
CICSF040.WI,2022-10-21,0.07053280558074593,0.05332080110776909,1.025762297331158,-0.00393684689926499
CICSF040.WI,2022-10-24,0.06994601120131994,0.05329528510827079,1.015937566298765,-0.0014821532222644151
CICSF040.WI,2022-10-25,0.07245049524216607,0.053165248587408585,1.0622811545828894,-0.0029922041582588488
CICSF040.WI,2022-10-26,0.07204207167185839,0.05316554425531394,1.0551090162328427,-0.002941508781589941
CICSF040.WI,2022-10-27,0.07227196343197861,0.0531731345847669,1.0589995680486028,-0.0006879401845119038
CICSF040.WI,2022-10-28,0.06833641002768975,0.053083837714134524,0.9914044801908304,-0.0009707968476281303
CICSF040.WI,2022-10-31,0.06658622964359306,0.05304416204046713,0.9611887947746701,-0.00025086147268194026
CICSF040.WI,2022-11-01,0.06685300184438403,0.053048836641704705,0.9658242503868512,0.0
CICSF040.WI,2022-11-02,0.06819773669930584,0.053025615996305196,0.9899863091760278,-8.02030975812773e-05
CICSF040.WI,2022-11-03,0.06693120746667613,0.05301967521253628,0.9677093089485838,-0.00014433945085878808
CICSF040.WI,2022-11-04,0.06961476396987742,0.05298870497746504,1.0156640226631295,0.0
CICSF040.WI,2022-11-07,0.06948141875968195,0.052982004992029486,1.0134320219229824,0.0
CICSF040.WI,2022-11-08,0.07095371986649646,0.052966515468769175,1.0396931566244658,0.0
CICSF040.WI,2022-11-09,0.07791869569480325,0.05266899837840743,1.1683831131079931,0.0
CICSF040.WI,2022-11-10,0.07911230016002935,0.052622853570510233,1.1903990068759123,-0.0013327306324816268
CICSF040.WI,2022-11-11,0.07738322585708479,0.052599154723467455,1.160415365757172,-0.0010576862853707292
CICSF040.WI,2022-11-14,0.06967119087499563,0.053211247179587993,1.0126311769352918,-0.00884798173324386
CICSF040.WI,2022-11-15,0.06927730526593878,0.05319929181868981,1.0059219798404415,-0.007059457137825298
CICSF040.WI,2022-11-16,0.06981276445406426,0.05317880767803403,1.015705888308208,-0.008697292082283203
CICSF040.WI,2022-11-17,0.07179332816920381,0.053177514712645056,1.0505206649965873,-0.007542322394769152
CICSF040.WI,2022-11-18,0.07115488246719148,0.05319508348118806,1.0389867349224455,-0.009112327504963158
CICSF040.WI,2022-11-21,0.06483737738338613,0.05292852401871498,0.9321640936545592,-0.009432851626006045
CICSF040.WI,2022-11-22,0.06493585564876492,0.052925987073890166,0.9339539938659459,-0.01056871980846863
CICSF040.WI,2022-11-23,0.06402649425389662,0.052888951113890165,0.9184148293055752,-0.008486785700084987
CICSF040.WI,2022-11-24,0.0677277426769971,0.05285625670185347,0.9846642049853044,-0.007000896514629429
CICSF040.WI,2022-11-25,0.06667903954635834,0.052884049686593805,0.9655880336171937,-0.008707167690337081
CICSF040.WI,2022-11-28,0.06465754093870313,0.05293277388146334,0.9289019390077059,-0.010733919673016956
CICSF040.WI,2022-11-29,0.059207156697074215,0.05292725552198906,0.8319966171877472,-0.012975942585640388
CICSF040.WI,2022-11-30,0.05850682492051784,0.05293885658139403,0.8193292239181275,-0.013986026707629051
CICSF040.WI,2022-12-01,0.06851716949747089,0.05235701019493949,1.007670909555278,-0.01231904139378448
CICSF040.WI,2022-12-02,0.06474191660816997,0.05219212478550143,0.9428573017299375,-0.011424172699089463
CICSF040.WI,2022-12-05,0.06906912537725685,0.052148935784800454,1.0213898812530913,-0.00970776603090584
CICSF040.WI,2022-12-06,0.06763442433145461,0.05219287359943831,0.9948371851437765,-0.011792645496077503
CICSF040.WI,2022-12-07,0.06221127709556096,0.05205579294932942,0.8994672653269337,-0.012682273188252657
CICSF040.WI,2022-12-08,0.06475594398726536,0.05208780147978971,0.9448949988421839,-0.01056910963510238
CICSF040.WI,2022-12-09,0.0715017530875186,0.05183823134221699,1.0710586762116865,-0.009213465859373438
CICSF040.WI,2022-12-12,0.0748971285965705,0.05164821284825511,1.1360830348111193,-0.010443065690205922
CICSF040.WI,2022-12-13,0.0809678289190845,0.051269261882313136,1.2539810123519157,-0.010789058484650504
CICSF040.WI,2022-12-14,0.0831447142759838,0.05134972555015361,1.2912868973795124,-0.007459679148424714
CICSF040.WI,2022-12-15,0.08228807332659249,0.051378912725075034,1.275178281057202,-0.009409635284265527
CICSF040.WI,2022-12-16,0.0805235958968391,0.051369819490887036,1.2436220802269646,-0.009623087023251764
CICSF040.WI,2022-12-19,0.0782706088738041,0.05128333465343071,1.2049201447378957,-0.008260902822890714
CICSF040.WI,2022-12-20,0.07796909148710851,0.051287085691717735,1.1993810777844365,-0.008778029509529661
CICSF040.WI,2022-12-21,0.07914460631256648,0.051304909325609854,1.220232125471722,-0.007107319185629679
CICSF040.WI,2022-12-22,0.07987339934158055,0.051308041610701814,1.2333228933514082,-0.006230036003521677
CICSF040.WI,2022-12-23,0.08034168958024779,0.05130367634993647,1.2418769472989866,-0.006216955154257464
CICSF040.WI,2022-12-26,0.07759808616572794,0.051227471952002605,1.1939958669551025,-0.005659849580628817
CICSF040.WI,2022-12-27,0.08068419386446313,0.05116457275408991,1.2513119324742539,-0.005049597642605819
CICSF040.WI,2022-12-28,0.08604214423068335,0.05096764539891071,1.3530165582684184,-0.004290648500861138
CICSF040.WI,2022-12-29,0.08290823599921682,0.05088012396800624,1.2984421933148829,-0.003879684600799793
CICSF040.WI,2022-12-30,0.08212964515955146,0.05086153181224496,1.2847526798817948,-0.002617339332736335
CICSF040.WI,2023-01-03,0.08473293111170155,0.05085709561958008,1.3321220216472405,-0.0011897508860544415
CICSF040.WI,2023-01-04,0.08714890710022494,0.0508714848666024,1.3755073545398462,0.0
CICSF040.WI,2023-01-05,0.08774832887371975,0.050876584385182104,1.3862126423818029,0.0
CICSF040.WI,2023-01-06,0.08347184676913666,0.050795126986796835,1.3107772743869874,-0.0005956170300979169
CICSF040.WI,2023-01-09,0.08637906384421479,0.05084641369777262,1.3622242596818224,0.0
CICSF040.WI,2023-01-10,0.08517367190501135,0.050860240896884325,1.3400326740550752,-0.0008542347538946782
CICSF040.WI,2023-01-11,0.08241230224943741,0.05077728911999975,1.2919455322494309,-0.0001620866752022332
CICSF040.WI,2023-01-12,0.08387310978481088,0.050761108059964144,1.3189188599563373,0.0
CICSF040.WI,2023-01-13,0.08535012795466979,0.05076923801768965,1.3455477514922933,0.0
CICSF040.WI,2023-01-16,0.08471375087306243,0.050752508883978455,1.3344146501551553,0.0
CICSF040.WI,2023-01-17,0.08851733060657563,0.05067248173684516,1.405544126207614,0.0
CICSF040.WI,2023-01-18,0.0873834092892547,0.0506749056975836,1.3849048515082392,-0.00029895696472592714
CICSF040.WI,2023-01-19,0.09152363770990624,0.05057829211310028,1.462616367065208,0.0
CICSF040.WI,2023-01-20,0.09495380403765519,0.05059241110274097,1.5242620763143877,0.0
CICSF040.WI,2023-01-30,0.09432123182433805,0.05060091476705,1.5125898319609883,-0.000666744707159328
CICSF040.WI,2023-01-31,0.09100091438479674,0.05066349480224747,1.4507834345446189,-0.002866123535128051
CICSF040.WI,2023-02-01,0.08560356874447117,0.05028191274350308,1.3627474340514947,-0.0011683784781582052
CICSF040.WI,2023-02-02,0.08348839866499547,0.05024660527883678,1.324842984646074,-0.0009126537000860857
CICSF040.WI,2023-02-03,0.08013285344024035,0.05033609623506834,1.260935697370518,-0.003589105404344206
CICSF040.WI,2023-02-06,0.07434749476090685,0.050758801408976824,1.145018972638115,-0.009918700866691
CICSF040.WI,2023-02-07,0.07436492345344314,0.05075935582796626,1.1453267051966893,-0.00791649501544578
CICSF040.WI,2023-02-08,0.07467602663348027,0.05076878183646553,1.150827947056057,-0.005854580043205826
CICSF040.WI,2023-02-09,0.07259390220210094,0.05057618702464866,1.1166635437590904,-0.0015814130007031357
CICSF040.WI,2023-02-10,0.07044900719046931,0.05066971585635885,1.0751791605201129,-0.004656925664373368
CICSF040.WI,2023-02-13,0.07313656356681619,0.05072734263222723,1.1234604794765983,-0.0019748159529568987
CICSF040.WI,2023-02-14,0.07841138739680154,0.05059243121430657,1.2232675343901547,-0.0006234523796614377
CICSF040.WI,2023-02-15,0.07366094853263871,0.05065161749108915,1.1347120350018298,-0.0032086901503396437
CICSF040.WI,2023-02-16,0.08246839810337736,0.0501914724265063,1.3074730182680974,-0.0016716410693993211
CICSF040.WI,2023-02-17,0.08054718756143453,0.05030852778485903,1.2692260164958926,-0.0055426609667674764
CICSF040.WI,2023-02-20,0.07680538557106442,0.049944307571695636,1.2086435351878888,-0.0017886160810252072
CICSF040.WI,2023-02-21,0.07673093967825761,0.049946042565596885,1.2072186073218194,-0.0027724663711844455
CICSF040.WI,2023-02-22,0.07502314405243204,0.049972904853164773,1.174822814686355,-0.004109342017059814
CICSF040.WI,2023-02-23,0.06860893626717868,0.04989863006058813,1.0565322399082007,-0.006198689751278796
CICSF040.WI,2023-02-24,0.07280596049983279,0.04965392785941681,1.1404593819252107,-0.007066636622077183
CICSF040.WI,2023-02-27,0.060108346992105544,0.04906547668271031,0.9108234452677002,-0.010329120704109851
CICSF040.WI,2023-02-28,0.059631779496925,0.049050406100219913,0.9019191074839484,-0.008701157735423903
CICSF040.WI,2023-03-01,0.07226496275093997,0.04923552511182735,1.1394861798448743,-0.0018078618781010025
CICSF040.WI,2023-03-02,0.06719657091485187,0.049158347519159276,1.0447895029938559,-0.003107403249470675
CICSF040.WI,2023-03-03,0.06814300440095611,0.049184007190944574,1.0622977958947968,-0.0009900655252951251
CICSF040.WI,2023-03-06,0.06964670369734294,0.04914735873749961,1.0916847913975576,-0.0012949120927858715
CICSF040.WI,2023-03-07,0.06393089342990144,0.04875471930170292,0.9901604395878577,-0.00016489661770768826
CICSF040.WI,2023-03-08,0.0595272179279378,0.04916650133593638,0.8978982949150189,-0.006849617756609638
CICSF040.WI,2023-03-09,0.049451305270612034,0.04826293947153085,0.7157784885396502,-0.006868306325707674
CICSF040.WI,2023-03-10,0.04771323803098948,0.04846287892969697,0.6788164611463224,-0.013298631460945898
CICSF040.WI,2023-03-13,0.051697209981800274,0.048596751671221905,0.7551931007186932,-0.009548958671643959
CICSF040.WI,2023-03-14,0.04571655879225567,0.04897705553040045,0.6332451672699257,-0.015392351291605322
CICSF040.WI,2023-03-15,0.036295822215486995,0.04810680212174389,0.4556835408549674,-0.015151200168334378
CICSF040.WI,2023-03-16,0.017286609955248666,0.04865058981983738,0.07055351006997708,-0.025543673407139145
CICSF040.WI,2023-03-17,0.026136829149972174,0.04873139001064517,0.24828584119067573,-0.020792747669297507
CICSF040.WI,2023-03-20,0.00796827009297485,0.04687169721233566,-0.12489410611729715,-0.024683442000647315
CICSF040.WI,2023-03-21,0.005198447824083852,0.04652940070761045,-0.18529401593741834,-0.0203925293902395
CICSF040.WI,2023-03-22,0.005190784851734964,0.04652878254406154,-0.1854609372237829,-0.01670440886062785
CICSF040.WI,2023-03-23,0.028116513618989813,0.042272896929602524,0.32485768779343904,-0.013918311835835251
CICSF040.WI,2023-03-24,0.031435836534240424,0.042311545448090675,0.40078974167115206,-0.011712031953681312
CICSF040.WI,2023-03-27,0.03208743091772259,0.042278963672438746,0.4160053325144531,-0.013426836759506733
CICSF040.WI,2023-03-28,0.050754549647283875,0.03923641450259414,0.9020070266510974,-0.011327373194308099
CICSF040.WI,2023-03-29,0.04999682426577157,0.03919677866969836,0.8844718914739593,-0.009372060220570688
CICSF040.WI,2023-03-30,0.04760837981489563,0.03904810967011458,0.8293596866524843,-0.007799605731201198
CICSF040.WI,2023-03-31,0.03876494088299731,0.03825646329579231,0.6240980968268734,-0.008297810406952655
CICSF040.WI,2023-04-03,0.04082897163924204,0.038241641484262255,0.6762410258831123,-0.007439336411775077
CICSF040.WI,2023-04-04,0.03534532376541755,0.03768345273002468,0.5454992351925378,-0.005972198010190333
CICSF040.WI,2023-04-06,0.039133036805229615,0.03761526324988491,0.6435154212106539,-0.004707676274034234
CICSF040.WI,2023-04-07,0.0348232716416923,0.03721586019230194,0.5383318037373271,-0.0030860999952465606
CICSF040.WI,2023-04-10,0.032469850510377984,0.03723378635578495,0.4769331358504867,-0.004378225948143855
CICSF040.WI,2023-04-11,0.03848148239365745,0.03707885031816541,0.6353697100967615,-0.002334270862261789
CICSF040.WI,2023-04-12,0.0443235770640642,0.03697869922223862,0.7887198600487879,-3.120476675100292e-05
CICSF040.WI,2023-04-13,0.04173244527579123,0.03689237777271784,0.7231304424958382,0.0
CICSF040.WI,2023-04-14,0.046145003555128516,0.036737635738236255,0.8410963052976284,0.0
CICSF040.WI,2023-04-17,0.048561290916814936,0.03669682264476865,0.9048703793283858,0.0
CICSF040.WI,2023-04-18,0.043674370108856664,0.036640965093707394,0.7786775944057739,-0.00171916097756164
CICSF040.WI,2023-04-19,0.04796957638761845,0.03624225256116675,0.9001850389971857,-0.0030254751588940643
CICSF040.WI,2023-04-20,0.04627582157488086,0.036253654918005467,0.8552879204097594,-0.003900715501278351
CICSF040.WI,2023-04-21,0.04399455727417023,0.03639660157368376,0.7920894106449571,-0.00717375326386005
CICSF040.WI,2023-04-24,0.04062731375916795,0.036221726273096964,0.706536074917703,-0.006675461856575748
CICSF040.WI,2023-04-25,0.0401250329495233,0.03620817406896682,0.6934512412924791,-0.005752300650705422
CICSF040.WI,2023-04-26,0.03842722868741055,0.03614386548129374,0.6494157233078678,-0.005003066507398235
CICSF040.WI,2023-04-27,0.03770748244189548,0.036109558625365724,0.6307943535537796,-0.003430449241836331
CICSF040.WI,2023-04-28,0.03723461836283626,0.036113060832200616,0.6181137272899154,-0.003784935272177381
CICSF040.WI,2023-05-04,0.043262436632549583,0.03629311998691007,0.7749121573922578,0.0
CICSF040.WI,2023-05-05,0.051829933514487614,0.035879622089937495,1.0114168871631897,0.0
CICSF040.WI,2023-05-08,0.04771386715313142,0.03586704348868632,0.9024196722017037,-0.0016511662545648509
CICSF040.WI,2023-05-09,0.045397048533119655,0.03589115163320826,0.8401465091067315,-0.002961774135901374
CICSF040.WI,2023-05-10,0.053211713590674004,0.035316287216089814,1.0641634069511519,-0.0018018191756209445
CICSF040.WI,2023-05-11,0.05697801632569455,0.03520098080663408,1.168963170505986,-0.0009403541150029282
CICSF040.WI,2023-05-12,0.05220268737009537,0.03521185978860339,1.0399884911133452,-0.003073558517993513
CICSF040.WI,2023-05-15,0.05356657846069157,0.035231377606774104,1.0762073173959823,-0.0016944720361768972
CICSF040.WI,2023-05-16,0.046658143225323245,0.034746848925636856,0.9013587487588602,-0.002235858305018601
CICSF040.WI,2023-05-17,0.04491393084439488,0.0348327619028307,0.8513309867506939,-0.004670752542273338
CICSF040.WI,2023-05-18,0.048166334064263294,0.03466847349100093,0.9448598733107559,-0.004768841204269347
CICSF040.WI,2023-05-19,0.04656158460412163,0.034691485161747374,0.9000819669254099,-0.005862365522215085
CICSF040.WI,2023-05-22,0.04974948848068128,0.03466235142070331,0.9885708536916682,-0.004491812199336809
CICSF040.WI,2023-05-23,0.05014394395450705,0.03465535839020496,0.9996062639278088,-0.004749940257220975
CICSF040.WI,2023-05-24,0.0489733119579594,0.034624766880453905,0.9682400445439184,-0.00417143474699766
CICSF040.WI,2023-05-25,0.048220226312245096,0.0346526510676015,0.9467595348393991,-0.005674209367625083
CICSF040.WI,2023-05-26,0.04741315735399243,0.03468725925294046,0.9236400318562662,-0.0074148457936582535
CICSF040.WI,2023-05-29,0.04389029427358837,0.03452368224064895,0.8302488923199867,-0.007253739752902666
CICSF040.WI,2023-05-30,0.04585925499361432,0.03445555492635701,0.8865228729378568,-0.007378366539196879
CICSF040.WI,2023-05-31,0.04805257510801941,0.03452208968535587,0.9455759135635415,-0.005072621662473575
CICSF040.WI,2023-06-01,0.04593195300753039,0.03443623101563654,0.8890199636262078,-0.00445217567606826
CICSF040.WI,2023-06-02,0.04610577919016756,0.03443951486015838,0.8937645723695907,-0.003515064161462078
CICSF040.WI,2023-06-05,0.04651373676506454,0.03441968518472005,0.9055896159749551,-0.0048804122573880004
CICSF040.WI,2023-06-06,0.04633573941013536,0.03441159965904947,0.9008503415911104,-0.0031651193134015765
CICSF040.WI,2023-06-07,0.045183290288365985,0.034377342054493304,0.8696515771928766,-0.002475469408006581
CICSF040.WI,2023-06-08,0.04141009530435458,0.034266029483494366,0.766802717336667,-0.0030631053982940193
CICSF040.WI,2023-06-09,0.044029764064883015,0.03434244787602587,0.8383402715187328,-0.000606579603130375
CICSF040.WI,2023-06-12,0.04385819995347151,0.0343404738254092,0.8335999977404344,-0.00010546984447779018
CICSF040.WI,2023-06-13,0.049813510349564716,0.034306174731160745,1.0002560922990178,0.0
CICSF040.WI,2023-06-14,0.04918178294014974,0.034297257013023365,0.9829534138316066,0.0
CICSF040.WI,2023-06-15,0.042314795660391535,0.03424500417902101,0.7926138487882919,-0.0028334376177773235
CICSF040.WI,2023-06-16,0.04263564702218736,0.034243105815762925,0.8016454432836062,-0.002722851163775797
CICSF040.WI,2023-06-19,0.03933648397372269,0.034213380441407266,0.7096649528704878,-0.003823909446367235
CICSF040.WI,2023-06-20,0.039533864824063736,0.03421528848236435,0.7151780707379368,-0.003233122582489756
CICSF040.WI,2023-06-21,0.03849494397332709,0.03421385451389187,0.6859768165328128,-0.003529154013201752
CICSF040.WI,2023-06-26,0.0357978546862141,0.03418690580272662,0.6104126747436065,-0.004327333011583501
CICSF040.WI,2023-06-27,0.0375686351002098,0.03412801169558703,0.6614649633639977,-0.004502357341666707
CICSF040.WI,2023-06-28,0.03816194142404439,0.034106602338398996,0.6786223178625255,-0.005337370135881536
CICSF040.WI,2023-06-29,0.03859279871231247,0.03410495825579261,0.690821601857567,-0.005113942965546792
CICSF040.WI,2023-06-30,0.03802956803611934,0.03407942857741482,0.6753941147674338,-0.0036463331211916694
CICSF040.WI,2023-07-03,0.04198374801781468,0.03424139671205476,0.7834148900950465,-0.00014992971167515634
CICSF040.WI,2023-07-04,0.04209253992217432,0.03423994582843884,0.786496304035478,-0.0004060649524434412
CICSF040.WI,2023-07-05,0.043218553290421236,0.03420366803542287,0.8188736418016744,-0.0008444977093080563
CICSF040.WI,2023-07-06,0.04113035603841553,0.03412900528906056,0.7618715832734145,-0.0004156349340397325
CICSF040.WI,2023-07-07,0.04127671531511812,0.034127484555562936,0.7660235784186477,-0.0005505929411731003
CICSF040.WI,2023-07-10,0.03893225846342219,0.033941117992536095,0.7036227529572061,0.0
CICSF040.WI,2023-07-11,0.03882301115367226,0.03393570808838028,0.7006302963805725,0.0
CICSF040.WI,2023-07-12,0.041560699998776984,0.03384412932959944,0.7802125940512177,0.0
CICSF040.WI,2023-07-13,0.04409014221410157,0.03399826074623068,0.8481841824451882,0.0
CICSF040.WI,2023-07-14,0.049014122778600955,0.03381808744854842,0.99167376938546,0.0
CICSF040.WI,2023-07-17,0.04700750037590318,0.033842733980088247,0.9343891667824238,-0.001202599650374614
CICSF040.WI,2023-07-18,0.04573932180149276,0.03386602607478904,0.897975858833004,-0.0022731943086062856
CICSF040.WI,2023-07-19,0.05256232091684199,0.03345779635672176,1.1029347735766692,-0.0009468162475743114
CICSF040.WI,2023-07-20,0.05409354289628454,0.03338690041236822,1.148756107224931,-0.0016377647171538223
CICSF040.WI,2023-07-21,0.05445321634592859,0.03340541151432453,1.1583527484380913,0.0
CICSF040.WI,2023-07-24,0.055029498501464325,0.03340506734189705,1.1747238261355142,0.0
CICSF040.WI,2023-07-25,0.05529751213700118,0.033405494720512637,1.1823144590676913,0.0
CICSF040.WI,2023-07-26,0.05857272364309374,0.033377401968254845,1.2761429079370774,0.0
CICSF040.WI,2023-07-27,0.059249196219927525,0.033383250604522394,1.2950660264043363,0.0
CICSF040.WI,2023-07-28,0.061426417022802715,0.033374495719931736,1.356935323527339,0.0
CICSF040.WI,2023-07-31,0.05808890497422592,0.033084735874071326,1.2733190489123538,0.0
CICSF040.WI,2023-08-01,0.06256254986720067,0.03310835805912142,1.3998977499733725,0.0
CICSF040.WI,2023-08-02,0.057156963514388925,0.03327651048014877,1.239685501355671,-0.0034059819342361353
CICSF040.WI,2023-08-03,0.05603354143060102,0.0333165270729934,1.2063158328795467,-0.004960536823121697
CICSF040.WI,2023-08-04,0.058803940780687736,0.0334312943018268,1.2806747158502718,-0.0019857114231230932
CICSF040.WI,2023-08-07,0.05854780394849546,0.03343239214827634,1.2733953844631123,-0.002029190798242486
CICSF040.WI,2023-08-08,0.05439404263031067,0.03336823801887874,1.1579251689405805,-0.003231479134477966
CICSF040.WI,2023-08-09,0.055504210673720245,0.033353397976873166,1.1899836379165971,-0.0029605273747190797
CICSF040.WI,2023-08-10,0.054672442690744116,0.03334014042954648,1.1667931862709626,-0.0025829675317348144
CICSF040.WI,2023-08-11,0.05042678232942732,0.03340402642740698,1.0438458016390708,-0.004914298179965915
CICSF040.WI,2023-08-14,0.049582724636129116,0.03336455086099876,1.0209435869431571,-0.0034981665709075127
CICSF040.WI,2023-08-15,0.05219901329586785,0.03344046366292606,1.0931646847973966,-0.0010480201687443902
CICSF040.WI,2023-08-16,0.05230592408421564,0.03343597930078213,1.0963461440639373,-0.0022635195458814428
CICSF040.WI,2023-08-17,0.05259841235559359,0.0334386307904847,1.1045746369376577,-0.001603301957529224
CICSF040.WI,2023-08-18,0.04850087112024859,0.03353999193042841,0.9850239792549589,-0.004217499386585555
CICSF040.WI,2023-08-21,0.05355920668698899,0.03367370686834439,1.1241966868025783,-0.0006946248246245679
CICSF040.WI,2023-08-22,0.05234585290038751,0.03367845213290133,1.089820143879196,-0.0012015776156805158
CICSF040.WI,2023-08-23,0.0522365988469673,0.03367984489321384,1.086693131798182,-0.0014987006146939263
CICSF040.WI,2023-08-24,0.051665341487702854,0.033672504220647805,1.0707921764109485,-0.001114618865441841
CICSF040.WI,2023-08-25,0.050443792225744355,0.03366929475710048,1.0363656699033994,-0.001403129603614106
CICSF040.WI,2023-08-28,0.04753822428758592,0.03347418497678617,0.9594495703626309,-0.000251720497686736
CICSF040.WI,2023-08-29,0.04829690410647114,0.033487367370397814,0.9807087982839081,0.0
CICSF040.WI,2023-08-30,0.05113730425363583,0.03349973377116554,1.0611477550747617,0.0
CICSF040.WI,2023-08-31,0.04988192681502124,0.033476959081767274,1.0261432130021508,0.0
CICSF040.WI,2023-09-01,0.04905679192927592,0.033453824209171236,1.0033230104201314,0.0
CICSF040.WI,2023-09-04,0.048808523763052,0.033444940746360785,0.9965024145312662,0.0
CICSF040.WI,2023-09-05,0.04800966079861668,0.03345071445936499,0.9735527648845539,-0.0004435925647845451
CICSF040.WI,2023-09-06,0.04837736134286086,0.03345716445074585,0.9838583653827045,0.0
CICSF040.WI,2023-09-07,0.04742964472478839,0.03348080419001386,0.9561698868094676,-0.0011359370268444469
CICSF040.WI,2023-09-08,0.04764252202663388,0.03347848875505311,0.9623049242209826,-0.0012277433575645924
CICSF040.WI,2023-09-11,0.04867421337573963,0.03346462905756382,0.9921080498094539,-0.0010166885863983621
CICSF040.WI,2023-09-12,0.04886328149996255,0.03347116093784011,0.9973079844434604,0.0
CICSF040.WI,2023-09-13,0.052267831986980484,0.03343016297283775,1.0954482904864487,0.0
CICSF040.WI,2023-09-14,0.059324739352874856,0.03377606001182267,1.2825057558624946,0.0
CICSF040.WI,2023-09-15,0.058484751787539535,0.03379964577427686,1.2581594286378568,-0.0011683062861482796
CICSF040.WI,2023-09-18,0.05649488796472579,0.033759603020856,1.2038615880529249,-0.0011706181289760087
CICSF040.WI,2023-09-19,0.050197936317726954,0.03416602926294852,1.0149372503241414,-0.006243585668225804
CICSF040.WI,2023-09-20,0.05078124965859643,0.03414044619262239,1.0319399913919851,-0.007331142587034711
CICSF040.WI,2023-09-21,0.05037101384203191,0.03415681529088029,1.0200273363540049,-0.008745164739442979
CICSF040.WI,2023-09-22,0.05211874965036989,0.0341955282956911,1.067539424175687,-0.00693651927292549
CICSF040.WI,2023-09-25,0.04822113653298721,0.03416048239193553,0.9599320174656378,-0.0082660353133992
CICSF040.WI,2023-09-26,0.05083190713519703,0.0338801706651931,1.0410295984844822,-0.010645127997655157
CICSF040.WI,2023-09-27,0.050063554473731786,0.03384628061431321,1.0204229741467024,-0.009268714574104941
CICSF040.WI,2023-09-28,0.05143718431399513,0.0338003945582514,1.0604467748788056,-0.009597574216347105
CICSF040.WI,2023-10-09,0.04651332140196485,0.034112919636595934,0.9134145097430063,-0.013961920645994885
CICSF040.WI,2023-10-10,0.04346831279518226,0.03418883259035087,0.8262170012384549,-0.016097444175188103
CICSF040.WI,2023-10-11,0.042502629636185896,0.03418646205249476,0.7991840042508891,-0.016300679929488693
CICSF040.WI,2023-10-12,0.04383178152039857,0.034197337130498356,0.8362057763815891,-0.015220636499869933
CICSF040.WI,2023-10-13,0.04511016436360471,0.03418167933246491,0.8723867505183368,-0.01487493343131141
CICSF040.WI,2023-10-16,0.05196487797409999,0.03435611512566098,1.0584503057733718,-0.01056751613129614
CICSF040.WI,2023-10-17,0.05145395355059135,0.034351918991645414,1.0444305870560104,-0.010315401414352388
CICSF040.WI,2023-10-18,0.056596836715292254,0.03433731626766908,1.18698862658415,-0.007793015757685873
CICSF040.WI,2023-10-19,0.05437070432711466,0.03442658743480819,1.122722285058065,-0.010063080282870507
CICSF040.WI,2023-10-20,0.060223409207956324,0.03442786186098215,1.283504409976102,-0.00709351817067172
CICSF040.WI,2023-10-23,0.05295547908766518,0.03422584736442637,1.0898554229666264,-0.009297653892358926
CICSF040.WI,2023-10-24,0.05062326066142164,0.03425875169141736,1.024103772247238,-0.010696442651848881
CICSF040.WI,2023-10-25,0.04811235294354854,0.03433731380012106,0.9521408357913003,-0.012798114196779009
CICSF040.WI,2023-10-26,0.05012160076078542,0.03438792636951542,1.006493894124992,-0.010769637247090569
CICSF040.WI,2023-10-27,0.04786261775847134,0.034236676887001674,0.9478778842568124,-0.009279076583921908
CICSF040.WI,2023-10-30,0.0497538611474615,0.0342408040433229,1.0004410409137807,-0.008118614050224737
CICSF040.WI,2023-10-31,0.04993266080824066,0.03423867090954145,1.0054764406803733,-0.008264177582555488
CICSF040.WI,2023-11-01,0.05008687199357609,0.034233988899167414,1.009900203964147,-0.009076129809974853
CICSF040.WI,2023-11-02,0.05246619063557989,0.03423428606564461,1.0760161034974312,-0.007751154889341194
CICSF040.WI,2023-11-03,0.05292264770083199,0.03424192935547847,1.0884492184158396,-0.00673534766400663
CICSF040.WI,2023-11-06,0.051451642658955965,0.03417781300394306,1.0495139004793692,-0.005678629077203179
CICSF040.WI,2023-11-07,0.051677391136459194,0.03416769188199186,1.0560990478881491,-0.0069691740528669
CICSF040.WI,2023-11-08,0.050935173054438954,0.034178120202258765,1.0351266789392295,-0.007619544979792114
CICSF040.WI,2023-11-09,0.04777007939658984,0.0341286533393841,0.9481822819470835,-0.008372049820213001
CICSF040.WI,2023-11-10,0.048819397384936236,0.034129479834826726,0.9774944836984334,-0.0076599196634618005
CICSF040.WI,2023-11-13,0.04813837843003976,0.03412555037183668,0.9585659550162917,-0.00758961487175458
CICSF040.WI,2023-11-14,0.04699631562122075,0.03410496123332094,0.9271520144333187,-0.007309386494709469
CICSF040.WI,2023-11-15,0.04805526288608353,0.034112072811607407,0.9566060989797268,-0.006385062192700297
CICSF040.WI,2023-11-16,0.04746431263447759,0.03412092480508424,0.939833816205456,-0.007009012058737385
CICSF040.WI,2023-11-17,0.047707117374470975,0.03412639441944471,0.946481574487969,-0.005912661880601466
CICSF040.WI,2023-11-20,0.04343334210579153,0.034028473966903346,0.8289658924328146,-0.006960752339708831
CICSF040.WI,2023-11-21,0.04290126053153043,0.0340293293684786,0.8139544201697717,-0.007101650903476475
CICSF040.WI,2023-11-22,0.03985609159990289,0.0340741149028043,0.7270972349414357,-0.00890674603993713
CICSF040.WI,2023-11-23,0.04052572435691104,0.034051940185700506,0.746456827861833,-0.009590225858787771
CICSF040.WI,2023-11-24,0.039565590720315624,0.034061305862299676,0.7191535829063774,-0.010231597111847734
CICSF040.WI,2023-11-27,0.04840463697997155,0.03311480516150008,0.9944686771824373,-0.009600340171158961
CICSF040.WI,2023-11-28,0.04805645805875991,0.03310018555065819,0.9848565225679292,-0.008142681985377598
CICSF040.WI,2023-11-29,0.05093245374215849,0.03306081082729416,1.0688948406823497,-0.00706144135143727
CICSF040.WI,2023-11-30,0.05081640139213217,0.03305775304185566,1.065649363269099,-0.006014341682113344
CICSF040.WI,2023-12-01,0.052026183023435646,0.03301554240215683,1.1018274248917537,-0.006444220599345241
CICSF040.WI,2023-12-04,0.0542577665324786,0.0330496467918061,1.16485263694239,-0.00465873484401258
CICSF040.WI,2023-12-05,0.051064028552236795,0.033312003179335414,1.0648435246006627,-0.008811877918185496
CICSF040.WI,2023-12-06,0.0491832468738056,0.033257303575345606,1.0126767567788586,-0.008503618446854433
CICSF040.WI,2023-12-07,0.046714550640104324,0.03324789020447258,0.9420869234698508,-0.009354211475822716
CICSF040.WI,2023-12-08,0.04988669572469151,0.03321178473787402,1.0342042334592145,-0.008059373077764609
CICSF040.WI,2023-12-11,0.0521644423642158,0.03313566480650255,1.101919925833716,-0.007939817777245728
CICSF040.WI,2023-12-12,0.054388551883111314,0.03304479957032776,1.1687739440392355,-0.008095867168116277
CICSF040.WI,2023-12-13,0.05496499604995342,0.03302880435072252,1.1858755242261965,-0.008569216987090789
CICSF040.WI,2023-12-14,0.05677234708373646,0.03315016318748819,1.2333011029494112,-0.005191697181615829
CICSF040.WI,2023-12-15,0.059569169126784116,0.033310543999837135,1.3068865144945405,-0.001655155615920445
CICSF040.WI,2023-12-18,0.05810503676651191,0.033276522522415454,1.2666252300997614,-0.001303714223200081
CICSF040.WI,2023-12-19,0.060129537122779464,0.0331968859317167,1.3271781389508133,-0.0014994777712183938
CICSF040.WI,2023-12-20,0.06325850906810926,0.03322669606301949,1.4147366253097435,0.0
CICSF040.WI,2023-12-21,0.06291577243531155,0.033209768191928515,1.4057306312757003,0.0
CICSF040.WI,2023-12-22,0.0621870938840865,0.03319349535308216,1.3857384342581036,0.0
CICSF040.WI,2023-12-25,0.06590280128958637,0.03322067806681429,1.489774754927929,0.0
CICSF040.WI,2023-12-26,0.06646674633179828,0.03321521548245057,1.5059429593377462,0.0
CICSF040.WI,2023-12-27,0.06439595822170885,0.0330890792388725,1.4528043077859074,0.0
CICSF040.WI,2023-12-28,0.06816890325573155,0.03304045917963632,1.5620144534092513,0.0
CICSF040.WI,2023-12-29,0.06696697697478116,0.03307597864978542,1.5263250891403022,-0.0013404580456402027
CICSF040.WI,2024-01-02,0.06496596745392802,0.03306567475744578,1.4700047257717173,-0.0018423622811988283
CICSF040.WI,2024-01-03,0.06433491346947706,0.03308488095874079,1.4512504761954093,-0.002953993585401049
CICSF040.WI,2024-01-04,0.06252815391706656,0.03305447152660645,1.4011429597450946,-0.0029688529963387555
CICSF040.WI,2024-01-05,0.06265858624319587,0.03305709074686031,1.4047486958227053,-0.0019654129403692266
CICSF040.WI,2024-01-08,0.06159136639700025,0.033079360495781876,1.3734425002231074,-0.002954607610646365
CICSF040.WI,2024-01-09,0.06250848343015103,0.03309907544608638,1.398739724080529,-0.001533835062912714
CICSF040.WI,2024-01-10,0.06019284211277842,0.033146345601480796,1.330953490525186,-0.00309845325812641
CICSF040.WI,2024-01-11,0.06081126139593729,0.0331608301970413,1.347975830454318,-0.001756071266717174
CICSF040.WI,2024-01-12,0.059671883367035994,0.03317250226716847,1.3151100589369376,-0.0024166805606934405
CICSF040.WI,2024-01-15,0.05908999177869534,0.033159832313974284,1.2990316360095913,-0.0017009727347001569
CICSF040.WI,2024-01-16,0.056559624883530724,0.03315912538651684,1.2269039463652078,-0.0026606123231673884
CICSF040.WI,2024-01-17,0.052037520582256525,0.03323471180472911,1.0951034063434766,-0.005168618905354361
CICSF040.WI,2024-01-18,0.05157596357075822,0.03322595584671547,1.0821733698239764,-0.004529050209785779
CICSF040.WI,2024-01-19,0.05343325563572976,0.033230312515542024,1.1351500614231673,-0.0033648174095641803
CICSF040.WI,2024-01-22,0.05196224347118883,0.033156979523095105,1.0954348197553252,-0.002131322561665816
CICSF040.WI,2024-01-23,0.05455260382761762,0.03316947933090694,1.1691957577292507,-0.0005286757362561456
CICSF040.WI,2024-01-24,0.056298297498933,0.033234835344879914,1.216739869529232,0.0
CICSF040.WI,2024-01-25,0.0572075254641764,0.033250404226848475,1.2420676833537572,0.0
CICSF040.WI,2024-01-26,0.05555486615076788,0.03323584588865558,1.195515630137654,-0.00025481542593175366
CICSF040.WI,2024-01-29,0.05574384921790765,0.033243142707877864,1.2006468324401491,0.0
CICSF040.WI,2024-01-30,0.05661630234035808,0.033271165731859835,1.2244965549790265,0.0
CICSF040.WI,2024-01-31,0.05935066391948185,0.033331121423594984,1.2999113006346659,0.0
CICSF040.WI,2024-02-01,0.05795637269837628,0.03332821733747823,1.2604953247017083,-0.0003571371022912384
CICSF040.WI,2024-02-02,0.05476337978314327,0.033289643994682074,1.171099379713962,-0.0012262153650779428
CICSF040.WI,2024-02-05,0.05437905820028921,0.033301303067743544,1.1597551216573114,-0.0022558206467944153
CICSF040.WI,2024-02-06,0.055112253186973215,0.03325802291356359,1.1821270103314887,-0.0037594169593730964
CICSF040.WI,2024-02-07,0.0557495713659355,0.03329068088825257,1.1991423232269711,-0.0014604102827073806
CICSF040.WI,2024-02-08,0.05523741426777917,0.03329365330590499,1.1844608209214966,-0.001689288123350785
CICSF040.WI,2024-02-19,0.061777887636412565,0.0333279376214912,1.3687174519425773,0.0
CICSF040.WI,2024-02-20,0.07047402656326196,0.032699418003362894,1.6439029692820777,0.0
CICSF040.WI,2024-02-21,0.07035028914785713,0.03269339965869815,1.6406628224009878,0.0
CICSF040.WI,2024-02-22,0.07037930067640996,0.032694917633631145,1.641417390849105,0.0
CICSF040.WI,2024-02-23,0.06670627820739172,0.032449537862987085,1.5476257925424255,0.0
CICSF040.WI,2024-02-26,0.07012343588536019,0.032276328002263724,1.6548766080902668,0.0
CICSF040.WI,2024-02-27,0.06948458399883828,0.03223672696299535,1.638340722876714,0.0
CICSF040.WI,2024-02-28,0.06731352870553597,0.03223210324461213,1.5755097328736252,-0.0006787126346124994
CICSF040.WI,2024-02-29,0.07321967390027839,0.03221512502960791,1.747667684349608,0.0
CICSF040.WI,2024-03-01,0.07118781388507123,0.03219649454363006,1.689785692586813,-0.000354160259139924
CICSF040.WI,2024-03-04,0.08029926992826875,0.03221424139347755,1.9518737151834105,0.0
CICSF040.WI,2024-03-05,0.0776782383713599,0.032042742324417915,1.8863168075020034,0.0
CICSF040.WI,2024-03-06,0.08076423351590156,0.032055301529529914,1.9748215413468873,0.0
CICSF040.WI,2024-03-07,0.08371096043759163,0.0320301465300485,2.0613819628125465,0.0
CICSF040.WI,2024-03-08,0.08806824884284792,0.0319771702529028,2.190270160927158,0.0
CICSF040.WI,2024-03-11,0.0882927821938928,0.03196999890497795,2.197210623587262,-0.0006671811676928208
CICSF040.WI,2024-03-12,0.09261986973507019,0.03176399866219072,2.336223172698378,0.0
CICSF040.WI,2024-03-13,0.09087575685548543,0.03173896677840183,2.287689375713604,0.0
CICSF040.WI,2024-03-14,0.08651590082821792,0.031147561627956104,2.201920302456669,0.0
CICSF040.WI,2024-03-15,0.09434209701446505,0.03159634540157243,2.398318228573642,0.0
CICSF040.WI,2024-03-18,0.09148865575868803,0.031557893226273476,2.318440698942613,-0.000489049449276302
CICSF040.WI,2024-03-19,0.09216955565553842,0.0315510676088149,2.3387081985086176,-0.00017071743047358812
CICSF040.WI,2024-03-20,0.09047638074070563,0.031550739470583525,2.2895406515810803,-0.0005912048737252151
CICSF040.WI,2024-03-21,0.10114359669622353,0.030865388279883162,2.655189672429563,0.0
CICSF040.WI,2024-03-22,0.09481067227380024,0.03147066428488421,2.4213770282937523,-0.00576993409322768
CICSF040.WI,2024-03-25,0.10116642335861559,0.030732648250271298,2.667199296766876,-0.0064728962900880704
CICSF040.WI,2024-03-26,0.09781761314344917,0.030543025901598048,2.5838105535785445,-0.005730229565465095
CICSF040.WI,2024-03-27,0.10359036560929069,0.02990599786273151,2.8136415760524884,-0.00639873936360591
CICSF040.WI,2024-03-28,0.10711500701048626,0.030060342960247607,2.905467057098084,-0.0029812495465629807
CICSF040.WI,2024-03-29,0.12488443989733189,0.028397069051174728,3.6348886062844294,0.0
CICSF040.WI,2024-04-01,0.12243875258654313,0.028139553365671924,3.590512392020724,0.0
CICSF040.WI,2024-04-02,0.1277175659040577,0.027786283985013267,3.804744611589171,0.0
CICSF040.WI,2024-04-03,0.12752857090850012,0.02776293676534471,3.801881159996229,0.0
CICSF040.WI,2024-04-08,0.13072843448223037,0.02824352319947867,3.838048624294228,0.0
CICSF040.WI,2024-04-09,0.13001562525945398,0.028197881771017314,3.821841363878329,0.0
CICSF040.WI,2024-04-10,0.1272714064085101,0.02815117180642244,3.7417241258746694,-0.00019649120107556595
CICSF040.WI,2024-04-11,0.12678569535521533,0.028188368404771527,3.72152767480296,-0.0023613180066606176
CICSF040.WI,2024-04-12,0.130871755501202,0.02863301707987461,3.7906521416307952,0.0
CICSF040.WI,2024-04-15,0.12939307444238657,0.028594611661415827,3.7499254836297338,0.0
CICSF040.WI,2024-04-16,0.1278687924030466,0.02857421785140426,3.7052938463740412,0.0
CICSF040.WI,2024-04-17,0.13162741667456546,0.028653392471695058,3.8113009378233813,0.0
CICSF040.WI,2024-04-18,0.13335195468723282,0.0287138706167231,3.856392868525759,0.0
CICSF040.WI,2024-04-19,0.13408512878949796,0.028743355678141257,3.87497656969776,0.0
CICSF040.WI,2024-04-22,0.13062105242304667,0.028823586398478263,3.7580830790376143,-0.001786278382772899
CICSF040.WI,2024-04-23,0.12242024396920925,0.02944396044979211,3.432155427545217,-0.007412148442056732
CICSF040.WI,2024-04-24,0.12543292198694767,0.029405432371172092,3.5278127995473665,-0.006037924356610436
CICSF040.WI,2024-04-25,0.12376900141098002,0.0293626896076137,3.482492757855633,-0.0054699380971782174
CICSF040.WI,2024-04-26,0.12272874825844737,0.029318828631521313,3.4560567175929426,-0.004096854699091934
CICSF040.WI,2024-04-29,0.12182196580028837,0.02933710899581511,3.426367326064323,-0.004699745991738613
CICSF040.WI,2024-04-30,0.12363776317768016,0.029408498888800115,3.4731404887913615,-0.002151374383781768
CICSF040.WI,2024-05-06,0.12289476586935755,0.029410801707728064,3.450370000190035,-0.0021211461687429267
CICSF040.WI,2024-05-07,0.12492453395781178,0.029331708303411468,3.5211948847574006,-0.002035974845866373
CICSF040.WI,2024-05-08,0.12418560367501108,0.029378918867784935,3.4932071624916015,-0.003996550257240106
CICSF040.WI,2024-05-09,0.12559356572584024,0.029348068945327977,3.5395166534477016,-0.003624610132071715
CICSF040.WI,2024-05-10,0.13365493025789044,0.02929866408271723,3.789125819020693,0.0
CICSF040.WI,2024-05-13,0.1350273313298742,0.02932378304025164,3.827184595337976,0.0
CICSF040.WI,2024-05-14,0.13463742796964073,0.02932079628912211,3.8158476820817384,0.0
CICSF040.WI,2024-05-15,0.1332327955335071,0.029336338908625473,3.771595458323636,-0.0004853210668522845
CICSF040.WI,2024-05-16,0.1335806461446123,0.029349335259413408,3.7804005099042866,0.0
CICSF040.WI,2024-05-17,0.13674198425874584,0.02940014982652464,3.8686897200268717,0.0
CICSF040.WI,2024-05-20,0.1395526791485222,0.029813168741894068,3.898377264691292,0.0
CICSF040.WI,2024-05-21,0.13365986034888078,0.029926874762116785,3.7103488359007675,-0.002734507668703312
CICSF040.WI,2024-05-22,0.1354098132681778,0.02985526729468232,3.7708665073726757,-0.002844290324192311
CICSF040.WI,2024-05-23,0.12968676162815496,0.030578741478061004,3.5170292531761627,-0.009172913237209923
CICSF040.WI,2024-05-24,0.12704381155071442,0.03061631922997038,3.436208751557535,-0.010340963159080174
CICSF040.WI,2024-05-27,0.1267530633727736,0.030614135757623426,3.4280199223924384,-0.009742394342076022
CICSF040.WI,2024-05-28,0.1307226188750541,0.030514827815770463,3.5543818086025447,-0.008375572131840037
CICSF040.WI,2024-05-29,0.13144231554956387,0.0305402183359652,3.5722967285135376,-0.006371785324577495
CICSF040.WI,2024-05-30,0.12757184717502135,0.030846314288074474,3.4260089953323583,-0.010307821933508765
CICSF040.WI,2024-05-31,0.12961648722811492,0.030727277045929445,3.4981504342639727,-0.010932776120362031
CICSF040.WI,2024-06-03,0.12860556369065934,0.030757372105623224,3.46563415885365,-0.011915302737589117
CICSF040.WI,2024-06-04,0.13278284911141913,0.030788786210871662,3.582181252985067,-0.009347814835356294
CICSF040.WI,2024-06-05,0.12836619851110243,0.030923765012723196,3.4402893393929883,-0.011849883534677308
CICSF040.WI,2024-06-06,0.1331955081419749,0.031116311728082977,3.5565109303265103,-0.007878003357885577
CICSF040.WI,2024-06-07,0.13256110945707467,0.031119852771944394,3.5381062545832105,-0.007857060205146094
CICSF040.WI,2024-06-11,0.125922661960721,0.03203531730938011,3.2543065688519492,-0.015160890891691592
CICSF040.WI,2024-06-12,0.12850290510866724,0.03195750079543871,3.3338151964726483,-0.014631944921159712
CICSF040.WI,2024-06-13,0.12936279002642515,0.03195893683827176,3.3575114097322394,-0.013721067907121909
CICSF040.WI,2024-06-14,0.13022308789860482,0.031953406596521794,3.3819290668909754,-0.013093674105702169
CICSF040.WI,2024-06-17,0.12688477040288926,0.031919847675416696,3.2927354297266302,-0.013722982066243339
CICSF040.WI,2024-06-18,0.12778008084383274,0.031933431841066645,3.316230143156771,-0.012323844346135204
CICSF040.WI,2024-06-19,0.1288212634977841,0.03196021320789813,3.342364828285612,-0.01048144742557422
CICSF040.WI,2024-06-20,0.13230020487410354,0.03192922108944972,3.442000464380202,-0.008791807909403149
CICSF040.WI,2024-06-21,0.13004120263852692,0.03191456156029255,3.3809613457220915,-0.009064181492611012
CICSF040.WI,2024-06-24,0.12664697145106207,0.032036523983479434,3.274268648114027,-0.011357081392260326
CICSF040.WI,2024-06-25,0.12796791055245405,0.03201886058892117,3.3126708786279457,-0.010781032094330789
CICSF040.WI,2024-06-26,0.12476817344711755,0.031968184923167005,3.2289674973532083,-0.011156582607432353
CICSF040.WI,2024-06-27,0.12227962467379117,0.03204246428638088,3.15239865779726,-0.012849675116528236
CICSF040.WI,2024-06-28,0.1224060169059642,0.03205102163692744,3.155080713986516,-0.009952238727319984
CICSF040.WI,2024-07-01,0.11903466362173942,0.03219735103620351,3.047414624466556,-0.012532487690361749
CICSF040.WI,2024-07-02,0.12426912183719785,0.032057574097671224,3.2062026706166096,-0.010724470568921562
CICSF040.WI,2024-07-03,0.12485934234656892,0.03205601895199537,3.222737033510046,-0.01009535027103936
CICSF040.WI,2024-07-04,0.12493667572501788,0.03205270886674365,3.2252123627379357,-0.011120288649190346
CICSF040.WI,2024-07-05,0.12243659623171355,0.032121155008761636,3.14911020087563,-0.012732836345062615
CICSF040.WI,2024-07-08,0.11983198938127271,0.03225954875831462,3.063689863971773,-0.015316313105838475
CICSF040.WI,2024-07-09,0.12315314138065858,0.032280157339349094,3.153535934278406,-0.013187055044798335
CICSF040.WI,2024-07-10,0.12094353373841193,0.03237901610559668,3.0831590524165087,-0.015301562820844605
CICSF040.WI,2024-07-11,0.12576614684379606,0.032491687912423566,3.2047681957986893,-0.011894622312572323
CICSF040.WI,2024-07-12,0.12565034697641364,0.03249263816158335,3.2015080235360567,-0.011774330548181777
CICSF040.WI,2024-07-15,0.12470668450266231,0.03247745481109243,3.1771540983476814,-0.011146223628658025
CICSF040.WI,2024-07-16,0.12145540664227372,0.032334018783260164,3.1015308226694596,-0.010544727274173993
CICSF040.WI,2024-07-17,0.12179553023704481,0.03232872526127899,3.1114176336231103,-0.010498186934753129
CICSF040.WI,2024-07-18,0.12290818138327952,0.032316311468584505,3.143291255667181,-0.009951187816429785
CICSF040.WI,2024-07-19,0.11974846438986542,0.03244156145699277,3.044381885915579,-0.012313297704701909
CICSF040.WI,2024-07-22,0.119678031457219,0.03244276299973519,3.042330576782084,-0.012508767130269716
CICSF040.WI,2024-07-23,0.1152238967264545,0.032518272514523945,2.9127103881447867,-0.014644480786778047
CICSF040.WI,2024-07-24,0.11328555771557625,0.032489519429153714,2.8616934881665816,-0.014550424262109618
CICSF040.WI,2024-07-25,0.11244541544874909,0.03250133105069338,2.837427498651494,-0.015001114903856805
CICSF040.WI,2024-07-26,0.11083661797231792,0.03239452615805869,2.8019823267917974,-0.012957243352641479
CICSF040.WI,2024-07-29,0.11142963684620888,0.03241249233962687,2.8169200491297004,-0.011207776980795336
CICSF040.WI,2024-07-30,0.11268772484288703,0.03237531633070139,2.855076131990104,-0.011278976193603185
CICSF040.WI,2024-07-31,0.11736703864215814,0.032452651958250305,2.977719678052661,-0.008185244663127422
CICSF040.WI,2024-08-01,0.11752577128039854,0.03245686619763294,2.9817157373553336,-0.006725642034303703
CICSF040.WI,2024-08-02,0.11772479394314628,0.03245110685318998,2.987729146854432,-0.007235821738939996
CICSF040.WI,2024-08-05,0.11120929866803775,0.03266172752387061,2.7895994685784458,-0.010867206787323114
CICSF040.WI,2024-08-06,0.10811289669943824,0.03277661406605913,2.694766564547186,-0.013163784875087958
CICSF040.WI,2024-08-07,0.10933260445772941,0.032794725754887094,2.726855223657798,-0.011684064809224237
CICSF040.WI,2024-08-08,0.1052289290752646,0.032884116456400506,2.606784451653971,-0.013892929370193374
CICSF040.WI,2024-08-09,0.10437704210953958,0.03288247349452009,2.58345428706336,-0.013812309491906039
CICSF040.WI,2024-08-12,0.100418463092242,0.03299879631667652,2.465602304812972,-0.016246932231598454
CICSF040.WI,2024-08-13,0.10197722170981449,0.03308557153408083,2.5020215749080976,-0.013190470505191287
CICSF040.WI,2024-08-14,0.09990874766146796,0.03301670049611878,2.4502451017211526,-0.012551253956257336
CICSF040.WI,2024-08-15,0.10407205025203958,0.03279717060703008,2.5816632818517293,-0.01218959047991841
CICSF040.WI,2024-08-16,0.10707514314474476,0.03274704758925906,2.6685466322987175,-0.011047775797770054
CICSF040.WI,2024-08-19,0.1062218785358009,0.03269489310603216,2.6491593438457013,-0.008855650745979826
CICSF040.WI,2024-08-20,0.10539549282911986,0.03271366015390121,2.624805032241826,-0.009639217412182322
CICSF040.WI,2024-08-21,0.10666949863292197,0.03267720640360701,2.662960968804691,-0.009692288412134986
CICSF040.WI,2024-08-22,0.10605137674275089,0.032684257259257644,2.64529281667716,-0.009976372145261592
CICSF040.WI,2024-08-23,0.10620228250917396,0.032684443735752355,2.6494536606247863,-0.009466342570752517
CICSF040.WI,2024-08-26,0.11136134853439894,0.03262394698758112,2.7969878041286864,-0.007172767085531162
CICSF040.WI,2024-08-27,0.1072706740511602,0.0327183869721267,2.676255575795107,-0.009419426906013606
CICSF040.WI,2024-08-28,0.10396144790734563,0.03266685014401763,2.5887645571957845,-0.00995160067427947
CICSF040.WI,2024-08-29,0.10402034422860518,0.0326642544994721,2.590601567674255,-0.011103511607479688
CICSF040.WI,2024-08-30,0.10514564338223664,0.03268853479723048,2.6198793504336853,-0.009440520188880197
CICSF040.WI,2024-09-02,0.10494427715389554,0.0327058768792137,2.612933658801649,-0.012214211820773313
CICSF040.WI,2024-09-03,0.10095322835359855,0.03255705861717756,2.5135414719684785,-0.012300123786043171
CICSF040.WI,2024-09-04,0.09837431771413785,0.032705241293989315,2.43056671934014,-0.015113637434166605
CICSF040.WI,2024-09-05,0.10053334223207022,0.03272373288742162,2.4892435457312145,-0.01347125137552041
CICSF040.WI,2024-09-06,0.10150516102683316,0.0327357174217504,2.5153175344692746,-0.012220292090923568
CICSF040.WI,2024-09-09,0.09949545389367964,0.0328241537563376,2.452972334150696,-0.014307288521166917
CICSF040.WI,2024-09-10,0.10088905928174219,0.03287869514691544,2.4874982875325506,-0.011919956771531237
CICSF040.WI,2024-09-11,0.10025908238796521,0.03287015645837893,2.4707151044482,-0.011342856562711612
CICSF040.WI,2024-09-12,0.09983142595908467,0.03285677097581526,2.459871789687384,-0.010046482914647381
CICSF040.WI,2024-09-13,0.10376418334290016,0.03303511938645916,2.5548588173921316,-0.006273224896094054
CICSF040.WI,2024-09-18,0.10424651012499364,0.03304314213376309,2.567473458010683,-0.005063626461530912
CICSF040.WI,2024-09-19,0.10583424689356247,0.03311494789575712,2.605383458492429,-0.0023159073416372244
CICSF040.WI,2024-09-20,0.11064299273642852,0.033288395069227476,2.7223821239711357,0.0
CICSF040.WI,2024-09-23,0.11083236118273665,0.0332917048242947,2.727237974826071,0.0
CICSF040.WI,2024-09-24,0.11917292492886822,0.033781108426326784,2.9097406272837385,0.0
CICSF040.WI,2024-09-25,0.12318602715171156,0.03391346975479127,3.004107504298723,0.0
CICSF040.WI,2024-09-26,0.12946258574553915,0.03432980413910825,3.1304886882388763,0.0
CICSF040.WI,2024-09-27,0.12974439527223058,0.034338035219139425,3.1370153134259904,0.0
CICSF040.WI,2024-09-30,0.14080038207937196,0.035958903967043196,3.268144109942716,0.0
CICSF040.WI,2024-10-08,0.12268202666050176,0.03735045080168634,2.718913436138434,-0.010671352317860316
CICSF040.WI,2024-10-09,0.11514887496486836,0.03823500526987556,2.4807246911038145,-0.018457791395754874
CICSF040.WI,2024-10-10,0.12210995082237686,0.03867032694616273,2.614221266359458,-0.012333012286192213
CICSF040.WI,2024-10-11,0.12803617468545547,0.038269583549737224,2.778898533661442,-0.012159592261035912
CICSF040.WI,2024-10-14,0.12900013753083361,0.03824381323617242,2.8030913999917346,-0.012397439990104897
CICSF040.WI,2024-10-15,0.1219138600152887,0.03906273613176398,2.5838755544841088,-0.019994197504927147
CICSF040.WI,2024-10-16,0.11921737432881119,0.039052471580267076,2.5228977878160843,-0.020565788743705293
CICSF040.WI,2024-10-17,0.1207855630578043,0.03901316893590692,2.561306056799811,-0.020506563276754486
CICSF040.WI,2024-10-18,0.12986566127727817,0.039255862854690085,2.751354096304793,-0.014939915072572196
CICSF040.WI,2024-10-21,0.12667714589648904,0.039292260263030725,2.67688399114338,-0.01635321370007292
CICSF040.WI,2024-10-22,0.12630729755720727,0.039300408158350446,2.6679790782551476,-0.01700251107976436
CICSF040.WI,2024-10-23,0.13400621874097096,0.03904005167351189,2.86009066289453,-0.014644515323407381
CICSF040.WI,2024-10-24,0.13336039645586384,0.03908315326574011,2.8423964377297186,-0.017338510104799698
CICSF040.WI,2024-10-25,0.13276494909591952,0.039096213704806905,2.8280114998435564,-0.018057655701042452
CICSF040.WI,2024-10-28,0.12913709159593934,0.039178183160090294,2.7402589924701104,-0.02012781859836099
CICSF040.WI,2024-10-29,0.12980426465764694,0.03918061119930247,2.755175140954581,-0.019204658002941355
CICSF040.WI,2024-10-30,0.12505022505413876,0.038987339763343135,2.660432961907035,-0.019061250883334324
CICSF040.WI,2024-10-31,0.12540050403723257,0.038986852310847565,2.668454162528402,-0.01850581204463375
CICSF040.WI,2024-11-01,0.1250709766018432,0.03897225531166816,2.661921210175038,-0.01629242392410557
CICSF040.WI,2024-11-04,0.12978167331621004,0.03889919912194066,2.774312011654031,-0.014433661019693123
CICSF040.WI,2024-11-05,0.13101718150220143,0.03898569360264509,2.7962918478408936,-0.010396179448071807
CICSF040.WI,2024-11-06,0.12938158459150695,0.039112947196221014,2.7503030583378014,-0.014020901715010137
CICSF040.WI,2024-11-07,0.13381122240908128,0.039118242586875386,2.850053915803027,-0.01155129432928903
CICSF040.WI,2024-11-08,0.13595951004240758,0.03903642520044828,2.904462271982873,-0.011782266374541162
CICSF040.WI,2024-11-11,0.13202825981192223,0.0390525892897269,2.8144608144969103,-0.013178685016375313
CICSF040.WI,2024-11-12,0.12571032020058714,0.03930641186842186,2.654083351489188,-0.01720758107804543
CICSF040.WI,2024-11-13,0.1234467841722049,0.039322055615332946,2.601831822832308,-0.018034882272104258
CICSF040.WI,2024-11-14,0.1195330325427606,0.03953018933301297,2.5000180494186885,-0.02159936045226718
CICSF040.WI,2024-11-15,0.11954415502435345,0.039529870393716054,2.5002893417184784,-0.02239068253894627
CICSF040.WI,2024-11-18,0.11722670236076937,0.03953757936031528,2.447376665795189,-0.023109864514468503
CICSF040.WI,2024-11-19,0.1202743197834708,0.03967190962980325,2.5079201943356644,-0.019442251077054107
CICSF040.WI,2024-11-20,0.11897479924266618,0.039670978935948155,2.4787073512752364,-0.019537710306340883
CICSF040.WI,2024-11-21,0.12212555891808874,0.03964629465723241,2.551180358425497,-0.01805310829111073
CICSF040.WI,2024-11-22,0.12461984469849696,0.039645782107973995,2.6072436781593025,-0.016514955976524415
CICSF040.WI,2024-11-25,0.12638712342637803,0.039628061373648105,2.6480343718704358,-0.015716394413234136
CICSF040.WI,2024-11-26,0.12277193939000375,0.03973832295466563,2.5598620317703262,-0.01817090439798208
CICSF040.WI,2024-11-27,0.12498706282756844,0.03976775786441026,2.607581503964377,-0.016164150584751402
CICSF040.WI,2024-11-28,0.1241851674229657,0.03977753640067331,2.589015655374807,-0.016587823673270385
CICSF040.WI,2024-11-29,0.12568640734997527,0.03981560879402564,2.6201109008329646,-0.014357664704914064
CICSF040.WI,2024-12-02,0.12863097485087294,0.03982884783541915,2.6848746864009536,-0.012399986539666674
CICSF040.WI,2024-12-03,0.1286940543757762,0.03982976250709585,2.6862178083945274,-0.011254330271107449
CICSF040.WI,2024-12-04,0.13090417343723248,0.039801952555802614,2.7372394177965176,-0.010362746890253849
CICSF040.WI,2024-12-05,0.13086096439094863,0.039802581151070174,2.7362363995086585,-0.010540968980297993
CICSF040.WI,2024-12-06,0.1332838012823656,0.03973540647028086,2.794682557478409,-0.010223778042740328
CICSF040.WI,2024-12-09,0.1365824267182476,0.03975445068682751,2.8665097166498823,-0.00802741542499641
CICSF040.WI,2024-12-10,0.1426600229845274,0.03995669607475783,2.9857401458777777,-0.0033689031738194375
CICSF040.WI,2024-12-11,0.1434254320972217,0.03996409054424094,3.0019596507738613,-0.002065251694592374
CICSF040.WI,2024-12-12,0.14445036075505135,0.03999528314034342,3.022063201448548,0.0
CICSF040.WI,2024-12-13,0.14143825578277114,0.04004556891649802,2.952473512733725,-0.0015446747707327235
CICSF040.WI,2024-12-16,0.14120498987142072,0.04004339212998383,2.947525130842632,-0.0006960183119224528
CICSF040.WI,2024-12-17,0.14109323384330286,0.04004586758904679,2.9448985872075557,-0.001226014908204509
CICSF040.WI,2024-12-18,0.1372300935398807,0.04008148295000444,2.8576652749091784,-0.002818550484585236
CICSF040.WI,2024-12-19,0.14070168206124145,0.0398391963631627,2.9513495627713775,-0.003948007308446799
CICSF040.WI,2024-12-20,0.14294434852211224,0.03987708074461695,2.9978635631391692,-0.0016793469313058917
CICSF040.WI,2024-12-23,0.14582981893368507,0.03986849673849022,3.0617777319543458,-1.7602302381236612e-05
CICSF040.WI,2024-12-24,0.14260069668244113,0.039914072806833886,2.9875838752649058,-0.0015323458853873095
CICSF040.WI,2024-12-25,0.14180064037057827,0.03992746690245768,2.9690425845805466,-0.002111221602331015
CICSF040.WI,2024-12-26,0.14342385665988244,0.03992822026554877,3.0045855681296048,-0.0008497838790041401
CICSF040.WI,2024-12-27,0.14615494384112404,0.0399388196850523,3.063564030751495,0.0
CICSF040.WI,2024-12-30,0.14286182031453176,0.03983531637315632,2.999151554028998,0.0
CICSF040.WI,2024-12-31,0.139643304077115,0.03972016186473501,2.936693704087634,0.0
CICSF040.WI,2025-01-02,0.14058021157827194,0.039725142704386006,2.957027630173624,0.0
CICSF040.WI,2025-01-03,0.1416164649958751,0.03971896970622025,2.980356721166171,0.0
CICSF040.WI,2025-01-06,0.14104975560034316,0.039702972430230625,2.969028879760869,0.0
CICSF040.WI,2025-01-07,0.13799624396184051,0.03970600444312813,2.9012829542083334,-0.0008636458227677668
CICSF040.WI,2025-01-08,0.13955563183392816,0.0397354756775239,2.933640061009725,0.0
CICSF040.WI,2025-01-09,0.1342643098598515,0.03980438306753062,2.8116451953368258,-0.002400989694033906
CICSF040.WI,2025-01-10,0.13735770436865602,0.039875494147780535,2.8750368909449064,0.0
CICSF040.WI,2025-01-13,0.1442549533643993,0.04047160844810422,2.9827425011663116,0.0
CICSF040.WI,2025-01-14,0.14116137471737944,0.04049266529528815,2.9143193741585245,-0.00113472120771696
CICSF040.WI,2025-01-15,0.1460914206493571,0.04052269360654269,3.018628761777444,0.0
CICSF040.WI,2025-01-16,0.1498159691561125,0.04056858382449207,3.0952798051628134,0.0
CICSF040.WI,2025-01-17,0.15055224824279057,0.040547168492508986,3.1126896141762237,-0.00047405109707998605
CICSF040.WI,2025-01-20,0.14801972061841395,0.04063813883178663,3.05155811040715,-0.0026890121368637887
CICSF040.WI,2025-01-21,0.14888948133686353,0.04065374170568273,3.0690415610154838,-0.0009289489747534851
CICSF040.WI,2025-01-22,0.14972242847321615,0.040632546784958395,3.088467650292218,-0.001195560362209136
CICSF040.WI,2025-01-23,0.14551183890219432,0.04071931750347038,2.991818844541559,-0.0034353813534385713
CICSF040.WI,2025-01-24,0.14938621592146717,0.04068368439895636,3.0774436174900406,-0.0016316973583037075
CICSF040.WI,2025-01-27,0.1493148709853298,0.040682519127249225,3.076003939434822,-0.0003493946690991123
CICSF040.WI,2025-02-05,0.15742423674162986,0.04107978873334568,3.217902278469181,0.0
CICSF040.WI,2025-02-06,0.15846984161089672,0.04109269029292244,3.238891939559784,0.0
CICSF040.WI,2025-02-07,0.16245950423426536,0.04110655467053462,3.3214989948350877,0.0
CICSF040.WI,2025-02-10,0.16838607102857184,0.04103408548017931,3.451298042969204,0.0
CICSF040.WI,2025-02-11,0.17142847391244853,0.04111811694098471,3.5076136743387814,0.0
CICSF040.WI,2025-02-12,0.17165250379886232,0.041121078388861816,3.512017281921078,0.0
CICSF040.WI,2025-02-13,0.16564159088829067,0.04136523883562377,3.3671098227033327,-0.0038989766054042807
CICSF040.WI,2025-02-14,0.16751539806933535,0.04143537170137168,3.4002691638731894,-0.0006953318675100295
CICSF040.WI,2025-02-17,0.1592796965588119,0.04174094173261085,3.2059842982734157,-0.005413387327684482
CICSF040.WI,2025-02-18,0.16057212021329903,0.041773583710125364,3.230200439402147,-0.0030594952728475455
CICSF040.WI,2025-02-19,0.15605010040302858,0.04203391268803299,3.1175225361933947,-0.007196991567010924
CICSF040.WI,2025-02-20,0.15175691345064846,0.04210293585524498,3.024061293865435,-0.009247826198373055
CICSF040.WI,2025-02-21,0.14858873507038983,0.042114874279925864,2.95777437719414,-0.010239204328606588
CICSF040.WI,2025-02-24,0.14131662272095769,0.042329989319287185,2.7928299861923107,-0.014255372485968643
CICSF040.WI,2025-02-25,0.141750320092763,0.04232371663975856,2.802219053780186,-0.014232971827368268
CICSF040.WI,2025-02-26,0.14319338917185265,0.042300638110197554,2.833601128103521,-0.013845149470410267
CICSF040.WI,2025-02-27,0.1418444514260606,0.04236082012648198,2.801748846020198,-0.016024183176109874
CICSF040.WI,2025-02-28,0.14080332698661646,0.042414524058506264,2.7767365957483827,-0.01840285968420252
CICSF040.WI,2025-03-03,0.13991532100980697,0.04238879615311619,2.760016121278215,-0.016903487901733905
CICSF040.WI,2025-03-04,0.14005668487980794,0.042386767481999946,2.763073286374891,-0.017006937578619152
CICSF040.WI,2025-03-05,0.14039462644366107,0.042408793338163095,2.768652422590662,-0.01327149629773905
CICSF040.WI,2025-03-06,0.13761255620201762,0.042406269782932,2.711185976798926,-0.01392094011813183
CICSF040.WI,2025-03-07,0.13139668438759688,0.042578971562562754,2.5716193041429376,-0.017439210694740526
CICSF040.WI,2025-03-10,0.12876971717350516,0.0425541019165898,2.5184443264739995,-0.017656591733834492
CICSF040.WI,2025-03-11,0.12252083338699604,0.042865607795886815,2.3708845330082307,-0.02226246862198822
CICSF040.WI,2025-03-12,0.1242587517664866,0.042880908277613865,2.4061479600307534,-0.020637842452697508
CICSF040.WI,2025-03-13,0.12289694358444692,0.042851823953684795,2.379454766543174,-0.019773822057511325
CICSF040.WI,2025-03-14,0.13020261402871025,0.04316985285615809,2.5125323688391146,-0.014066001034076181
CICSF040.WI,2025-03-17,0.12358065437949461,0.043235877099148376,2.372783602313119,-0.01696837619448721
CICSF040.WI,2025-03-18,0.12722477231259588,0.04329563600344642,2.4443927647241823,-0.01412938192726787
CICSF040.WI,2025-03-19,0.12462467243123854,0.043136160104543,2.3997106081646935,-0.011883356580589588
CICSF040.WI,2025-03-20,0.12559429876421535,0.04316226819121486,2.4182610892258922,-0.009706601502134315
CICSF040.WI,2025-03-21,0.12055647304583705,0.04324888929239743,2.3097365015183033,-0.012290249294791167
CICSF040.WI,2025-03-24,0.12100518089978052,0.043259373956420336,2.31844605321631,-0.010528905490850171
CICSF040.WI,2025-03-25,0.11895212718452686,0.043236226514570986,2.2772472721463624,-0.010450380490435562
CICSF040.WI,2025-03-26,0.1224994645024633,0.04327011231236316,2.3486811073926863,-0.00797558096844253
CICSF040.WI,2025-03-27,0.12207101726488534,0.04326989358347153,2.3398658522302034,-0.007682619616449671
CICSF040.WI,2025-03-28,0.12507176425839472,0.04332676662946022,2.398521075589917,-0.004983042280769956
CICSF040.WI,2025-03-31,0.12367481124966351,0.043273704350956,2.3726849916052104,-0.0033073748612096887
CICSF040.WI,2025-04-01,0.12103539709031486,0.04304017921603946,2.330662154738229,0.0
CICSF040.WI,2025-04-02,0.12263135527476421,0.04303229373220842,2.364156272716885,0.0
CICSF040.WI,2025-04-03,0.12771219349466145,0.04325462580087355,2.4566699217105463,0.0
CICSF040.WI,2025-04-07,0.1214644371187128,0.043722457178541646,2.3037237607527894,-0.00595843393919282
CICSF040.WI,2025-04-08,0.1164729774237232,0.04368668147275082,2.2034205666794984,-0.007383288200810134
CICSF040.WI,2025-04-09,0.12525831565498913,0.043268491164017875,2.4055278783924194,-0.005344954537012114
CICSF040.WI,2025-04-10,0.1307687607031267,0.043411092372459124,2.5103525924514116,-0.0011807866823571045
CICSF040.WI,2025-04-11,0.13199333865909457,0.043431031994677315,2.534153882363153,0.0
CICSF040.WI,2025-04-14,0.13514503963261215,0.04344501579186012,2.5973808229928803,0.0
CICSF040.WI,2025-04-15,0.1317945571562127,0.04334513528188063,2.5350367096283244,0.0
CICSF040.WI,2025-04-16,0.1277674170013432,0.043091525860388676,2.4669434915919886,0.0
CICSF040.WI,2025-04-17,0.12581464301602163,0.04303707959533126,2.429722498911047,0.0
CICSF040.WI,2025-04-18,0.1257941158497995,0.04303698260382727,2.4293040107435826,0.0
CICSF040.WI,2025-04-21,0.12288480580751227,0.04288750254534926,2.377260153837937,0.0
CICSF040.WI,2025-04-22,0.12079944401816611,0.04265849951385733,2.346198836628268,0.0
CICSF040.WI,2025-04-23,0.11264858252640053,0.04298057994324434,2.1590436854004396,-0.005087128884583292
CICSF040.WI,2025-04-24,0.11343975774352688,0.04297609987822841,2.1758113005114077,-0.0045753030770669945
CICSF040.WI,2025-04-25,0.11620697991763151,0.042897215732631035,2.2376229359617867,-0.004262084945128808
CICSF040.WI,2025-04-28,0.11023892039783423,0.04256315064918902,2.1288427276095647,-0.003879213099466039
CICSF040.WI,2025-04-29,0.11145618227889997,0.042583727642712184,2.153578069731832,-0.002121359746434237
CICSF040.WI,2025-04-30,0.10988755496082225,0.04261335480948009,2.1189536397048845,-0.003294981826572063
CICSF040.WI,2025-05-06,0.11007137510136444,0.04262311307275378,2.122365208729466,-0.0003100536175368873
CICSF040.WI,2025-05-07,0.1083845889083721,0.04257952404543995,2.08876570838834,0.0
CICSF040.WI,2025-05-08,0.10512118434374673,0.04256250606521429,2.0202781530014833,-0.0008245499086806385
CICSF040.WI,2025-05-09,0.10745945418025915,0.04250593516749898,2.072655749234534,-0.0004990271617431041
CICSF040.WI,2025-05-12,0.11644362440549205,0.04211789726857427,2.2832779093785125,0.0
CICSF040.WI,2025-05-13,0.11102203481218398,0.042288875562813785,2.159055192447304,-0.0034783619542083644
CICSF040.WI,2025-05-14,0.1159052813470891,0.04253251018107832,2.2500859183777564,0.0
CICSF040.WI,2025-05-15,0.10089238450324012,0.044328727045741784,1.8549973093704144,-0.012091497445841926
CICSF040.WI,2025-05-16,0.10238528863233642,0.04431903193775766,1.8859828440201614,-0.011350671687046288
CICSF040.WI,2025-05-19,0.1021220575070616,0.04430791086399782,1.881053239847188,-0.009056006468478262
CICSF040.WI,2025-05-20,0.10394333273408862,0.04432526283391609,1.9175995971122113,-0.007388386203777686
CICSF040.WI,2025-05-21,0.11267101687828562,0.04497004805315831,2.0659239152790567,0.0
CICSF040.WI,2025-05-22,0.10984036807578335,0.04517685831980309,2.000264884812397,-0.004503589678160558
CICSF040.WI,2025-05-23,0.10860030135924581,0.04519178253136638,1.9748707208356908,-0.005244560147102506
CICSF040.WI,2025-05-26,0.10431016137350135,0.04506174445688167,1.8943596100166882,-0.005276679482555391
CICSF040.WI,2025-05-27,0.10062976881532437,0.0450875723854858,1.8192304971709894,-0.006893466841563001
CICSF040.WI,2025-05-28,0.09735587631230769,0.045172410145753565,1.7499261576150225,-0.009267763730305356
CICSF040.WI,2025-05-29,0.10071218906355206,0.04521752867381858,1.8157879374031671,-0.00671985806677966
CICSF040.WI,2025-05-30,0.09466890686588014,0.04536828107057,1.688508745289097,-0.010308320623424794
CICSF040.WI,2025-06-03,0.10043558024823462,0.045914124241433284,1.7834493024861995,-0.0026749448261382813
CICSF040.WI,2025-06-04,0.0965442934731715,0.0455620858039898,1.7191008704477966,0.0
CICSF040.WI,2025-06-05,0.10054189020867188,0.04545831731150508,1.8030030365046228,0.0
CICSF040.WI,2025-06-06,0.10267993502352901,0.04547860482596512,1.8449112648353498,0.0
CICSF040.WI,2025-06-09,0.1118194166373665,0.04499658208356097,2.047706929206472,0.0
CICSF040.WI,2025-06-10,0.11398571141047942,0.04496902708271827,2.092238710206403,0.0
CICSF040.WI,2025-06-11,0.11658316461037477,0.045038475312024054,2.140814588298365,0.0
CICSF040.WI,2025-06-12,0.11691837496164892,0.045045767816318014,2.147141781938571,0.0
CICSF040.WI,2025-06-13,0.12042569204117615,0.04526577751412715,2.2062179020231216,0.0
CICSF040.WI,2025-06-16,0.12967146620665027,0.04520680100619448,2.390912358782398,0.0
CICSF040.WI,2025-06-17,0.12589077257685433,0.045413207009404655,2.306397188424119,-0.003976069459959541
CICSF040.WI,2025-06-18,0.13259087839373906,0.04560896037934456,2.4268459121602906,0.0
CICSF040.WI,2025-06-19,0.12991864894246508,0.04556092122874966,2.3774846994266863,0.0
CICSF040.WI,2025-06-20,0.1325520181496158,0.04546569953326871,2.4335947968952287,-0.00020098156391490374
CICSF040.WI,2025-06-23,0.13220873163397195,0.04544304808484529,2.4281109497193736,0.0
CICSF040.WI,2025-06-24,0.11848939856843854,0.04715383406636155,2.0830371687806246,-0.012096464179609967
CICSF040.WI,2025-06-25,0.12588013397911002,0.04651491652885828,2.252660773308388,-0.012889289325879849
CICSF040.WI,2025-06-26,0.12362334673817088,0.04655544182865277,2.2076213284307866,-0.014338814801919786
CICSF040.WI,2025-06-27,0.1207705692695118,0.046599707733993086,2.150990536173354,-0.01593248422945215
CICSF040.WI,2025-06-30,0.11828623504265567,0.0466439063793361,2.101399676518701,-0.017489198809893525
CICSF040.WI,2025-07-01,0.12342835758258541,0.04676272765144226,2.1943282531313124,-0.01360078707809953
CICSF040.WI,2025-07-02,0.1230125461320799,0.046756617742116494,2.1866877267893505,-0.012567087164488955
CICSF040.WI,2025-07-03,0.1227301019674718,0.0467497182897291,2.181620573181682,-0.010973952345956217
CICSF040.WI,2025-07-04,0.11721106058515418,0.04687734859128715,2.0706380236762354,-0.014155243436713927
CICSF040.WI,2025-07-07,0.11574596988696073,0.046915855486946906,2.0409944058930685,-0.015718607216586578
CICSF040.WI,2025-07-08,0.12244682805789919,0.04694547674504608,2.167340272817109,-0.012098468963357978
CICSF040.WI,2025-07-09,0.11918346074875119,0.04702808199000539,2.1016753180443053,-0.0143967196391791
CICSF040.WI,2025-07-10,0.12169578865375485,0.047041808303891715,2.14876292138134,-0.012559268507871146
CICSF040.WI,2025-07-11,0.12302796010158024,0.0470017622366413,2.175818430825884,-0.013079242586017337
CICSF040.WI,2025-07-14,0.1252463474836789,0.04714782660790997,2.2110979148349186,-0.008227231545673286
CICSF040.WI,2025-07-15,0.12942973038440697,0.047050423972817786,2.2944856033859016,-0.007134423924554545
CICSF040.WI,2025-07-16,0.12545603647343295,0.0470813944358293,2.21811101658266,-0.00881613677169335
CICSF040.WI,2025-07-17,0.12476666450423068,0.04708326076787074,2.205005381193478,-0.008793315650026945
CICSF040.WI,2025-07-18,0.13222099034249046,0.04733538690680476,2.333126030762663,-0.0032572389817502323
CICSF040.WI,2025-07-21,0.1337486392436522,0.04729373602906648,2.363663400684847,-0.0035399469033025044
CICSF040.WI,2025-07-22,0.1370745302390597,0.04719037078496147,2.4308419129188863,-0.003231978706523475
CICSF040.WI,2025-07-23,0.1389308077379443,0.04727601750769147,2.4610441052132526,0.0
CICSF040.WI,2025-07-24,0.13794361268439226,0.04733281905396442,2.439817663414694,-0.003007680748038033
CICSF040.WI,2025-07-25,0.13177615007278942,0.04730581395665564,2.3262439714590872,-0.004980430789781276
CICSF040.WI,2025-07-28,0.1326424164397788,0.04730593093377405,2.3424200698628215,-0.004097612289196917
CICSF040.WI,2025-07-29,0.1304095355381636,0.04734132048770677,2.2990004729327023,-0.005429186842544675
CICSF040.WI,2025-07-30,0.13131786981286053,0.04735014749598339,2.3155524784150625,-0.004024544999165158
CICSF040.WI,2025-07-31,0.12775329728092766,0.04748467185242688,2.2426350382527045,-0.007115979295374775
CICSF040.WI,2025-08-01,0.12456270122036894,0.0475647214488683,2.1793476421948426,-0.009377692436132845
CICSF040.WI,2025-08-04,0.13078908716970905,0.04755242085358449,2.2960675662583436,-0.006269460677909566
CICSF040.WI,2025-08-05,0.1317843694146108,0.04754773845208847,2.314801223633336,-0.005591651360828176
CICSF040.WI,2025-08-06,0.13435569343244746,0.04747446207247058,2.3661262293316074,-0.005487994656870887
CICSF040.WI,2025-08-07,0.13532044138840083,0.047474717641136206,2.3840295999913095,-0.00454716981132075
CICSF040.WI,2025-08-08,0.13322840724329144,0.04754799858068837,2.3416189223946877,-0.006835899148438851
CICSF040.WI,2025-08-11,0.12735886687236286,0.04765863797917098,2.2272785068262273,-0.009929838036400018
CICSF040.WI,2025-08-12,0.12484865213954954,0.04765011994907841,2.180865029185525,-0.010383436299883031
CICSF040.WI,2025-08-13,0.12889924135941633,0.04774484235268871,2.2519548466389687,-0.0068913341125397265
CICSF040.WI,2025-08-14,0.1230464443223318,0.047739021123209886,2.1432883937496436,-0.00894877275004169
CICSF040.WI,2025-08-15,0.11933971721513115,0.04778346503878842,2.072119141788961,-0.010766171314075867
CICSF040.WI,2025-08-18,0.11718405875973703,0.04786122345828519,2.028535510063865,-0.01317839372182339
CICSF040.WI,2025-08-19,0.1201871654304476,0.0477054363680557,2.0913017469266917,-0.01414506595424947
CICSF040.WI,2025-08-20,0.12213108497326441,0.04763562515112684,2.1307117390616694,-0.014727199866421792
CICSF040.WI,2025-08-21,0.12320793879808511,0.047666328657570055,2.1495021370180627,-0.012302888629153408
CICSF040.WI,2025-08-22,0.12805862630015552,0.04761595664072025,2.2422698686918268,-0.010254433127400264
CICSF040.WI,2025-08-25,0.1356389424325526,0.04803156214256129,2.3627831019074113,-0.0035220904992485647
CICSF040.WI,2025-08-26,0.138022608115006,0.04794678282781282,2.410629852263189,-0.003895708799465658
CICSF040.WI,2025-08-27,0.12881589733072785,0.0481929418606426,2.229926450153145,-0.008884488228418808
CICSF040.WI,2025-08-28,0.12692861185178095,0.04821632103298277,2.1941474254345565,-0.009900617799298628
CICSF040.WI,2025-08-29,0.12891851859845005,0.04824452663119351,2.229478653606305,-0.007789046585406689
CICSF040.WI,2025-09-01,0.13487228701925336,0.048605716450748036,2.3215398443741826,-0.001403306061112053
CICSF040.WI,2025-09-02,0.13247944048849258,0.04857701470855397,2.279410587943263,-0.00129998330272163
CICSF040.WI,2025-09-03,0.1364142127501211,0.04860857103828462,2.34935296551563,0.0
CICSF040.WI,2025-09-04,0.13024316252266988,0.048973947018097354,2.2209502321753147,-0.00548357905980601
CICSF040.WI,2025-09-05,0.13518846018198594,0.04909940251434922,2.3043635181538153,-0.001418683326744219
CICSF040.WI,2025-09-08,0.1364367836474818,0.0491118878509515,2.3261801836296794,0.0
CICSF040.WI,2025-09-09,0.13503768744250322,0.0490818970402478,2.3024603985682415,0.0
CICSF040.WI,2025-09-10,0.13772318483683255,0.049004828112621295,2.3542531033260006,0.0
CICSF040.WI,2025-09-11,0.14142965494466742,0.049042665554868255,2.4188288540094454,0.0
CICSF040.WI,2025-09-12,0.14408288748823628,0.049017133623380636,2.4674554170145755,0.0
CICSF040.WI,2025-09-15,0.1432803713728057,0.04900572405210673,2.4536922029313386,0.0
CICSF040.WI,2025-09-16,0.14972040369292294,0.04894366469223435,2.571571481385243,0.0
CICSF040.WI,2025-09-17,0.15119289018162974,0.04894346136224825,2.5977475193284603,0.0
CICSF040.WI,2025-09-18,0.14638762766725133,0.04940956176660263,2.489001762927793,-0.00701082017881649
CICSF040.WI,2025-09-19,0.14511362172061681,0.04939675510917508,2.4671116697559774,-0.006460293040334131
CICSF040.WI,2025-09-22,0.1479369545383853,0.049494740940410085,2.5121049877827026,-0.002747717324284915
CICSF040.WI,2025-09-23,0.14968550422513505,0.04943586772749539,2.5458434060880752,-0.003338911775071729
CICSF040.WI,2025-09-24,0.1505986314726644,0.04947239612078871,2.560056765915096,-0.00013150858134736154
CICSF040.WI,2025-09-25,0.1544433257550044,0.049586760195616565,2.621578150073997,0.0
CICSF040.WI,2025-09-26,0.15072267354578028,0.049643628640018464,2.5535692551024,-0.0019158763209610186
CICSF040.WI,2025-09-29,0.15191272896040453,0.049722641031578675,2.5703897438294137,0.0
CICSF040.WI,2025-09-30,0.15391230934517952,0.04977583210970716,2.6025593624278187,0.0
CICSF040.WI,2025-10-09,0.16663942376619478,0.05146416797415866,2.7320863655217718,0.0
CICSF040.WI,2025-10-10,0.15227996764397034,0.0521508667754095,2.459175220407933,-0.008453430707313747
CICSF040.WI,2025-10-13,0.14968313066179983,0.052174501406850725,2.414817180708663,-0.00955289618509414
CICSF040.WI,2025-10-14,0.1412944102218543,0.05187010875925411,2.287423345350004,-0.01052260306706898
CICSF040.WI,2025-10-15,0.14172329932007455,0.05189310635505601,2.2936765732312825,-0.00669269298197217
CICSF040.WI,2025-10-16,0.13695395470070237,0.051634222962648114,2.223805135408311,-0.005104278799370698
CICSF040.WI,2025-10-17,0.13861842875119423,0.05168988549925805,2.2497819317877923,-0.001916647966574092
CICSF040.WI,2025-10-20,0.1224807394452343,0.05069536484157549,2.0112142602267102,-0.005046074459055139
CICSF040.WI,2025-10-21,0.14093302777045302,0.04970803103217618,2.3783412820644885,0.0
CICSF040.WI,2025-10-22,0.14351262475351012,0.04937702893117518,2.4397138526211672,-0.005627267948519088
CICSF040.WI,2025-10-23,0.1350929308575739,0.04907283230367621,2.303858615914379,-0.006789688756647649
CICSF040.WI,2025-10-24,0.13630903519306403,0.049077249964913874,2.3254853430478755,-0.005551012988804449
CICSF040.WI,2025-10-27,0.13883514114357665,0.04909334781128716,2.3699946214285568,-0.003580244486421469
CICSF040.WI,2025-10-28,0.14278415139392497,0.04863385289566423,2.463137862027784,-0.007816230059215279
CICSF040.WI,2025-10-29,0.14788871419636385,0.048735628699701335,2.54959380297138,-0.003965644658978196
CICSF040.WI,2025-10-30,0.14690356031667373,0.0487518773241728,2.5311389144041154,-0.004760294822430011
CICSF040.WI,2025-10-31,0.1414415449813986,0.048479956575079954,2.4465431696042064,-0.003870825516340437
CICSF040.WI,2025-11-03,0.1446680687334485,0.04844728330215414,2.506455519312268,-0.002488277330844335
CICSF040.WI,2025-11-04,0.1431251479646778,0.04849950851761912,2.475982422031595,-0.00449040512139387
CICSF040.WI,2025-11-05,0.14026994541458593,0.04846755639491303,2.425957306947054,-0.004594860879819751
CICSF040.WI,2025-11-06,0.14367390922949297,0.04835784223572902,2.4930245352296883,-0.004352946371104949
CICSF040.WI,2025-11-07,0.14460949496408215,0.04834320683750092,2.510688663508266,-0.004267699385287038
CICSF040.WI,2025-11-10,0.15113504420918922,0.048364976727219115,2.6271869586898555,-0.000702119314195282
CICSF040.WI,2025-11-11,0.15214481870621932,0.04837984887407322,2.6445279287026318,0.0
CICSF040.WI,2025-11-12,0.15281041362374492,0.04837825620507783,2.6565580660956636,0.0
CICSF040.WI,2025-11-13,0.15394556841783924,0.048388229323995974,2.676371729857524,0.0
CICSF040.WI,2025-11-14,0.14922538285965925,0.048418807043250245,2.5900098972127457,-0.0018445786021045185
CICSF040.WI,2025-11-17,0.14198761083767475,0.04865499245993346,2.447751528839187,-0.0062567340432886365
CICSF040.WI,2025-11-18,0.13375127190050073,0.048661211427197266,2.298617297259886,-0.009382274469133312
CICSF040.WI,2025-11-19,0.14294607421249905,0.048637599136158255,2.4658673323622495,-0.005006158124394533
CICSF040.WI,2025-11-20,0.13697353074094543,0.048706673511577994,2.354815080504735,-0.007726403257060754
CICSF040.WI,2025-11-21,0.13059488883609083,0.0491143842738409,2.221066761081762,-0.013523815482909818
CICSF040.WI,2025-11-24,0.13310886411692557,0.04907809458618067,2.2679521595133694,-0.012727357875551126
CICSF040.WI,2025-11-25,0.14132844620263363,0.04893221522539384,2.4223543379906745,-0.009625650791562412
CICSF040.WI,2025-11-26,0.14160967136377378,0.04892590755404885,2.4276986149957396,-0.01021550994229381
CICSF040.WI,2025-11-27,0.14575287062965558,0.04875050922524723,2.510608540727188,-0.010229225356003346
CICSF040.WI,2025-11-28,0.1495614358901689,0.048771062230603256,2.577652050018208,-0.0077423349788403595
CICSF040.WI,2025-12-01,0.15704250788005347,0.04903074124597766,2.6966307160106924,-0.00201966693964728
CICSF040.WI,2025-12-02,0.14940963857969547,0.04904796691715005,2.5606801811518363,-0.004881145501074546
CICSF040.WI,2025-12-03,0.14711010700520455,0.049115527940059356,2.516428857662472,-0.006968682860319708
CICSF040.WI,2025-12-04,0.14722708952098573,0.04911764803233811,2.518399626976488,-0.005363626131826726
CICSF040.WI,2025-12-05,0.1513342594932221,0.04932260306748258,2.5806334432377014,-0.00023913642872985807
CICSF040.WI,2025-12-08,0.15178295811378995,0.049326112457089115,2.5883571523336357,0.0
CICSF040.WI,2025-12-09,0.14815802471331496,0.04962063197433241,2.509726352930644,-0.005633090248817085
CICSF040.WI,2025-12-10,0.14774585366019588,0.04961108576771491,2.5029585114682855,-0.003958402486244572
CICSF040.WI,2025-12-11,0.1492084293823448,0.04960211134608827,2.529090798647057,-0.0031186198015943356
CICSF040.WI,2025-12-12,0.1510409744267529,0.04968313952094463,2.5571345911966112,0.0
CICSF040.WI,2025-12-15,0.1446015927464226,0.04983793449063689,2.4367174529475544,-0.0036193145847850383
CICSF040.WI,2025-12-16,0.1389435904009646,0.05002159584052239,2.3288346111432268,-0.007394501698356315
CICSF040.WI,2025-12-17,0.1426175817791666,0.05015027992732752,2.3872393410419814,-0.003294614887913938
CICSF040.WI,2025-12-18,0.1427930582592969,0.05014831938429613,2.3903945163737306,-0.0033210692874714454
CICSF040.WI,2025-12-19,0.14439668084211132,0.05016194326029083,2.4177286218249026,-0.0016025273603423873
CICSF040.WI,2025-12-22,0.14809717174090964,0.05037506202588521,2.4718324901815514,0.0
CICSF040.WI,2025-12-23,0.1451350346059601,0.050227501829539424,2.4274860129087097,0.0
CICSF040.WI,2025-12-24,0.14882766668349645,0.050380433580283504,2.484206529131566,0.0
CICSF040.WI,2025-12-25,0.1452396155235285,0.05036454481285934,2.4228308568352226,-0.0007611548115015188
CICSF040.WI,2025-12-26,0.1529813764368162,0.05053558352473497,2.548190224389121,0.0
CICSF040.WI,2025-12-29,0.14791555855358962,0.05070218028774495,2.4530873483946394,-0.0035474335365629495
CICSF040.WI,2025-12-30,0.14498644197007327,0.0508208749616342,2.3971753230450874,-0.006617200361282993
CICSF040.WI,2025-12-31,0.14496539121204077,0.05082165320716689,2.3967774328946767,-0.008219374123922374
CICSF040.WI,2026-01-05,0.15356793106080957,0.0511265130556163,2.5292756363520414,-0.0018995465641326037
CICSF040.WI,2026-01-06,0.1594021426489478,0.05154584660796701,2.6070402993063735,0.0
CICSF040.WI,2026-01-07,0.15070771047878062,0.05193482262995181,2.4428802358162724,-0.005847007646488156
CICSF040.WI,2026-01-08,0.14906148111246376,0.05201177387648572,2.411801907129793,-0.008773025149491742
CICSF040.WI,2026-01-09,0.15409263646737958,0.052099771968863395,2.4917200792234664,-0.0050101408125696745
CICSF040.WI,2026-01-12,0.16119204440339074,0.052543839676959705,2.5878833954648774,0.0
CICSF040.WI,2026-01-13,0.15733631141869653,0.05256578697433385,2.5235138605565726,-0.001416674440602561
CICSF040.WI,2026-01-14,0.1603405251814174,0.052626848779032474,2.5699363500931303,0.0
CICSF040.WI,2026-01-15,0.15719766638623622,0.05268973597595707,2.515425619549452,-0.001981743600155461
CICSF040.WI,2026-01-16,0.15145075074923797,0.052868188539132006,2.412888501964486,-0.005771865787441155
CICSF040.WI,2026-01-19,0.15324128357993616,0.05289542849268079,2.4410649274539686,-0.0035164933652833685
CICSF040.WI,2026-01-20,0.15375423230387586,0.05290558720727739,2.449016461732982,-0.0015268638475680607
CICSF040.WI,2026-01-21,0.16136700371478074,0.05313607134009741,2.5624629911346055,0.0
CICSF040.WI,2026-01-22,0.1584309363682832,0.05312679210299954,2.515226363069611,-0.00047844015235043447
CICSF040.WI,2026-01-23,0.16528457361719506,0.05312110423248367,2.626602283890724,0.0
CICSF040.WI,2026-01-26,0.16898713123247733,0.05335434373023506,2.6748456670406604,0.0
CICSF040.WI,2026-01-27,0.159549670218178,0.052921868830076726,2.543012416578813,-0.0006433667678799049
CICSF040.WI,2026-01-28,0.16883492926830423,0.053263029069952776,2.6768947982285396,0.0
CICSF040.WI,2026-01-29,0.1824188907878117,0.0550254713771782,2.802990698791796,0.0
CICSF040.WI,2026-01-30,0.16061579490746936,0.05738174831609873,2.3656626177538898,-0.01574445564368243
CICSF040.WI,2026-02-02,0.139369501699111,0.06055441992377192,1.9395526038529785,-0.03422033496425869
CICSF040.WI,2026-02-03,0.15582255995439476,0.061604673219472675,2.140372953422132,-0.02244508379883714
CICSF040.WI,2026-02-04,0.16113809791340317,0.0618651716601977,2.205829403809619,-0.01621625333049448
CICSF040.WI,2026-02-05,0.15502121124534884,0.06216277173794763,2.110546348734117,-0.0216599843784695
CICSF040.WI,2026-02-06,0.15578196486106455,0.06213628514567904,2.1220223035704184,-0.023210976171434083
CICSF040.WI,2026-02-09,0.16186353380909524,0.062463582954826395,2.195294684583989,-0.016294049435795266
CICSF040.WI,2026-02-10,0.16204013620165436,0.062465434630992474,2.1976660682060727,-0.014880864429669738
CICSF040.WI,2026-02-11,0.15543227280473748,0.062194839743432956,2.1152140730532216,-0.01422416487983158
CICSF040.WI,2026-02-12,0.1537650379641089,0.06218736012344257,2.092227536170992,-0.014050484772274552
CICSF040.WI,2026-02-13,0.14125762102949535,0.0627998549457682,1.8987736001995392,-0.02232070682177789
CICSF040.WI,2026-02-24,0.1516890952558967,0.06375976465480607,2.0139117161350963,-0.010848019591551794
CICSF040.WI,2026-02-25,0.1477333169142494,0.06370744968669458,1.9614757377719363,-0.011043296285105919
CICSF040.WI,2026-02-26,0.14202483794841236,0.06383872889283548,1.8794257295973957,-0.014622794301199393
CICSF040.WI,2026-02-27,0.149445014864652,0.06371534914964028,1.9846427083555276,-0.012087343006204287
CICSF040.WI,2026-03-02,0.1567362115184281,0.06429674159642722,2.065669784010143,-0.0026233197576306377
CICSF040.WI,2026-03-03,0.171960548472456,0.06454502861681573,2.260672268366087,0.0
CICSF040.WI,2026-03-04,0.1868263046882075,0.06611998087657431,2.3991189043111523,0.0
CICSF040.WI,2026-03-05,0.19971129895836404,0.0662094895996576,2.55916969754238,0.0
CICSF040.WI,2026-03-06,0.203070439383509,0.06614990610867598,2.6037148507424064,0.0
CICSF040.WI,2026-03-09,0.22305168715128754,0.06777186612359114,2.786221306993323,0.0
CICSF040.WI,2026-03-10,0.21329322612203083,0.06880272913515037,2.6289801980789655,-0.012004120878126523
CICSF040.WI,2026-03-11,0.21165256481006467,0.06883089346571014,2.6082582197296884,-0.01331770507920671
CICSF040.WI,2026-03-12,0.22000628417026458,0.06913773998944016,2.6964424963454645,-0.006124180910314414
CICSF040.WI,2026-03-13,0.22386986965832079,0.06907186988500683,2.7447613622204403,-0.005179767154458337
CICSF040.WI,2026-03-16,0.2269845978291909,0.06899933832202824,2.7844416367100333,-0.005058978801224079
CICSF040.WI,2026-03-17,0.22449269372197933,0.06900842303853946,2.754600131170055,-0.005562953797948023
CICSF040.WI,2026-03-18,0.22212048953796182,0.06906147936667825,2.724435115477239,-0.007593912510253431
CICSF040.WI,2026-03-19,0.22085339071703514,0.06902400712337958,2.7108361839655144,-0.004855541212763215
CICSF040.WI,2026-03-20,0.21477612353641762,0.06930830938702713,2.627941288903169,-0.010460977991817666
CICSF040.WI,2026-03-23,0.2199358174188346,0.06917071751926082,2.694354840156179,-0.009803577750443604
CICSF040.WI,2026-03-24,0.21584146127173964,0.06930165194411551,2.640846051158941,-0.013345216212165889
CICSF040.WI,2026-03-25,0.2210133925813551,0.06909491759903004,2.7100233040134207,-0.013793966229360244
CICSF040.WI,2026-03-26,0.21964111478040804,0.069090029059642,2.6939210712995987,-0.013265491844759003
CICSF040.WI,2026-03-27,0.21906295284866406,0.06909107516638209,2.687013102181615,-0.01286313428545982
CICSF040.WI,2026-03-30,0.21462631727178172,0.06892042598186934,2.6405531856886397,-0.010728559958704365
CICSF040.WI,2026-03-31,0.2164624461359761,0.06885508788283468,2.6649487796211426,-0.012149698210111248
CICSF040.WI,2026-04-01,0.20754319265802423,0.06902228641511983,2.551958105440453,-0.016560746391516834
CICSF040.WI,2026-04-02,0.20805416319594272,0.06903296651577694,2.55770692003055,-0.013903170947664467
CICSF040.WI,2026-04-03,0.20613442069942378,0.06901790841146667,2.5351894879685393,-0.013301343194867865
CICSF040.WI,2026-04-07,0.20967060717884078,0.06893678020892346,2.5805913875110718,-0.012990322596993065
CICSF040.WI,2026-04-08,0.20671727084632385,0.06894389707788377,2.5448498932491006,-0.013644247747887972
CICSF040.WI,2026-04-09,0.2065248350564548,0.06894565139859857,2.5424719677177166,-0.013723277097199005
CICSF040.WI,2026-04-10,0.20597378597177585,0.06893552800826197,2.536203385906484,-0.011708245882922741
CICSF040.WI,2026-04-13,0.20785268751567876,0.06894275862050324,2.558542456374222,-0.009876178182368411
CICSF040.WI,2026-04-14,0.2062718097551488,0.06891775907568669,2.540427655148564,-0.008482000841261494
CICSF040.WI,2026-04-15,0.20304720089452588,0.06893349046104852,2.501003149074731,-0.009467217951159013
CICSF040.WI,2026-04-16,0.20010293027434245,0.06887757122783048,2.467376430342539,-0.008404361528142057
CICSF040.WI,2026-04-17,0.20131402182363245,0.06888792803511584,2.4816684076897477,-0.00647669988032662
CICSF040.WI,2026-04-20,0.1956351489373267,0.06876718101541422,2.4169504636147643,-0.0063816851148119635
CICSF040.WI,2026-04-21,0.20619953438235816,0.06847123634808172,2.555671921778079,-0.003574999330321127
CICSF040.WI,2026-04-22,0.20971668267738086,0.0684397719763005,2.599391026881855,-0.0021019663944271683
CICSF040.WI,2026-04-23,0.20375407630982312,0.06852458267170536,2.5240967975944835,-0.004981455324454043
CICSF040.WI,2026-04-24,0.19606050779251438,0.06850155922575946,2.4312528285389967,-0.007201864386041978
CICSF040.WI,2026-04-27,0.19235892020271228,0.06852122315894843,2.3853065999453675,-0.008461932193744914
CICSF040.WI,2026-04-28,0.1914223521939895,0.06850957025354831,2.3742229443662533,-0.007150288251515535
CICSF040.WI,2026-04-29,0.1926797483785292,0.06851419750034932,2.3894736828067242,-0.005627619439945719
CICSF040.WI,2026-04-30,0.19113017869800597,0.06850667451617802,2.3707377989741802,-0.005180317377117438
CICSF040.WI,2026-05-06,0.1854773722237335,0.06865374136253743,2.2964674534258482,-0.008956437568913622
CICSF040.WI,2026-05-07,0.1827301220211579,0.06869262508792354,2.2614080620961694,-0.01056815557400892
CICSF040.WI,2026-05-08,0.17976248240892034,0.06870331866636711,2.2244748963505314,-0.011436117339325924
CICSF040.WI,2026-05-11,0.17630665465389495,0.06859085147331052,2.1852134878536535,-0.009655770568734678
CICSF040.WI,2026-05-12,0.18407131450103753,0.06835296789252368,2.288897757275942,-0.008189890527410149
CICSF040.WI,2026-05-13,0.18526328971295025,0.06835794011874086,2.3034653721667837,-0.0066807166505340465
CICSF040.WI,2026-05-14,0.18244625054951058,0.0684121566005034,2.266887753029573,-0.008729745833330416
CICSF040.WI,2026-05-15,0.1772899382322548,0.06856962693073808,2.19806193984772,-0.012672902040819278
CICSF040.WI,2026-05-18,0.17500907767949747,0.06856562090818956,2.1698846175981368,-0.012846772401121087
CICSF040.WI,2026-05-19,0.18021201108563534,0.068590033071732,2.2335937981908227,-0.009641812288643914
CICSF040.WI,2026-05-20,0.17387046935392259,0.06861812624082593,2.154138656650732,-0.012013242990633888
CICSF040.WI,2026-05-21,0.17113939871352324,0.06865006150565357,2.119217146297999,-0.01345650598475745
CICSF040.WI,2026-05-22,0.17204286091966403,0.06863791879549208,2.130822037908007,-0.013509530073650189
CICSF040.WI,2026-05-25,0.17112963948886284,0.06864591984421374,2.1192194060542695,-0.0139570348500897
CICSF040.WI,2026-05-26,0.1697755681786015,0.06862528400186889,2.102967551018818,-0.012703048450725007
CICSF040.WI,2026-05-27,0.17450443176769692,0.06850117635460397,2.1655865069017857,-0.012159920767937149
CICSF040.WI,2026-05-28,0.1686264076991335,0.06836712865611635,2.0962657375749147,-0.012219518569652754
CICSF040.WI,2026-05-29,0.18419726290929872,0.06716506999558744,2.3297619928070183,-0.011161150805171216
CICSF040.WI,2026-06-01,0.18465868923358442,0.06716660916901931,2.3355142491076806,-0.010034034167379136
CICSF040.WI,2026-06-02,0.1843102271325452,0.06716003095236873,2.331353072310897,-0.008028182983785048
CICSF040.WI,2026-06-03,0.18080905562430005,0.06718093601331243,2.2865485753371533,-0.009296330376851847
CICSF040.WI,2026-06-04,0.17205499337016517,0.06677749575512956,2.1884559901520415,-0.008782074904127302
CICSF040.WI,2026-06-05,0.17400104815370576,0.066670067499365,2.2167745866111916,-0.011607728890816293
CICSF040.WI,2026-06-08,0.17062193186586927,0.0667921927269065,2.1696602116178423,-0.015186174352529225
CICSF040.WI,2026-06-09,0.17053838629552764,0.06679294576219903,2.1685672809378573,-0.015288255135351259
CICSF040.WI,2026-06-10,0.16852389427741188,0.0668733455993997,2.1402667478647937,-0.018580700650638327
CICSF040.WI,2026-06-11,0.17132427014592122,0.06680772997436317,2.1781547673570416,-0.018580700650638327
CICSF040.WI,2026-06-12,0.16981041597424174,0.06678260763088242,2.159571589844295,-0.01732842283742586
CICSF040.WI,2026-06-15,0.17468384194295927,0.0666466228201209,2.2262608604255436,-0.01679954302560205
CICSF040.WI,2026-06-16,0.16638571559777127,0.06626809172197257,2.1315559781875035,-0.016215264479724656
CICSF040.WI,2026-06-17,0.16604159470227042,0.06625761934518191,2.127426269192326,-0.01345424717594601
CICSF040.WI,2026-06-18,0.16508675623322544,0.06625917751732327,2.115006487316774,-0.013373798831356032
CICSF040.WI,2026-06-22,0.16639752635774996,0.06628954510465027,2.131040308247328,-0.010453854056335588
CICSF040.WI,2026-06-23,0.155546853248254,0.06676386353934737,1.9762995789529447,-0.017807319264526056
CICSF040.WI,2026-06-24,0.1526136111554821,0.06680512918329237,1.9370525536945724,-0.019548831899013908
CICSF040.WI,2026-06-25,0.14932775250595642,0.06676466565355627,1.8954020079207938,-0.019471626972204392
CICSF040.WI,2026-06-26,0.1452283317724763,0.06680009762223252,1.8409117890955475,-0.021326688188095133
CICSF040.WI,2026-06-29,0.14191082098219576,0.06666122218482734,1.801066694155232,-0.01911933967489088
CICSF040.WI,2026-06-30,0.13517796905702162,0.06659219101518439,1.7140158881558833,-0.020750720900280073
CICSF040.WI,2026-07-01,0.1379428530829292,0.06647211895171239,1.7536078321595774,-0.02226866938061578
CICSF040.WI,2026-07-02,0.13089268203716542,0.0663470001054191,1.663071572903171,-0.02351486578548989
CICSF040.WI,2026-07-03,0.1311323560836708,0.06634649184211222,1.6662794010581414,-0.023080421557434172
CICSF040.WI,2026-07-06,0.13268767743064291,0.066346198056278,1.6870074293442887,-0.021933757535697485
CICSF040.WI,2026-07-07,0.12813989648299118,0.06627267448275377,1.6280703628170896,-0.022241621593053873
CICSF040.WI,2026-07-08,0.14352128990261814,0.06506267361077263,1.8653698012295215,-0.02089925205917209
CICSF040.WI,2026-07-09,0.14493888312490766,0.06504878869253643,1.8848102752679239,-0.02047222135747173
CICSF040.WI,2026-07-10,0.1471196395762513,0.06501746320323142,1.9149704508712413,-0.02004765217819393
CICSF040.WI,2026-07-13,0.1462753731285258,0.065046231205601,1.9028269644128253,-0.02235215842937499
CICSF040.WI,2026-07-14,0.15025456052681685,0.06502450390654817,1.9567644458901858,-0.02051027359821722
CICSF040.WI,2026-07-15,0.1488114455412206,0.0649706820695589,1.9389986868500062,-0.017867554166162924
CICSF040.WI,2026-07-16,0.14600703525566283,0.06499816880022807,1.9005822883247507,-0.01923836152379832
CICSF040.WI,2026-07-17,0.1412695453666155,0.06506196402886097,1.8350781524971613,-0.021716911889804846
CICSF040.WI,2026-07-20,0.14851252361863776,0.06500346405917912,1.9340476514570681,-0.01867502039805713
CICSF040.WI,2026-07-21,0.15115624688751583,0.06496798539428576,1.9704784296936992,-0.017975919070934543
CICSF040.WI,2026-07-22,0.15144782779409827,0.06498070312135487,1.974005100371048,-0.014114427489703263
CICSF040.WI,2026-07-23,0.1585288592162113,0.0649959646310138,2.0679377538127706,-0.010359215758956153
CICSF040.WI,2026-07-24,0.15903244310403686,0.06500597833142202,2.0743183663338685,-0.008083263167877996
CICSF040.WI,2026-07-27,0.15832325951873072,0.06501943932500989,2.0644832199164713,-0.009212204228171483
CICSF040.WI,2026-07-28,0.14937811017766323,0.06496432581307554,1.946777333696624,-0.012030155097631945
CICSF040.WI,2026-07-29,0.14819676449785635,0.06496387278842866,1.930952176356211,-0.01195810488836635
CICSF040.WI,2026-07-30,0.15570079881846888,0.06506448547892063,2.0282425329983416,-0.007185241869917314
CICSF040.WI,2026-07-31,0.15714237317102908,0.06506566888741633,2.0473768627547506,-0.0059239577805465515
CICSF040.WI,2026-08-03,0.1511874034370566,0.06487211975704192,1.9737127493754105,-0.005516213831004868
CICSF040.WI,2026-08-04,0.1515140094029772,0.06486900503715151,1.978179895745678,-0.005516213831004868
CICSF040.WI,2026-08-05,0.15049933314197084,0.06487852938805626,1.964303497434823,-0.006085433651473071
CI011001.WI,2009-01-08,,,,
CI011001.WI,2009-01-09,,,,
CI011001.WI,2009-01-12,,,,
CI011001.WI,2009-01-13,,,,
CI011001.WI,2009-01-14,,,,
CI011001.WI,2009-01-15,,,,
CI011001.WI,2009-01-16,,,,
CI011001.WI,2009-01-19,,,,
CI011001.WI,2009-01-20,,,,
CI011001.WI,2009-01-21,,,,
CI011001.WI,2009-01-22,,,,
CI011001.WI,2009-01-23,,,,
CI011001.WI,2009-02-02,,,,
CI011001.WI,2009-02-03,,,,
CI011001.WI,2009-02-04,,,,
CI011001.WI,2009-02-05,,,,
CI011001.WI,2009-02-06,,,,
CI011001.WI,2009-02-09,,,,
CI011001.WI,2009-02-10,,,,
CI011001.WI,2009-02-11,,,,
CI011001.WI,2009-02-12,,,,
CI011001.WI,2009-02-13,,,,
CI011001.WI,2009-02-16,,,,
CI011001.WI,2009-02-17,,,,
CI011001.WI,2009-02-18,,,,
CI011001.WI,2009-02-19,,,,
CI011001.WI,2009-02-20,,,,
CI011001.WI,2009-02-23,,,,
CI011001.WI,2009-02-24,,,,
CI011001.WI,2009-02-25,,,,
CI011001.WI,2009-02-26,,,,
CI011001.WI,2009-02-27,,,,
CI011001.WI,2009-03-02,,,,
CI011001.WI,2009-03-03,,,,
CI011001.WI,2009-03-04,,,,
CI011001.WI,2009-03-05,,,,
CI011001.WI,2009-03-06,,,,
CI011001.WI,2009-03-09,,,,
CI011001.WI,2009-03-10,,,,
CI011001.WI,2009-03-11,,,,
CI011001.WI,2009-03-12,,,,
CI011001.WI,2009-03-13,,,,
CI011001.WI,2009-03-16,,,,
CI011001.WI,2009-03-17,,,,
CI011001.WI,2009-03-18,,,,
CI011001.WI,2009-03-19,,,,
CI011001.WI,2009-03-20,,,,
CI011001.WI,2009-03-23,,,,
CI011001.WI,2009-03-24,,,,
CI011001.WI,2009-03-25,,,,
CI011001.WI,2009-03-26,,,,
CI011001.WI,2009-03-27,,,,
CI011001.WI,2009-03-30,,,,
CI011001.WI,2009-03-31,,,,
CI011001.WI,2009-04-01,,,,
CI011001.WI,2009-04-02,,,,
CI011001.WI,2009-04-03,,,,
CI011001.WI,2009-04-07,,,,
CI011001.WI,2009-04-08,,,,
CI011001.WI,2009-04-09,,,,
CI011001.WI,2009-04-10,,,,
CI011001.WI,2009-04-13,,,,
CI011001.WI,2009-04-14,,,,
CI011001.WI,2009-04-15,,,,
CI011001.WI,2009-04-16,,,,
CI011001.WI,2009-04-17,,,,
CI011001.WI,2009-04-20,,,,
CI011001.WI,2009-04-21,,,,
CI011001.WI,2009-04-22,,,,
CI011001.WI,2009-04-23,,,,
CI011001.WI,2009-04-24,,,,
CI011001.WI,2009-04-27,,,,
CI011001.WI,2009-04-28,,,,
CI011001.WI,2009-04-29,,,,
CI011001.WI,2009-04-30,,,,
CI011001.WI,2009-05-04,,,,
CI011001.WI,2009-05-05,,,,
CI011001.WI,2009-05-06,,,,
CI011001.WI,2009-05-07,,,,
CI011001.WI,2009-05-08,,,,
CI011001.WI,2009-05-11,,,,
CI011001.WI,2009-05-12,,,,
CI011001.WI,2009-05-13,,,,
CI011001.WI,2009-05-14,,,,
CI011001.WI,2009-05-15,,,,
CI011001.WI,2009-05-18,,,,
CI011001.WI,2009-05-19,,,,
CI011001.WI,2009-05-20,,,,
CI011001.WI,2009-05-21,,,,
CI011001.WI,2009-05-22,,,,
CI011001.WI,2009-05-25,,,,
CI011001.WI,2009-05-26,,,,
CI011001.WI,2009-05-27,,,,
CI011001.WI,2009-06-01,,,,
CI011001.WI,2009-06-02,,,,
CI011001.WI,2009-06-03,,,,
CI011001.WI,2009-06-04,,,,
CI011001.WI,2009-06-05,,,,
CI011001.WI,2009-06-08,,,,
CI011001.WI,2009-06-09,,,,
CI011001.WI,2009-06-10,,,,
CI011001.WI,2009-06-11,,,,
CI011001.WI,2009-06-12,,,,
CI011001.WI,2009-06-15,,,,
CI011001.WI,2009-06-16,,,,
CI011001.WI,2009-06-17,,,,
CI011001.WI,2009-06-18,,,,
CI011001.WI,2009-06-19,,,,
CI011001.WI,2009-06-22,,,,
CI011001.WI,2009-06-23,,,,
CI011001.WI,2009-06-24,,,,
CI011001.WI,2009-06-25,,,,
CI011001.WI,2009-06-26,,,,
CI011001.WI,2009-06-29,,,,
CI011001.WI,2009-06-30,,,,
CI011001.WI,2009-07-01,,,,
CI011001.WI,2009-07-02,,,,
CI011001.WI,2009-07-03,,,,
CI011001.WI,2009-07-06,,,,
CI011001.WI,2009-07-07,,,,
CI011001.WI,2009-07-08,,,,
CI011001.WI,2009-07-09,,,,
CI011001.WI,2009-07-10,,,,
CI011001.WI,2009-07-13,,,,
CI011001.WI,2009-07-14,,,,
CI011001.WI,2009-07-15,,,,
CI011001.WI,2009-07-16,,,,
CI011001.WI,2009-07-17,,,,
CI011001.WI,2009-07-20,,,,
CI011001.WI,2009-07-21,,,,
CI011001.WI,2009-07-22,,,,
CI011001.WI,2009-07-23,,,,
CI011001.WI,2009-07-24,,,,
CI011001.WI,2009-07-27,,,,
CI011001.WI,2009-07-28,,,,
CI011001.WI,2009-07-29,,,,
CI011001.WI,2009-07-30,,,,
CI011001.WI,2009-07-31,,,,
CI011001.WI,2009-08-03,,,,
CI011001.WI,2009-08-04,,,,
CI011001.WI,2009-08-05,,,,
CI011001.WI,2009-08-06,,,,
CI011001.WI,2009-08-07,,,,
CI011001.WI,2009-08-10,,,,
CI011001.WI,2009-08-11,,,,
CI011001.WI,2009-08-12,,,,
CI011001.WI,2009-08-13,,,,
CI011001.WI,2009-08-14,,,,
CI011001.WI,2009-08-17,,,,
CI011001.WI,2009-08-18,,,,
CI011001.WI,2009-08-19,,,,
CI011001.WI,2009-08-20,,,,
CI011001.WI,2009-08-21,,,,
CI011001.WI,2009-08-24,,,,
CI011001.WI,2009-08-25,,,,
CI011001.WI,2009-08-26,,,,
CI011001.WI,2009-08-27,,,,
CI011001.WI,2009-08-28,,,,
CI011001.WI,2009-08-31,,,,
CI011001.WI,2009-09-01,,,,
CI011001.WI,2009-09-02,,,,
CI011001.WI,2009-09-03,,,,
CI011001.WI,2009-09-04,,,,
CI011001.WI,2009-09-07,,,,
CI011001.WI,2009-09-08,,,,
CI011001.WI,2009-09-09,,,,
CI011001.WI,2009-09-10,,,,
CI011001.WI,2009-09-11,,,,
CI011001.WI,2009-09-14,,,,
CI011001.WI,2009-09-15,,,,
CI011001.WI,2009-09-16,,,,
CI011001.WI,2009-09-17,,,,
CI011001.WI,2009-09-18,,,,
CI011001.WI,2009-09-21,,,,
CI011001.WI,2009-09-22,,,,
CI011001.WI,2009-09-23,,,,
CI011001.WI,2009-09-24,,,,
CI011001.WI,2009-09-25,,,,
CI011001.WI,2009-09-28,,,,
CI011001.WI,2009-09-29,,,,
CI011001.WI,2009-09-30,,,,
CI011001.WI,2009-10-09,,,,
CI011001.WI,2009-10-12,,,,
CI011001.WI,2009-10-13,,,,
CI011001.WI,2009-10-14,,,,
CI011001.WI,2009-10-15,,,,
CI011001.WI,2009-10-16,,,,
CI011001.WI,2009-10-19,,,,
CI011001.WI,2009-10-20,,,,
CI011001.WI,2009-10-21,,,,
CI011001.WI,2009-10-22,,,,
CI011001.WI,2009-10-23,,,,
CI011001.WI,2009-10-26,,,,
CI011001.WI,2009-10-27,,,,
CI011001.WI,2009-10-28,,,,
CI011001.WI,2009-10-29,,,,
CI011001.WI,2009-10-30,,,,
CI011001.WI,2009-11-02,,,,
CI011001.WI,2009-11-03,,,,
CI011001.WI,2009-11-04,,,,
CI011001.WI,2009-11-05,,,,
CI011001.WI,2009-11-06,,,,
CI011001.WI,2009-11-09,,,,
CI011001.WI,2009-11-10,,,,
CI011001.WI,2009-11-11,,,,
CI011001.WI,2009-11-12,,,,
CI011001.WI,2009-11-13,,,,
CI011001.WI,2009-11-16,,,,
CI011001.WI,2009-11-17,,,,
CI011001.WI,2009-11-18,,,,
CI011001.WI,2009-11-19,,,,
CI011001.WI,2009-11-20,,,,
CI011001.WI,2009-11-23,,,,
CI011001.WI,2009-11-24,,,,
CI011001.WI,2009-11-25,,,,
CI011001.WI,2009-11-26,,,,
CI011001.WI,2009-11-27,,,,
CI011001.WI,2009-11-30,,,,
CI011001.WI,2009-12-01,,,,
CI011001.WI,2009-12-02,,,,
CI011001.WI,2009-12-03,,,,
CI011001.WI,2009-12-04,,,,
CI011001.WI,2009-12-07,,,,
CI011001.WI,2009-12-08,,,,
CI011001.WI,2009-12-09,,,,
CI011001.WI,2009-12-10,,,,
CI011001.WI,2009-12-11,,,,
CI011001.WI,2009-12-14,,,,
CI011001.WI,2009-12-15,,,,
CI011001.WI,2009-12-16,,,,
CI011001.WI,2009-12-17,,,,
CI011001.WI,2009-12-18,,,,
CI011001.WI,2009-12-21,,,,
CI011001.WI,2009-12-22,,,,
CI011001.WI,2009-12-23,,,,
CI011001.WI,2009-12-24,,,,
CI011001.WI,2009-12-25,,,,
CI011001.WI,2009-12-28,,,,
CI011001.WI,2009-12-29,,,,
CI011001.WI,2009-12-30,,,,
CI011001.WI,2009-12-31,,,,
CI011001.WI,2010-01-04,,,,
CI011001.WI,2010-01-05,,,,
CI011001.WI,2010-01-06,,,,
CI011001.WI,2010-01-07,,,,
CI011001.WI,2010-01-08,,,,
CI011001.WI,2010-01-11,,,,
CI011001.WI,2010-01-12,,,,
CI011001.WI,2010-01-13,,,,
CI011001.WI,2010-01-14,,,,
CI011001.WI,2010-01-15,,,,
CI011001.WI,2010-01-18,,,,-0.002219412134440213
CI011001.WI,2010-01-19,0.12907120000000005,0.0626312730588934,1.7321812127194827,0.0
CI011001.WI,2010-01-20,0.12916553310662127,0.06263040536737877,1.7335389492213809,-0.00011646741144422101
CI011001.WI,2010-01-21,0.12184989992850315,0.0626143286195753,1.6301107911925858,-0.00273693988474788
CI011001.WI,2010-01-22,0.13600849461514364,0.06057416069888707,1.8900742514816762,-0.0061047522955152145
CI011001.WI,2010-01-25,0.1434023120048029,0.060363064565611094,2.0040040264274768,-0.0043130140951254115
CI011001.WI,2010-01-26,0.15471191912814075,0.059381570588743056,2.2019791875833366,-0.004836807457315295
CI011001.WI,2010-01-27,0.15464027553931192,0.05938173104658608,2.200927918592912,-0.004444803835223277
CI011001.WI,2010-01-28,0.14898619250729395,0.05934141306605977,2.1196139391139743,-0.005842501340925232
CI011001.WI,2010-01-29,0.1551969581024677,0.05889036532098253,2.2269880344316486,-0.0075283117663438315
CI011001.WI,2010-02-01,0.15552169025914675,0.05889552958586673,2.231572943625848,-0.005744987561457582
CI011001.WI,2010-02-02,0.1588467215639897,0.05890675870612834,2.27996578753453,-0.0035046505481675094
CI011001.WI,2010-02-03,0.16165716079825576,0.05888739512632633,2.3218546260841455,-0.0021701022929289104
CI011001.WI,2010-02-04,0.15846717826778045,0.058731460696083204,2.2810158942694376,0.0
CI011001.WI,2010-02-05,0.15834478138966768,0.058733396952851194,2.279142591381473,-0.000534854855656075
CI011001.WI,2010-02-08,0.1580295190306582,0.05873076747921968,2.2746045181518446,0.0
CI011001.WI,2010-02-09,0.15870110617470923,0.05874711074206077,2.2838627319206544,0.0
CI011001.WI,2010-02-10,0.15054983232352148,0.058449491540877016,2.1743435119096435,-0.000509945931784328
CI011001.WI,2010-02-11,0.14520090927426388,0.05827235843595626,2.1007657657721577,-8.880138607836319e-05
CI011001.WI,2010-02-12,0.14498857245836483,0.058277199685487696,2.0974124529841425,-0.001153711844975036
CI011001.WI,2010-02-22,0.15319193258695285,0.05812599096722281,2.2256057991811105,0.0
CI011001.WI,2010-02-23,0.14874240069288414,0.058067121478801165,2.1611894574927444,-0.0004910841742771233
CI011001.WI,2010-02-24,0.14695058745281453,0.05805108756194891,2.134865053977404,-0.00012539256773669294
CI011001.WI,2010-02-25,0.15040083652840708,0.05803561167127922,2.187203478810168,0.0
CI011001.WI,2010-02-26,0.16980803908951492,0.06018735691719344,2.38920902750465,0.0
CI011001.WI,2010-03-01,0.17926914758850376,0.059953162357137865,2.5327524742763776,0.0
CI011001.WI,2010-03-02,0.18226100762684627,0.0601029530848155,2.5687749444827754,0.0
CI011001.WI,2010-03-03,0.183555743458929,0.06012340254270025,2.5861386626580045,0.0
CI011001.WI,2010-03-04,0.17249076352354398,0.059978957453132614,2.435517791848569,-0.003128019236808832
CI011001.WI,2010-03-05,0.18028561533273524,0.05965767145923807,2.55945356680065,-0.0020693063508387954
CI011001.WI,2010-03-08,0.18350762648042074,0.05964156652630762,2.6058679598653307,-0.00038975018656972615
CI011001.WI,2010-03-09,0.18694411634412011,0.059400411575840806,2.6650506259108004,-0.0032156102826921273
CI011001.WI,2010-03-10,0.19353761204174957,0.05921725341970149,2.766723559180914,-0.0017114930754269508
CI011001.WI,2010-03-11,0.18822423918192022,0.059309653787938475,2.6872250268620284,-0.004459180517696559
CI011001.WI,2010-03-12,0.1908868787503386,0.059240220752831696,2.728115898556634,-0.004478702275723334
CI011001.WI,2010-03-15,0.17933126659593568,0.05856766162903496,2.5921745162482073,-0.004667326981569797
CI011001.WI,2010-03-16,0.1779960097830542,0.05851322752797575,2.5751584705281405,-0.0017977997951242886
CI011001.WI,2010-03-17,0.1848081180365415,0.05896370524249185,2.653785546993347,0.0
CI011001.WI,2010-03-18,0.19370459729145306,0.058567823829015896,2.799142868776331,0.0
CI011001.WI,2010-03-19,0.1960312970431659,0.05849076729014624,2.8360688079841587,-0.0006250638893300353
CI011001.WI,2010-03-22,0.19875234014045473,0.0583667081367165,2.8809354483649723,-0.0019538769808666867
CI011001.WI,2010-03-23,0.19687216815778497,0.05837358006646338,2.853693583588547,-0.0022696379124531596
CI011001.WI,2010-03-24,0.19222533673950437,0.05847553369867488,2.7822481699627057,-0.005020819742909688
CI011001.WI,2010-03-25,0.18509214529989015,0.058388981210299305,2.6834381078859613,-0.006487629538670436
CI011001.WI,2010-03-26,0.1809603416091783,0.058166608876608426,2.6333912736092118,-0.0039046949214918136
CI011001.WI,2010-03-29,0.185037476522673,0.05819009364636315,2.6916190038300623,-0.0011223278752408028
CI011001.WI,2010-03-30,0.17765499235932336,0.05789144854968764,2.597187861821526,-0.0008364775593482365
CI011001.WI,2010-03-31,0.16444649355517282,0.05726656596903868,2.427820403853739,-0.0026973937062116926
CI011001.WI,2010-04-01,0.1557255220214806,0.056656052917706284,2.32060778824619,-0.0012997522092431657
CI011001.WI,2010-04-02,0.1626450806746289,0.056541120578448095,2.4308478641062643,0.0
CI011001.WI,2010-04-06,0.17295059150594239,0.056079643223735855,2.6078473080172206,0.0
CI011001.WI,2010-04-07,0.16145282853661014,0.05553053049823282,2.4555847577960837,-0.0012368167387896145
CI011001.WI,2010-04-08,0.1588881269290494,0.055596146490523544,2.4129661143973316,-0.0033869112214924835
CI011001.WI,2010-04-09,0.16664632031341364,0.055483987939943885,2.5380588463431657,-0.00038765392134765264
CI011001.WI,2010-04-12,0.16666696282782567,0.055484209301106965,2.53836803447533,0.0
CI011001.WI,2010-04-13,0.16599418851227532,0.05546954760807374,2.5286189478393593,0.0
CI011001.WI,2010-04-14,0.16352959459014005,0.055382587570152284,2.4942732116089648,0.0
CI011001.WI,2010-04-15,0.16651448797811308,0.055314335589041135,2.543629925543771,0.0
CI011001.WI,2010-04-16,0.1589913550347879,0.05543939066043032,2.421240247113699,-0.0036955526101489777
CI011001.WI,2010-04-19,0.15492287481364486,0.055817523954360196,2.3421776623843713,-0.010823442312817289
CI011001.WI,2010-04-20,0.15122454394063967,0.05557988279870851,2.2942156146549495,-0.007804765726389662
CI011001.WI,2010-04-21,0.141878510459982,0.05481298380487357,2.176754492289485,-0.006224208377012985
CI011001.WI,2010-04-22,0.1308892123026386,0.05391360980344214,2.0327075840254336,-0.0055687402115938145
CI011001.WI,2010-04-23,0.13707638234472563,0.053676218718053115,2.1431605710902084,-0.0046814097698385515
CI011001.WI,2010-04-26,0.1401723412003879,0.05385045889957484,2.186917306984982,0.0
CI011001.WI,2010-04-27,0.13186462983807035,0.053813604227028085,2.052413640503151,-0.0028774684140541185
CI011001.WI,2010-04-28,0.13885597190976418,0.05370465592795864,2.1711878225092467,-0.0002457063717045127
CI011001.WI,2010-04-29,0.14739507009707808,0.05364558194978467,2.312841017505453,0.0
CI011001.WI,2010-04-30,0.1491365590447935,0.053547804233310854,2.3453050101856254,-0.002141143048599692
CI011001.WI,2010-05-04,0.15396037412061547,0.05313760319413838,2.441875064283233,-0.004712344385036871
CI011001.WI,2010-05-05,0.15132264961650876,0.05319783104039766,2.3961288952348085,-0.006671778574704246
CI011001.WI,2010-05-06,0.15421109955933598,0.05314904376407321,2.445450769849912,-0.005886611657701768
CI011001.WI,2010-05-07,0.16810458791276583,0.053265157980337395,2.665004420780413,0.0
CI011001.WI,2010-05-10,0.16866469304972465,0.053245945211892645,2.674955684953743,-0.001266447597304099
CI011001.WI,2010-05-11,0.16144030023973133,0.05300310952184475,2.5699061678134045,-0.0016960857740554447
CI011001.WI,2010-05-12,0.15962884580604664,0.052889279372572755,2.5457943984267115,0.0
CI011001.WI,2010-05-13,0.1492895938298473,0.051667653174805185,2.431328169842948,0.0
CI011001.WI,2010-05-14,0.14919227980510974,0.051670081685437165,2.429576607041824,-0.0009622175310596282
CI011001.WI,2010-05-17,0.14542491095310295,0.05157546454156958,2.3702375049537867,-0.0005784482123698531
CI011001.WI,2010-05-18,0.14754750559036878,0.0516001683758642,2.4050265289299495,0.0
CI011001.WI,2010-05-19,0.14487734245930528,0.051508269173609615,2.36397458823151,0.0
CI011001.WI,2010-05-20,0.15021062276422303,0.05096612042994594,2.479814880697135,-0.003123149645064438
CI011001.WI,2010-05-21,0.1490788590433425,0.050980366160943084,2.4598150275585344,-0.00378936058386381
CI011001.WI,2010-05-24,0.14616647410577666,0.05088734233169095,2.4143215668156333,-0.0026587729277688377
CI011001.WI,2010-05-25,0.14972650988395642,0.050723246011445816,2.4831419831275996,-0.0032404912546820652
CI011001.WI,2010-05-26,0.15413637109177847,0.05069781127366729,2.559916001537822,-0.0011018967593424689
CI011001.WI,2010-05-27,0.14850027397391408,0.050610350363033116,2.4674720940274386,-0.0020876161773413227
CI011001.WI,2010-05-28,0.14364822986095893,0.05048609567464813,2.3895183157553515,-0.00218757692486804
CI011001.WI,2010-05-31,0.14428461152314753,0.05046734137112433,2.4014163777247886,-0.003065851013578702
CI011001.WI,2010-06-01,0.14410437137466747,0.05047134108870459,2.398107280211742,-0.0038796745371201258
CI011001.WI,2010-06-02,0.1426535306584249,0.05047361305540684,2.372848106650347,-0.004066789081159539
CI011001.WI,2010-06-03,0.14189923142678262,0.050471894077424126,2.3598367687388953,-0.003734723137004403
CI011001.WI,2010-06-04,0.14142949011386485,0.05047868624559732,2.3513706540036816,-0.004237770193401658
CI011001.WI,2010-06-07,0.1443351274322484,0.050513256462533324,2.4001536190408452,-0.0017573797976169203
CI011001.WI,2010-06-08,0.13169302078255707,0.04880665160842275,2.2546345450815375,0.0
CI011001.WI,2010-06-09,0.13202589446676738,0.048795520967311726,2.2611678142992475,-0.0011989451078103786
CI011001.WI,2010-06-10,0.1261584061937313,0.04872763352433182,2.157551869952316,-0.002678034664115092
CI011001.WI,2010-06-11,0.12525768529865378,0.04876976758852889,2.139315708669137,-0.005158114989365137
CI011001.WI,2010-06-17,0.12786610711773005,0.04876531554731937,2.1870093777456505,-0.0036235948940080975
CI011001.WI,2010-06-18,0.12390770063281686,0.04903028887904086,2.1037132034918855,-0.008564973982550406
CI011001.WI,2010-06-21,0.12603665264069908,0.04905418501811454,2.141309129022486,-0.006546870218908207
CI011001.WI,2010-06-22,0.12237750498827626,0.049086107240344706,2.0736078364656145,-0.00817346983041245
CI011001.WI,2010-06-23,0.11797663879444031,0.049052191623151394,1.9948786228560365,-0.009253908268524569
CI011001.WI,2010-06-24,0.12324137287606951,0.04885797604083252,2.0988165756336867,-0.00847796382604693
CI011001.WI,2010-06-25,0.13159430589807175,0.04835751682936702,2.2733197834587546,-0.007590327262899987
CI011001.WI,2010-06-28,0.13645721496640695,0.048282899202627357,2.3656170577128917,-0.005794610489519014
CI011001.WI,2010-06-29,0.1338669109993782,0.04823927681148818,2.320385469488502,-0.005513385685690708
CI011001.WI,2010-06-30,0.13219514373740004,0.04816997834000455,2.293008676582166,-0.003515060735083786
CI011001.WI,2010-07-01,0.13222303281384074,0.04816931207720811,2.293551355106905,-0.004301310105361278
CI011001.WI,2010-07-02,0.13394799216803954,0.04804348962937025,2.331134973349586,-0.007004608463437201
CI011001.WI,2010-07-05,0.13837929995119858,0.04790099793335891,2.419391624043944,-0.006298471596377864
CI011001.WI,2010-07-06,0.1374182033374396,0.047857480267563916,2.403890518772578,-0.0037709387406946737
CI011001.WI,2010-07-07,0.13243517335901922,0.04753130550102401,2.3276420704248584,-0.0019600969926397704
CI011001.WI,2010-07-08,0.12899231845092984,0.04751087605818962,2.264503620593779,-0.002672965304471586
CI011001.WI,2010-07-09,0.12576078718439687,0.047433739878399515,2.2076504282523812,-0.002358997423601905
CI011001.WI,2010-07-12,0.12510531014123427,0.04742793792253039,2.1956287590978634,-0.0017083741998515922
CI011001.WI,2010-07-13,0.12912076360272473,0.04736740733935506,2.273622313842112,-0.0002531355651479439
CI011001.WI,2010-07-14,0.12624028702164036,0.04731433464467191,2.2221072990818733,-7.255001588135634e-05
CI011001.WI,2010-07-15,0.12962148489942016,0.04726016637021789,2.288060528798672,0.0
CI011001.WI,2010-07-16,0.1330129399316804,0.04727448245512918,2.350825720635264,0.0
CI011001.WI,2010-07-19,0.13651040915845125,0.04712753734566372,2.4234414371646964,-0.0002007866130331326
CI011001.WI,2010-07-20,0.13759227458660317,0.04708728423194601,2.445689791393891,-0.0011993355487230906
CI011001.WI,2010-07-21,0.13632565814470632,0.04709716116653161,2.421520521961995,-0.0016578148817008032
CI011001.WI,2010-07-22,0.13481191975024176,0.04710178571137374,2.3929720871186713,-0.001977715005270664
CI011001.WI,2010-07-23,0.13690721591088795,0.04702612034300771,2.435993556614721,-0.0024712325962157333
CI011001.WI,2010-07-26,0.13233797270165337,0.04696081330367437,2.353518284929298,-0.0032216974122548647
CI011001.WI,2010-07-27,0.12669317841995253,0.046809655763014504,2.2541527480767694,-0.003825713906576933
CI011001.WI,2010-07-28,0.12585275780686644,0.0468001127860102,2.2386509753874444,-0.0031300015456593444
CI011001.WI,2010-07-29,0.12524003162769692,0.04680337587725558,2.226861401940422,-0.003207615842858891
CI011001.WI,2010-07-30,0.11974452146087455,0.046536164707947976,2.1341288043348925,-0.0026721020420097386
CI011001.WI,2010-08-02,0.12070033928661905,0.046510215066354624,2.15364717675726,-0.0032002437271163586
CI011001.WI,2010-08-03,0.11728046911406631,0.04653367825165245,2.086877651630982,-0.004629108856992414
CI011001.WI,2010-08-04,0.11600126642422937,0.04651649838587495,2.0629929949840573,-0.004068828060558749
CI011001.WI,2010-08-05,0.11480814647024018,0.04652399920551917,2.0396659080285615,-0.004489121490645065
CI011001.WI,2010-08-06,0.11114000324367268,0.04632281748369765,1.97714496937286,-0.0029070157526376317
CI011001.WI,2010-08-09,0.11299001186745317,0.046381107611573,2.01060095347418,-4.1664878859704046e-05
CI011001.WI,2010-08-10,0.11849440110222931,0.04566508936092048,2.1494849660557374,-0.003846422096865032
CI011001.WI,2010-08-11,0.11382718246214152,0.045765416186497924,2.053464557410198,-0.006578163726904229
CI011001.WI,2010-08-12,0.10800373745805425,0.04533253710156675,1.956957951398161,-0.005067542661771118
CI011001.WI,2010-08-13,0.10185724809683916,0.04499780687363721,1.8475088888000466,-0.0047604816161798125
CI011001.WI,2010-08-16,0.10285941834242096,0.04502614031196668,1.866573187374541,-0.0025302095221559906
CI011001.WI,2010-08-17,0.10626981918516831,0.04507434014093273,1.933151536092599,0.0
CI011001.WI,2010-08-18,0.11076743987027404,0.044929886661717544,2.029563273684016,0.0
CI011001.WI,2010-08-19,0.11298373821843777,0.04480433530324517,2.0796328517248943,-0.0014024365669922378
CI011001.WI,2010-08-20,0.10853525925782637,0.04490530358103803,1.9858344242077293,-0.004105935723601961
CI011001.WI,2010-08-23,0.10924064262651623,0.04488778101202095,2.0007693123796635,-0.0046046956922844995
CI011001.WI,2010-08-24,0.11301557386797056,0.04465548920647122,2.08705650153803,-0.005541060226155747
CI011001.WI,2010-08-25,0.10518875092208946,0.044374384007295244,1.940900513613017,-0.006892437410258134
CI011001.WI,2010-08-26,0.1068876589869514,0.04431767335680152,1.9780011146471823,-0.007351061559327077
CI011001.WI,2010-08-27,0.12233975546290954,0.04236935851634518,2.394301584914994,-0.006135318619238439
CI011001.WI,2010-08-30,0.12657098668672284,0.0425837889826263,2.4708639672804154,-0.001404505423673319
CI011001.WI,2010-08-31,0.12739245996291504,0.04254949787991368,2.489960209102202,-0.0025585136803975006
CI011001.WI,2010-09-01,0.12692180684204235,0.0425322963510827,2.4811280105723776,-0.0005525502423913142
CI011001.WI,2010-09-02,0.12705747200390882,0.042533019086719484,2.4839181559015633,0.0
CI011001.WI,2010-09-03,0.12088224669352243,0.042247984967291215,2.370286950054142,-0.00010225978403177738
CI011001.WI,2010-09-06,0.1247316600859747,0.04228156470607798,2.449560057665198,0.0
CI011001.WI,2010-09-07,0.12071844416134114,0.04235278076866443,2.361073977903534,-0.002163665083758759
CI011001.WI,2010-09-08,0.12246948799360347,0.042373750923377494,2.3967870907536892,-0.0003609822281863684
CI011001.WI,2010-09-09,0.11678248038978678,0.04249383711839194,2.2705471286996484,-0.003445919514332707
CI011001.WI,2010-09-10,0.11731846993579098,0.04246481212521418,2.2833744589768967,-0.005321970728583203
CI011001.WI,2010-09-13,0.12231036672558537,0.04237239508243248,2.3935151246809294,-0.003527210665398961
CI011001.WI,2010-09-14,0.12467071718433398,0.04226567970439877,2.449182174578934,-0.0041552570203367
CI011001.WI,2010-09-15,0.11837872129374372,0.041904336109238896,2.3359983673242164,-0.0038205190419363655
CI011001.WI,2010-09-16,0.10867521168342553,0.04167482836685129,2.139444005607019,-0.006648625808166053
CI011001.WI,2010-09-17,0.11013760058293487,0.041719508352015294,2.1688063376111644,-0.004184142200918672
CI011001.WI,2010-09-20,0.10646200553761442,0.041473995918774716,2.1014036346260845,-0.0023875664978121325
CI011001.WI,2010-09-21,0.10354468428077435,0.04149889905429176,2.036523371754416,-0.003694579654599184
CI011001.WI,2010-09-27,0.10872390659801856,0.04167868062267263,2.1403046369052596,0.0
CI011001.WI,2010-09-28,0.10653971421515052,0.041776221833738525,2.088182592018262,-0.002634411613020138
CI011001.WI,2010-09-29,0.11264887920085598,0.041620773647563926,2.2281655503078994,-0.0006462106692969316
CI011001.WI,2010-09-30,0.11285317608359602,0.041629474521706684,2.2321206228140715,0.0
CI011001.WI,2010-10-08,0.11184062913122084,0.04153183942779386,2.215344134258928,0.0
CI011001.WI,2010-10-11,0.11426703451185638,0.04168494041148638,2.259677652592814,0.0
CI011001.WI,2010-10-12,0.11846239491842336,0.041427105046060425,2.3642381099749485,-0.0005318255612160039
CI011001.WI,2010-10-13,0.12454960930714587,0.04129900885629989,2.502928434135635,0.0
CI011001.WI,2010-10-14,0.125646702292739,0.04134110427616195,2.5240196693305266,0.0
CI011001.WI,2010-10-15,0.12799524236210158,0.041295116520133734,2.5772800333748007,0.0
CI011001.WI,2010-10-18,0.12743573466994373,0.041315395448303836,2.5640208081652545,-0.0014509384045020557
CI011001.WI,2010-10-19,0.13139398776662214,0.04105204203072925,2.665618943138558,-0.0023059600285104676
CI011001.WI,2010-10-20,0.1279050735744236,0.041183911897050694,2.582185766757809,-0.005105445359083971
CI011001.WI,2010-10-21,0.12813102642550933,0.0411834230783396,2.587082111293289,-0.004626292215373251
CI011001.WI,2010-10-22,0.1273611796787324,0.04120174293418013,2.569373812170411,-0.005584192509620944
CI011001.WI,2010-10-25,0.12243835493246724,0.04048482388856096,2.5060113116564016,-0.0007271337742635886
CI011001.WI,2010-10-26,0.12335574542841177,0.040471752585581826,2.5270035739724688,-0.0005007519805565463
CI011001.WI,2010-10-27,0.12383909169707463,0.04044454252377542,2.5393176937792235,-0.0023736796898993218
CI011001.WI,2010-10-28,0.11797119756693686,0.040316386117768624,2.4173557193933797,-0.003552683866594686
CI011001.WI,2010-10-29,0.12030369384083417,0.04021408810460113,2.4752536029855543,-0.0040319994075747045
CI011001.WI,2010-11-01,0.12718449047600955,0.04016752599872153,2.6305866313572093,-0.0008210805946794464
CI011001.WI,2010-11-02,0.12725627391263683,0.0401682517579034,2.632125959533063,0.0
CI011001.WI,2010-11-03,0.12542270171310688,0.04013156412051018,2.5939122419731904,0.0
CI011001.WI,2010-11-04,0.12998283933011923,0.04015786426104918,2.692984072234661,0.0
CI011001.WI,2010-11-05,0.13810081153904963,0.04104971610059677,2.8098220813331944,0.0
CI011001.WI,2010-11-08,0.13856030122995544,0.04104196405061273,2.8201852804922147,-6.599403006624094e-05
CI011001.WI,2010-11-09,0.14513910321979018,0.041110235689446675,2.9557922617650707,0.0
CI011001.WI,2010-11-10,0.14503592830990697,0.04111449759597461,2.953297436111206,-0.0014435311018605734
CI011001.WI,2010-11-11,0.14824097114176338,0.041065767613839135,3.024856092732301,-0.0002151197641142577
CI011001.WI,2010-11-12,0.1306300146213195,0.043712082031024696,2.490538076705063,-0.014644279939111438
CI011001.WI,2010-11-15,0.12669470845106612,0.043959917160705235,2.3973900216190303,-0.01894659534031251
CI011001.WI,2010-11-16,0.11621687718254314,0.044782499324081286,2.145440719125813,-0.026894204211842077
CI011001.WI,2010-11-17,0.10341860570499728,0.04560786576161405,1.854477793019568,-0.03522707956028326
CI011001.WI,2010-11-18,0.10724646050210818,0.04594286003624505,1.9166949040495673,-0.028926299154027224
CI011001.WI,2010-11-19,0.1084618955714074,0.04595118782256318,1.9402411296279962,-0.027657308224684374
CI011001.WI,2010-11-22,0.10608108580804365,0.04591343763665754,1.8949489842268084,-0.02752654288719636
CI011001.WI,2010-11-23,0.09900305839720436,0.045802335687860005,1.759218251966443,-0.029503120474736466
CI011001.WI,2010-11-24,0.10444368063043186,0.04595058969790966,1.8612007077357042,-0.02539643385270951
CI011001.WI,2010-11-25,0.1031850859525274,0.045950899110191554,1.8363647063249766,-0.025578243204036677
CI011001.WI,2010-11-26,0.10027768760903077,0.04600636020259898,1.7768236575377512,-0.02742285723780158
CI011001.WI,2010-11-29,0.09950541271194169,0.0460202153973337,1.7610395398608296,-0.02827255234767312
CI011001.WI,2010-11-30,0.09085041188007859,0.045367473063816846,1.6114655996285883,-0.02813547640440517
CI011001.WI,2010-12-01,0.09615811031299182,0.04580549836019254,1.7024923027602012,-0.021452944289013565
CI011001.WI,2010-12-02,0.09833861767376084,0.045872184712068755,1.7434211720332917,-0.018617884672161633
CI011001.WI,2010-12-03,0.09954940057283301,0.045854284920289666,1.7681206188236631,-0.01843447769911788
CI011001.WI,2010-12-06,0.10154071782050855,0.04587600558641954,1.806761166193363,-0.016630523138035702
CI011001.WI,2010-12-07,0.09539982661999447,0.0455196002376147,1.6976929918840555,-0.016173363683885555
CI011001.WI,2010-12-08,0.09561004576378118,0.04550545351724956,1.7024250904596554,-0.019016810814748708
CI011001.WI,2010-12-09,0.09061556201709964,0.04533533843024375,1.607824446275355,-0.019262844559075565
CI011001.WI,2010-12-10,0.09217909502654775,0.045345130453066776,1.6390912786972713,-0.01791293408979644
CI011001.WI,2010-12-13,0.10184676462837827,0.04452616734175087,1.8664083016701294,-0.01733755062863207
CI011001.WI,2010-12-14,0.10116336774275148,0.04449667041923848,1.8536677373321486,-0.015196098479958842
CI011001.WI,2010-12-15,0.09528731158568915,0.04454483154699643,1.7315514160556045,-0.01785366232411767
CI011001.WI,2010-12-16,0.08959396487657556,0.04426455311508419,1.6244571550063611,-0.017741669041797636
CI011001.WI,2010-12-17,0.08979158321143443,0.04426372212678091,1.6285853243540294,-0.017512330444407254
CI011001.WI,2010-12-20,0.09199640688603972,0.0442897467778297,1.673304146822661,-0.015618110256347961
CI011001.WI,2010-12-21,0.0966407028020424,0.044165501698795524,1.7740154064024187,-0.0144459352030194
CI011001.WI,2010-12-22,0.10010760138715558,0.0440815158714981,1.8489419824826938,-0.013674363795079914
CI011001.WI,2010-12-23,0.10593037216607071,0.04366607328479633,1.987056828837273,-0.014093819376722938
CI011001.WI,2010-12-24,0.10562748093435737,0.043667842362408144,1.9807028328116227,-0.01410859737759984
CI011001.WI,2010-12-27,0.105900134079709,0.04366809205976966,1.9863405897274318,-0.013546474176681644
CI011001.WI,2010-12-28,0.10366149142323189,0.043571882269782015,1.9441070164466194,-0.012124590849078465
CI011001.WI,2010-12-29,0.10449638924967175,0.04359121642105325,1.9606182398776226,-0.010263840835977867
CI011001.WI,2010-12-30,0.10318995225376937,0.043571918138055145,1.934293859753839,-0.009758592968163837
CI011001.WI,2010-12-31,0.11053758683900261,0.043426888131846475,2.093531377076504,-0.007008766469882133
CI011001.WI,2011-01-04,0.11875063731747648,0.04347107482055497,2.2610202780693136,-0.0026589218226178435
CI011001.WI,2011-01-05,0.11484228833446108,0.043449771765882335,2.1815282716278466,-0.003701689516917517
CI011001.WI,2011-01-06,0.11486916295776872,0.04344918025410592,2.1821124298898003,-0.004314696969503262
CI011001.WI,2011-01-07,0.11384597684299691,0.0435061750564019,2.1581967885627136,-0.007021707205785099
CI011001.WI,2011-01-10,0.1119242474514095,0.04348086525336903,2.1196968487863064,-0.0068248802103236805
CI011001.WI,2011-01-11,0.10983831972502567,0.04343873140096415,2.078465801705181,-0.006377066843214485
CI011001.WI,2011-01-12,0.11233436818394815,0.043588989701440865,2.123009744766431,-0.001967231500498934
CI011001.WI,2011-01-13,0.11022188899514385,0.043646263678923776,2.07670906889625,-0.0038008219444206626
CI011001.WI,2011-01-14,0.10722475962650257,0.04369823428031524,2.0124041957022314,-0.005568350730368654
CI011001.WI,2011-01-17,0.1004613222070363,0.04403316583648333,1.8582260096251715,-0.010594868055617601
CI011001.WI,2011-01-18,0.09994489868467804,0.044042864562355365,1.847164836543051,-0.01134535085690036
CI011001.WI,2011-01-19,0.09761269072041157,0.043978234379933055,1.8015333354390548,-0.010705583240564587
CI011001.WI,2011-01-20,0.09348457362814933,0.0441471685162305,1.709423790612655,-0.01415404971543155
CI011001.WI,2011-01-21,0.09152701321022061,0.04421430054820779,1.6663553043331203,-0.016313634870586236
CI011001.WI,2011-01-24,0.09504043485166647,0.044186624735837,1.7401262803077278,-0.014754036551028693
CI011001.WI,2011-01-25,0.09111037328249916,0.044203546707642365,1.6581101895762356,-0.01637777938250007
CI011001.WI,2011-01-26,0.09108120188673263,0.04420392892538631,1.6574911914093258,-0.016666070221225793
CI011001.WI,2011-01-27,0.0979393951478591,0.04398598136288572,1.8079919827665782,-0.014736622474319727
CI011001.WI,2011-01-28,0.09276402383507065,0.04399846673868612,1.7000654642347826,-0.01681896261948601
CI011001.WI,2011-01-31,0.09799532688887869,0.04408596048968222,1.8051470667936083,-0.013320011298380785
CI011001.WI,2011-02-01,0.10270916973596123,0.044360619384058754,1.8908501580359176,-0.008043945461028823
CI011001.WI,2011-02-09,0.10314717087815173,0.04438243105392545,1.8988938894237861,-0.005055753802659102
CI011001.WI,2011-02-10,0.10350508534689684,0.044379874050073286,1.9063131581801869,-0.00484886179038424
CI011001.WI,2011-02-11,0.10723591250651654,0.0442778218309703,1.9868629873655548,-0.0041012547081911155
CI011001.WI,2011-02-14,0.11203003800197564,0.044117435851551375,2.091897579743845,-0.003166965528435761
CI011001.WI,2011-02-15,0.10954139449200162,0.044104122580894016,2.0416956349319544,-0.0036047937598173707
CI011001.WI,2011-02-16,0.11039710305202832,0.044094319863826184,2.059630727364745,-0.0033609168048076565
CI011001.WI,2011-02-17,0.1099055231129289,0.04409680171111461,2.049471430338617,-0.00340972414824392
CI011001.WI,2011-02-18,0.11044944803205348,0.044079216871242645,2.061391237580831,-0.004321167337454801
CI011001.WI,2011-02-21,0.11242837581404896,0.044029372703335,2.104131402151037,-0.0042381708892873515
CI011001.WI,2011-02-22,0.10534483500443215,0.044291401826396924,1.947658073917411,-0.008800978511348756
CI011001.WI,2011-02-23,0.09898195223204898,0.0444247787309406,1.8119407497532534,-0.01228619028569311
CI011001.WI,2011-02-24,0.09672347666162784,0.04442775921484676,1.7655009948365448,-0.012995933733207399
CI011001.WI,2011-02-25,0.0972175063722629,0.04445203278691309,1.774696117898773,-0.010058386683247766
CI011001.WI,2011-02-28,0.09921255155195352,0.044451953036394605,1.8155817423552392,-0.008788836586304027
CI011001.WI,2011-03-01,0.09489860402157402,0.04456873794038646,1.7226778906124307,-0.011673901762879746
CI011001.WI,2011-03-02,0.09254402024177266,0.04451581861723802,1.676294960102732,-0.011307726865478984
CI011001.WI,2011-03-03,0.09670256008301781,0.04460406161169048,1.758270188410826,-0.008050575591151965
CI011001.WI,2011-03-04,0.09455600925382024,0.04464477248985995,1.7128072495671418,-0.009574946351862734
CI011001.WI,2011-03-07,0.0976212270831498,0.044642610631746134,1.7755531670308662,-0.007859100628440308
CI011001.WI,2011-03-08,0.09161059395366378,0.0446687841251091,1.6515652610621843,-0.01043390766768948
CI011001.WI,2011-03-09,0.09183369131413643,0.044665380977900036,1.6562645302034558,-0.010717725165609426
CI011001.WI,2011-03-10,0.08704181577812586,0.04487934507769876,1.5505406229875085,-0.014699158245070065
CI011001.WI,2011-03-11,0.08394180940099694,0.04487913349471762,1.486892407235927,-0.015778591357761163
CI011001.WI,2011-03-14,0.0664240690863076,0.04182195596332162,1.2027649506592903,-0.015668195697157383
CI011001.WI,2011-03-15,0.05871592518408342,0.04198548070058209,1.0254210238255062,-0.01992226292252286
CI011001.WI,2011-03-16,0.04920518529656315,0.04182738948757524,0.8133541034729688,-0.02342464913031861
CI011001.WI,2011-03-17,0.0473900094492159,0.0417740303449511,0.7728817125356003,-0.022834088262848384
CI011001.WI,2011-03-18,0.05307134238039968,0.04169307962217544,0.9040755356399814,-0.020606843828003707
CI011001.WI,2011-03-21,0.054051236590857865,0.04172261671336846,0.9257615011962835,-0.018654390328381454
CI011001.WI,2011-03-22,0.05240269491595684,0.041696578905447965,0.8887672734022904,-0.01854016037565831
CI011001.WI,2011-03-23,0.05654636943681868,0.04159456381322037,0.9853396018076932,-0.01746128643056788
CI011001.WI,2011-03-24,0.055123782440555935,0.041574519237373105,0.9533793725153973,-0.017303601167158456
CI011001.WI,2011-03-25,0.05916645767388817,0.04147605148340507,1.0477664070296333,-0.016253564294049228
CI011001.WI,2011-03-28,0.05783984268297626,0.04150256825425059,1.0169185011131339,-0.017504981384511842
CI011001.WI,2011-03-29,0.05676562063835289,0.04152519906109263,0.9919142201176,-0.018688659314198386
CI011001.WI,2011-03-30,0.05401260340398428,0.04143924548862843,0.9309240384189688,-0.01842337422818896
CI011001.WI,2011-03-31,0.045424989810999516,0.04067380250433654,0.7465036007293626,-0.018521548082662043
CI011001.WI,2011-04-01,0.045648782922601994,0.04068040675970593,0.751651576283248,-0.017014511517574493
CI011001.WI,2011-04-06,0.04948652079352489,0.04077274304110794,0.8399090424218025,-0.014023444140115249
CI011001.WI,2011-04-07,0.051693245433979795,0.040747975508355336,0.8919527924109231,-0.013264014657220602
CI011001.WI,2011-04-08,0.0534006740258024,0.040759514011301214,0.9315189888614591,-0.011974733932079262
CI011001.WI,2011-04-11,0.0568535635319245,0.04065153684157016,1.0144037866181792,-0.011469486064265233
CI011001.WI,2011-04-12,0.056210682679373125,0.04068151954016428,0.998725542242648,-0.013527222834998853
CI011001.WI,2011-04-13,0.0553169581943016,0.040640525740313065,0.9788581938696957,-0.01179947482978927
CI011001.WI,2011-04-14,0.05373507818547196,0.04057259816817142,0.9434486414434256,-0.010524572700095658
CI011001.WI,2011-04-15,0.055355195490465636,0.04060459553657682,0.9805811811581653,-0.00871965956598364
CI011001.WI,2011-04-18,0.055252208615181875,0.040609720408430236,0.9780589121354751,-0.010662447454221735
CI011001.WI,2011-04-19,0.05392925662767656,0.04059235111971613,0.9475494211175114,-0.010518022451058373
CI011001.WI,2011-04-20,0.05533311860564494,0.04068944160610008,0.978106373724848,-0.0067330169616302005
CI011001.WI,2011-04-21,0.0553975832653435,0.0406923078298249,0.9795417433433409,-0.00460194935411351
CI011001.WI,2011-04-22,0.056519836639439935,0.0406680584423104,1.0062404525863062,-0.004775930359030234
CI011001.WI,2011-04-25,0.05837246983793731,0.04060308962816798,1.0509445291913428,-0.005177013290934562
CI011001.WI,2011-04-26,0.0544063019335308,0.040518505272232205,0.9603734226124343,-0.005922383702724798
CI011001.WI,2011-04-27,0.05321312352379559,0.04050335580835954,0.9327571154679825,-0.005739296254024362
CI011001.WI,2011-04-28,0.05243711698573761,0.04048225748869224,0.9150112217919817,-0.004753563655000459
CI011001.WI,2011-04-29,0.05207308863426929,0.04046993109196184,0.9067275640622884,-0.0032942959792334747
CI011001.WI,2011-05-03,0.050824278399251854,0.04048093744769327,0.8771462159700603,-0.004056840824474883
CI011001.WI,2011-05-04,0.05189546868252193,0.040395464044700166,0.9041439619365992,-0.006725907544992138
CI011001.WI,2011-05-05,0.057478947519099544,0.039770595649971104,1.0508607110511148,-0.008597521385764306
CI011001.WI,2011-05-06,0.05409150371213545,0.039670977860493145,0.972505911995146,-0.008757523200662476
CI011001.WI,2011-05-09,0.05451934207523346,0.03968726377472683,0.9823501768038488,-0.006775513699286639
CI011001.WI,2011-05-10,0.05566429607254331,0.03971437841015259,1.0090367129567979,-0.005041295326125628
CI011001.WI,2011-05-11,0.054631374807799116,0.03970976151430368,0.984491850156759,-0.0051278864231549814
CI011001.WI,2011-05-12,0.04948923903801705,0.03938014914025782,0.8682625744301519,-0.004727602302108891
CI011001.WI,2011-05-13,0.051429019390790476,0.03927879124216917,0.9174238573313738,-0.005757189617248026
CI011001.WI,2011-05-16,0.047179297760876926,0.03923535958623867,0.815151932565335,-0.007162218035743129
CI011001.WI,2011-05-17,0.04298358728370366,0.03906411622363424,0.715763745884458,-0.00733380260808536
CI011001.WI,2011-05-18,0.04628933617054143,0.03900423693022658,0.7979493030675778,-0.006319712223595397
CI011001.WI,2011-05-19,0.049895610901800946,0.03891145781604847,0.8882024048542835,-0.005464026032287239
CI011001.WI,2011-05-20,0.050903611709234076,0.03886970872053874,0.9138081463789108,-0.006469009972993711
CI011001.WI,2011-05-23,0.04865512991780929,0.03889602488240229,0.8581389851777004,-0.007811092095862393
CI011001.WI,2011-05-24,0.04151595797744623,0.03827240871898025,0.6929774710333896,-0.0075676944273675995
CI011001.WI,2011-05-25,0.04361325165032892,0.03824975873698511,0.7459670590717283,-0.006828634621357188
CI011001.WI,2011-05-26,0.04348179143983111,0.03825195712957215,0.7426325330668806,-0.007380932448719513
CI011001.WI,2011-05-27,0.04073001708951174,0.0381021963070777,0.676087968827049,-0.006393442465807642
CI011001.WI,2011-05-30,0.038850200096371745,0.038004260984700666,0.6301547712005446,-0.005101286021576779
CI011001.WI,2011-05-31,0.04178348005504029,0.03802575421745639,0.7039816361827167,-0.003252118765920242
CI011001.WI,2011-06-01,0.036387632888495336,0.03834746939157042,0.5629578936494005,-0.008033800563129634
CI011001.WI,2011-06-02,0.033519396751125585,0.03830144227063075,0.49122176218700114,-0.008642893842510269
CI011001.WI,2011-06-03,0.031158896007557724,0.03829383457487372,0.43159326025911066,-0.00952270412173628
CI011001.WI,2011-06-07,0.033764947758706976,0.038161955169546194,0.49910366059002453,-0.010120693930187663
CI011001.WI,2011-06-08,0.032751144195992454,0.03819522781598017,0.4730103039352807,-0.011752344989155228
CI011001.WI,2011-06-09,0.03039002984219885,0.03820339492243586,0.4129974381933739,-0.012892727370327317
CI011001.WI,2011-06-10,0.028741203932602044,0.03826644549557909,0.3705241363883308,-0.015047120254903734
CI011001.WI,2011-06-13,0.024181386624617884,0.03828764488915267,0.25430416575335835,-0.01730895319990855
CI011001.WI,2011-06-14,0.02314298864705444,0.03832982422790382,0.2275989348167853,-0.01927402791109034
CI011001.WI,2011-06-15,0.021783377221074707,0.03835959060404185,0.19278366826724597,-0.020675381799637682
CI011001.WI,2011-06-16,0.019905480997683078,0.03844998610792403,0.1445737552099331,-0.023335661600714652
CI011001.WI,2011-06-17,0.02072713228877987,0.03843954712905113,0.16555388510659713,-0.023346765071643683
CI011001.WI,2011-06-20,0.021773794491532827,0.0384459300943205,0.19219283189016087,-0.02252894251501436
CI011001.WI,2011-06-21,0.023490270422463322,0.03849337920620715,0.2356116988085954,-0.020560432917142157
CI011001.WI,2011-06-22,0.022084788389814314,0.03853930074309346,0.19971714821923617,-0.0223992955127279
CI011001.WI,2011-06-23,0.017505765776033133,0.03852003636924742,0.08322210791069856,-0.02435478449361128
CI011001.WI,2011-06-24,0.016138347977134426,0.03845980399229257,0.04832383064701856,-0.0232722360185732
CI011001.WI,2011-06-27,0.017203844258394607,0.038439462514285434,0.07559527919425564,-0.023420335551684324
CI011001.WI,2011-06-28,0.01750850543707183,0.03842850549633935,0.08339920611593313,-0.024574457479617506
CI011001.WI,2011-06-29,0.02152675505241408,0.03836704377662139,0.18620650449438486,-0.023157606660420993
CI011001.WI,2011-06-30,0.021971687667725393,0.038386128520180904,0.19747814469824587,-0.021224724026824626
CI011001.WI,2011-07-01,0.02768856535385744,0.0380532715762607,0.3454800915147514,-0.02063072827266399
CI011001.WI,2011-07-04,0.026980001085801897,0.03802445668413587,0.3275726112379704,-0.01931380869182886
CI011001.WI,2011-07-05,0.02846433173245866,0.0379853002489383,0.36589784717132756,-0.019504404962596422
CI011001.WI,2011-07-06,0.03007735877148665,0.0379677658750255,0.4073301327467658,-0.019036381680774705
CI011001.WI,2011-07-07,0.029669781281834062,0.03796289095033414,0.3969515561877462,-0.018656547117698596
CI011001.WI,2011-07-08,0.029855691920350313,0.03796703121746904,0.40166806407160527,-0.017600678925324575
CI011001.WI,2011-07-11,0.02764785552141702,0.03793178849772009,0.3454209369984853,-0.01793298424233747
CI011001.WI,2011-07-12,0.026845417735079646,0.03793627848124155,0.32479105905561845,-0.018422255892987405
CI011001.WI,2011-07-13,0.026371760104700437,0.03791583005983279,0.31277602616240047,-0.016903556689369825
CI011001.WI,2011-07-14,0.02733254766586657,0.03790519476183547,0.33754014620155637,-0.01675969085380724
CI011001.WI,2011-07-15,0.02981715890754133,0.037801326757326344,0.4022733425635397,-0.017057647303917345
CI011001.WI,2011-07-18,0.029405580931060493,0.03779715712699409,0.39173635724635547,-0.016751782626311162
CI011001.WI,2011-07-19,0.027531965676157233,0.03772355921008617,0.34412969210882627,-0.016044994778972255
CI011001.WI,2011-07-20,0.02584022704707234,0.03768466041164206,0.30071637337136425,-0.01587940128806653
CI011001.WI,2011-07-21,0.026002686128739905,0.03768154240164217,0.3049410243937838,-0.01642658672593622
CI011001.WI,2011-07-22,0.02536249992919437,0.03768321721592369,0.28836418413059645,-0.01673085378182626
CI011001.WI,2011-07-25,0.024618229595603003,0.03767957447772343,0.2691154626364752,-0.016803785213180156
CI011001.WI,2011-07-26,0.02436552122222113,0.037671443083468384,0.26261696292665926,-0.015613397272284502
CI011001.WI,2011-07-27,0.024707441404131725,0.037673654470563214,0.27146311364334114,-0.01510695118818306
CI011001.WI,2011-07-28,0.0233538835266196,0.03766058154041341,0.23644336832706805,-0.015297307815693162
CI011001.WI,2011-07-29,0.020772965507278585,0.037602211437858364,0.16959055373028895,-0.015601415109411487
CI011001.WI,2011-08-01,0.020923035065012696,0.03760137952559785,0.17350336690736046,-0.015654376269310433
CI011001.WI,2011-08-02,0.021267637299895892,0.03759313325816524,0.18251122244530232,-0.016305566880918332
CI011001.WI,2011-08-03,0.02619140387756791,0.03783106722486715,0.30874587667750686,-0.012016671502134924
CI011001.WI,2011-08-04,0.02725045693946271,0.037833474761013716,0.3359955260851631,-0.01131395759017284
CI011001.WI,2011-08-05,0.023966833307259572,0.0380191325360153,0.25031980488573313,-0.014961647493075714
CI011001.WI,2011-08-08,0.02854942118849646,0.038181509668337374,0.3663790010841275,-0.011297661848665652
CI011001.WI,2011-08-09,0.03348028309878681,0.03839075608052641,0.48918011454492627,-0.007159821603168637
CI011001.WI,2011-08-10,0.03272129638792931,0.038386935514031,0.4700839619693174,-0.007196087616131108
CI011001.WI,2011-08-11,0.035283053706918865,0.03845348479478871,0.5337742192655994,-0.004810838393533912
CI011001.WI,2011-08-12,0.03151095005514404,0.03858829243547998,0.4374376828597815,-0.007904153560843175
CI011001.WI,2011-08-15,0.03071386018959954,0.03860919010493687,0.41719710523036796,-0.00919575083747326
CI011001.WI,2011-08-16,0.03474126238190012,0.03864840504629991,0.5177298362226129,-0.006750111513995849
CI011001.WI,2011-08-17,0.036152844325110456,0.03868753687993486,0.5524877089807632,-0.00483528200579475
CI011001.WI,2011-08-18,0.037489007409769126,0.03869008002064431,0.5857673817498498,-0.00397248639784864
CI011001.WI,2011-08-19,0.04257389642284726,0.03918183552186901,0.703701737871125,0.0
CI011001.WI,2011-08-22,0.04494734309061088,0.039405966458635096,0.7576363829847779,0.0
CI011001.WI,2011-08-23,0.05064467380149251,0.03922878383725573,0.8995158880572001,0.0
CI011001.WI,2011-08-24,0.048271160516173195,0.03946237796480813,0.8371012933050686,-0.0049951963330201465
CI011001.WI,2011-08-25,0.03756466805535452,0.04043000111472105,0.5640613413299964,-0.013660079244082635
CI011001.WI,2011-08-26,0.038568887828736687,0.04044541403060101,0.5877838632813305,-0.01240073417474874
CI011001.WI,2011-08-29,0.032218061958622535,0.0405919060435833,0.43467977143671155,-0.016240264551106276
CI011001.WI,2011-08-30,0.024296307462184474,0.040841846505821844,0.2436151513385766,-0.021209105811974105
CI011001.WI,2011-08-31,0.027276799534987184,0.04099855477971485,0.31371680818312164,-0.017535066294086632
CI011001.WI,2011-09-01,0.028681227232369322,0.04097070798564346,0.3472518711423027,-0.01757163098878456
CI011001.WI,2011-09-02,0.033012078007018664,0.040895342921740234,0.45056125339896486,-0.01610643143696322
CI011001.WI,2011-09-05,0.040924148547353933,0.04148859385481005,0.6286365077588563,-0.009067094552739019
CI011001.WI,2011-09-06,0.046095156274717386,0.04165261465263499,0.7453140791912835,-0.005081226253229154
CI011001.WI,2011-09-07,0.039595086312185224,0.042339671834053974,0.5866619195039892,-0.012606905234679111
CI011001.WI,2011-09-08,0.03843682011521521,0.042370664356330516,0.5599495960688333,-0.014162487646554478
CI011001.WI,2011-09-09,0.04050090634088921,0.042467819017117596,0.6055304298064434,-0.010993151717602734
CI011001.WI,2011-09-13,0.03390056366136518,0.04225259763198271,0.457769104521267,-0.012589018609134306
CI011001.WI,2011-09-14,0.03490468638150723,0.04223396057609359,0.48094021255123853,-0.01277223780442771
CI011001.WI,2011-09-15,0.030357219151445403,0.04226757718281663,0.37638968776170134,-0.015133509809429069
CI011001.WI,2011-09-16,0.024970085290120236,0.0425074746193209,0.2511681323552437,-0.019506394033338315
CI011001.WI,2011-09-19,0.028727926155589723,0.04264768262210388,0.33630060126109895,-0.01601224964758985
CI011001.WI,2011-09-20,0.023671900661388134,0.04264525527344697,0.2207719174983328,-0.01831147247371001
CI011001.WI,2011-09-21,0.02841261023017383,0.04264974309262928,0.3290978252108044,-0.01589907321162043
CI011001.WI,2011-09-22,0.024754044683843235,0.04265671222829515,0.24549530886220036,-0.017628456639851686
CI011001.WI,2011-09-23,0.02960616921345971,0.04256374295793766,0.35693117418342535,-0.016023013280661025
CI011001.WI,2011-09-26,0.025673775647681252,0.04291303311361235,0.2651921282028509,-0.02162643402656672
CI011001.WI,2011-09-27,0.023480891199343157,0.04288127931597102,0.21544009276510975,-0.021956624299898753
CI011001.WI,2011-09-28,0.024232279025617087,0.04287508408494915,0.2325834138874253,-0.02185547780677355
CI011001.WI,2011-09-29,0.023990760395859567,0.04287442121966403,0.22708527229002629,-0.021757417943720103
CI011001.WI,2011-09-30,0.027018175482842466,0.04277292481979232,0.2965484138816186,-0.02165065220097695
CI011001.WI,2011-10-10,0.025582200786475218,0.04271783004743352,0.26411866336506107,-0.020594708138944928
CI011001.WI,2011-10-11,0.023839159630079765,0.04268370917075221,0.22444036690140567,-0.0204953028217576
CI011001.WI,2011-10-12,0.025282523701408266,0.04266032016353722,0.2575662109876901,-0.020399538145167928
CI011001.WI,2011-10-13,0.02095512328767568,0.04244798249532362,0.15899133822888772,-0.020303615179856793
CI011001.WI,2011-10-14,0.02375207027643711,0.0423600311039686,0.22382382209689342,-0.020207692214545436
CI011001.WI,2011-10-17,0.022022178656983638,0.042317732274539874,0.18403772583107203,-0.01991343348102448
CI011001.WI,2011-10-18,0.01960287448343112,0.04224967617290898,0.1281670327719682,-0.0198089629247451
CI011001.WI,2011-10-19,0.015256569314108015,0.04202764346025619,0.02697180868863,-0.019703146914331504
CI011001.WI,2011-10-20,0.010888836624852294,0.04179914872570645,-0.07625907615105935,-0.01960318758661861
CI011001.WI,2011-10-21,0.011541293199322844,0.041795166500672984,-0.06083189340342584,-0.019492148048391056
CI011001.WI,2011-10-24,0.00963238760795515,0.04174028198144506,-0.106222402734002,-0.019191241188561525
CI011001.WI,2011-10-25,0.007003595395631779,0.04165284578392805,-0.16912602350166903,-0.01907181234808719
CI011001.WI,2011-10-26,0.006514566466685245,0.041648894114736,-0.18080922912173317,-0.01894961345498447
CI011001.WI,2011-10-27,0.008108893362929415,0.04162248468711624,-0.1429226296497847,-0.018821320446098744
CI011001.WI,2011-10-28,0.00888290862295249,0.041613052107981,-0.12452013956625034,-0.018908774964802477
CI011001.WI,2011-10-31,0.012394673392639444,0.0415195015773422,-0.04119956511311347,-0.018256229709859184
CI011001.WI,2011-11-01,0.011222822232045626,0.04152362949796254,-0.06908469188491637,-0.01892033004148186
CI011001.WI,2011-11-02,0.016911731203476332,0.041766030261752574,0.06588394422046787,-0.014350455503496895
CI011001.WI,2011-11-03,0.018465979383453845,0.041971507161374544,0.10215445192234196,-0.008022388989942897
CI011001.WI,2011-11-04,0.01990663815383331,0.04200043644162465,0.13577084416516266,-0.006394152054836844
CI011001.WI,2011-11-07,0.023618037895223543,0.04198769630913651,0.22231693765849703,-0.004647119434143088
CI011001.WI,2011-11-08,0.029356427071173696,0.04218946829445356,0.3539731176188572,-0.0002500961801844559
CI011001.WI,2011-11-09,0.03204391845895027,0.04223293164460944,0.4153992471852416,0.0
CI011001.WI,2011-11-10,0.03782309278732554,0.0430127328550553,0.5384758508223225,0.0
CI011001.WI,2011-11-11,0.03398631447988554,0.04310143499440916,0.45151161851164223,-0.0027345991748516374
CI011001.WI,2011-11-14,0.034425243306761555,0.043107722662713635,0.46129873951133826,-0.0017522012924335861
CI011001.WI,2011-11-15,0.032172860618741694,0.043029437601116625,0.4113950267009289,-0.0011732239337057804
CI011001.WI,2011-11-16,0.019788666748190353,0.04218685114842375,0.13261443115649182,-0.004164737459921297
CI011001.WI,2011-11-17,0.017271368521031727,0.042267633036323166,0.07396433323497068,-0.006688464843177755
CI011001.WI,2011-11-18,0.011624774895100165,0.04212826327350313,-0.05806229190052524,-0.008351791466669423
CI011001.WI,2011-11-21,0.010942729900323522,0.04215758499970284,-0.07399137698550481,-0.010450878030831778
CI011001.WI,2011-11-22,0.008965545068019276,0.04214787123339217,-0.12046840848784317,-0.011171271823135931
CI011001.WI,2011-11-23,0.022841391060212546,0.03957657977735876,0.2141817103148728,-0.012039659557554594
CI011001.WI,2011-11-24,0.030890068683409044,0.03946567551909648,0.4132999526446288,-0.008613090823725744
CI011001.WI,2011-11-25,0.039630994431916866,0.03859240380036792,0.6405789406135204,-0.008306531943631179
CI011001.WI,2011-11-28,0.04811579505687136,0.03759204998877964,0.8728694474136747,-0.008774318086590238
CI011001.WI,2011-11-29,0.04049054945214037,0.037061295544916315,0.6877861259310046,-0.009559234105509407
CI011001.WI,2011-11-30,0.041419765424616894,0.03709983806573892,0.7111747370396634,-0.007379259847058783
CI011001.WI,2011-12-01,0.05457296171993886,0.03918183529195982,0.9957733712061738,0.0
CI011001.WI,2011-12-02,0.06091542948671003,0.03929588757493665,1.1456225850593804,0.0
CI011001.WI,2011-12-05,0.05736114708360529,0.03909610504153098,1.0654226667161262,0.0
CI011001.WI,2011-12-06,0.05721355023165331,0.039097826852189925,1.0618061425459218,-0.00032611075905819575
CI011001.WI,2011-12-07,0.0597880366433321,0.039041213949931264,1.1256019103922927,0.0
CI011001.WI,2011-12-08,0.06154171813057063,0.039029148055121865,1.1683105830553624,0.0
CI011001.WI,2011-12-09,0.06078770606665529,0.03903742094109977,1.149865088419425,-0.0005693350504245576
CI011001.WI,2011-12-12,0.052471961944309475,0.038483797046198816,0.9613045433076036,-0.0015858830927157896
CI011001.WI,2011-12-13,0.04955525757195178,0.03838889868111336,0.8912818997595483,-0.0014681750844670605
CI011001.WI,2011-12-14,0.04899195415563051,0.03839276360224332,0.8772101903889393,-0.0018175820142163346
CI011001.WI,2011-12-15,0.04631484051271362,0.03836789733393986,0.8111403849815144,-0.0025352136671387138
CI011001.WI,2011-12-16,0.046453596662590746,0.03836910681912532,0.8145726967176302,-0.0019391619964206352
CI011001.WI,2011-12-19,0.05006537169688885,0.03824649597687898,0.9071653150084457,-0.0013889544973364476
CI011001.WI,2011-12-20,0.051006299020709855,0.03824646244338409,0.930588949507968,-0.00074481291009032
CI011001.WI,2011-12-21,0.04975654289693576,0.038228232039331234,0.8998845211180607,-0.0005592679181402049
CI011001.WI,2011-12-22,0.049118380537892525,0.038226836532656724,0.884005231778189,-0.0005816479276032904
CI011001.WI,2011-12-23,0.04606722670808017,0.03818589758794456,0.8086253003015853,-0.0013166260238467453
CI011001.WI,2011-12-26,0.0505474333078082,0.03810124140304441,0.9225271651589817,0.0
CI011001.WI,2011-12-27,0.04953862100838902,0.03811548179122538,0.8969858479829422,-0.0008463533450893124
CI011001.WI,2011-12-28,0.0479753528999598,0.038143068715418026,0.8572781328505485,-0.002101638117983362
CI011001.WI,2011-12-29,0.04807982023341384,0.03814777124991709,0.8597906184363192,-7.803916683601919e-05
CI011001.WI,2011-12-30,0.046394383423578045,0.03813930786227425,0.8177668638941246,-0.0004972674291536805
CI011001.WI,2012-01-04,0.049181432499604716,0.038274320659215495,0.8845258495070001,0.0
CI011001.WI,2012-01-05,0.050699743067934566,0.038278179122404894,0.9222264385555612,0.0
CI011001.WI,2012-01-06,0.052001346946699334,0.038291263624435586,0.9542627732584066,0.0
CI011001.WI,2012-01-09,0.055598721356544534,0.038476520735888184,1.0385926122462472,0.0
CI011001.WI,2012-01-10,0.05702061766055566,0.03854318356640056,1.0717946084338945,0.0
CI011001.WI,2012-01-11,0.05364145412969812,0.038537720145739016,0.9888358443283274,-0.0013193095557225698
CI011001.WI,2012-01-12,0.051616415159057016,0.03857064234841963,0.9381372090866489,-0.002729882958132923
CI011001.WI,2012-01-13,0.04688288862853329,0.038532278836555536,0.8219307311088336,-0.004461907059438497
CI011001.WI,2012-01-16,0.042086139228127095,0.03830330347115037,0.7066977318227459,-0.004682378481193794
CI011001.WI,2012-01-17,0.044750561806401246,0.038307317197065364,0.7732987491737964,-0.0031808472299051926
CI011001.WI,2012-01-18,0.04582636225455872,0.038299780252583064,0.8003201742474823,-0.002768362182679507
CI011001.WI,2012-01-19,0.04974359461160138,0.03819789002150437,0.9002457804651269,-0.0017545149403047633
CI011001.WI,2012-01-20,0.05077401821096328,0.03821057433879608,0.9256411348824234,-0.0005765763725780193
CI011001.WI,2012-01-30,0.053405093877404,0.038309113765587946,0.9886511385844063,0.0
CI011001.WI,2012-01-31,0.04846189537185941,0.03807600119865113,0.8709142571687944,-0.00027527899950163803
CI011001.WI,2012-02-01,0.045053226169745386,0.038386543898388276,0.7793301550641025,-0.005356225678409654
CI011001.WI,2012-02-02,0.0504680734844043,0.03847083393395644,0.912067729021516,-0.001976483373743676
CI011001.WI,2012-02-03,0.05931983553979392,0.038234315987619075,1.1369866338141847,0.0
CI011001.WI,2012-02-06,0.058144495490676906,0.03827918854081643,1.1066907667496872,-0.0018672009264132372
CI011001.WI,2012-02-07,0.05313054797377603,0.0385198669865767,0.9766836568856861,-0.005953946543589939
CI011001.WI,2012-02-08,0.06229599691899268,0.03866088528486756,1.1974490063566934,-0.0007978989550031512
CI011001.WI,2012-02-09,0.06361560594504767,0.03860238356938222,1.2313732092885044,-0.0017482286970924577
CI011001.WI,2012-02-10,0.061272793667668024,0.03858866521671197,1.1746392729606352,-0.0023678598465982637
CI011001.WI,2012-02-13,0.06433514344852242,0.03855474723904599,1.2503920781434068,-0.0011380482563860816
CI011001.WI,2012-02-14,0.06280696657961538,0.038601752234475005,1.2116850774021373,-0.002864555566318816
CI011001.WI,2012-02-15,0.05970905437482954,0.03858177160749905,1.1366146762322817,-0.0038202203859561967
CI011001.WI,2012-02-16,0.05824720682986695,0.03869023427290026,1.0978492133962365,-0.007296937993213626
CI011001.WI,2012-02-17,0.05577273382308423,0.03855832783198265,1.0407465528684272,-0.006093573144560938
CI011001.WI,2012-02-20,0.05245673808690343,0.03826480795863782,0.9662096955731437,-0.0039172425819367085
CI011001.WI,2012-02-21,0.04803627238070285,0.038186404228199376,0.8578717072602999,-0.005112909675841437
CI011001.WI,2012-02-22,0.050415370736031306,0.03825497034074234,0.9156865361371314,-0.0026471130485402616
CI011001.WI,2012-02-23,0.052514961981239505,0.038336221188707865,0.9659241766769676,0.0
CI011001.WI,2012-02-24,0.05325667311111304,0.0383562291848814,0.9838101514058004,0.0
CI011001.WI,2012-02-27,0.052091793782345075,0.038390896838851114,0.9541260516507442,-0.0015447120450716723
CI011001.WI,2012-02-28,0.05244773909164202,0.038392745081994174,0.9628943979465627,-0.0009624492621856939
CI011001.WI,2012-02-29,0.05246818211366011,0.03839262059843369,0.9634034326594293,-0.0009919694450889471
CI011001.WI,2012-03-01,0.04863126220815861,0.03867110106335259,0.8622789604287735,-0.005544316413754302
CI011001.WI,2012-03-02,0.05137879172939952,0.038752440874728795,0.9280861970977577,-0.0028556211982303514
CI011001.WI,2012-03-05,0.054253672019155985,0.0385099143545514,1.0046105563103174,-0.004710675578515677
CI011001.WI,2012-03-06,0.05195295484715401,0.0387817568718937,0.9414947753062889,-0.010374670465741698
CI011001.WI,2012-03-07,0.04931653393268998,0.03892217944597384,0.8737539172855161,-0.01356421971233035
CI011001.WI,2012-03-08,0.050164488084145864,0.038988727921785364,0.893050763648583,-0.00982885141381129
CI011001.WI,2012-03-09,0.05184894585876987,0.03906660917943046,0.9323810096724668,-0.00696874132178904
CI011001.WI,2012-03-12,0.05544173203290814,0.038942286732484184,1.0228138209418616,-0.0064770933271453
CI011001.WI,2012-03-13,0.05958244819383873,0.039154989566465875,1.1174915356582098,-0.0022097530728000248
CI011001.WI,2012-03-14,0.0523912961898485,0.03921245393229111,0.9422065755935458,-0.005716720368545758
CI011001.WI,2012-03-15,0.053455822094223615,0.039180389626135854,0.9687552459363187,-0.00624047536624428
CI011001.WI,2012-03-16,0.054155871436446734,0.0392120062026895,0.9849505166070482,-0.003857329260359643
CI011001.WI,2012-03-19,0.05725327514794576,0.039110723571110055,1.06243339965291,-0.0035231729631644004
CI011001.WI,2012-03-20,0.05531555451410508,0.039177609951688896,1.0138514619223131,-0.0056347790361050976
CI011001.WI,2012-03-21,0.05944702683793035,0.03894716946589037,1.1199642598313728,-0.00575947898398832
CI011001.WI,2012-03-22,0.058692897263405985,0.038977983548342095,1.1008369188674436,-0.007555645164358249
CI011001.WI,2012-03-23,0.05794522913599098,0.03898651379965906,1.082479602506758,-0.008145287992969874
CI011001.WI,2012-03-26,0.06560316969089053,0.03880810987911709,1.2731701357078273,-0.005283351910252532
CI011001.WI,2012-03-27,0.06927278402508086,0.03861946915098154,1.3682403787153061,-0.005424790106173805
CI011001.WI,2012-03-28,0.06803756503950842,0.0386266712482515,1.3380605023530152,-0.005972967729418577
CI011001.WI,2012-03-29,0.06550857585807712,0.038575241452118596,1.278321018140117,-0.006066397586649064
CI011001.WI,2012-03-30,0.06408219856263053,0.03853784232098909,1.2447554973370183,-0.00541817088990415
CI011001.WI,2012-04-05,0.06353487983692019,0.038543058229266416,1.2312404835155912,-0.005814030456003261
CI011001.WI,2012-04-06,0.062468368946156705,0.03853385506326358,1.2054821148279873,-0.0057192311057515655
CI011001.WI,2012-04-09,0.06090615738541838,0.038565081634261276,1.166373171716395,-0.00702184721783683
CI011001.WI,2012-04-10,0.05738629277013274,0.03863618904695054,1.0782621612956127,-0.009258837985171464
CI011001.WI,2012-04-11,0.05990754073143001,0.03861696830188418,1.1404655687970335,-0.00815981983558467
CI011001.WI,2012-04-12,0.06329043753131947,0.038629313636982576,1.2226250870475757,-0.006192923525227156
CI011001.WI,2012-04-13,0.061262423021274603,0.038675215853866886,1.1718448291369024,-0.007820261649250093
CI011001.WI,2012-04-16,0.06159540721284662,0.03867372783963386,1.1800021676653816,-0.007608218479786655
CI011001.WI,2012-04-17,0.06231995000654167,0.03870274322303111,1.1967791038459548,-0.005406073701549552
CI011001.WI,2012-04-18,0.05860980596860399,0.03860672077285819,1.1090171424853164,-0.005863864785389028
CI011001.WI,2012-04-19,0.057027850338079666,0.038614636332289905,1.070060402512288,-0.00658490286109914
CI011001.WI,2012-04-20,0.05591913006871119,0.038599327416622024,1.0432751534218025,-0.0063302532420845825
CI011001.WI,2012-04-23,0.05446251183633888,0.03861350018179903,1.007148656683627,-0.007193566426117681
CI011001.WI,2012-04-24,0.05729968080694037,0.03854657302366635,1.0785541023514786,-0.006594489312248264
CI011001.WI,2012-04-25,0.057531245718276613,0.038555924426735576,1.083982917772587,-0.004636646872420269
CI011001.WI,2012-04-26,0.057254242501425745,0.03854954123051938,1.0773589092765283,-0.0036135595025698075
CI011001.WI,2012-04-27,0.05558046488764612,0.03851605387149817,1.0371173450978735,-0.0033763328781036828
CI011001.WI,2012-05-02,0.060295455945594156,0.0385210115711883,1.1527122396538263,-0.0008866706483409148
CI011001.WI,2012-05-03,0.05942389147535021,0.03853169660935967,1.1310563470017598,-0.0015622111225658264
CI011001.WI,2012-05-04,0.05410412471289128,0.038389204576088486,1.0039524253357672,-0.002775658022376115
CI011001.WI,2012-05-07,0.05222783921480456,0.038340416938846,0.9587046210644885,-0.0024149487771568667
CI011001.WI,2012-05-08,0.05153690317381576,0.03835256432803966,0.9412827851573943,-0.0032442528844947027
CI011001.WI,2012-05-09,0.04903339133705309,0.038463952534807624,0.8766846275672083,-0.0060180849161757255
CI011001.WI,2012-05-10,0.05022215493663529,0.03845277212153618,0.9063873406354184,-0.005637289773310905
CI011001.WI,2012-05-11,0.04932046572762716,0.03846265562860566,0.8838281497497573,-0.006308037021961255
CI011001.WI,2012-05-14,0.047717491632621734,0.03846122256370234,0.8441029802657473,-0.0068423675491020575
CI011001.WI,2012-05-15,0.04637195921447557,0.03843980346269904,0.8111149275295708,-0.006663496543932168
CI011001.WI,2012-05-16,0.04558494659291723,0.03846574809868293,0.7910294397571017,-0.008170014950298787
CI011001.WI,2012-05-17,0.050066553223397925,0.03838411433277026,0.9040790052624653,-0.006588250510706772
CI011001.WI,2012-05-18,0.050550484373553584,0.038361825404040435,0.9165950979656212,-0.008003165050538108
CI011001.WI,2012-05-21,0.05153592044984223,0.03836445331346216,0.9409785721721753,-0.0072329013090070005
CI011001.WI,2012-05-22,0.05115231174924317,0.03834899980813513,0.9318258951621522,-0.0056107368252870105
CI011001.WI,2012-05-23,0.04900430315993787,0.038320816141389914,0.879092529372963,-0.0059100471333848326
CI011001.WI,2012-05-24,0.04835072930769768,0.03833044572186382,0.8626185968367857,-0.006615868619969545
CI011001.WI,2012-05-25,0.047153861434215516,0.038341116377533575,0.8325899596278258,-0.007350753791783737
CI011001.WI,2012-05-28,0.050195974205192506,0.03835821599288557,0.9078771590710706,-0.005496840655682789
CI011001.WI,2012-05-29,0.05303586860576348,0.038339437071805677,0.9787541559165388,-0.004216745095503183
CI011001.WI,2012-05-30,0.05171066177219075,0.03837261719849819,0.9451176479587573,-0.005641778667102915
CI011001.WI,2012-05-31,0.050658973749253766,0.03836423357775235,0.9192321698918141,-0.00562131235472918
CI011001.WI,2012-06-01,0.050830403930665735,0.0383674106115253,0.923412397582859,-0.004602637795725006
CI011001.WI,2012-06-04,0.048993115647078866,0.038462362650472655,0.8757208728825226,-0.007347101810393664
CI011001.WI,2012-06-05,0.049773428880402815,0.03843959852337749,0.8955649659855721,-0.007950591735109702
CI011001.WI,2012-06-06,0.049675177728423,0.03843959118701984,0.8931297394955066,-0.007800099668658689
CI011001.WI,2012-06-07,0.04895270480312952,0.03843587880627253,0.8752953795088626,-0.007744635201296535
CI011001.WI,2012-06-08,0.054756523087612585,0.03872445220268936,1.0115736373323758,-0.0028093627672889365
CI011001.WI,2012-06-11,0.051031746331632544,0.038814176267952,0.9181622839899279,-0.005342316193113761
CI011001.WI,2012-06-12,0.047635572203915455,0.03885694787472171,0.8338852091275969,-0.007266986468648207
CI011001.WI,2012-06-13,0.044661215320275005,0.03883824426161527,0.761049931321689,-0.008245565315306846
CI011001.WI,2012-06-14,0.0473016828103896,0.0385955307945259,0.8310107289284383,-0.010508576450045881
CI011001.WI,2012-06-15,0.04810445036832389,0.03858718278940731,0.8510426902674694,-0.010358160466540589
CI011001.WI,2012-06-18,0.04774861229138816,0.038598176275822835,0.842012187612302,-0.011572139946970261
CI011001.WI,2012-06-19,0.0474558766601858,0.038604936453888995,0.8346318262192396,-0.012444887416261152
CI011001.WI,2012-06-20,0.04859699542940876,0.03856832840483342,0.8636239546972017,-0.012998619094536923
CI011001.WI,2012-06-21,0.05087718432212318,0.038553426561955526,0.9202952952163742,-0.01199379163163683
CI011001.WI,2012-06-25,0.05301786932110564,0.03848083418722952,0.9748524894769256,-0.012141925126773256
CI011001.WI,2012-06-26,0.056616753606996806,0.03840904603688298,1.0654514694127477,-0.011041993981839138
CI011001.WI,2012-06-27,0.05969541896914987,0.038350245855927424,1.1429092079209715,-0.010143834808708396
CI011001.WI,2012-06-28,0.06284451573808703,0.038335943461907225,1.2207421688802513,-0.008620882486086279
CI011001.WI,2012-06-29,0.06555060255291845,0.03822294969115529,1.2907812336887168,-0.008796634090485367
CI011001.WI,2012-07-02,0.06612960756281994,0.038223012144769565,1.3049951567867517,-0.008269303194342492
CI011001.WI,2012-07-03,0.06603472523402587,0.038221758124323685,1.3027075847357705,-0.007527190142693541
CI011001.WI,2012-07-04,0.06381787456713117,0.03818235767586712,1.249479070542121,-0.007596501706160108
CI011001.WI,2012-07-05,0.06578557304178734,0.03812374696809477,1.2998261014271704,-0.007627543547976012
CI011001.WI,2012-07-06,0.07105361838981072,0.038149808963772965,1.428243839804988,-0.00471721871183961
CI011001.WI,2012-07-09,0.07019153577347437,0.03814062628984046,1.4074610109908938,-0.004414865085916597
CI011001.WI,2012-07-10,0.07051611650415568,0.03813844932714397,1.41549254332084,-0.004263916521792033
CI011001.WI,2012-07-11,0.07303072565078783,0.038120739821502526,1.4776964944814703,-0.0031044885133773015
CI011001.WI,2012-07-12,0.07121685064496197,0.03810616445675401,1.4338364073306509,-0.00334407370915768
CI011001.WI,2012-07-13,0.06893508673535687,0.03807016475575111,1.3791304627863685,-0.0034991307523460913
CI011001.WI,2012-07-16,0.06704137079395833,0.038095558148884226,1.3316790753105414,-0.004660841249129799
CI011001.WI,2012-07-17,0.06359925602920491,0.03814017570702811,1.2454287295725046,-0.006537579268918958
CI011001.WI,2012-07-18,0.06274355489944972,0.03815801112363094,1.2237664427098143,-0.007529776962844847
CI011001.WI,2012-07-19,0.06308991336448733,0.03816140259637495,1.2322020584146447,-0.006732427692670573
CI011001.WI,2012-07-20,0.06288226327698676,0.03816117531481542,1.2270889427477352,-0.006541915996819747
CI011001.WI,2012-07-23,0.06211132751007642,0.03815220678808827,1.2083455741003852,-0.006194369101194086
CI011001.WI,2012-07-24,0.06088703275193841,0.038187188406333505,1.1770633794614578,-0.00767570405255813
CI011001.WI,2012-07-25,0.06159381516272777,0.03818011434085721,1.1947221286102319,-0.007509310650471113
CI011001.WI,2012-07-26,0.06230487221133263,0.03820905463737795,1.2113742581934603,-0.005307926701690224
CI011001.WI,2012-07-27,0.06490185883270505,0.03828102224630266,1.272967433360338,-0.0027303125867821354
CI011001.WI,2012-07-30,0.0653885756033894,0.0382770921876014,1.285035160490881,-0.0025768532854517634
CI011001.WI,2012-07-31,0.06452640483929573,0.03828444327568233,1.263643887607816,-0.0030739031692350594
CI011001.WI,2012-08-01,0.0634268588241016,0.038285717223220606,1.2366037990302132,-0.003387745319947899
CI011001.WI,2012-08-02,0.062284189217050256,0.03830301385923404,1.2079876089082822,-0.004291078133381143
CI011001.WI,2012-08-03,0.06561812462793304,0.03836573013074765,1.28777114270605,-0.0017214527277638059
CI011001.WI,2012-08-06,0.06650599500648346,0.03836246759893418,1.3095930227384387,-0.0011987628913041615
CI011001.WI,2012-08-07,0.06739066356154,0.03836421404984239,1.3311535596183126,-0.00044440048540916877
CI011001.WI,2012-08-08,0.06627201648929049,0.038352502536215444,1.3042009679833602,-0.00028302855773365554
CI011001.WI,2012-08-09,0.06585479204735956,0.038351867787902984,1.2940146020633918,-0.0001600785175998043
CI011001.WI,2012-08-10,0.066453548265623,0.03834937430075335,1.3087444268223158,0.0
CI011001.WI,2012-08-13,0.06682771660188425,0.03834577089776372,1.3180143015940973,0.0
CI011001.WI,2012-08-14,0.06694784565998324,0.03834501215633036,1.320976824176567,0.0
CI011001.WI,2012-08-15,0.06789743947879279,0.03833386302734896,1.3445629822246186,0.0
CI011001.WI,2012-08-16,0.06435548782617584,0.038120618212187145,1.2646982607443664,0.0
CI011001.WI,2012-08-17,0.06395416714571489,0.03811790564847108,1.2548894132169905,0.0
CI011001.WI,2012-08-20,0.06811490977965118,0.03791231697528345,1.3644634037431393,0.0
CI011001.WI,2012-08-21,0.06373117230205239,0.03775887379426277,1.2609094681208015,-0.0003998100408808547
CI011001.WI,2012-08-22,0.05919867741327378,0.03755281924458421,1.15388803323585,-0.0004934229881663477
CI011001.WI,2012-08-23,0.06170821746075528,0.037610563043577044,1.2151092725673345,0.0
CI011001.WI,2012-08-24,0.05975197583827718,0.03754926442196453,1.16790504789644,0.0
CI011001.WI,2012-08-27,0.06401439846295287,0.03740484229220179,1.2796088770786387,0.0
CI011001.WI,2012-08-28,0.06349358124205362,0.03742837889462561,1.2657433650274446,-0.0017907335893310172
CI011001.WI,2012-08-29,0.06137932232522392,0.03736263389265759,1.2146301992547712,-0.0013161861612253078
CI011001.WI,2012-08-30,0.05826131914259314,0.037345005217295515,1.136388387793201,-0.0023303600779009948
CI011001.WI,2012-08-31,0.05814629030775653,0.03734329328488682,1.1335272347535856,-0.001573929509994021
CI011001.WI,2012-09-03,0.05489986655673773,0.03694824449387446,1.062071410317898,0.0
CI011001.WI,2012-09-04,0.049533715641057796,0.03661389987789412,0.9321203306235835,0.0
CI011001.WI,2012-09-05,0.04705575459043221,0.03659740209283799,0.8679224979616024,-0.0007382471306062177
CI011001.WI,2012-09-06,0.05651922077145266,0.03642388625029697,1.1189560962025376,0.0
CI011001.WI,2012-09-07,0.06630501225191443,0.03530409811106302,1.4145203102864574,0.0
CI011001.WI,2012-09-10,0.06970526957906809,0.03554026425589016,1.4949595561140496,0.0
CI011001.WI,2012-09-11,0.0746810463541221,0.03529726758678554,1.636520829292552,0.0
CI011001.WI,2012-09-12,0.08120070260275614,0.03489439775606509,1.8283928830813765,0.0
CI011001.WI,2012-09-13,0.07824277297582394,0.03473016013643134,1.7579710808720277,0.0
CI011001.WI,2012-09-14,0.0851914816896544,0.03526089921538179,1.9142691740902757,0.0
CI011001.WI,2012-09-17,0.08237969077591734,0.035270343519818045,1.8401843173372892,-0.001103513418953317
CI011001.WI,2012-09-18,0.07278267970919883,0.03465732370422554,1.6150673463770249,-0.0028770038716134927
CI011001.WI,2012-09-19,0.07127845760423446,0.03453312084851459,1.5801092390962452,-0.00026999517690762254
CI011001.WI,2012-09-20,0.07743817675254006,0.03369376458128384,1.7888320919885865,-0.0021272234793209277
CI011001.WI,2012-09-21,0.07931339219668554,0.03364151541379674,1.8432637078286789,-0.001965315455995209
CI011001.WI,2012-09-24,0.07346698474637048,0.033608513624495656,1.6833825765906598,-0.0041802855119190685
CI011001.WI,2012-09-25,0.07433114982075684,0.03357255376064428,1.7091255607092632,-0.004986781965569342
CI011001.WI,2012-09-26,0.07363577622144413,0.03358792834862772,1.689076128927986,-0.005815326416893751
CI011001.WI,2012-09-27,0.07730559288970329,0.033488112671731476,1.7959361803480198,-0.004803122887298894
CI011001.WI,2012-09-28,0.08443826065955595,0.033199304195785546,2.010101041295113,-0.002662091571050351
CI011001.WI,2012-10-08,0.0807703995118727,0.033039885524378004,1.917065794388812,-0.002493205393578557
CI011001.WI,2012-10-09,0.08232359336527573,0.03295556008715602,1.9654769486362602,-0.0033938326925184725
CI011001.WI,2012-10-10,0.0772342397435728,0.032985168432261056,1.820805942408554,-0.005642579983936802
CI011001.WI,2012-10-11,0.07949485357426012,0.032920612042370206,1.8880097939354274,-0.005306960463782873
CI011001.WI,2012-10-12,0.0777601879432972,0.032894735996880635,1.8405646532964435,-0.005282388452906739
CI011001.WI,2012-10-15,0.08244906966461274,0.03238382043742286,2.0031822124517924,-0.006644019339582918
CI011001.WI,2012-10-16,0.08472497421448644,0.03240940326055127,2.0664538037883573,-0.00489138911367859
CI011001.WI,2012-10-17,0.08570949799142191,0.032415887755075624,2.0940427198588525,-0.0038851986743584366
CI011001.WI,2012-10-18,0.08565252542610224,0.03241630115219943,2.092397069595866,-0.0038376136019367957
CI011001.WI,2012-10-19,0.08117481745860977,0.0327054434275217,1.9477761924533388,-0.007837951819705813
CI011001.WI,2012-10-22,0.07841196898049141,0.03274520034555945,1.8672877877188194,-0.00930522008244461
CI011001.WI,2012-10-23,0.07562682113977348,0.03286271391861701,1.7820138844387967,-0.0117635347052929
CI011001.WI,2012-10-24,0.074044378345415,0.03290433159549303,1.735044716054396,-0.013120934158071806
CI011001.WI,2012-10-25,0.07337000953258066,0.032913918472601396,1.7154611128019033,-0.013643998776298849
CI011001.WI,2012-10-26,0.07161312304257939,0.03296383616650874,1.6632042410196153,-0.01516204424580292
CI011001.WI,2012-10-29,0.07106430880370951,0.03296744723199702,1.6474827278202948,-0.015370794984726266
CI011001.WI,2012-10-30,0.07120562622881987,0.032967036118886996,1.65150591285486,-0.01513591328559627
CI011001.WI,2012-10-31,0.07178787144098497,0.03296875017133472,1.6679084113819171,-0.01449422004688572
CI011001.WI,2012-11-01,0.07349785468357095,0.03299882930613475,1.7147416720498665,-0.012821244708202117
CI011001.WI,2012-11-02,0.07384186413383076,0.032998724437002504,1.7244594021427357,-0.012393053292088951
CI011001.WI,2012-11-05,0.07358818590528027,0.03299941242308261,1.71726251179392,-0.012323345986310352
CI011001.WI,2012-11-06,0.07315894803392942,0.03300380795970249,1.7049180846767744,-0.012598018011209744
CI011001.WI,2012-11-07,0.07292612894721318,0.03300556266275369,1.6982535689525695,-0.012689253664885602
CI011001.WI,2012-11-08,0.07118646282598462,0.033052801740965795,1.6467644980177059,-0.014161198775615946
CI011001.WI,2012-11-09,0.07119974598716516,0.033052666894184034,1.6471463544911304,-0.01423684493598687
CI011001.WI,2012-11-12,0.07118184583314302,0.03305247303636742,1.6466501077658582,-0.013597675710477986
CI011001.WI,2012-11-13,0.07041654626568183,0.0330808072325761,1.6236573998536805,-0.014969179942914135
CI011001.WI,2012-11-14,0.06595286152785729,0.0327871449778662,1.5104221120663828,-0.014507656705401106
CI011001.WI,2012-11-15,0.059250784380603605,0.032197987645747314,1.341532832450696,-0.014416569523089784
CI011001.WI,2012-11-16,0.05762306413682339,0.03216704651642578,1.2949732260504694,-0.014315831702065962
CI011001.WI,2012-11-19,0.05605704070680839,0.0321302114189377,1.250292414499384,-0.014044797225604588
CI011001.WI,2012-11-20,0.051515285134657196,0.03185260489534035,1.1255747745656903,-0.013948290838477928
CI011001.WI,2012-11-21,0.049164273548335746,0.03179525276220476,1.0571357192733475,-0.01405875353389674
CI011001.WI,2012-11-22,0.03891880480718779,0.03060875095772973,0.7762549061997396,-0.015054550977680159
CI011001.WI,2012-11-23,0.04088012833045562,0.030488072016648,0.8410791344161118,-0.01589363689590617
CI011001.WI,2012-11-26,0.03992260685562821,0.030476981875774037,0.8111715227972672,-0.015830388094496883
CI011001.WI,2012-11-27,0.03881846781976228,0.03048070073112978,0.7762187961678972,-0.01630512528347816
CI011001.WI,2012-11-28,0.041780583546934924,0.03031806400069514,0.874151476068265,-0.016454784419207003
CI011001.WI,2012-11-29,0.04443344840547092,0.03019724205068744,0.961763284637159,-0.016449142507344305
CI011001.WI,2012-11-30,0.04621863603148868,0.030140509482300886,1.0201876893188053,-0.016417815049369233
CI011001.WI,2012-12-03,0.048832953361102494,0.03005266612521393,1.1061418711822395,-0.016047230522802436
CI011001.WI,2012-12-04,0.04943630991357639,0.03004051285320063,1.1257250630963156,-0.01619792895808503
CI011001.WI,2012-12-05,0.05044250880773338,0.030021476580884898,1.1583479416061593,-0.01611946184178281
CI011001.WI,2012-12-06,0.04633499770985994,0.029848142294705247,1.0336149504332866,-0.016567622656462944
CI011001.WI,2012-12-07,0.04572366114602522,0.02985135337774542,1.0139252450560097,-0.01683828595451231
CI011001.WI,2012-12-10,0.04704410502847911,0.029850404934722522,1.0562387167461817,-0.016061186831094698
CI011001.WI,2012-12-11,0.0479136456085576,0.029834693063500985,1.0846086967096555,-0.01602384628284481
CI011001.WI,2012-12-12,0.04572472929157234,0.029766213013305818,1.0167748672011547,-0.015917986199735057
CI011001.WI,2012-12-13,0.032834968507723605,0.026950918879283838,0.6597930045968896,-0.01563975086208025
CI011001.WI,2012-12-14,0.028769802785990395,0.02667394075612763,0.5185013565246259,-0.015622082769667922
CI011001.WI,2012-12-17,0.02820249563486743,0.0266640024051838,0.49799553026597726,-0.01531177761721425
CI011001.WI,2012-12-18,0.02831839289322735,0.026662382576581177,0.5022520226796268,-0.015521938834103244
CI011001.WI,2012-12-19,0.026630190068393622,0.026686663762073716,0.4402439008253899,-0.016609862759751515
CI011001.WI,2012-12-20,0.025771394011295357,0.026678567630290754,0.40899757167975265,-0.016666430349744243
CI011001.WI,2012-12-21,0.024541843387371864,0.026735686591061184,0.36331561131756224,-0.01840428767485003
CI011001.WI,2012-12-24,0.02607836866860347,0.026714939129536548,0.41967852745996614,-0.017932074499070527
CI011001.WI,2012-12-25,0.028147054473699473,0.026792006406547768,0.4937305842461752,-0.01583610424204207
CI011001.WI,2012-12-26,0.02854038750988286,0.026788121871031422,0.5080783241841359,-0.015804108662925476
CI011001.WI,2012-12-27,0.029446596005208603,0.02677513215524163,0.5412071612218476,-0.01564517006689592
CI011001.WI,2012-12-28,0.028831102144128096,0.02677102573872589,0.5189434290158672,-0.015645838188037553
CI011001.WI,2012-12-31,0.032156957991292145,0.027018289613945135,0.6339070707905414,-0.011919355402661203
CI011001.WI,2013-01-04,0.03623226592823192,0.027380774888030087,0.7698092195446845,-0.007378210238570326
CI011001.WI,2013-01-07,0.03595977340306389,0.027381623820038743,0.7601798760417275,-0.00745496993417738
CI011001.WI,2013-01-08,0.0353971885041755,0.02739027437894993,0.7401136103414155,-0.008016191693160701
CI011001.WI,2013-01-09,0.03663257732368064,0.027377984162810554,0.7839946061404807,-0.007562982852076905
CI011001.WI,2013-01-10,0.036989481202896135,0.027398212560064788,0.7960017445362109,-0.005659876897937233
CI011001.WI,2013-01-11,0.036470280208085404,0.02742095465399965,0.7770979513615383,-0.0069988659014798005
CI011001.WI,2013-01-14,0.04037155983054341,0.02748587049440945,0.9120338424393081,-0.004513455254553711
CI011001.WI,2013-01-15,0.037800771362779484,0.02742827087763911,0.8236758383898809,-0.004959611705808942
CI011001.WI,2013-01-16,0.03765055574799625,0.02743166036821591,0.8182997391196237,-0.005520759229109884
CI011001.WI,2013-01-17,0.033797494775636316,0.027233938627911233,0.6874239147576054,-0.0057968417319747
CI011001.WI,2013-01-18,0.03549405540658124,0.02733706082758246,0.7449239884930313,-0.0031482610551220036
CI011001.WI,2013-01-21,0.03454007412936799,0.02731589602226021,0.7117329648089824,-0.002847829248428302
CI011001.WI,2013-01-22,0.03342151482688016,0.027183318730119917,0.6752705181713845,0.0
CI011001.WI,2013-01-23,0.03256574037814741,0.027114380642659537,0.6463612469426688,0.0
CI011001.WI,2013-01-24,0.03148924494338945,0.027190086081196357,0.6062693608589228,-0.00236047832784414
CI011001.WI,2013-01-25,0.03291323982625749,0.027146764213592352,0.6580191037081071,-0.00239426189136982
CI011001.WI,2013-01-28,0.035793457998720246,0.027097257194922883,0.7619475272794873,-0.0013499348925535282
CI011001.WI,2013-01-29,0.03796728267119409,0.027150263014932546,0.8377424593044801,0.0
CI011001.WI,2013-01-30,0.037120707416014254,0.027121478156423615,0.8085137820983815,0.0
CI011001.WI,2013-01-31,0.038279350843112736,0.027155560311431494,0.8486558212208488,0.0
CI011001.WI,2013-02-01,0.03968218692328174,0.0272324415802975,0.8959245949753538,0.0
CI011001.WI,2013-02-04,0.039023756985750335,0.027215878681554135,0.8731728978355124,0.0
CI011001.WI,2013-02-05,0.03941976956545301,0.02725805151297745,0.8858459078084102,0.0
CI011001.WI,2013-02-06,0.03988758928514846,0.02725463565309299,0.9024661918765031,0.0
CI011001.WI,2013-02-07,0.045073589604513575,0.02674392370216826,1.1052274652127831,-0.00012061398759599662
CI011001.WI,2013-02-08,0.04361837559374471,0.026611115719527192,1.058239594145098,0.0
CI011001.WI,2013-02-18,0.03686325182579697,0.026629701562217722,0.8136251794515189,-0.003165103959479443
CI011001.WI,2013-02-19,0.039394068971099205,0.026556214562877968,0.9076172346777827,-0.0025978237748723876
CI011001.WI,2013-02-20,0.042889030697816244,0.026227367891848367,1.0466780331975356,-0.003341545535885282
CI011001.WI,2013-02-21,0.030618661443268858,0.02661877900082561,0.5869853755696136,-0.009959203747302636
CI011001.WI,2013-02-22,0.034610621914217266,0.026743275860440594,0.7289500901570649,-0.0070696798413374395
CI011001.WI,2013-02-25,0.03324224094457606,0.026813419995768424,0.6777475428220602,-0.008998447123617637
CI011001.WI,2013-02-26,0.0311229162528861,0.02680736193726651,0.6012923187395324,-0.009811998129777955
CI011001.WI,2013-02-27,0.03506333808347306,0.026814268824290294,0.7434079835992063,-0.007746063641919765
CI011001.WI,2013-02-28,0.03745356462621974,0.026818790242900587,0.8293060354370267,-0.00640787738365578
CI011001.WI,2013-03-01,0.04130152181563895,0.02656902731666537,0.9762148975008778,-0.006203152398407519
CI011001.WI,2013-03-04,0.03899121807115935,0.026573733437533196,0.892449738599441,-0.007206041043036571
CI011001.WI,2013-03-05,0.040303881336676506,0.026701012875955315,0.935615802581646,-0.0037751023496698233
CI011001.WI,2013-03-06,0.04164590614836161,0.026666257621517964,0.9851540843941238,-0.003687321199946414
CI011001.WI,2013-03-07,0.039876426498380635,0.026572030378142278,0.9245596848178586,-0.0029146565723718876
CI011001.WI,2013-03-08,0.03730678226707185,0.02644430483092894,0.8353225153943251,-0.0026417876228140846
CI011001.WI,2013-03-11,0.03596007167013471,0.02640234854829627,0.7873963704073806,-0.002299602339668083
CI011001.WI,2013-03-12,0.038387831913854864,0.026355950938437216,0.8775620236724893,-0.001506274703561017
CI011001.WI,2013-03-13,0.03681887760930325,0.026374409108799207,0.8196258840022907,-0.0024335455297304076
CI011001.WI,2013-03-14,0.03732078383539039,0.02637563740095429,0.8379405805499937,-0.001980131711292188
CI011001.WI,2013-03-15,0.04169730139477079,0.02595469737048487,1.0133445141201394,-0.002336458698859234
CI011001.WI,2013-03-18,0.03856358495491041,0.025833296868286764,0.9013420766009939,-0.0026484554730851206
CI011001.WI,2013-03-19,0.040518329704199774,0.025754597857195364,0.977040989492645,-0.0026302104761892764
CI011001.WI,2013-03-20,0.04776004655886479,0.025097868288954894,1.2783321519955204,-0.0014041320301765303
CI011001.WI,2013-03-21,0.049716828067109864,0.024912331401299656,1.36257734237381,-0.0027636407546922648
CI011001.WI,2013-03-22,0.04736973700750946,0.024687432597546487,1.2840777795356202,-0.001225565534453521
CI011001.WI,2013-03-25,0.04396888864780113,0.024543740350702056,1.1589173894908054,-0.001593030030165976
CI011001.WI,2013-03-26,0.04526352273299872,0.02459145445177786,1.2071221507951537,0.0
CI011001.WI,2013-03-27,0.04087862707142764,0.024241496076722806,1.05075431491053,0.0
CI011001.WI,2013-03-28,0.04604484462228453,0.02399199533936786,1.267828502896489,0.0
CI011001.WI,2013-03-29,0.04697015540601357,0.02398214272911031,1.305214898221715,0.0
CI011001.WI,2013-04-01,0.04614319677203982,0.023921724399456706,1.275413781249991,0.0
CI011001.WI,2013-04-02,0.04921203645683292,0.02412001285964241,1.3865896656684606,0.0
CI011001.WI,2013-04-03,0.05284682515131234,0.024035073530006293,1.5353197354885206,0.0
CI011001.WI,2013-04-08,0.05889821202416612,0.024635200726621648,1.731199377856344,0.0
CI011001.WI,2013-04-09,0.06320474581811641,0.02463302905985188,1.8961570580261158,0.0
CI011001.WI,2013-04-10,0.06612353998299536,0.024691981285172995,2.002744929893439,0.0
CI011001.WI,2013-04-11,0.06330672807659221,0.024550382317318233,1.906365840378422,0.0
CI011001.WI,2013-04-12,0.06322882925501205,0.02455165083298675,1.9032838174458377,-0.00021543992869399453
CI011001.WI,2013-04-15,0.06357850765753259,0.024543154532812146,1.9173355191154635,-0.00043785737761625754
CI011001.WI,2013-04-16,0.06833562260827919,0.02488607080799176,2.0706276400183,0.0
CI011001.WI,2013-04-17,0.06550038187512919,0.024985927337834137,1.9560678613675617,-0.002003433515756825
CI011001.WI,2013-04-18,0.0646931503643533,0.025017195828510735,1.9233515785782345,-0.003156441352942685
CI011001.WI,2013-04-19,0.06306880141752846,0.025073133183815377,1.8582068470983455,-0.0045823678361542886
CI011001.WI,2013-04-22,0.06329749975059884,0.02506068084862261,1.8677032966697793,-0.005672609400324102
CI011001.WI,2013-04-23,0.06831230509690789,0.02503160545422527,2.057861141738044,-0.0032336811272707378
CI011001.WI,2013-04-24,0.06828639504411571,0.025030793544411862,2.056957879798732,-0.0021521809846852813
CI011001.WI,2013-04-25,0.06643039627540714,0.024971181788682673,1.9921556955820632,-0.001910430522178208
CI011001.WI,2013-04-26,0.06910783754694139,0.02490602787004852,2.0980072961218923,-0.0010430235574145907
CI011001.WI,2013-05-02,0.07350697674275986,0.025235156823116726,2.233736207799523,0.0
CI011001.WI,2013-05-03,0.07176357688413737,0.025162157774558092,2.1755311048973867,0.0
CI011001.WI,2013-05-06,0.07220974159984062,0.0251533674112492,2.192833851324589,-4.4180758829837075e-05
CI011001.WI,2013-05-07,0.07435773344889829,0.02515286522417374,2.2724661307984775,0.0
CI011001.WI,2013-05-08,0.07434005586987436,0.025152890032794983,2.271809558742365,0.0
CI011001.WI,2013-05-09,0.07609019265152939,0.0251305267785429,2.338597812945247,0.0
CI011001.WI,2013-05-10,0.07626036092097088,0.02513299152514528,2.344664224289527,0.0
CI011001.WI,2013-05-13,0.07563018015979694,0.02510049426492176,2.3243264976897966,0.0
CI011001.WI,2013-05-14,0.07791705211989419,0.025253018730235118,2.394565429305985,0.0
CI011001.WI,2013-05-15,0.07889582036972875,0.025267146200896505,2.4291718379456007,0.0
CI011001.WI,2013-05-16,0.07595544466693926,0.02517635698455418,2.3294106983076723,-0.0002340680366722525
CI011001.WI,2013-05-17,0.07770278740018388,0.025166018177871036,2.394855179414238,0.0
CI011001.WI,2013-05-20,0.07919612532719,0.02512046213719269,2.4542921329317715,0.0
CI011001.WI,2013-05-21,0.07832931367441365,0.025131448043170163,2.4212477028062493,-0.00044177851873339335
CI011001.WI,2013-05-22,0.0793172443225123,0.02510671558752783,2.4600934700364716,-0.0003577211241464484
CI011001.WI,2013-05-23,0.08195116656643298,0.024923573248211178,2.575811858657256,-0.0007068880474980777
CI011001.WI,2013-05-24,0.08158962392925928,0.024924882343792643,2.56226483385155,-0.0006581078942053953
CI011001.WI,2013-05-27,0.08286998186918848,0.02490591385810667,2.6117140538467516,-0.00015001664534375347
CI011001.WI,2013-05-28,0.08685684588417142,0.025050515703836155,2.7435324359994455,0.0
CI011001.WI,2013-05-29,0.08561670800663723,0.025083428861227674,2.694434870143354,-0.0009611336471277987
CI011001.WI,2013-05-30,0.08734384884759439,0.02501640064058371,2.765153314274687,-0.0008893094181441352
CI011001.WI,2013-05-31,0.08349227159130557,0.02508829739179668,2.6158150235350286,-0.0028406165380537862
CI011001.WI,2013-06-03,0.08566038980362567,0.025028359225453514,2.701916687663322,-0.002268348711636059
CI011001.WI,2013-06-04,0.08256031888455384,0.025139778604741897,2.5762698645081286,-0.0043448372159180515
CI011001.WI,2013-06-05,0.07858020835046897,0.025215565268589687,2.422482871366802,-0.006384532543036614
CI011001.WI,2013-06-06,0.07811534340114012,0.025229578383646634,2.404059499352901,-0.007111726429617549
CI011001.WI,2013-06-07,0.0769827108049772,0.02529352474113322,2.3564760913745615,-0.008859049919812567
CI011001.WI,2013-06-13,0.0744163284326933,0.02550260568090647,2.243786869899433,-0.011952355232063616
CI011001.WI,2013-06-14,0.06952543824631996,0.02562615239046348,2.0550011698296293,-0.014613164500109965
CI011001.WI,2013-06-17,0.06912027977723634,0.02561381200650193,2.0411824968677275,-0.013718568705936685
CI011001.WI,2013-06-18,0.068663458612513,0.025645737583087958,2.0220042057524044,-0.015550826637668158
CI011001.WI,2013-06-19,0.06266969637938735,0.026304243985814338,1.7581581550058334,-0.021052111473740753
CI011001.WI,2013-06-20,0.038205296851538284,0.03445021294832227,0.6734877563091174,-0.042609318555821174
CI011001.WI,2013-06-21,0.044947172844480576,0.034509946031529445,0.8599744396860596,-0.0390490500276548
CI011001.WI,2013-06-24,0.04588531788087957,0.034501122903807434,0.8862006491949898,-0.038771057133530906
CI011001.WI,2013-06-25,0.0458212308246535,0.03450122854292699,0.8844216305983794,-0.03868414911161033
CI011001.WI,2013-06-26,0.045875257001395164,0.03450108040079906,0.8859228300032757,-0.03858074759647856
CI011001.WI,2013-06-27,0.04060519012331554,0.03416471090943999,0.7464230153020227,-0.03866744416335799
CI011001.WI,2013-06-28,0.04337876194234469,0.0340570113587604,0.8268459320172694,-0.03855354038118153
CI011001.WI,2013-07-01,0.045785051482077455,0.03399184087883075,0.8961469955188461,-0.03820090385752484
CI011001.WI,2013-07-02,0.04694574848022737,0.033971742932141516,0.9293156703758274,-0.038082559519483916
CI011001.WI,2013-07-03,0.049455496665623766,0.033881496000462016,1.002382316219743,-0.03797683199889923
CI011001.WI,2013-07-04,0.049412077287963596,0.03388157257265278,1.0011587517830416,-0.0378703996281774
CI011001.WI,2013-07-05,0.0508357380557416,0.03385162383954895,1.0420710074854957,-0.03774698036914825
CI011001.WI,2013-07-08,0.05210115886156985,0.0338343898599296,1.0781615048108004,-0.0374388903741647
CI011001.WI,2013-07-09,0.05282646591280682,0.03382577285558617,1.0988053215668319,-0.03731540063012184
CI011001.WI,2013-07-10,0.05187438168556402,0.033816081026195,1.072350931422724,-0.03720678322397453
CI011001.WI,2013-07-11,0.05214579340266101,0.03381436192895392,1.080034989729076,-0.03710274734371932
CI011001.WI,2013-07-12,0.05108113532884273,0.03380217998634635,1.0504551838517753,-0.03700604190489132
CI011001.WI,2013-07-15,0.05045224432723061,0.03379488715045887,1.03296110745221,-0.036708172236897485
CI011001.WI,2013-07-16,0.048948749297883065,0.033768172895335,0.991327498973724,-0.036606955757191195
CI011001.WI,2013-07-17,0.0492415104132804,0.03376626270421535,0.9996477472225612,-0.03650891110310239
CI011001.WI,2013-07-18,0.04878831858749266,0.033764672401101585,0.9868958593522658,-0.03641269905937028
CI011001.WI,2013-07-19,0.04811188002774469,0.033760151516157785,0.9679092006196363,-0.03631359713007565
CI011001.WI,2013-07-22,0.048498260271909066,0.033759329198951776,0.9788517837894113,-0.0360256658490169
CI011001.WI,2013-07-23,0.048636552552625334,0.033758718041840115,0.9827763902049708,-0.03592867847013392
CI011001.WI,2013-07-24,0.045674483962105716,0.033646383408772025,0.9018592318738252,-0.03583253691141575
CI011001.WI,2013-07-25,0.0452535217736425,0.03364729975512249,0.8898664863115182,-0.035927903134983064
CI011001.WI,2013-07-26,0.045595849538036415,0.03364863724098406,0.8995657318553247,-0.03546594435504202
CI011001.WI,2013-07-29,0.042963284184857065,0.03366894957620894,0.8241559056261977,-0.0367741462097424
CI011001.WI,2013-07-30,0.04334736404486317,0.03366646642636097,0.8351524940121903,-0.03665100889076811
CI011001.WI,2013-07-31,0.044317189180060224,0.03367025259873467,0.8626612187994638,-0.03590555938563278
CI011001.WI,2013-08-01,0.04789268545491643,0.03370724438513077,0.963169638924742,-0.03373250641255032
CI011001.WI,2013-08-02,0.04793927654367103,0.033704532786702476,0.9645638013802487,-0.03551154815892077
CI011001.WI,2013-08-05,0.0495003212828129,0.033684769779931005,1.0093082889870562,-0.03503951002201744
CI011001.WI,2013-08-06,0.046052711201218344,0.03378534220217333,0.9089941000949848,-0.03743670533873922
CI011001.WI,2013-08-07,0.04351255050137226,0.033871750342379305,0.8349695880462848,-0.03958995202296567
CI011001.WI,2013-08-08,0.04466666778950512,0.033895665619131085,0.8670212114844355,-0.038191388380672264
CI011001.WI,2013-08-09,0.047455182468857604,0.03386889977553026,0.9464012433927083,-0.03706151361069143
CI011001.WI,2013-08-12,0.049607159177210924,0.03393004474595462,1.0052563900830689,-0.03492137713901755
CI011001.WI,2013-08-13,0.04985625815324335,0.0339451172324464,1.0118169977606828,-0.03255124806756515
CI011001.WI,2013-08-14,0.04463922785936547,0.03395767004938221,0.8647262537578249,-0.034864213792888066
CI011001.WI,2013-08-15,0.043044220526800014,0.03399296941442561,0.8189047443120555,-0.03618954350592307
CI011001.WI,2013-08-16,0.04541305646551508,0.03402396856839039,0.8848747675909707,-0.03448204404848143
CI011001.WI,2013-08-19,0.04714855451433286,0.034040278661905815,0.9332043509479416,-0.03318363961068871
CI011001.WI,2013-08-20,0.04772460008481616,0.03402701888744023,0.9497201732490472,-0.033528593267849405
CI011001.WI,2013-08-21,0.044205575765853045,0.0339557691439776,0.8525428482142188,-0.03428891511088028
CI011001.WI,2013-08-22,0.044645429384403856,0.033962740791217944,0.8647771289886561,-0.03337627515319386
CI011001.WI,2013-08-23,0.044435220783167084,0.033959887134071276,0.858919953061786,-0.032840870988953275
CI011001.WI,2013-08-26,0.05007104353709302,0.034383943577910525,1.0052873634219504,-0.027465049477307768
CI011001.WI,2013-08-27,0.05018602975654263,0.034383883704546724,1.008474232429065,-0.027238933553284106
CI011001.WI,2013-08-28,0.05091004022656742,0.03439425623405045,1.0282218660685776,-0.026209711382899736
CI011001.WI,2013-08-29,0.04886011373989696,0.034458482982169227,0.9696951621656286,-0.028068471679790985
CI011001.WI,2013-08-30,0.047187888354774055,0.03450151668534883,0.9222726170611186,-0.029560991845377305
CI011001.WI,2013-09-02,0.0478887400406689,0.034508838533390894,0.9414755237437509,-0.028690219985842313
CI011001.WI,2013-09-03,0.047899991309722,0.034509103114228466,0.9417797632732134,-0.02768052216425909
CI011001.WI,2013-09-04,0.0477386545440297,0.0345087931124254,0.9373252044717659,-0.027505578360198513
CI011001.WI,2013-09-05,0.04436008565622629,0.034657381382361206,0.8402442478086377,-0.030441067726723614
CI011001.WI,2013-09-06,0.044454313306808935,0.03465599784856659,0.8428802037687705,-0.030741263400170138
CI011001.WI,2013-09-09,0.05043359709819173,0.035081582014985624,0.9958248312366847,-0.0252837497576196
CI011001.WI,2013-09-10,0.048258322082624705,0.035016104556093094,0.9384094831581911,-0.02503324601884782
CI011001.WI,2013-09-11,0.04679493646648769,0.035029299506017325,0.8981810433600862,-0.025853409638529556
CI011001.WI,2013-09-12,0.04415326693856603,0.03506840861003514,0.8251529095612197,-0.02743593916664011
CI011001.WI,2013-09-13,0.04062646501047085,0.03541838428550824,0.7218053989675156,-0.03245665717914881
CI011001.WI,2013-09-16,0.03961854933542108,0.03542299111751478,0.6943556576324732,-0.03293426363213636
CI011001.WI,2013-09-17,0.038846393036476856,0.035455397956019576,0.6727939755408988,-0.034633868768040976
CI011001.WI,2013-09-18,0.03940859929405249,0.035468801976076166,0.6878092957896047,-0.03337909455374277
CI011001.WI,2013-09-23,0.03912895725178167,0.035444953610565405,0.6806558395534835,-0.030343657437758353
CI011001.WI,2013-09-24,0.03719930157319751,0.03549940813798386,0.6272989125735249,-0.032102047075108
CI011001.WI,2013-09-25,0.03648013049431609,0.03552351717279853,0.6073687466297751,-0.033487218564793864
CI011001.WI,2013-09-26,0.032550591620531755,0.03531230718454687,0.5032093531049457,-0.033302195403770996
CI011001.WI,2013-09-27,0.032338638850508916,0.03531089776925764,0.4974134373437232,-0.03304323346335225
CI011001.WI,2013-09-30,0.028195643060208164,0.03504244026418367,0.38618781216454423,-0.032619195620794295
CI011001.WI,2013-10-08,0.02589461381911451,0.03507338181518923,0.32199247731881464,-0.03406434985715845
CI011001.WI,2013-10-09,0.024298761661192714,0.035068669056850695,0.27763418878924095,-0.034616881879733774
CI011001.WI,2013-10-10,0.02600297321136269,0.03515150238416175,0.3243594386458743,-0.032036355042318054
CI011001.WI,2013-10-11,0.022871716806312614,0.03473025875832665,0.23985626165681992,-0.028807648018705057
CI011001.WI,2013-10-14,0.026341831957886308,0.03477842431952514,0.33696318648234963,-0.02658821590659255
CI011001.WI,2013-10-15,0.027107050581840486,0.034745958262695255,0.35869794013332507,-0.027591992987023084
CI011001.WI,2013-10-16,0.025733991912362697,0.03467468329846454,0.3207812171172559,-0.026352936930784998
CI011001.WI,2013-10-17,0.028039520438840837,0.03461983697817801,0.38609361747703724,-0.025977322292654814
CI011001.WI,2013-10-18,0.030218600122863926,0.0346877623563624,0.44645393055165983,-0.023754365929856247
CI011001.WI,2013-10-21,0.034876810567826766,0.034675609650224884,0.5767174090934432,-0.02151660771417585
CI011001.WI,2013-10-22,0.03617587311193948,0.03466385310202813,0.6130966850170548,-0.021081785664518238
CI011001.WI,2013-10-23,0.034760710932235206,0.03472923197956407,0.5726494582779104,-0.02323277682830549
CI011001.WI,2013-10-24,0.03266939730312979,0.03473668368218254,0.5142850771496319,-0.024214421614426662
CI011001.WI,2013-10-25,0.029152829107141454,0.03470492470795795,0.41642255657460386,-0.025445160439045433
CI011001.WI,2013-10-28,0.029385371435613594,0.034706006388118216,0.42292122778794733,-0.025059889354035136
CI011001.WI,2013-10-29,0.0317239003898282,0.03471323794700187,0.4882180052722265,-0.023727299684586534
CI011001.WI,2013-10-30,0.03300971540625097,0.03464975862102426,0.5249991518850771,-0.024716204427121302
CI011001.WI,2013-10-31,0.0318691753184146,0.03466075884835488,0.49296748102499727,-0.02546419139275069
CI011001.WI,2013-11-01,0.03262416513389277,0.03466631569424669,0.5139951197253637,-0.024727059119234673
CI011001.WI,2013-11-04,0.03515866244898036,0.03464657704582695,0.5850327170898976,-0.023671616523745276
CI011001.WI,2013-11-05,0.032778153308823166,0.034614682758310075,0.5190186929423004,-0.02419821006127043
CI011001.WI,2013-11-06,0.032822996994770204,0.03461582037156935,0.5202572568404732,-0.02316912886091349
CI011001.WI,2013-11-07,0.029769319667848126,0.03474894223890487,0.4331745869014248,-0.026010732189159502
CI011001.WI,2013-11-08,0.03714574805636417,0.034628867386337914,0.6407018206708069,-0.022973180522763315
CI011001.WI,2013-11-11,0.03910271089429185,0.03459128258007686,0.6958649600686333,-0.02257726620068079
CI011001.WI,2013-11-12,0.04124735983649219,0.03449490099984252,0.7574940760788732,-0.022990308381098057
CI011001.WI,2013-11-13,0.04468806059697905,0.03450518136505413,0.852902262142746,-0.021108288029678013
CI011001.WI,2013-11-14,0.04648848204287881,0.0345127956660327,0.9026228964295467,-0.01994098571741021
CI011001.WI,2013-11-15,0.04921391829218691,0.03448050072149974,0.9788835429264162,-0.018900838369898643
CI011001.WI,2013-11-18,0.048820086497159076,0.03448696770532016,0.9678182101693302,-0.019476982872071114
CI011001.WI,2013-11-19,0.04816849619434982,0.03449171530985657,0.949668827531191,-0.019852386055160154
CI011001.WI,2013-11-20,0.04669717179151012,0.03450140537524309,0.9086900110432586,-0.020590505118868285
CI011001.WI,2013-11-21,0.04696049399074331,0.03451342669942229,0.9156750548503754,-0.018681066097110177
CI011001.WI,2013-11-22,0.04780305342834379,0.03452865187667229,0.938588631994953,-0.01746534058041438
CI011001.WI,2013-11-25,0.047509930394040945,0.034530737869684004,0.9304298790631883,-0.017670874880430842
CI011001.WI,2013-11-26,0.04794078720039252,0.03452763054060589,0.9424229410396158,-0.01754012517997472
CI011001.WI,2013-11-27,0.04877989912388103,0.03453038057636935,0.9655347301663696,-0.016844297124500418
CI011001.WI,2013-11-28,0.05045267450666424,0.03448918540971084,1.012864646214742,-0.016744278890027275
CI011001.WI,2013-11-29,0.05042807981906838,0.03448938038936513,1.0121801134921584,-0.016842746454198476
CI011001.WI,2013-12-02,0.049338014043635914,0.03449138614774631,0.9820149628670979,-0.017226184928852084
CI011001.WI,2013-12-03,0.050065841598671446,0.03446639775327522,1.0028230838028966,-0.017911933627363874
CI011001.WI,2013-12-04,0.04932925976769886,0.034467976046438836,0.9824164916522864,-0.01814100992196388
CI011001.WI,2013-12-05,0.048205347062545645,0.03448776727189563,0.9507931200310049,-0.01910200259906436
CI011001.WI,2013-12-06,0.051105803324775545,0.03459163079669038,1.0279389149027425,-0.016287254061046808
CI011001.WI,2013-12-09,0.051970802216239065,0.03460320991980483,1.0513837180257122,-0.015207000740726895
CI011001.WI,2013-12-10,0.050764681538471246,0.034625713110082376,1.017584960577933,-0.01623981764681126
CI011001.WI,2013-12-11,0.048027475766365235,0.034746949823234556,0.9390732530857921,-0.01891239791214927
CI011001.WI,2013-12-12,0.04821313106745451,0.03474127133092048,0.9443206420135467,-0.019729671646268376
CI011001.WI,2013-12-13,0.04918781815490858,0.03472573597346096,0.9714974319195551,-0.019654041226543573
CI011001.WI,2013-12-16,0.05105109114434958,0.034764523743867175,1.0215010310419552,-0.01784990681528764
CI011001.WI,2013-12-17,0.05085468830925688,0.034768705906777685,1.0160062850462555,-0.01850710908324149
CI011001.WI,2013-12-18,0.0554276922217638,0.03499606151330387,1.133735041266649,-0.01438592081586676
CI011001.WI,2013-12-19,0.05537001158801713,0.03499643468169738,1.1321613147105247,-0.014434132565253388
CI011001.WI,2013-12-20,0.05671615273475816,0.035012926607558593,1.1680590544659988,-0.013145596029381701
CI011001.WI,2013-12-23,0.057844142097235984,0.035033962601672984,1.1978381216951353,-0.011719966141818694
CI011001.WI,2013-12-24,0.05914393716164179,0.03504216693542049,1.2326163680914182,-0.010657193104902207
CI011001.WI,2013-12-25,0.06185096252514066,0.03512425552147023,1.3025077216569956,-0.008049459052189345
CI011001.WI,2013-12-26,0.06425877915234146,0.03515227315584032,1.365947131075294,-0.006253007507429298
CI011001.WI,2013-12-27,0.06456271690828053,0.03514915266389222,1.3741911464304677,-0.0062427871804394686
CI011001.WI,2013-12-30,0.06415667057006669,0.035145341220520744,1.3634789271175496,-0.005836652531366893
CI011001.WI,2013-12-31,0.06521981537198696,0.03515351055460668,1.391582758546222,-0.004805668235639549
CI011001.WI,2014-01-02,0.06394561754036943,0.03517883275818331,1.3565745012259371,-0.005889163866590774
CI011001.WI,2014-01-03,0.06195686946858103,0.035226659573122376,1.3016550503740394,-0.00746682992875447
CI011001.WI,2014-01-06,0.060518370349947226,0.03526130012155873,1.2619603054330415,-0.008793498857050275
CI011001.WI,2014-01-07,0.06184365433004202,0.03528628100322291,1.2964928716608222,-0.007241982734977781
CI011001.WI,2014-01-08,0.06264666021340992,0.03528461341368723,1.3179820688069999,-0.006703265775092282
CI011001.WI,2014-01-09,0.06220709109611278,0.035302884845270444,1.3055955651875868,-0.008211363128711291
CI011001.WI,2014-01-10,0.062007591062247513,0.035304984016551064,1.300198412772303,-0.008454677396083299
CI011001.WI,2014-01-13,0.062001964198823645,0.03530528650708339,1.3000374663133236,-0.010212291698282083
CI011001.WI,2014-01-14,0.06460272483559848,0.035406867032735115,1.3655061853649508,-0.007311058048426355
CI011001.WI,2014-01-15,0.06324369937171914,0.035361632547621015,1.3310758476667954,-0.006462347998186901
CI011001.WI,2014-01-16,0.06360030231442515,0.03536119146049666,1.3405774948449576,-0.006096812717018896
CI011001.WI,2014-01-17,0.06274816907960035,0.035372218692936545,1.3175059901382575,-0.006732728510828512
CI011001.WI,2014-01-20,0.06321118817917415,0.035371875910505605,1.3298359056582412,-0.006300655376705988
CI011001.WI,2014-01-21,0.05919579565816813,0.03519366844392101,1.2288525220637418,-0.00630587126772153
CI011001.WI,2014-01-22,0.05309342706298659,0.0349479832280111,1.0718795087371344,-0.007490230953310362
CI011001.WI,2014-01-23,0.04989092150387098,0.03510482338516691,0.9804697171140818,-0.010585016450849749
CI011001.WI,2014-01-24,0.046663126444888015,0.03530560606823845,0.8878630963968569,-0.014184615616673724
CI011001.WI,2014-01-27,0.04536645320091304,0.03531772351871767,0.8524647611880366,-0.014956074091872718
CI011001.WI,2014-01-28,0.0439052410755596,0.03527623160225226,0.8137670625444404,-0.01444667889769602
CI011001.WI,2014-01-29,0.04532782230584598,0.03524360947564104,0.853134798418932,-0.014432581894951446
CI011001.WI,2014-01-30,0.04323729519847119,0.03516779226132781,0.797964992278972,-0.013941724259383892
CI011001.WI,2014-02-07,0.04501103492874625,0.035178839672616695,0.8460236859619797,-0.012707884094161459
CI011001.WI,2014-02-10,0.047647836785283726,0.035215868471972604,0.9167440352343853,-0.010774903077819697
CI011001.WI,2014-02-11,0.04836989651838586,0.0352134784783966,0.9363734385290242,-0.010367922608582658
CI011001.WI,2014-02-12,0.046522013892850156,0.03513307003791811,0.88821288787408,-0.009480516285809037
CI011001.WI,2014-02-13,0.04721286807592695,0.035141510214416805,0.9067904981700684,-0.008527911325341697
CI011001.WI,2014-02-14,0.04609537991364587,0.03507455857898988,0.8780090372535355,-0.0067076358459431384
CI011001.WI,2014-02-17,0.04889570717592506,0.035312860537679416,0.9480387191530044,-0.002096647218206682
CI011001.WI,2014-02-18,0.05018377259710838,0.03524514289789797,0.9846202340391548,-0.003229623328791398
CI011001.WI,2014-02-19,0.04954130116429778,0.03525447020689613,0.9670073293807148,-0.003873151504083183
CI011001.WI,2014-02-20,0.047340892633217724,0.035265987942110145,0.9071798398159896,-0.004920981718090411
CI011001.WI,2014-02-21,0.04547742963317036,0.035225214183213095,0.8576249206907783,-0.004827236649838751
CI011001.WI,2014-02-24,0.04654802570380712,0.03525508376820805,0.8859645917105841,-0.003119032342259964
CI011001.WI,2014-02-25,0.04628105780335323,0.03524619788588806,0.8789393837167487,-0.001847059784613303
CI011001.WI,2014-02-26,0.0469719284530572,0.03529361555145847,0.8965119072937282,0.0
CI011001.WI,2014-02-27,0.0528967438116037,0.035802325492919534,1.041922189197259,0.0
CI011001.WI,2014-02-28,0.05182593602303731,0.035727192243641376,1.0155522686487628,0.0
CI011001.WI,2014-03-03,0.05049791259985992,0.03575050958849322,0.9795670721421688,-0.0010881342685647999
CI011001.WI,2014-03-04,0.05024182240571928,0.03575352176927236,0.9726670231501287,-0.0014521021975033577
CI011001.WI,2014-03-05,0.043037676211681974,0.0360647021528109,0.7736937744189635,-0.006317503171630712
CI011001.WI,2014-03-06,0.04495206360362869,0.035941041754141714,0.827261010403695,-0.007644583013796891
CI011001.WI,2014-03-07,0.04614555716253821,0.03597171151449656,0.858325130667851,-0.005945786788508545
CI011001.WI,2014-03-10,0.044923703348036303,0.03602081535935882,0.8247547101431153,-0.007847159716861674
CI011001.WI,2014-03-11,0.052752149292115025,0.0353697172734318,1.050346959840985,-0.007051163112778758
CI011001.WI,2014-03-12,0.0513787338039815,0.0352931090218292,1.0155543996902194,-0.005452328927045724
CI011001.WI,2014-03-13,0.053719656600444754,0.035227486285309084,1.080527673315263,-0.005174152441272617
CI011001.WI,2014-03-14,0.05529098800495813,0.03521521060562317,1.123215573779904,-0.004508553246330038
CI011001.WI,2014-03-17,0.05770506301127565,0.03541151306987409,1.1817240778534583,-0.00014952422397129794
CI011001.WI,2014-03-18,0.05517154156027315,0.03541634198363507,1.1138391079360321,-0.001199265251086823
CI011001.WI,2014-03-19,0.049530267046496324,0.03581919793279198,0.9520228485333091,-0.006334466003761974
CI011001.WI,2014-03-20,0.0509685715027981,0.03579917122851589,0.9907977619371615,-0.005976850411135715
CI011001.WI,2014-03-21,0.046771357811412395,0.03565725466975304,0.8823526975454878,-0.00652517570492428
CI011001.WI,2014-03-24,0.04413825026729645,0.0357526568426619,0.8096348499549684,-0.008936899520977981
CI011001.WI,2014-03-25,0.041870180475181984,0.035782010865470025,0.7482172949009795,-0.01032275592550802
CI011001.WI,2014-03-26,0.03928068886927649,0.035860733135845556,0.6772480849703898,-0.012512357388304585
CI011001.WI,2014-03-27,0.037900608488731,0.035878353929887315,0.6398910739924616,-0.01348531193252167
CI011001.WI,2014-03-28,0.037574539407735585,0.03587405675623008,0.6312033966669087,-0.013011050691783321
CI011001.WI,2014-03-31,0.04127419824574985,0.03594342978603662,0.7290955633964478,-0.010411618827989688
CI011001.WI,2014-04-01,0.04071398569500073,0.035943078187021964,0.7141275927608904,-0.010494478423626497
CI011001.WI,2014-04-02,0.04027676893348775,0.035951606788776784,0.7022768615065086,-0.011263320535120802
CI011001.WI,2014-04-03,0.039280069870679224,0.03597698164033734,0.6751586874115824,-0.01251954739533967
CI011001.WI,2014-04-04,0.03616922847369097,0.036112708187898135,0.5897328752702852,-0.015457328425141359
CI011001.WI,2014-04-08,0.03602766983744399,0.03610883824517317,0.5860079421663708,-0.01438168941152096
CI011001.WI,2014-04-09,0.040932750226673864,0.03622043083119788,0.7147382533892951,-0.011063466261904131
CI011001.WI,2014-04-10,0.03512238524212474,0.03643729004106531,0.5570566620655841,-0.015066834256655781
CI011001.WI,2014-04-11,0.035860698749052844,0.036434294717334115,0.5766719227198822,-0.014726949360989838
CI011001.WI,2014-04-14,0.04004685010895659,0.036834741023345524,0.6803055747651889,-0.009028066017946479
CI011001.WI,2014-04-15,0.03966365163634822,0.03683735119721331,0.6702546499485561,-0.009311826975203163
CI011001.WI,2014-04-16,0.036770714575449004,0.03684598250728134,0.5944706047406964,-0.010654613143416536
CI011001.WI,2014-04-17,0.04121760610397196,0.037119502481844265,0.7056819181756013,-0.006056080100308336
CI011001.WI,2014-04-18,0.03819158316235316,0.0371200022578013,0.6272536892645536,-0.007352724572889047
CI011001.WI,2014-04-21,0.03511006757855695,0.036988048045655766,0.5489826267412335,-0.007062820697000705
CI011001.WI,2014-04-22,0.034818683199408174,0.036979953418254406,0.5414803546569179,-0.006014266370075294
CI011001.WI,2014-04-23,0.02780996280909509,0.03659125577028338,0.36109576013638933,-0.007196568789030966
CI011001.WI,2014-04-24,0.02714565892982046,0.03655891172156983,0.34369627033998823,-0.005602830433526718
CI011001.WI,2014-04-25,0.024047180305861504,0.036514466394083234,0.2613234443654001,-0.0064714949727888715
CI011001.WI,2014-04-28,0.024540945707195894,0.03651949110555646,0.2744937028025337,-0.005758148546662123
CI011001.WI,2014-04-29,0.0278529241965777,0.036634396611675106,0.3618544705319517,-0.0027590081364352592
CI011001.WI,2014-04-30,0.030465971487582566,0.036699233397696256,0.4304720202818241,-0.0004461992715335539
CI011001.WI,2014-05-05,0.029259615921997773,0.03658095872422864,0.39972101905634216,0.0
CI011001.WI,2014-05-06,0.032909674418330814,0.036546170915375494,0.4969431307506056,0.0
CI011001.WI,2014-05-07,0.03718414974978934,0.03663373851302474,0.6085885344701347,0.0
CI011001.WI,2014-05-08,0.04108155241939837,0.03666362153358947,0.7104364944150121,0.0
CI011001.WI,2014-05-09,0.05318046575107527,0.03807449573658585,0.9890066873548393,0.0
CI011001.WI,2014-05-12,0.057709107682765826,0.03857036800441422,1.0880488796015317,0.0
CI011001.WI,2014-05-13,0.0573185529777287,0.03856386978841459,1.078646915626294,0.0
CI011001.WI,2014-05-14,0.05401303974184413,0.03868897597375882,0.9943329736754821,-0.0028848027980100666
CI011001.WI,2014-05-15,0.04933960972409723,0.0388673831093126,0.8755910211944267,-0.006443233331635434
CI011001.WI,2014-05-16,0.04453833190631018,0.03864755539922602,0.7616678195255376,-0.006707482300208678
CI011001.WI,2014-05-19,0.0453922680388823,0.03866503793488447,0.7824797100316749,-0.0053075264435729075
CI011001.WI,2014-05-20,0.044567364536986176,0.03867766264808462,0.7618236309757058,-0.006136335082089661
CI011001.WI,2014-05-21,0.0441390686696288,0.03866811167907386,0.7513946362829081,-0.0052756073957113125
CI011001.WI,2014-05-22,0.044921427199491326,0.03867664834973632,0.7706065151754231,-0.004291482028557336
CI011001.WI,2014-05-23,0.04700481458993222,0.038758148970201106,0.8204677733704462,-0.0015491604271719028
CI011001.WI,2014-05-26,0.04863093988961609,0.0388124830073954,0.8593656901892238,0.0
CI011001.WI,2014-05-27,0.04902093853005618,0.0388257579141907,0.8686641303327475,0.0
CI011001.WI,2014-05-28,0.04671135350425293,0.03871919686124467,0.8140131873681363,0.0
CI011001.WI,2014-05-29,0.04797807458944514,0.038768349181637185,0.8442328913928208,0.0
CI011001.WI,2014-05-30,0.0506449878922115,0.03882392073326888,0.908556813426098,0.0
CI011001.WI,2014-06-03,0.05651652950296948,0.039331738959752706,1.0390473760816044,0.0
CI011001.WI,2014-06-04,0.05604182141698999,0.03933490970832009,1.0275389036193714,-0.000280752072897239
CI011001.WI,2014-06-05,0.057010726757936725,0.03933012185974635,1.0509815473747914,0.0
CI011001.WI,2014-06-06,0.057657487034864285,0.03933271063738765,1.0664701172552997,0.0
CI011001.WI,2014-06-09,0.055038458169869076,0.0394467601270824,1.000634046168383,-0.0028246812036603064
CI011001.WI,2014-06-10,0.055740012512921044,0.03944954033936421,1.0174202155126815,-0.0021128941708754567
CI011001.WI,2014-06-11,0.05511428818901254,0.039449619548386154,1.0023866150163319,-0.0021972788806334798
CI011001.WI,2014-06-12,0.04910028346957973,0.039438193283431254,0.8576965010634484,-0.004767334906196519
CI011001.WI,2014-06-13,0.050678869859459574,0.039422660767732105,0.8961662766331164,-0.004227794317418598
CI011001.WI,2014-06-16,0.05458427761500073,0.039585523443416565,0.9863848115598572,-0.0004546209521751887
CI011001.WI,2014-06-17,0.05818777712369849,0.03954496439614689,1.073635341788827,0.0
CI011001.WI,2014-06-18,0.059235274931225046,0.03956607171557426,1.0980958036522084,0.0
CI011001.WI,2014-06-19,0.0615436141503356,0.03949815693042597,1.1550425663061255,0.0
CI011001.WI,2014-06-20,0.06640526989289008,0.039496695475186305,1.270801726098697,0.0
CI011001.WI,2014-06-23,0.07148346688421747,0.03966322775324363,1.385438437904152,0.0
CI011001.WI,2014-06-24,0.07150004202897975,0.0396624345318252,1.385855484376818,-0.0017443968646306818
CI011001.WI,2014-06-25,0.07557697904955396,0.03951726762640154,1.4869301062863485,-0.0010735106687534968
CI011001.WI,2014-06-26,0.07968904348970574,0.039411887714350134,1.5876489855472757,0.0
CI011001.WI,2014-06-27,0.07986124560505559,0.03941465282979009,1.5915878021497099,0.0
CI011001.WI,2014-06-30,0.0810505666049035,0.03936931115437961,1.6213440721322299,-0.000758424919539813
CI011001.WI,2014-07-01,0.08931956236772542,0.03895738490341338,1.8337342761397726,0.0
CI011001.WI,2014-07-02,0.11394535348387014,0.031838393055786215,2.9381589144980462,0.0
CI011001.WI,2014-07-03,0.11205077996638857,0.03170686667860608,2.896506829344679,0.0
CI011001.WI,2014-07-04,0.1100209923451414,0.03176713773953363,2.8335370769376547,-0.0015365038893765393
CI011001.WI,2014-07-07,0.10765266338113522,0.031860638119701884,2.7582492237288667,-0.003576733050406511
CI011001.WI,2014-07-08,0.10551147458968613,0.03193749296877213,2.6910780277421327,-0.005395935187040624
CI011001.WI,2014-07-09,0.10743581813737291,0.03195808613840569,2.743806681717202,-0.003754491281008243
CI011001.WI,2014-07-10,0.10549859176076315,0.03202176929647214,2.6837153264035094,-0.005379379596732181
CI011001.WI,2014-07-11,0.10838689640005028,0.03212553289087501,2.756403857516219,-0.0024150055121541225
CI011001.WI,2014-07-14,0.10580078434131157,0.03223107068102468,2.674978908344777,-0.004620130990996563
CI011001.WI,2014-07-15,0.09921757657550723,0.03282947783240177,2.4448588726545433,-0.010437211373730215
CI011001.WI,2014-07-16,0.09733753451432348,0.03288795305213492,2.388500893054181,-0.012020413900310944
CI011001.WI,2014-07-17,0.09197325994857408,0.03328515240089502,2.2131138810672626,-0.016723982428120676
CI011001.WI,2014-07-18,0.09505221491226146,0.03340179493185865,2.2898278555236433,-0.01363580418812893
CI011001.WI,2014-07-21,0.09298789193501467,0.03346821723272996,2.2289499772371872,-0.015368930446865048
CI011001.WI,2014-07-22,0.09754256089789215,0.03369663574073648,2.3375219177507787,-0.011154246522105837
CI011001.WI,2014-07-23,0.09832112841346174,0.03369853226953769,2.358443211442092,-0.010345858813662012
CI011001.WI,2014-07-24,0.10193265557505193,0.03383188063458904,2.4463502622481403,-0.006991933667883754
CI011001.WI,2014-07-25,0.10259018708284762,0.03383576072062917,2.4637105944667588,-0.006092061482317668
CI011001.WI,2014-07-28,0.10816264640433482,0.03416893451070373,2.5876143318314186,-0.0009639179154043997
CI011001.WI,2014-07-29,0.10853665905699472,0.03416754527691512,2.597598547810776,-0.0005250298759148508
CI011001.WI,2014-07-30,0.10588954817676854,0.03427269901807408,2.5199472864965626,-0.0028121418039736
CI011001.WI,2014-07-31,0.10201074193014925,0.03448228586720076,2.4029040918161715,-0.006207488904786396
CI011001.WI,2014-08-01,0.09826654895453468,0.034658140386626915,2.292650690995353,-0.009288081914158641
CI011001.WI,2014-08-04,0.10434256457857827,0.035053647797475974,2.4246245483821665,-0.003706869224423981
CI011001.WI,2014-08-05,0.10129664051035148,0.03518536636462296,2.337151351342417,-0.006355697715236142
CI011001.WI,2014-08-06,0.09841106929686716,0.03531885774401744,2.2541393686917117,-0.009057227069221296
CI011001.WI,2014-08-07,0.0968018472048473,0.03534492262552259,2.211007252911763,-0.010034864358267725
CI011001.WI,2014-08-08,0.1001407686684963,0.03532665567946423,2.2982075092869905,-0.008367960460765156
CI011001.WI,2014-08-11,0.1022939206566269,0.03536676424037967,2.3509472179395994,-0.006300160635396956
CI011001.WI,2014-08-12,0.10049176758659129,0.03538673364972052,2.303383526060842,-0.007157093819804672
CI011001.WI,2014-08-13,0.09708577737745205,0.035357975847789755,2.2175271729423955,-0.007998988460028111
CI011001.WI,2014-08-14,0.09579236335244046,0.03545132753520442,2.1784935542441426,-0.010992780047703765
CI011001.WI,2014-08-15,0.09673145782928105,0.03546470141669221,2.2018487459821063,-0.009660747592414864
CI011001.WI,2014-08-18,0.09920378773638472,0.035354188401396515,2.272335550810113,-0.009894042902855782
CI011001.WI,2014-08-19,0.10117825579157791,0.03526642088622293,2.3288110905203867,-0.01033438202994219
CI011001.WI,2014-08-20,0.0981022713881774,0.03529205032798792,2.2478548636303657,-0.011661731429805422
CI011001.WI,2014-08-21,0.09779128456786124,0.03528672923441922,2.2401586127333335,-0.010780921258578435
CI011001.WI,2014-08-22,0.09692550428649094,0.0352539679056741,2.2198199442530417,-0.009364264012988066
CI011001.WI,2014-08-25,0.09289666495332272,0.03522746803775336,2.1169728710226337,-0.0105787583729402
CI011001.WI,2014-08-26,0.09498078549425326,0.03512982696134394,2.177010564650797,-0.011061970542657895
CI011001.WI,2014-08-27,0.09935734132067076,0.03515856431603859,2.2887578650547344,-0.008472702601839521
CI011001.WI,2014-08-28,0.09853789570339222,0.03513677977579528,2.268925454561291,-0.007456479574424968
CI011001.WI,2014-08-29,0.09798271775786227,0.03512640605929658,2.2551887404638533,-0.006624017003580618
CI011001.WI,2014-09-01,0.09962638555648229,0.035127048885954415,2.297748676660029,-0.005491904844007411
CI011001.WI,2014-09-02,0.10284183379507783,0.035151178732368824,2.379293117383064,-0.003368501980272831
CI011001.WI,2014-09-03,0.10275873585102424,0.035150066066705586,2.3772227721135977,-0.0025018069338504922
CI011001.WI,2014-09-04,0.10300349393644392,0.03515180286443848,2.383422877785517,-0.001727783618038936
CI011001.WI,2014-09-05,0.09799108623105712,0.03477242934258847,2.2780124195777933,-0.0007407142596136396
CI011001.WI,2014-09-09,0.09821474052209256,0.0347721972786585,2.283886943075421,-0.0003047943538445619
CI011001.WI,2014-09-10,0.09737278207586875,0.03476551329829643,2.262250365193455,-1.4313000386123598e-05
CI011001.WI,2014-09-11,0.09847428355856036,0.03471394608713916,2.294470969527547,-0.0009212427483545893
CI011001.WI,2014-09-12,0.10132750397860435,0.03466747084614648,2.372356283081882,0.0
CI011001.WI,2014-09-15,0.10367317343296878,0.03476447830492651,2.4270566948631696,0.0
CI011001.WI,2014-09-16,0.09877635595936929,0.03496480564401074,2.2861248505059155,-0.003401926802948818
CI011001.WI,2014-09-17,0.10510039007971184,0.035403473320948446,2.420397294108486,0.0
CI011001.WI,2014-09-18,0.1130686829801506,0.03543657459203914,2.6209975682973745,0.0
CI011001.WI,2014-09-19,0.11645560985840286,0.035503532619566645,2.701734160852376,0.0
CI011001.WI,2014-09-22,0.1063073020157641,0.03533808710047469,2.4557121879528574,-0.0035103301461171244
CI011001.WI,2014-09-23,0.10684048936052082,0.03533936950506492,2.4692644088643,-0.002773846688856607
CI011001.WI,2014-09-24,0.11098062170872214,0.03540457387360443,2.5702779821550075,0.0
CI011001.WI,2014-09-25,0.10864377068028164,0.0355881421935185,2.498011846635697,-0.0037245250413218134
CI011001.WI,2014-09-26,0.11641140335968614,0.03517219616775478,2.725728544923411,-0.001923352338258355
CI011001.WI,2014-09-29,0.11942593093477538,0.035203839239683704,2.7999423500588247,0.0
CI011001.WI,2014-09-30,0.12188041397051164,0.0351340026606045,2.867805709472507,0.0
CI011001.WI,2014-10-08,0.12189465394473475,0.035134310350258456,2.868142333584424,0.0
CI011001.WI,2014-10-09,0.11173209982034504,0.03560993192223022,2.5746573190304187,-0.005946575004574184
CI011001.WI,2014-10-10,0.10967299079054094,0.035774115155415974,2.5111611351493264,-0.009587016862310893
CI011001.WI,2014-10-13,0.11108400652377015,0.03573081661717825,2.5497404328329485,-0.00974684272426729
CI011001.WI,2014-10-14,0.11570760676258107,0.035945783294155396,2.6502815475136283,-0.005435704213611614
CI011001.WI,2014-10-15,0.12001889403558597,0.03613482596970026,2.7433826431450536,-0.0013250792385945953
CI011001.WI,2014-10-16,0.11855043680227184,0.03615913220569939,2.7052634575248367,-0.0021970693825580367
CI011001.WI,2014-10-17,0.12218785463766824,0.03612990413667701,2.7973233459421882,-0.0004477593993563733
CI011001.WI,2014-10-20,0.1291614830849439,0.036483851624753746,2.9404182816284576,0.0
CI011001.WI,2014-10-21,0.12947221635634154,0.03650150643957398,2.9465553559481212,0.0
CI011001.WI,2014-10-22,0.1228565931476735,0.03651396064613829,2.784603495466657,-0.0025412404376295994
CI011001.WI,2014-10-23,0.11752433618786684,0.03658556841558933,2.649055970085489,-0.005009371134379048
CI011001.WI,2014-10-24,0.11820197428898371,0.03656606113279809,2.6670350723141065,-0.005432685559968675
CI011001.WI,2014-10-27,0.116561708000408,0.03656216230706549,2.6271482305769407,-0.005626162043550154
CI011001.WI,2014-10-28,0.12071370276365734,0.03674538278239816,2.715285589286588,-0.001543492333695995
CI011001.WI,2014-10-29,0.12260071911280535,0.036868184496647236,2.7520154723477046,0.0
CI011001.WI,2014-10-30,0.12063673431517952,0.03682244771383635,2.70781316158692,0.0
CI011001.WI,2014-10-31,0.12439376203754571,0.03697394535439105,2.7874326220324273,0.0
CI011001.WI,2014-11-03,0.13074391317525147,0.03699552212465249,2.9381283942244507,0.0
CI011001.WI,2014-11-04,0.138734442305271,0.037380575273412125,3.096718116796183,0.0
CI011001.WI,2014-11-05,0.14229092840572077,0.03736161313289683,3.181777961452228,0.0
CI011001.WI,2014-11-06,0.14072355178378526,0.03739181478641787,3.142497392656849,-0.000977346468880036
CI011001.WI,2014-11-07,0.14477693103870504,0.03764067885921502,3.21625118225997,0.0
CI011001.WI,2014-11-10,0.15489666145687053,0.03830507130641131,3.3910089148711635,0.0
CI011001.WI,2014-11-11,0.15887852157167193,0.03833885251654713,3.4778818789341845,0.0
CI011001.WI,2014-11-12,0.15662380931731779,0.03837969680631983,3.4234488876460025,-0.0011906768715292948
CI011001.WI,2014-11-13,0.15321262406712766,0.038454436077098475,3.340017198406673,-0.003058700219979893
CI011001.WI,2014-11-14,0.1476810017954937,0.03888951648330581,3.179375057323635,-0.008375866943263865
CI011001.WI,2014-11-17,0.14009103160663727,0.03936383272327281,2.9728831328466327,-0.013894933219928407
CI011001.WI,2014-11-18,0.14460992121512306,0.039215958668505545,3.0848708030710688,-0.012866337690015661
CI011001.WI,2014-11-19,0.13926518540620791,0.03918635238555378,2.9676689438559216,-0.014411571397018208
CI011001.WI,2014-11-20,0.1404227271743912,0.039196530323910204,2.9928305945259637,-0.013010382255457031
CI011001.WI,2014-11-21,0.14533043219798514,0.03932798583506838,3.0922042578281683,-0.009181842471040813
CI011001.WI,2014-11-24,0.16217191590891677,0.04248185252260594,3.209440228293958,0.0
CI011001.WI,2014-11-25,0.16111565879885537,0.042478859399809214,3.1882451602012005,0.0
CI011001.WI,2014-11-26,0.16202478881957716,0.042494698260779395,3.205501725594533,0.0
CI011001.WI,2014-11-27,0.1621212867292523,0.042492451998537226,3.207624326855852,-0.0005042497695758597
CI011001.WI,2014-11-28,0.16386563293668477,0.042484099622709715,3.243572328083161,0.0
CI011001.WI,2014-12-01,0.15620238718351032,0.043198844306697855,3.037602184467151,-0.007332415373165757
CI011001.WI,2014-12-02,0.1628993382380035,0.043769658235947057,3.1305794447432334,0.0
CI011001.WI,2014-12-03,0.16033006626792323,0.0437932781783785,3.078378541108436,-0.0009732356791153363
CI011001.WI,2014-12-04,0.1675029592710875,0.04411440947294184,3.1960705314580182,0.0
CI011001.WI,2014-12-05,0.16563069194215418,0.04416126115816071,3.156361389822387,-0.0014707627592863703
CI011001.WI,2014-12-08,0.1692563954840529,0.04427760391060698,3.218367708195392,0.0
CI011001.WI,2014-12-09,0.15182996525770331,0.04688629370533098,2.721397390286073,-0.014803641456548222
CI011001.WI,2014-12-10,0.1552773790479205,0.04693912239284264,2.782091342967396,-0.011953917329856845
CI011001.WI,2014-12-11,0.15439419213257866,0.046961148450247465,2.7645138181385933,-0.01309430976121706
CI011001.WI,2014-12-12,0.1512724669674188,0.047112145779628745,2.6982939936701507,-0.0164498803075398
CI011001.WI,2014-12-15,0.15166626597384258,0.04710757995539308,2.705814982589826,-0.016342947440165734
CI011001.WI,2014-12-16,0.15629675911271623,0.047146666197642746,2.7887687737969147,-0.013354590737136518
CI011001.WI,2014-12-17,0.1522417877639688,0.047106413350522715,2.716492676754636,-0.013993306149657658
CI011001.WI,2014-12-18,0.15088552438095237,0.047107809187542746,2.691398126653227,-0.014072402135272721
CI011001.WI,2014-12-19,0.15693136897782978,0.047219793981703256,2.79614881738096,-0.009932555037010182
CI011001.WI,2014-12-22,0.16365719179300098,0.04716893299717261,2.922077536962213,-0.006882147839839536
CI011001.WI,2014-12-23,0.15830968901671771,0.04753166173130094,2.8031773954030887,-0.01226944286627163
CI011001.WI,2014-12-24,0.15300369060147312,0.047801081724400486,2.691539816814676,-0.01671819351145576
CI011001.WI,2014-12-25,0.1563229210152397,0.04796477715781407,2.7424828926222906,-0.012072806567149486
CI011001.WI,2014-12-26,0.16357553710651707,0.0482096652021551,2.858566233954921,-0.0065416058986719205
CI011001.WI,2014-12-29,0.15933926678611376,0.04807454482869681,2.790551619006775,-0.006002281643268659
CI011001.WI,2014-12-30,0.1591285044372912,0.048077319507491105,2.7866094436963618,-0.006231598686834872
CI011001.WI,2014-12-31,0.16496290848502637,0.04841573581867752,2.8712304214173208,0.0
CI011001.WI,2015-01-05,0.1658136569095643,0.0484339024049785,2.885253118261318,0.0
CI011001.WI,2015-01-06,0.16495173378293226,0.048432473148939906,2.8700566382664547,0.0
CI011001.WI,2015-01-07,0.16428964475202967,0.04841189908643686,2.8595057274054847,0.0
CI011001.WI,2015-01-08,0.1578702403675687,0.048588923573282664,2.735408143203451,-0.003712536149028778
CI011001.WI,2015-01-09,0.15518697845014828,0.04867170999956157,2.6831418453753804,-0.006011121557469745
CI011001.WI,2015-01-12,0.1526607691132953,0.04872845455280938,2.635120875908061,-0.007779475438190242
CI011001.WI,2015-01-13,0.148151107075009,0.048847899158676676,2.548500950733326,-0.010636488387911314
CI011001.WI,2015-01-14,0.14882718994465427,0.048831589135684444,2.5613977227072926,-0.011131688504845472
CI011001.WI,2015-01-15,0.1538219212500278,0.04883331542205898,2.650196874779394,-0.00840857610436685
CI011001.WI,2015-01-16,0.16301358719149506,0.04916792043642159,2.793966642547395,-0.0018452520995196897
CI011001.WI,2015-01-19,0.15552585265055607,0.04946333070539623,2.646915048060758,-0.0067192565040788965
CI011001.WI,2015-01-20,0.157795481521803,0.04950092101614931,2.684605657422315,-0.00422824245764275
CI011001.WI,2015-01-21,0.17152708263819383,0.05040367181583602,2.871468827043849,0.0
CI011001.WI,2015-01-22,0.1723607874426254,0.05039623931039793,2.8860097334711576,0.0
CI011001.WI,2015-01-23,0.17619756045332857,0.05034532695584942,2.953817854507351,0.0
CI011001.WI,2015-01-26,0.17665564587911908,0.05036461366527977,2.960442250613417,0.0
CI011001.WI,2015-01-27,0.17397510976551844,0.050406924271126426,2.912724537663111,-0.001425084320204384
CI011001.WI,2015-01-28,0.1712139247701303,0.05047462244832954,2.8622031558988126,-0.003407204267094399
CI011001.WI,2015-01-29,0.16875944204231463,0.05057097731184225,2.815335948510404,-0.0061320383828985525
CI011001.WI,2015-01-30,0.16123338712101676,0.05100363417189813,2.6651460860630225,-0.012102354798565251
CI011001.WI,2015-02-02,0.16209549346504226,0.0510002141549175,2.6798816457219563,-0.01137412319388087
CI011001.WI,2015-02-03,0.16947235686640827,0.0511702119018894,2.794885234998107,-0.006284225995345949
CI011001.WI,2015-02-04,0.17252637787245773,0.051045006347264804,2.852740930595787,-0.006795822576760702
CI011001.WI,2015-02-05,0.18125512559907397,0.050960159655614026,3.0030417862705736,-0.003042303992523143
CI011001.WI,2015-02-06,0.18100309655121816,0.050966690854015395,2.9984740285498157,-0.0040350234264527884
CI011001.WI,2015-02-09,0.17651381889242312,0.051119479518901154,2.9151136374930195,-0.007307841566299045
CI011001.WI,2015-02-10,0.17557384679243948,0.05113570226374477,2.898564544355443,-0.008086762145787407
CI011001.WI,2015-02-11,0.17526342395674033,0.05113715869533534,2.8933156457562124,-0.007854799742041285
CI011001.WI,2015-02-12,0.17147335273251363,0.051200701158839755,2.8266612229834887,-0.009816885475080306
CI011001.WI,2015-02-13,0.17307315627261155,0.05125449300472481,2.850390969758107,-0.006523369337189111
CI011001.WI,2015-02-16,0.17542941866206885,0.05128492321012224,2.8878817534097454,-0.004118298170773582
CI011001.WI,2015-02-17,0.174969965293307,0.05128450148433506,2.880276845686405,-0.003614908375755621
CI011001.WI,2015-02-25,0.17359422693358306,0.0512906317063849,2.857082475942878,-0.0038244228049456597
CI011001.WI,2015-02-26,0.17063443883229712,0.05129374544951357,2.8076512577491832,-0.004512465293892487
CI011001.WI,2015-02-27,0.16451743073205494,0.05114998329090449,2.7129102410015618,-0.0051172330385186315
CI011001.WI,2015-03-02,0.16804917239521755,0.05113592296001562,2.7728973321772394,-0.003232930744196727
CI011001.WI,2015-03-03,0.16421681061538962,0.051322294131821225,2.698939932795864,-0.007144731686661743
CI011001.WI,2015-03-04,0.16339926688656714,0.05134986950850937,2.6838296321465127,-0.008885596251091643
CI011001.WI,2015-03-05,0.16025268775736268,0.05144808158092644,2.626131041579325,-0.011473087382783964
CI011001.WI,2015-03-06,0.15163949900312246,0.051821434191546584,2.46371251589768,-0.01712726149011945
CI011001.WI,2015-03-09,0.14698527131301242,0.05192364343492344,2.380930117968554,-0.01985040597343013
CI011001.WI,2015-03-10,0.13424650899094082,0.05258002205427342,2.139341118050391,-0.027798376878682696
CI011001.WI,2015-03-11,0.12905071824983394,0.0522792985772296,2.0634809149635958,-0.026244035672727928
CI011001.WI,2015-03-12,0.13068375291561773,0.05235031834390653,2.088374421560289,-0.022575360777269626
CI011001.WI,2015-03-13,0.12960380437251273,0.05238792869964431,2.0686631262739024,-0.024571480536248358
CI011001.WI,2015-03-16,0.13003155061058536,0.05238310445723325,2.076079850120886,-0.024557661756212434
CI011001.WI,2015-03-17,0.13404435860868236,0.052138490429136826,2.1535963671019798,-0.025863506297592154
CI011001.WI,2015-03-18,0.13884273173622308,0.052159984611982,2.2337203065810507,-0.023048216499369945
CI011001.WI,2015-03-19,0.13524491333094857,0.052183465083995566,2.1720715628384215,-0.024467447449864732
CI011001.WI,2015-03-20,0.1442811888588944,0.05241754601798612,2.313934234570958,-0.018583241947347284
CI011001.WI,2015-03-23,0.15276762993686832,0.05297729318083136,2.429589951250227,-0.010511445117930673
CI011001.WI,2015-03-24,0.15200362790757094,0.05296836368271654,2.4174671164416197,-0.009575026652443919
CI011001.WI,2015-03-25,0.14568907180221125,0.053281095547090894,2.3003726699523757,-0.014728405757519214
CI011001.WI,2015-03-26,0.14595545525298603,0.053282145423909175,2.304694001776366,-0.013839960786043548
CI011001.WI,2015-03-27,0.1423839177798183,0.05314788011454421,2.2516184584308174,-0.012608761794464574
CI011001.WI,2015-03-30,0.15142751829048628,0.05349845801500924,2.3846830282818954,-0.005837016480735757
CI011001.WI,2015-03-31,0.15243313273892634,0.053412392133358765,2.4047928332705903,-0.010084571537259612
CI011001.WI,2015-04-01,0.15171796098222323,0.0534184370756886,2.3928992680228522,-0.010342843932689583
CI011001.WI,2015-04-02,0.153995281887346,0.05341346894534689,2.43012064123286,-0.00893296630492646
CI011001.WI,2015-04-03,0.15837674088934373,0.053333996677209984,2.5047575387572945,-0.00758512232728048
CI011001.WI,2015-04-07,0.16564345345743536,0.053467346938231256,2.6156739013109487,-0.0027559716288980685
CI011001.WI,2015-04-08,0.1704841719606116,0.05340795499379434,2.6961673701071054,-0.0008300923064333832
CI011001.WI,2015-04-09,0.17043762655004446,0.05340917642036294,2.6953618917454296,-0.0018542509735450796
CI011001.WI,2015-04-10,0.1757017038416091,0.05358577888512053,2.7704505402050796,0.0
CI011001.WI,2015-04-13,0.17585147648322863,0.05359068232070717,2.7725804026652425,0.0
CI011001.WI,2015-04-14,0.17368956832756033,0.05364741259713137,2.7353796377218633,-0.001922166907989964
CI011001.WI,2015-04-15,0.17313591572375375,0.053661993249933745,2.7258526548174222,-0.003168116925531317
CI011001.WI,2015-04-16,0.18169854708969058,0.05389610392011522,2.849266037697063,0.0
CI011001.WI,2015-04-17,0.18756537593399902,0.05378734199569448,2.9470560304489233,0.0
CI011001.WI,2015-04-20,0.18719749983958267,0.05378589498560937,2.9413696445088466,0.0
CI011001.WI,2015-04-21,0.18434039679256276,0.05371927092556551,2.900067320852532,0.0
CI011001.WI,2015-04-22,0.19463947912339674,0.05365250618224778,3.065100962410927,0.0
CI011001.WI,2015-04-23,0.1939711082273876,0.05365926396269468,3.054284911644767,-0.0002145838212935791
CI011001.WI,2015-04-24,0.1875041516663689,0.05341800925518181,2.9660972289322793,0.0
CI011001.WI,2015-04-27,0.1927886769218976,0.05352171022486372,3.0434723637063614,0.0
CI011001.WI,2015-04-28,0.19364005970306786,0.053498895527249304,3.0580940390557165,-0.0006425999079519018
CI011001.WI,2015-04-29,0.18775333278740258,0.05336182840034768,2.9730987764415158,-0.0009490133775738041
CI011001.WI,2015-04-30,0.18718403455051358,0.05338192275340487,2.96301251537815,-0.0027305474853154266
CI011001.WI,2015-05-04,0.19919166269457977,0.05425837925263685,3.101615630639403,0.0
CI011001.WI,2015-05-05,0.18909922488361586,0.054857846786598996,2.9141449237228634,-0.007368908687932607
CI011001.WI,2015-05-06,0.18957950953794955,0.054845426581642244,2.922160544424717,-0.008149146768123727
CI011001.WI,2015-05-07,0.1851231732849894,0.05491121618417394,2.850328124763328,-0.010278518437572881
CI011001.WI,2015-05-08,0.1935871618735716,0.05517152114917834,2.9662152802548247,-0.004080816930199016
CI011001.WI,2015-05-11,0.19537743234372074,0.0551921945516614,2.992299816026318,-0.001870894721852756
CI011001.WI,2015-05-12,0.1930769007849269,0.055145096100794856,2.959850950246352,-0.0007867454381369487
CI011001.WI,2015-05-13,0.19146575826350443,0.055121967960966994,2.9365374565747064,0.0
CI011001.WI,2015-05-14,0.19030368670084297,0.055086067214936314,2.9206890024872467,0.0
CI011001.WI,2015-05-15,0.186189525462078,0.0551419233512139,2.8549523968213375,-0.001925947491481228
CI011001.WI,2015-05-18,0.1828509742781801,0.05509623600389214,2.8060840049917037,-0.0017709640153517059
CI011001.WI,2015-05-19,0.18185568108002892,0.0550773410506115,2.791733844096391,-0.0002951119322830431
CI011001.WI,2015-05-20,0.16251208060005307,0.054590562889743836,2.5136589786548393,-0.006319056469954787
CI011001.WI,2015-05-21,0.15826835312552,0.05429714406847919,2.4595564099112774,-0.003250383642587784
CI011001.WI,2015-05-22,0.16058527309461978,0.0543387034030476,2.4945138933885884,-0.0005420912604700012
CI011001.WI,2015-05-25,0.1670505082592122,0.05426522265992613,2.6002518984705634,0.0
CI011001.WI,2015-05-26,0.16683676381377155,0.05427966722726711,2.596197798976765,-0.003751221261009574
CI011001.WI,2015-05-27,0.1645851656886812,0.05434546154858596,2.5575568213253677,-0.005938096241057678
CI011001.WI,2015-05-28,0.1499112626700072,0.055609369098343825,2.2725259727984564,-0.01708000016107425
CI011001.WI,2015-05-29,0.15002288444605227,0.05560701300273674,2.2743664476850873,-0.0178036671591687
CI011001.WI,2015-06-01,0.1536594218037357,0.05571440763480044,2.326787848146902,-0.013844508356690599
CI011001.WI,2015-06-02,0.1562438892071436,0.05577630508237609,2.3644100683494176,-0.010657455552985806
CI011001.WI,2015-06-03,0.15323495764742323,0.0557353233989494,2.3193290950328342,-0.010514356240136746
CI011001.WI,2015-06-04,0.14598478228945355,0.055893363831830516,2.200031870033861,-0.014457874497817436
CI011001.WI,2015-06-05,0.1426725456857676,0.05590544957621537,2.147765708303452,-0.015580200307523495
CI011001.WI,2015-06-08,0.145063434547972,0.05596014647119046,2.1830921372388317,-0.01258573630169868
CI011001.WI,2015-06-09,0.14159121445981615,0.055943767322831746,2.129400161590864,-0.013258746609926542
CI011001.WI,2015-06-10,0.14195399569482214,0.05595483845845338,2.134671284724122,-0.010664925663933844
CI011001.WI,2015-06-11,0.13482069245173123,0.055629412075424683,2.034135358845702,-0.0104145018664481
CI011001.WI,2015-06-12,0.134339000338336,0.055637071603689955,2.0262282794472792,-0.011112256917191421
CI011001.WI,2015-06-15,0.1270848396986426,0.056007315106274574,1.8985968666755042,-0.01696923242217241
CI011001.WI,2015-06-16,0.12289843959164748,0.056116223837853106,1.8286755514564357,-0.019938893325240015
CI011001.WI,2015-06-17,0.12790838802360782,0.05603056677331139,1.9108745836930892,-0.018346942649915654
CI011001.WI,2015-06-18,0.12314874370775075,0.056172130855788885,1.8308810199167636,-0.021791655921087116
CI011001.WI,2015-06-19,0.11615307266800268,0.0565773602236335,1.7076864442738335,-0.02796675310402086
CI011001.WI,2015-06-23,0.12224124411558468,0.05654754758864207,1.8047987675796728,-0.02518203580715983
CI011001.WI,2015-06-24,0.12147812986332052,0.056550697569408746,1.792667263915286,-0.025316789605434042
CI011001.WI,2015-06-25,0.11725778550474275,0.056453600466204415,1.728837946583244,-0.025305350998044762
CI011001.WI,2015-06-26,0.11601142822712784,0.0564445693801438,1.7093221153585092,-0.02497386482472408
CI011001.WI,2015-06-29,0.1139124913630507,0.05643839374690492,1.6761331026258288,-0.02528521671463002
CI011001.WI,2015-06-30,0.11386022734593304,0.056438697867537725,1.6752926605866736,-0.025239812446523735
CI011001.WI,2015-07-01,0.11094485395634934,0.05640224226221352,1.6298532105459076,-0.02533937501900363
CI011001.WI,2015-07-02,0.10607296440599567,0.056291625913643104,1.5548380286171222,-0.025706227498844103
CI011001.WI,2015-07-03,0.1087175801114213,0.056250653448832566,1.5984025074996573,-0.025080313905734175
CI011001.WI,2015-07-06,0.11065752902416137,0.056285898252569994,1.6285088720236764,-0.022718124759373404
CI011001.WI,2015-07-07,0.11557848570472662,0.056515353297344174,1.7003824693530156,-0.01728887146641145
CI011001.WI,2015-07-08,0.11325196656074099,0.056530654957843395,1.6629916556324074,-0.018291442059981122
CI011001.WI,2015-07-09,0.1136670238031452,0.056524004806234776,1.669778321518098,-0.018670258389386962
CI011001.WI,2015-07-10,0.10959164332670568,0.05653974066747278,1.6044599270089963,-0.020288179372304094
CI011001.WI,2015-07-13,0.10820466200789713,0.056560906338584654,1.5817576384397853,-0.021426729329225513
CI011001.WI,2015-07-14,0.10428201438924845,0.05657153443983597,1.5187652980277517,-0.022928980312931113
CI011001.WI,2015-07-15,0.1056074592870393,0.05654303353880985,1.5407259076536277,-0.023259299281416235
CI011001.WI,2015-07-16,0.1107909244933496,0.056533224787150345,1.623754498174931,-0.020685204097145693
CI011001.WI,2015-07-17,0.11452836397392607,0.056498829877827596,1.6841870954434157,-0.019184120318275766
CI011001.WI,2015-07-20,0.11409986149474438,0.056491836412112334,1.6775786009741895,-0.017943148137027243
CI011001.WI,2015-07-21,0.11421782640454903,0.05648805345651304,1.6795623321563853,-0.019441080462841098
CI011001.WI,2015-07-22,0.11084247285252702,0.05643231321237231,1.6273802167225804,-0.019497923338336554
CI011001.WI,2015-07-23,0.11301368047543048,0.05637459265980016,1.6636407399342572,-0.019753074315406627
CI011001.WI,2015-07-24,0.11773886519739007,0.056060019777431136,1.7482629474132974,-0.021344499748555013
CI011001.WI,2015-07-27,0.11860743183699629,0.056036929032225034,1.7628283457509588,-0.022150979929737802
CI011001.WI,2015-07-28,0.1290197161976776,0.05593753893286724,1.931572791479938,-0.017747582966816444
CI011001.WI,2015-07-29,0.12782656824865657,0.05589709303804058,1.9140048863428722,-0.0157039240201009
CI011001.WI,2015-07-30,0.13112692074032783,0.05585584128939798,1.9677165225762698,-0.014558137393198667
CI011001.WI,2015-07-31,0.1256533847672201,0.05573647716640301,1.8847394482957525,-0.015128958918066537
CI011001.WI,2015-08-03,0.12384828822459437,0.055749707620195973,1.8555043923345969,-0.015904449810863253
CI011001.WI,2015-08-04,0.11981730765590282,0.05567661040021235,1.7933007302683717,-0.016111045066770746
CI011001.WI,2015-08-05,0.1212698126179601,0.05570229727087831,1.815780990897168,-0.013942086680949761
CI011001.WI,2015-08-06,0.11563082728152141,0.05550316654121579,1.7312186661463855,-0.013839022493963071
CI011001.WI,2015-08-07,0.11493404444059618,0.05550669569258792,1.7198516032530657,-0.014021981851949139
CI011001.WI,2015-08-10,0.12246832619336168,0.05558365002679437,1.8387676792265497,-0.009630607098834787
CI011001.WI,2015-08-11,0.12191693994728858,0.05562001121168821,1.82876383845682,-0.01348757711795312
CI011001.WI,2015-08-12,0.12392164564778496,0.05553391840118638,1.8636751505411928,-0.014788310186786058
CI011001.WI,2015-08-13,0.1180955087117097,0.05529140713352642,1.7775677764358,-0.014373952470135176
CI011001.WI,2015-08-14,0.12381422164674838,0.05523882999367546,1.87160582890689,-0.011966650856877092
CI011001.WI,2015-08-17,0.12788845642475488,0.05514757302750691,1.9402634948714543,-0.01108068402638751
CI011001.WI,2015-08-18,0.12864584440315197,0.055133695180439965,1.9529195272815516,-0.011392911319920151
CI011001.WI,2015-08-19,0.12462745711021728,0.05517126206762685,1.8869481957902468,-0.013254019430342212
CI011001.WI,2015-08-20,0.11745717457572846,0.05535335337129722,1.765318933194502,-0.017500719144079357
CI011001.WI,2015-08-21,0.11153644373342342,0.05573091649273292,1.6583702817223887,-0.0235491746023464
CI011001.WI,2015-08-24,0.11392342528665167,0.055722982702617704,1.697111882388244,-0.022282057032779745
CI011001.WI,2015-08-25,0.12025678954381558,0.05565867498722935,1.8009162855121565,-0.019690570496458393
CI011001.WI,2015-08-26,0.117225828902916,0.05568111413457549,1.7515341997719325,-0.021026144629635146
CI011001.WI,2015-08-27,0.11949167006305617,0.05569310880587489,1.7875639553108031,-0.019271777401432155
CI011001.WI,2015-08-28,0.11938761541477061,0.055694691758942275,1.785845004884939,-0.01979906218593075
CI011001.WI,2015-08-31,0.12438723944454178,0.05572896352634381,1.8647841670701588,-0.016741627479223253
CI011001.WI,2015-09-01,0.12380994228940234,0.055727447018327034,1.8556134204937507,-0.016370631422216286
CI011001.WI,2015-09-02,0.12351137587080951,0.05572346772616735,1.8509713933239464,-0.01522367759047838
CI011001.WI,2015-09-07,0.1243166882623874,0.05570620899909105,1.8643962586159841,-0.015725984191494402
CI011001.WI,2015-09-08,0.12356520375625668,0.05572176676475832,1.8518863966116619,-0.016864242347206848
CI011001.WI,2015-09-09,0.12014572075983976,0.05568711785334227,1.7982433891779577,-0.01729009703148887
CI011001.WI,2015-09-10,0.11794774771972927,0.05570162729937728,1.7625115204065664,-0.018213180975751753
CI011001.WI,2015-09-11,0.11747680954595818,0.0557002587945561,1.7549856360276308,-0.0178036671591687
CI011001.WI,2015-09-14,0.11538967377091813,0.05570829810139212,1.721167348954781,-0.018520856170425426
CI011001.WI,2015-09-15,0.11304858804503404,0.055683727132699236,1.6841532032923237,-0.01848969180131399
CI011001.WI,2015-09-16,0.11408505074881403,0.05569889162472061,1.7004275512926534,-0.01672137647532501
CI011001.WI,2015-09-17,0.1174438697662421,0.055799070272947206,1.7514474082166314,-0.012991631783291102
CI011001.WI,2015-09-18,0.11603906371907446,0.055800990861599266,1.7288354953863028,-0.013257754485816231
CI011001.WI,2015-09-21,0.11718953966770895,0.05581041525191416,1.7470222947947387,-0.011809661806484129
CI011001.WI,2015-09-22,0.11528607447154093,0.055841194116449014,1.7155390078256085,-0.013206689274257166
CI011001.WI,2015-09-23,0.1119615503323248,0.05599248757480657,1.6577148658688696,-0.017040490277388076
CI011001.WI,2015-09-24,0.11432446060824786,0.056056904861915634,1.6937577971762816,-0.013909696746760902
CI011001.WI,2015-09-25,0.11320434152662462,0.0560191318214205,1.6769016531518697,-0.011916986291120923
CI011001.WI,2015-09-28,0.11379641265640639,0.05598520947918238,1.687385441986523,-0.014754636327278026
CI011001.WI,2015-09-29,0.10490075304633262,0.05576847713536732,1.549879555994619,-0.01682140592973902
CI011001.WI,2015-09-30,0.10141381410950778,0.05564340126589027,1.496410639068446,-0.015837102091846966
CI011001.WI,2015-10-08,0.10234345297341108,0.05568559839654056,1.5104753770967154,-0.012315119860556445
CI011001.WI,2015-10-09,0.10847018398966624,0.05557114943034578,1.6132495163758858,-0.010312021281879136
CI011001.WI,2015-10-12,0.11274314911443106,0.05572742535874714,1.6779495781156801,-0.005762665354261509
CI011001.WI,2015-10-13,0.11392221963665095,0.05578473962061813,1.6952752016610713,-0.0018266755677708302
CI011001.WI,2015-10-14,0.1241145714201104,0.055847207457983716,1.856608026736676,0.0
CI011001.WI,2015-10-15,0.12238591433071488,0.05583141500082808,1.829539857636455,0.0
CI011001.WI,2015-10-16,0.11826609849372716,0.055837449870110994,1.7634601358703854,-0.0014734487945731178
CI011001.WI,2015-10-19,0.11544380959521328,0.055895347790873955,1.716461642454878,-0.003563974037441575
CI011001.WI,2015-10-20,0.11331205138346223,0.05589810881347732,1.6821424559127625,-0.00416296957604978
CI011001.WI,2015-10-21,0.11935180610649776,0.05553924524147195,1.7901099364282023,-0.004714466390495775
CI011001.WI,2015-10-22,0.128188001649036,0.055510961977930824,1.932707887071461,-0.0005313810756943926
CI011001.WI,2015-10-23,0.13531267526870572,0.055795539883215645,2.036015829600533,0.0
CI011001.WI,2015-10-26,0.13339361792785498,0.05570387435748528,2.0088891655425325,0.0
CI011001.WI,2015-10-27,0.13326785597602053,0.05569669575950266,2.0071476236649035,0.0
CI011001.WI,2015-10-28,0.1370301071699458,0.055713197586828384,2.066088862892197,0.0
CI011001.WI,2015-10-29,0.12933447934097542,0.05597396456397651,1.9353349219685407,-0.0050268869072471745
CI011001.WI,2015-10-30,0.11679750347260787,0.05605599664620369,1.7333482637050905,-0.010524174384268559
CI011001.WI,2015-11-02,0.1126291017127341,0.05601306873205873,1.6678446624728305,-0.011310295029554274
CI011001.WI,2015-11-03,0.11339932386698859,0.055980544168776826,1.6811482295068447,-0.013140107987609118
CI011001.WI,2015-11-04,0.11176002118545636,0.05607629897362532,1.6520864841291243,-0.017031410910680833
CI011001.WI,2015-11-05,0.10687930370942822,0.056314442593411854,1.5671766860192193,-0.021763087230174172
CI011001.WI,2015-11-06,0.10470898545364915,0.05636964091710232,1.5308649715639016,-0.02387109592161385
CI011001.WI,2015-11-09,0.08863970192267212,0.05729074705498916,1.2513088111049175,-0.034120569205886464
CI011001.WI,2015-11-10,0.08486346790799781,0.05717516747796932,1.192928421589663,-0.03364988219075249
CI011001.WI,2015-11-11,0.08405296832359,0.05717731099138683,1.1798103202669654,-0.0338516543021572
CI011001.WI,2015-11-12,0.07828777741611037,0.057101043983056154,1.0878960251227872,-0.035339451500675745
CI011001.WI,2015-11-13,0.07326487688950789,0.0570348906810905,1.0072039183560324,-0.0365320954005125
CI011001.WI,2015-11-16,0.07096763962308983,0.05685664183615648,0.9724877288197609,-0.03277347396807495
CI011001.WI,2015-11-17,0.0686877781355133,0.056837155478267364,0.9352974173501547,-0.0330392379728468
CI011001.WI,2015-11-18,0.0717544655654403,0.05684628602919889,0.9855775332039722,-0.031212232179317567
CI011001.WI,2015-11-19,0.06677258622540361,0.056654786761079864,0.9064580745262746,-0.030966347482511924
CI011001.WI,2015-11-20,0.060021510610029916,0.05615769202864251,0.8009091174673924,-0.029570900267975375
CI011001.WI,2015-11-23,0.05789586713798611,0.056105929963369924,0.7658112727889224,-0.028923075442374824
CI011001.WI,2015-11-24,0.05987706249432567,0.056089569549012945,0.7993838045486416,-0.02826287617723311
CI011001.WI,2015-11-25,0.06360780552667156,0.05606708032272484,0.8623685614869403,-0.02666617245293923
CI011001.WI,2015-11-26,0.07241267237028981,0.05584788484790019,1.0131921308085812,-0.023842852409142967
CI011001.WI,2015-11-27,0.07365541272528309,0.055738490163522135,1.03585537105171,-0.028150933330644556
CI011001.WI,2015-11-30,0.07498793677351934,0.05576922166663152,1.0575621614122206,-0.025929778722105334
CI011001.WI,2015-12-01,0.07858950519269214,0.05575762237237258,1.1177755655227068,-0.024196211404925116
CI011001.WI,2015-12-02,0.07813135103320046,0.0557507021994468,1.1102843547674726,-0.02322401585394862
CI011001.WI,2015-12-03,0.07359442418287077,0.055638724273122296,1.0365922390362712,-0.023561448487728787
CI011001.WI,2015-12-04,0.06066037078284481,0.05332030088462789,0.8519558187050285,-0.019254398769522285
CI011001.WI,2015-12-07,0.058833297666391005,0.05334673429882711,0.8192342748951561,-0.020667204572859532
CI011001.WI,2015-12-08,0.05846855215028279,0.053337375816716416,0.8129076135448396,-0.019198198189940285
CI011001.WI,2015-12-09,0.0587452914594051,0.053334398570116334,0.8178526575086867,-0.019436463440176688
CI011001.WI,2015-12-10,0.05777915633137631,0.053326996016445125,0.8008351229860677,-0.01923641000093035
CI011001.WI,2015-12-11,0.06770415649078387,0.052812048688030896,0.9850062572435824,-0.01729287823505654
CI011001.WI,2015-12-14,0.05702573074051687,0.0523370077199315,0.8013710197491098,-0.019578425760466645
CI011001.WI,2015-12-15,0.05820162346241631,0.0523232490179496,0.8228222364407805,-0.01944299439437891
CI011001.WI,2015-12-16,0.0526587888784007,0.05200712443809319,0.7265058361510116,-0.018754608905838244
CI011001.WI,2015-12-17,0.0558802743952842,0.05199780709018587,0.7854044780297365,-0.017199267891491732
CI011001.WI,2015-12-18,0.05656417584619522,0.0520470402980388,0.7971537391657895,-0.01280502420577867
CI011001.WI,2015-12-21,0.0780043466893321,0.05005323107136029,1.2283211599429482,-0.007683152017239903
CI011001.WI,2015-12-22,0.07875545368354575,0.05009438656065463,1.241261136093651,-0.004119428007573145
CI011001.WI,2015-12-23,0.08143211069712297,0.050083172168982164,1.291024389080782,-0.002800690860376487
CI011001.WI,2015-12-24,0.09166840595842696,0.05026856328896254,1.4739214327567405,0.0
CI011001.WI,2015-12-25,0.09272540204438684,0.050273163584515564,1.4930482167554509,0.0
CI011001.WI,2015-12-28,0.09132700792107928,0.05022079551564754,1.4690456027839107,0.0
CI011001.WI,2015-12-29,0.09076394572328716,0.0502337402653651,1.4584028531297553,-0.0011629693432329002
CI011001.WI,2015-12-30,0.09037445583078929,0.0502380776776813,1.4511697546967035,-0.001599730586076542
CI011001.WI,2015-12-31,0.0852166352217909,0.05009691904548436,1.3604388727691463,-0.002150095307339228
CI011001.WI,2016-01-04,0.07847852588016768,0.05014061497302526,1.2350400331305695,-0.005290448504254974
CI011001.WI,2016-01-05,0.08031706369878755,0.04997449344482308,1.273072845527553,-0.008999844087055675
CI011001.WI,2016-01-06,0.08824163621348013,0.04980124910900961,1.424131857726844,-0.006226666443445716
CI011001.WI,2016-01-07,0.08499603317916837,0.0496262664959836,1.3687716497843696,-0.004509574068385924
CI011001.WI,2016-01-08,0.08212183605739054,0.04941328390774065,1.3207613578369088,-0.0015878862133893445
CI011001.WI,2016-01-11,0.07991596039948412,0.049446049546021255,1.278637572533559,-0.0030822132713689276
CI011001.WI,2016-01-12,0.07784434093374948,0.04950426443214739,1.2383923805410266,-0.005224165572485728
CI011001.WI,2016-01-13,0.07477685290899583,0.04923525680296633,1.1869886760024535,-0.0017589462881615336
CI011001.WI,2016-01-14,0.07125863504619145,0.04921845056460508,1.1207408704594217,-0.002861611830068167
CI011001.WI,2016-01-15,0.07125126586145258,0.049218443006376046,1.1206012310933702,-0.0025341832581842194
CI011001.WI,2016-01-18,0.06954973956831423,0.049186115459441036,1.0889782970574247,-0.002061034735786671
CI011001.WI,2016-01-19,0.07229376719505143,0.04904445614264015,1.1442410259377205,-0.0032151207995042563
CI011001.WI,2016-01-20,0.07365884804511325,0.04899356294902596,1.171353657505803,-0.004248827036967273
CI011001.WI,2016-01-21,0.07792111934277068,0.04898606455485282,1.2524293062971386,-0.0020743596550598653
CI011001.WI,2016-01-22,0.08148904698306003,0.048881898963380334,1.3226176036988475,-0.0016541691451585905
CI011001.WI,2016-01-25,0.08265693688518327,0.04887572170085403,1.3448683296216142,-0.0010763004238576457
CI011001.WI,2016-01-26,0.08057144482006429,0.04881728575088736,1.306910706321753,-0.0002549956773734152
CI011001.WI,2016-01-27,0.06963367911826679,0.048558359315328196,1.1040453273957034,-0.0038243087755071015
CI011001.WI,2016-01-28,0.0752258743641705,0.04828178210228362,1.2181249042937954,-0.003505934315436776
CI011001.WI,2016-01-29,0.07323614701482839,0.04823193470866386,1.1809204908002047,-0.0028555188114263164
CI011001.WI,2016-02-01,0.06426580722277908,0.047195438114255646,1.0279293249274408,-0.0009815454423593994
CI011001.WI,2016-02-02,0.06343893958710778,0.047198291529115484,1.0113983788920746,-0.001292403281301202
CI011001.WI,2016-02-03,0.05889565924024209,0.04727877489487302,0.9191786065413509,-0.004073154490138897
CI011001.WI,2016-02-04,0.057327601214870016,0.04720456275473771,0.8891487208715272,-0.00224462251243962
CI011001.WI,2016-02-05,0.0630911162564014,0.04732713329954791,1.0018593183493139,0.0
CI011001.WI,2016-02-15,0.07213420761543854,0.04768519887741881,1.1723691699357577,0.0
CI011001.WI,2016-02-16,0.07165383335904663,0.04771564766587708,1.1622566299768933,-0.0031809790959228534
CI011001.WI,2016-02-17,0.07860158407241546,0.04729659114956173,1.308806512828786,-0.0027452633490823164
CI011001.WI,2016-02-18,0.07819253217464794,0.04729463006633701,1.3008361429811695,-0.0023886146204630254
CI011001.WI,2016-02-19,0.07602709359052495,0.047129787611841834,1.262552413000507,0.0
CI011001.WI,2016-02-22,0.07822130255161408,0.0471386863385444,1.3055508825859452,0.0
CI011001.WI,2016-02-23,0.07320094411828171,0.04702424077577725,1.209338155275881,-0.0008945435939972102
CI011001.WI,2016-02-24,0.07498910618884813,0.04700819120996003,1.245160534719829,-0.00022635474753296414
CI011001.WI,2016-02-25,0.0812868969471412,0.046924633462015614,1.3718159897151017,0.0
CI011001.WI,2016-02-26,0.08134622731730357,0.04692337606555823,1.3730211887742514,-0.0007298276196858744
CI011001.WI,2016-02-29,0.07992459804723229,0.04694407329486785,1.3444039487556074,-0.001810177131895574
CI011001.WI,2016-03-01,0.08513782919572832,0.04695563507867402,1.4466773485092002,0.0
CI011001.WI,2016-03-02,0.08372429806746395,0.04689001284908645,1.420829056171181,0.0
CI011001.WI,2016-03-03,0.08395231674629056,0.04689995788925458,1.4250248382448971,0.0
CI011001.WI,2016-03-04,0.0901715663504028,0.047272056941134774,1.5352425364180668,0.0
CI011001.WI,2016-03-07,0.09379884293173224,0.04734966144764703,1.6029813859752877,0.0
CI011001.WI,2016-03-08,0.09344395713320686,0.0473579959558776,1.5958529488972264,-0.0010149123891805
CI011001.WI,2016-03-09,0.08969384691435911,0.0475518633552774,1.5172664979725154,-0.005045874582724874
CI011001.WI,2016-03-10,0.08495650461954529,0.04760889860876124,1.4239608673160344,-0.0074950997497830185
CI011001.WI,2016-03-11,0.09251436083969056,0.04749213380037679,1.5735640782015363,-0.004503472970827316
CI011001.WI,2016-03-14,0.09374429583494126,0.04745531094093083,1.5984665177664497,-0.005130219860948304
CI011001.WI,2016-03-15,0.09016560914391158,0.047771576405493885,1.5195711336436655,-0.0109741901787207
CI011001.WI,2016-03-16,0.09781367971559618,0.04738991172713052,1.6790006755648317,-0.009732381791587863
CI011001.WI,2016-03-17,0.10772570589724118,0.04764457634327629,1.8590060733535587,-0.0035597805605012134
CI011001.WI,2016-03-18,0.12202443723804368,0.04706280429461978,2.154038084564227,0.0
CI011001.WI,2016-03-21,0.11721267933605439,0.047154503667002835,2.058758932116064,-0.0026965323738777913
CI011001.WI,2016-03-22,0.11305259934533285,0.04703802857675665,1.9843965713698222,-0.0026667153475260497
CI011001.WI,2016-03-23,0.11249784326245083,0.04706689012002738,1.9726119714925199,-0.005199558331839715
CI011001.WI,2016-03-24,0.10623643261949334,0.04745146614077516,1.8380124593265967,-0.01078452523991924
CI011001.WI,2016-03-25,0.10831119274238743,0.04741931135934471,1.8787575149870481,-0.010256006001022278
CI011001.WI,2016-03-28,0.10415675295854698,0.04737111352034973,1.801311104923303,-0.011116329551715709
CI011001.WI,2016-03-29,0.1072326587874628,0.04734368682147962,1.8611101690626806,-0.00980211230674255
CI011001.WI,2016-03-30,0.10078065895968535,0.047006388006163254,1.7497521570587355,-0.009634273980301922
CI011001.WI,2016-03-31,0.08877448633962137,0.046448152826016366,1.5340300280867454,-0.012379597851846502
CI011001.WI,2016-04-01,0.09009773181306469,0.04647996852669553,1.559152615084557,-0.010243503871234738
CI011001.WI,2016-04-05,0.09211574993644178,0.04629531640873478,1.6051506875339883,-0.013570674650327574
CI011001.WI,2016-04-06,0.09385098792703594,0.046341499303690234,1.6378682217114637,-0.011112457210631033
CI011001.WI,2016-04-07,0.08996459814738444,0.04640953569560834,1.5588152218156384,-0.013395700152459611
CI011001.WI,2016-04-08,0.08093865330591554,0.04598193803504097,1.3919845168547633,-0.014855406783899072
CI011001.WI,2016-04-11,0.0863690542120279,0.04575261825673214,1.5082954167258649,-0.014136423682795551
CI011001.WI,2016-04-12,0.08806638531734845,0.04575892666039978,1.542222490319968,-0.012853738358083122
CI011001.WI,2016-04-13,0.08932392907116626,0.04580110992278565,1.5660723636559675,-0.010304908137005575
CI011001.WI,2016-04-14,0.08827460470062154,0.04578977741547634,1.5453943223268145,-0.009913580410822131
CI011001.WI,2016-04-15,0.08280991505496194,0.0455664964280916,1.44223074671224,-0.010091597462399626
CI011001.WI,2016-04-18,0.08096602859240254,0.045537855493249825,1.4056709762111848,-0.009868827211715225
CI011001.WI,2016-04-19,0.08290166153363998,0.04552021333391853,1.4455129396429849,-0.009112558997882436
CI011001.WI,2016-04-20,0.07636508361995897,0.045300370108107134,1.318616714531254,-0.010188461308674235
CI011001.WI,2016-04-21,0.07208704816689537,0.045257911105017645,1.2317919157421098,-0.011400061514904136
CI011001.WI,2016-04-22,0.07456407692487543,0.04520395868053692,1.284276048865664,-0.011020572088608072
CI011001.WI,2016-04-25,0.07546659631046393,0.045183086417523326,1.3034347836342521,-0.011425563646904502
CI011001.WI,2016-04-26,0.06980737615136845,0.04481814389609397,1.1959314179802476,-0.01070851671634332
CI011001.WI,2016-04-27,0.06772792479838707,0.04478614258566703,1.153299261218688,-0.01068146564790906
CI011001.WI,2016-04-28,0.06525057996902972,0.04481934229551127,1.1006365763081036,-0.012204623353978539
CI011001.WI,2016-04-29,0.06336017126690185,0.04482680315838924,1.0608274663657165,-0.013018921364922775
CI011001.WI,2016-05-03,0.05985482576885315,0.04462492559940321,0.9914149506595112,-0.011734853061251549
CI011001.WI,2016-05-04,0.05905662425120628,0.044638885938358845,0.9742370505038157,-0.012691044713369237
CI011001.WI,2016-05-05,0.05881835119079826,0.04463892313747438,0.9691944095200329,-0.012581125545723437
CI011001.WI,2016-05-06,0.05306452753400004,0.04448966097841257,0.849792531084995,-0.01385916406113441
CI011001.WI,2016-05-09,0.05252095363844744,0.044502564529574073,0.8379546394478886,-0.015001560000265646
CI011001.WI,2016-05-10,0.05484849197985664,0.044531845772416465,0.8870471349617716,-0.013126019255492727
CI011001.WI,2016-05-11,0.05780699594903038,0.044493655844354336,0.950731424104416,-0.012122916957092333
CI011001.WI,2016-05-12,0.04740633713484188,0.043304257968214833,0.7474296126711261,-0.011653921132582346
CI011001.WI,2016-05-13,0.05606641846481897,0.04263904805813532,0.9515709104707019,-0.01082540609794147
CI011001.WI,2016-05-16,0.05913323016094285,0.04266903019719284,1.018907391271881,-0.008732627018319561
CI011001.WI,2016-05-17,0.06153396160129265,0.042602344332235656,1.0735939335360494,-0.008618669552113989
CI011001.WI,2016-05-18,0.05457915747022679,0.04217477231855229,0.9281600001071661,-0.008946435565350686
CI011001.WI,2016-05-19,0.04938422212395266,0.042228113486234876,0.810074821002248,-0.011640146662152628
CI011001.WI,2016-05-20,0.046775635151770745,0.04224869644473385,0.7507783130344686,-0.013026168174666841
CI011001.WI,2016-05-23,0.04596922521078173,0.04224142676649486,0.7326524773120057,-0.01283415537602639
CI011001.WI,2016-05-24,0.04236154580402118,0.04221507540062583,0.6512244466589986,-0.01405106622145813
CI011001.WI,2016-05-25,0.04143483178447305,0.04226856007542248,0.629407506501583,-0.016824824140395545
CI011001.WI,2016-05-26,0.040896536014449314,0.04227183633639235,0.6171293235058136,-0.0171804156902835
CI011001.WI,2016-05-27,0.039144119323129445,0.04225276326814585,0.5775039085675964,-0.017384432746286427
CI011001.WI,2016-05-30,0.043827598282574654,0.041830116361674184,0.6904363285583712,-0.018903386196321037
CI011001.WI,2016-05-31,0.04068932618749499,0.041727743403506434,0.6198572213818634,-0.018832356396996874
CI011001.WI,2016-06-01,0.03793695106091932,0.04164888737896447,0.5573569148043616,-0.018768407449941682
CI011001.WI,2016-06-02,0.03524824375065405,0.04157211296377593,0.4959080460409781,-0.018697322331459154
CI011001.WI,2016-06-03,0.03921402995405687,0.04138815532549722,0.5903218875428661,-0.018633373384404073
CI011001.WI,2016-06-06,0.041703780451405326,0.04132079716210049,0.6491374377210534,-0.018441581862396972
CI011001.WI,2016-06-07,0.05336994593608657,0.03971306332631919,0.9542570674032569,-0.018573960608333717
CI011001.WI,2016-06-08,0.05537256100575361,0.039713082431750785,1.0020935157899122,-0.017432062541627658
CI011001.WI,2016-06-13,0.05116113834948699,0.03952844906287888,0.9054156530348467,-0.017408109346061185
CI011001.WI,2016-06-14,0.05034367530897499,0.03947605750427027,0.886853683110598,-0.014999181276456386
CI011001.WI,2016-06-15,0.05063630985697842,0.03947666272776081,0.8938986537974266,-0.014582240779955957
CI011001.WI,2016-06-16,0.0602645740701635,0.039560422513725046,1.1227340707736593,-0.009514950555736257
CI011001.WI,2016-06-17,0.05940679228647738,0.03959684064013025,1.1012931499124328,-0.011443321096735515
CI011001.WI,2016-06-20,0.055877558033291974,0.039499660249782347,1.0194078906311677,-0.011739499870553116
CI011001.WI,2016-06-21,0.05565992903260719,0.039504911082745085,1.0140585753570148,-0.012616640445385574
CI011001.WI,2016-06-22,0.05126369954123966,0.039469749106162355,0.9091750139247788,-0.014143836450014713
CI011001.WI,2016-06-23,0.05376551447730882,0.03954458642824636,0.9676502465446887,-0.01154754239107103
CI011001.WI,2016-06-24,0.057095661170010636,0.03959720475507571,1.0461176695956145,-0.009122958999652653
CI011001.WI,2016-06-27,0.06786044751583709,0.03931261019886397,1.311192058219475,-0.004961022121025116
CI011001.WI,2016-06-28,0.07620401730428106,0.039430773474975894,1.5048178293676107,-0.00021585535589030425
CI011001.WI,2016-06-29,0.07405868727824405,0.03941371716548391,1.4548099978656972,-0.000588097972442303
CI011001.WI,2016-06-30,0.07757079087058383,0.03923294195512422,1.5445676170435119,-0.0008385831214610118
CI011001.WI,2016-07-01,0.08824655326114517,0.038799906312914224,1.8155363373408682,0.0
CI011001.WI,2016-07-04,0.09036349355163553,0.03897607419149555,1.857382780480881,0.0
CI011001.WI,2016-07-05,0.09071213115790644,0.038973394559182674,1.8657135223431922,0.0
CI011001.WI,2016-07-06,0.09391488003931658,0.03905851422920161,1.9368275647190556,0.0
CI011001.WI,2016-07-07,0.09694094586667035,0.03915505562523662,2.002725274672686,0.0
CI011001.WI,2016-07-08,0.09723787266583517,0.0391512057745466,2.009833867404723,-4.872692850876881e-05
CI011001.WI,2016-07-11,0.09907833991020487,0.03917316525159789,2.0515284092382893,0.0
CI011001.WI,2016-07-12,0.10310905537016146,0.03929947009537299,2.1382437515291386,0.0
CI011001.WI,2016-07-13,0.10765469875727773,0.03943420057550753,2.235395930147545,0.0
CI011001.WI,2016-07-14,0.10763550733265559,0.03943410130183668,2.2349619049196785,0.0
CI011001.WI,2016-07-15,0.10462334790963101,0.03938850912848144,2.1683398763562494,-0.00030308146514157475
CI011001.WI,2016-07-18,0.09720608628606864,0.03907838896669498,2.01276538855211,-0.0014993020695363013
CI011001.WI,2016-07-19,0.09904229876830462,0.03905437919580116,2.0568104723046003,-0.000848660529086942
CI011001.WI,2016-07-20,0.10044680836006403,0.03905019094376294,2.0897440075551863,0.0
CI011001.WI,2016-07-21,0.10179703533310502,0.039005394739938366,2.1235488276520544,-0.0004237449346241595
CI011001.WI,2016-07-22,0.10453275136098594,0.0389852948863824,2.188259271786512,0.0
CI011001.WI,2016-07-25,0.1033352753477379,0.0390541420876247,2.15668417451763,-0.0026176269095501414
CI011001.WI,2016-07-26,0.10353811923539635,0.0390511188595923,2.1615573792021188,-0.002771509679604045
CI011001.WI,2016-07-27,0.10040664430223312,0.03899076848948207,2.0919333168807346,-0.0029806822589687476
CI011001.WI,2016-07-28,0.10152173294742894,0.03903400650746521,2.1156163721031325,-0.0004405906679441074
CI011001.WI,2016-07-29,0.09960797499426222,0.03903346407654215,2.0710795329097507,-0.0009147115815736351
CI011001.WI,2016-08-01,0.10251364866126789,0.038993322415823935,2.1408753108722984,0.0
CI011001.WI,2016-08-02,0.10277797138562628,0.038991292023443196,2.1471351304645014,0.0
CI011001.WI,2016-08-03,0.10418769165096164,0.03899079633343682,2.1799394666571543,0.0
CI011001.WI,2016-08-04,0.10376108221159552,0.03901275992446666,2.1688249502237658,-0.0020092231018384865
CI011001.WI,2016-08-05,0.10735907958492419,0.0390465382365856,2.2503639462011176,0.0
CI011001.WI,2016-08-08,0.10113940182102499,0.038859591856961875,2.116001447446784,-0.0011388231941150684
CI011001.WI,2016-08-09,0.09784163482375385,0.038844034171551856,2.0395887136139472,-0.0020582895306792137
CI011001.WI,2016-08-10,0.10182292499481793,0.03908714111771759,2.119790374872097,0.0
CI011001.WI,2016-08-11,0.10215446227802216,0.03908082697167202,2.1278278007034546,-0.0002785298076611875
CI011001.WI,2016-08-12,0.10812272560225744,0.03929129572451228,2.2541403265334594,0.0
CI011001.WI,2016-08-15,0.11355029224638802,0.03951815998407432,2.3651164248033254,0.0
CI011001.WI,2016-08-16,0.10720614325615396,0.039672936446658966,2.211967919280385,-0.003505311794357313
CI011001.WI,2016-08-17,0.10676748754957877,0.0396779508886209,2.2017023765022365,-0.003795991769767082
CI011001.WI,2016-08-18,0.10628672789262095,0.0396868244105699,2.1902668919352224,-0.00441346698965861
CI011001.WI,2016-08-19,0.10162697754905681,0.03947834049088851,2.0946654004555585,-0.004191448639373263
CI011001.WI,2016-08-22,0.10218758526167182,0.03942636372763273,2.1102839535409172,-0.007564817186691997
CI011001.WI,2016-08-23,0.1018306013971697,0.039441754127530745,2.101259564543814,-0.009194372218345293
CI011001.WI,2016-08-24,0.09748744956377808,0.03963513915778215,1.991514270595062,-0.012684822419677166
CI011001.WI,2016-08-25,0.09068952247517048,0.039795587901304726,1.8274572322912364,-0.016403842856391737
CI011001.WI,2016-08-26,0.08956378268012344,0.03979468762157106,1.8015387935011034,-0.01653797006512947
CI011001.WI,2016-08-29,0.09184700399108925,0.03981497655268842,1.8532360278026538,-0.014788243872669082
CI011001.WI,2016-08-30,0.09219394356915722,0.03979836633272015,1.8619785781833267,-0.016330493703718307
CI011001.WI,2016-08-31,0.0957708009567404,0.03954808879810856,1.9562143772274665,-0.017356369761335033
CI011001.WI,2016-09-01,0.10095742512045724,0.03904577109425628,2.101859166382167,-0.01878318922648503
CI011001.WI,2016-09-02,0.10079453113029291,0.039042574374940166,2.098236720513228,-0.017655252909955843
CI011001.WI,2016-09-05,0.09915484133525143,0.03898405451240437,2.063075914411721,-0.01651863401398901
CI011001.WI,2016-09-06,0.10142482079082216,0.03894613717891658,2.118039443379258,-0.015830206672556968
CI011001.WI,2016-09-07,0.09940521515011369,0.03892288863568722,2.072110820794521,-0.015874365312764982
CI011001.WI,2016-09-08,0.10038130599760153,0.03891201817675565,2.095493900814106,-0.015530204909407486
CI011001.WI,2016-09-09,0.09108779477977502,0.039234781019525586,1.8623229726209636,-0.020799944687174943
CI011001.WI,2016-09-12,0.09292386583169776,0.03927209626677777,1.9034191075210758,-0.018782070611956136
CI011001.WI,2016-09-13,0.09081476127669297,0.03927959600134923,1.8538690276670458,-0.01953367304058551
CI011001.WI,2016-09-14,0.09232006258460701,0.039273559327918504,1.8892736661783545,-0.018681448571723713
CI011001.WI,2016-09-19,0.09594493880886157,0.03928548778030493,1.9730740076211801,-0.016563538397216027
CI011001.WI,2016-09-20,0.09655467219298797,0.039278055835055295,1.9876057049385074,-0.01644262149338993
CI011001.WI,2016-09-21,0.09887664239950489,0.03926428369571719,2.0421819929471607,-0.015285761001187725
CI011001.WI,2016-09-22,0.09863214775998497,0.03926468790083848,2.036492062601848,-0.015094211579972261
CI011001.WI,2016-09-23,0.0992073244224696,0.03925336881683231,2.050406991574735,-0.015298119028362978
CI011001.WI,2016-09-26,0.09866939451602619,0.03926075887278466,2.0375557880420296,-0.015748760881389323
CI011001.WI,2016-09-27,0.09695934334071299,0.039234889810291766,1.9991570748110543,-0.015510229649964735
CI011001.WI,2016-09-28,0.09320743395562836,0.03908410514540534,1.9190269901752628,-0.01515589518113114
CI011001.WI,2016-09-29,0.0927683477347887,0.03909262741869829,1.9083371054951974,-0.015816889832928616
CI011001.WI,2016-09-30,0.09272559817322756,0.03909152774229926,1.90738858072697,-0.014411110974391517
CI011001.WI,2016-10-10,0.09772840030997143,0.0391511468722465,2.0212572566854883,-0.011298539414356323
CI011001.WI,2016-10-11,0.10434213928485869,0.03895529929412034,2.1854809421891805,-0.009206037769859732
CI011001.WI,2016-10-12,0.10051619227074582,0.03886047908201918,2.1013784067282417,-0.009493788040551232
CI011001.WI,2016-10-13,0.09677081165188373,0.03886582077843455,2.013347413869728,-0.0108699502477545
CI011001.WI,2016-10-14,0.09878348902949652,0.038755520406596536,2.066292043281083,-0.011900673634996028
CI011001.WI,2016-10-17,0.1018902849866492,0.038677274420806,2.1434235050345274,-0.0111854528122316
CI011001.WI,2016-10-18,0.10073000491888284,0.038674862357850184,2.116303184007217,-0.011237761358292131
CI011001.WI,2016-10-19,0.097081624166107,0.03854180829835847,2.0373035461283866,-0.010988310318372108
CI011001.WI,2016-10-20,0.09623612851249974,0.03851619561161371,2.018608572926328,-0.009746275319906461
CI011001.WI,2016-10-21,0.09187043362344083,0.0382822282039097,1.9264389652371066,-0.009156072987573927
CI011001.WI,2016-10-24,0.0880107308070388,0.038110621078864995,1.8419913959620213,-0.00874996264626482
CI011001.WI,2016-10-25,0.0842988125342925,0.037807110489671766,1.7660536825440376,-0.0068058105952292225
CI011001.WI,2016-10-26,0.08136130296965294,0.03790817199659225,1.6898606874369366,-0.009231712636663336
CI011001.WI,2016-10-27,0.08191530328932806,0.03788741033370616,1.704288882444579,-0.010184718947833349
CI011001.WI,2016-10-28,0.08671440140590314,0.037863417469191925,1.8222747180374823,-0.007875632223619755
CI011001.WI,2016-10-31,0.08839895154708799,0.037856741819164,1.863518744150989,-0.006935037206983519
CI011001.WI,2016-11-01,0.08949388385823287,0.037846284871590245,1.8906001953340994,-0.006486526048297692
CI011001.WI,2016-11-02,0.0844080519229411,0.0376561244182299,1.7756608470352813,-0.00696816950397916
CI011001.WI,2016-11-03,0.07848600713090792,0.03720040784109086,1.649708253043297,-0.006314685549732246
CI011001.WI,2016-11-04,0.07725170363780043,0.03714518538800089,1.621268049190516,-0.004815848615871587
CI011001.WI,2016-11-07,0.07709284610047695,0.03713057635436395,1.6179184251966803,-0.0009608898802300203
CI011001.WI,2016-11-08,0.07677858506991786,0.0371147509313441,1.6107278450369282,0.0
CI011001.WI,2016-11-09,0.08906549498232064,0.03721626738136548,1.9114008861583964,0.0
CI011001.WI,2016-11-10,0.10302251095770742,0.037381166437337236,2.2439104156375658,0.0
CI011001.WI,2016-11-11,0.11488922384638567,0.03856553909848825,2.4537398742456062,0.0
CI011001.WI,2016-11-14,0.11129764470171222,0.03888953464147234,2.35061429111985,-0.0050662505894418786
CI011001.WI,2016-11-15,0.10820369008197739,0.039298747386812646,2.255572709823229,-0.011748454145983245
CI011001.WI,2016-11-16,0.10984972932491277,0.039128884484032525,2.303141411239907,-0.015044754963954299
CI011001.WI,2016-11-17,0.10884296169334462,0.03919901700745549,2.2759292229788315,-0.018058788942728055
CI011001.WI,2016-11-18,0.11887436053322276,0.0376899637800738,2.6045640029135426,-0.019579215036241826
CI011001.WI,2016-11-21,0.12432115407394106,0.03800833063127128,2.710889814131573,-0.014326328427732182
CI011001.WI,2016-11-22,0.13194215000506393,0.03848831417199566,2.853159255935933,-0.007852329798059499
CI011001.WI,2016-11-23,0.1345376665367657,0.0384348506898648,2.916694955396354,-0.0071086962250097585
CI011001.WI,2016-11-24,0.14576823309978515,0.03924836604637088,3.108137068342271,0.0
CI011001.WI,2016-11-25,0.1455465601912047,0.039232159711492826,3.1044703257291446,0.0
CI011001.WI,2016-11-28,0.15080322004902658,0.039404064190149767,3.207349197552232,0.0
CI011001.WI,2016-11-29,0.14189969129268443,0.03990090220558229,2.9731453131234247,-0.005861982119417797
CI011001.WI,2016-11-30,0.13363562861606226,0.0406016847301009,2.743537033283419,-0.01280618345080331
CI011001.WI,2016-12-01,0.13603562300528838,0.040706128199174144,2.7885813951440412,-0.009291609503636167
CI011001.WI,2016-12-02,0.13274053575138955,0.0407981868816529,2.711147477727786,-0.011505728796205261
CI011001.WI,2016-12-05,0.13252235968899417,0.04079777962372538,2.7064502650604854,-0.01102421049119906
CI011001.WI,2016-12-06,0.13251367623846888,0.04079756377796452,2.706276338563594,-0.009406776449888521
CI011001.WI,2016-12-07,0.13389710555414402,0.040888317177756664,2.7302317372889164,-0.005319817116742787
CI011001.WI,2016-12-08,0.13787754174263167,0.04061495214856525,2.8346578293846765,-0.006233327306417569
CI011001.WI,2016-12-09,0.13756919994520866,0.04060397837592805,2.8287349564521036,-0.004231986283343869
CI011001.WI,2016-12-12,0.1318226525559263,0.040760764406789135,2.693700712207872,-0.007498979611589296
CI011001.WI,2016-12-13,0.13068681186393882,0.04076073388891348,2.669057689417438,-0.007507165371291591
CI011001.WI,2016-12-14,0.12714474242438545,0.04094511890215607,2.5805557426604504,-0.010958106620395425
CI011001.WI,2016-12-15,0.12189609541168989,0.040760828415307176,2.4774774954167658,-0.011221338000005798
CI011001.WI,2016-12-16,0.12295187311676448,0.040727661251923925,2.5025680780862944,-0.011716550720614505
CI011001.WI,2016-12-19,0.12005829362639808,0.04074348116631918,2.4382579774320616,-0.012784509206559935
CI011001.WI,2016-12-20,0.11907303933041624,0.040768052599248136,2.415216814241303,-0.013892521284004866
CI011001.WI,2016-12-21,0.11896831682219844,0.0407687266019776,2.412881037463844,-0.01378363523513415
CI011001.WI,2016-12-22,0.11507085762116054,0.040786415277829224,2.3262672564709552,-0.01527117825928126
CI011001.WI,2016-12-23,0.11851827915922719,0.04069328082419889,2.4073894095186272,-0.014524060367455238
CI011001.WI,2016-12-26,0.11724027971099704,0.04071804985448372,2.377860267780307,-0.015514073946549467
CI011001.WI,2016-12-27,0.11778262313427956,0.04072404615689508,2.389438531353874,-0.014344694412719683
CI011001.WI,2016-12-28,0.11626181272911174,0.04070854932084028,2.3568731872994104,-0.01412553228031177
CI011001.WI,2016-12-29,0.11176869303416592,0.040506847035502155,2.268795264865664,-0.013703579534900534
CI011001.WI,2016-12-30,0.10488150260050899,0.040249299348971486,2.1286034394651505,-0.014727983601297678
CI011001.WI,2017-01-03,0.10358444794841981,0.04017265578171191,2.103337417547553,-0.012350355045743444
CI011001.WI,2017-01-04,0.10278816776471755,0.04016236248813152,2.08588712282928,-0.01175608948445983
CI011001.WI,2017-01-05,0.09651573431944516,0.03976098317020345,1.9630310266982247,-0.011448634409350622
CI011001.WI,2017-01-06,0.0950034759762326,0.03976026242955166,1.9283426393785525,-0.011748727449004237
CI011001.WI,2017-01-09,0.09318657016691789,0.03973661442573365,1.8876602859215692,-0.011657602954204704
CI011001.WI,2017-01-10,0.0976495238861892,0.039789236130084484,1.9876480847003701,-0.008776781849401005
CI011001.WI,2017-01-11,0.10281338795113593,0.039970563841810754,2.0962780653851554,-0.004549068635587239
CI011001.WI,2017-01-12,0.10338398125835035,0.03996166160347586,2.109685271443846,-0.004583047260766859
CI011001.WI,2017-01-13,0.10889310938932595,0.03982863911735703,2.2416973264231057,-0.002761329606255636
CI011001.WI,2017-01-16,0.11558219586411234,0.03965410752755584,2.4031174630584466,-0.0004870269609064115
CI011001.WI,2017-01-17,0.1114678282703696,0.0396054547489092,2.3126881941359096,-0.0013866368039170407
CI011001.WI,2017-01-18,0.10842947235278744,0.03960951226409291,2.243317236496767,-0.002395750488983328
CI011001.WI,2017-01-19,0.10163873707687188,0.039693025450401445,2.0837986579109113,-0.0055975666362027
CI011001.WI,2017-01-20,0.10287534297083645,0.039655420624921243,2.1140390561026363,-0.005971331513177303
CI011001.WI,2017-01-23,0.10708412567389503,0.039593294878146834,2.213533873729079,-0.00432182370900791
CI011001.WI,2017-01-24,0.10608622506323817,0.03953301644330534,2.194028938729129,-0.0017540693007445096
CI011001.WI,2017-01-25,0.10895355097123027,0.03951865825864699,2.260350916677513,-0.0002718290014361857
CI011001.WI,2017-01-26,0.10659649923652337,0.03958040715297206,2.2031067879276898,-0.0020691438251365657
CI011001.WI,2017-02-03,0.10718773209848753,0.039584955091327874,2.216357132127297,-0.0010623468645142298
CI011001.WI,2017-02-06,0.10975364733689474,0.03956082450619976,2.2762221330349655,0.0
CI011001.WI,2017-02-07,0.11462200371167008,0.039641818851185145,2.3821196396053335,0.0
CI011001.WI,2017-02-08,0.11634626281351967,0.03974072027025577,2.415202287891522,0.0
CI011001.WI,2017-02-09,0.12030909364589948,0.03989739245653627,2.4947293386807474,0.0
CI011001.WI,2017-02-10,0.11925962911909305,0.03990545877651124,2.4707369097770595,-0.000358479399729994
CI011001.WI,2017-02-13,0.12684685489289382,0.04054058328567398,2.5993768373712927,0.0
CI011001.WI,2017-02-14,0.13328965721410801,0.04036947357813721,2.751519392785615,0.0
CI011001.WI,2017-02-15,0.1307950609371209,0.04043933493345697,2.6923164517576597,-0.0018823059907850936
CI011001.WI,2017-02-16,0.1308254453102906,0.040439451728218695,2.6929735578461966,-0.0012039938903488645
CI011001.WI,2017-02-17,0.12854781833742845,0.04042025189576358,2.6443294177655576,-0.0013424002261309687
CI011001.WI,2017-02-20,0.13173612440734273,0.040463170910063365,2.711322915260749,0.0
CI011001.WI,2017-02-21,0.13878565106838336,0.04043460050390389,2.866859732729754,0.0
CI011001.WI,2017-02-22,0.1359261882889662,0.04043059502532044,2.804923902925441,-0.0006795752662117627
CI011001.WI,2017-02-23,0.13007554711159908,0.04031051609024255,2.684994144613888,-0.0018318657988721787
CI011001.WI,2017-02-24,0.12469218927424275,0.03987489446771931,2.5940833220354396,-0.00012512017461396852
CI011001.WI,2017-02-27,0.12890847421674145,0.03970616541153351,2.699220818382079,0.0
CI011001.WI,2017-02-28,0.12721962404452758,0.03973615021492187,2.6595191298582344,-0.001059550480990823
CI011001.WI,2017-03-01,0.13107044053612604,0.03987243935182459,2.7361376172259604,0.0
CI011001.WI,2017-03-02,0.12460851013302432,0.03990365652545833,2.590376403455179,-0.002601271636033742
CI011001.WI,2017-03-03,0.12016923919560396,0.03999454956196867,2.4856408199287388,-0.005025060988888663
CI011001.WI,2017-03-06,0.12018050145496995,0.03999421087780956,2.4859130323968417,-0.005905114848204884
CI011001.WI,2017-03-07,0.1170037666134629,0.04007947071999024,2.4098202479111337,-0.008061329388348248
CI011001.WI,2017-03-08,0.11016562960534326,0.04022461497620561,2.2485444160536416,-0.011616781014941346
CI011001.WI,2017-03-09,0.10678883226684088,0.04042602544578294,2.1621553555196504,-0.015342307316729697
CI011001.WI,2017-03-10,0.10626675144009812,0.0404461686473679,2.1494285515204647,-0.016870827183058323
CI011001.WI,2017-03-13,0.10617065838451123,0.04044099442520431,2.1475495781192975,-0.014164147287471507
CI011001.WI,2017-03-14,0.10291460903902472,0.04043025850355773,2.075167645768301,-0.015081239186706674
CI011001.WI,2017-03-15,0.10294398711871833,0.040431752699545534,2.0757514978265608,-0.01246284997006164
CI011001.WI,2017-03-16,0.10055283602201626,0.04017267141050904,2.034835022618569,-0.008449077625174883
CI011001.WI,2017-03-17,0.09654239186483982,0.04008923560602276,1.9478888743529676,-0.008983626633734088
CI011001.WI,2017-03-20,0.0985326030766025,0.04006739302407635,1.9942031629513837,-0.008192564173033823
CI011001.WI,2017-03-21,0.0996882990783674,0.03996514679545521,2.0255227243388565,-0.011155357109519204
CI011001.WI,2017-03-22,0.1040403441830473,0.039878185271189436,2.1289358197171313,-0.009685797798629103
CI011001.WI,2017-03-23,0.10152846001368632,0.03979296315138919,2.076147599402116,-0.008960703090108657
CI011001.WI,2017-03-24,0.1030797207941887,0.03978175488948195,2.112110407900639,-0.008189861397147835
CI011001.WI,2017-03-27,0.11106083335997785,0.03929142661256628,2.3215308113940445,-0.006881968125363125
CI011001.WI,2017-03-28,0.11201059493553944,0.03931899043849745,2.341671387872957,-0.004785014449089853
CI011001.WI,2017-03-29,0.10446641155600056,0.03889679284677324,2.191584127189156,-0.005375470877364563
CI011001.WI,2017-03-30,0.09823520821024823,0.03868048853104946,2.057297837633874,-0.006343965569838517
CI011001.WI,2017-03-31,0.09987006449626756,0.03859052055800899,2.100564889822334,-0.007548202381255642
CI011001.WI,2017-04-05,0.1030836697503772,0.038674374068903845,2.171561567469315,-0.004618693629291903
CI011001.WI,2017-04-06,0.10700471024518365,0.03856688310795308,2.269547535069916,-0.003617365214944046
CI011001.WI,2017-04-07,0.11676409907656149,0.03818739070736285,2.5216677548783895,-0.0004763892756055599
CI011001.WI,2017-04-10,0.1149102846079677,0.03821943121733368,2.4760974811534933,-0.0016024457919505686
CI011001.WI,2017-04-11,0.11574705508304972,0.03820109924858961,2.4969153778388713,-0.0017216181879599057
CI011001.WI,2017-04-12,0.11712574626832328,0.03825009238906186,2.5260650302497285,0.0
CI011001.WI,2017-04-13,0.11858460722429309,0.03826303092253005,2.5593463336751276,0.0
CI011001.WI,2017-04-14,0.11971040380302966,0.03819133573986186,2.5904306171984004,-0.0017683728662600817
CI011001.WI,2017-04-17,0.11382637885206193,0.0383173197711506,2.444473875694834,-0.004866333622194574
CI011001.WI,2017-04-18,0.11475221185934803,0.038243886465271854,2.470829199033735,-0.007387187518632321
CI011001.WI,2017-04-19,0.11073805436002293,0.0382192216911652,2.377970878727173,-0.008496808659489208
CI011001.WI,2017-04-20,0.1129908229246841,0.03812763682694469,2.4367543792803885,-0.008779794258932827
CI011001.WI,2017-04-21,0.11400424968469913,0.03809279861824447,2.462850877856869,-0.009345116293748457
CI011001.WI,2017-04-24,0.10788442441905577,0.03844463232733327,2.297312506875666,-0.014068284270345122
CI011001.WI,2017-04-25,0.10697734055032093,0.038434284992127414,2.2766005993948504,-0.013593795269831066
CI011001.WI,2017-04-26,0.10337171299471182,0.038387390476492596,2.194312306612911,-0.014268076997250634
CI011001.WI,2017-04-27,0.10321760104209954,0.038387637262159366,2.1906582551932905,-0.014016051530444162
CI011001.WI,2017-04-28,0.10340884165772768,0.03838543295934554,2.195299228049053,-0.014022443299762877
CI011001.WI,2017-05-02,0.10097554423767496,0.038458455787527525,2.133776793519384,-0.015975378505099003
CI011001.WI,2017-05-03,0.09885897276787947,0.038487528300345415,2.082176868544251,-0.017116958492549128
CI011001.WI,2017-05-04,0.09644624659023782,0.03863344313748464,2.017541121842189,-0.02033990830008192
CI011001.WI,2017-05-05,0.0944453540577439,0.03875168556852942,1.964350815553589,-0.023324664829099562
CI011001.WI,2017-05-08,0.09427212736849522,0.038751915886683724,1.9602531795739193,-0.023104398466095133
CI011001.WI,2017-05-09,0.0944636826713432,0.03874881995697383,1.9649255756037225,-0.023333503447610426
CI011001.WI,2017-05-10,0.09411517745871123,0.038747123907956614,1.9567875801985462,-0.022936314907293864
CI011001.WI,2017-05-11,0.09345832593372605,0.038756948018001086,1.9408010366966535,-0.023496193951049182
CI011001.WI,2017-05-12,0.09474304248282595,0.038717028427195606,1.9731015112558359,-0.023854083097195722
CI011001.WI,2017-05-15,0.09743269345346017,0.038719318002600256,2.0363860939869696,-0.022262482601154487
CI011001.WI,2017-05-16,0.09586046071630294,0.03871133379980256,1.999749507611737,-0.022393014515208698
CI011001.WI,2017-05-17,0.0910698722314407,0.039106745268132424,1.867853445639058,-0.027608398665039058
CI011001.WI,2017-05-18,0.09220727402214024,0.0391142820460187,1.894148268811623,-0.026486343535429446
CI011001.WI,2017-05-19,0.09588234611058932,0.03911653790077481,1.9799478833892514,-0.024474933627967266
CI011001.WI,2017-05-22,0.09898674236361349,0.03910813197321572,2.0527241563220326,-0.022844782773222883
CI011001.WI,2017-05-23,0.0975763975532693,0.039078871682649015,2.0213595347725035,-0.0222405608298194
CI011001.WI,2017-05-24,0.0973516577513156,0.03907601841160758,2.016261761196847,-0.021447132527444346
CI011001.WI,2017-05-25,0.09835985195105001,0.03908926021555532,2.0390938482010212,-0.020083089006286525
CI011001.WI,2017-05-26,0.09762449227486014,0.03908703658439443,2.0220668703683238,-0.019918251267842413
CI011001.WI,2017-05-31,0.0950006253117841,0.039053183243707185,1.9624789028259522,-0.020192548055868342
CI011001.WI,2017-06-01,0.0974266062932112,0.039101869469016226,2.016701770347508,-0.017908888723990102
CI011001.WI,2017-06-02,0.099092245488132,0.03910393415763694,2.0553961514802244,-0.016743489408688417
CI011001.WI,2017-06-05,0.10184002442112061,0.03898504806094819,2.125618119536308,-0.01696450480715983
CI011001.WI,2017-06-06,0.1023271262695229,0.03896719001891271,2.137921285373124,-0.017909088466781298
CI011001.WI,2017-06-07,0.10608678616511424,0.039099135816792446,2.217954536457021,-0.014367798585761093
CI011001.WI,2017-06-08,0.10835850691132554,0.039066762060969804,2.2723001610787392,-0.013560987516375134
CI011001.WI,2017-06-09,0.1093347303761556,0.03900379874554976,2.298486758520864,-0.015469729629156492
CI011001.WI,2017-06-12,0.1074092254509662,0.03907700459625923,2.249778718008958,-0.017534071376288707
CI011001.WI,2017-06-13,0.10943494227188788,0.03909087609844799,2.2957652054021676,-0.015941222487802387
CI011001.WI,2017-06-14,0.10871016151208845,0.039129151985101855,2.276849620886319,-0.01810428710948908
CI011001.WI,2017-06-15,0.10643081615532823,0.039201049043028124,2.2202261145069326,-0.02005197906655598
CI011001.WI,2017-06-16,0.10370209799553431,0.03929994455917051,2.1518808291050617,-0.02240504901837903
CI011001.WI,2017-06-19,0.10818510473856091,0.039476042111768174,2.2451815667990505,-0.018363153766894347
CI011001.WI,2017-06-20,0.10493258037193298,0.039610734596265684,2.1634461139945063,-0.021180475901181994
CI011001.WI,2017-06-21,0.10686230655156836,0.03964022072522275,2.2059033638857515,-0.019279373950164325
CI011001.WI,2017-06-22,0.10858788264127028,0.03964951110281918,2.2447002098082027,-0.017882922161133075
CI011001.WI,2017-06-23,0.11080384749250105,0.03973798538098587,2.2900632345302885,-0.014774774522846812
CI011001.WI,2017-06-26,0.11413625593851218,0.039821142975176436,2.36061957690942,-0.011795011563609514
CI011001.WI,2017-06-27,0.10824669808080878,0.03990383498000771,2.222929208350467,-0.014608988006144519
CI011001.WI,2017-06-28,0.10911953629301419,0.03991185508195009,2.242223977239208,-0.013415474892980228
CI011001.WI,2017-06-29,0.1016665308566882,0.03967937395827336,2.0851391010419387,-0.015005876932274287
CI011001.WI,2017-06-30,0.10196770464117066,0.03966419381262209,2.0928160664447413,-0.0166548036093922
CI011001.WI,2017-07-03,0.10097524135017943,0.03969008587831919,2.0687660860389165,-0.017834784148452076
CI011001.WI,2017-07-04,0.0980500144266998,0.039863923885688296,1.9931535198696146,-0.02131375427861537
CI011001.WI,2017-07-05,0.10290730001268722,0.039894891409793534,2.102315137466174,-0.018504921212953995
CI011001.WI,2017-07-06,0.09790753124437557,0.03989740175936078,1.9882606174608493,-0.020381205122164125
CI011001.WI,2017-07-07,0.09735096657241882,0.039874044925634636,1.9766807494299394,-0.018476108315322426
CI011001.WI,2017-07-10,0.09249267814295026,0.039692927133839935,1.8736933490013565,-0.018717197864310142
CI011001.WI,2017-07-11,0.0885575392001492,0.039453074594504346,1.7933510910338633,-0.01758905057956861
CI011001.WI,2017-07-12,0.09234718873366843,0.03954338525627111,1.8772613286973059,-0.014535982015958071
CI011001.WI,2017-07-13,0.0959434132696142,0.03962977046226039,1.9562223325121257,-0.011539440662259204
CI011001.WI,2017-07-14,0.09396671748993524,0.03952582223479837,1.9155736552457867,-0.009837282531284353
CI011001.WI,2017-07-17,0.08821483828746546,0.039280143708007906,1.7930556745503643,-0.01030013651421069
CI011001.WI,2017-07-18,0.08790189890859468,0.039282351674664144,1.7856329388888725,-0.010405201222385863
CI011001.WI,2017-07-19,0.09022716768586836,0.03948336744601479,1.830835498083835,-0.005366339764285466
CI011001.WI,2017-07-20,0.08802669690027987,0.03939301197789341,1.7836391691648508,-0.0042894764411866015
CI011001.WI,2017-07-21,0.0878791233898526,0.03939458187452862,1.780125294843848,-0.004473040066306555
CI011001.WI,2017-07-24,0.08664765554324028,0.039370821658356245,1.752398034830254,-0.0038855965173645313
CI011001.WI,2017-07-25,0.08361199220703264,0.03923935852893702,1.6868213480061998,-0.0031272730105443847
CI011001.WI,2017-07-26,0.08206971802564356,0.03914019067838825,1.6545956439357958,-0.0008202937077924632
CI011001.WI,2017-07-27,0.08204779521204775,0.039140035233917424,1.654084261115696,-0.00021597189299338293
CI011001.WI,2017-07-28,0.08204882907402156,0.03914002007743326,1.6541093057746286,-0.0005180329289973251
CI011001.WI,2017-07-31,0.08474596728841499,0.03912260109365827,1.7184826280889374,0.0
CI011001.WI,2017-08-01,0.08544696483416181,0.03913334947016307,1.7345349772371828,0.0
CI011001.WI,2017-08-02,0.08344413786901628,0.039150242233479106,1.686614212658522,-0.0009552365841311028
CI011001.WI,2017-08-03,0.07993521917862645,0.03934543726293063,1.5959679471197863,-0.004612782599335952
CI011001.WI,2017-08-04,0.07869824031542838,0.03933260215080773,1.5673289907523025,-0.004442555244158597
CI011001.WI,2017-08-07,0.07973879759932156,0.0392725797648984,1.59422285514545,-0.00609071084870505
CI011001.WI,2017-08-08,0.07846523591467802,0.039304197562949734,1.562935283812176,-0.00741620189681913
CI011001.WI,2017-08-09,0.08011166621573285,0.03931384696965114,1.6013756929108156,-0.006109397985177845
CI011001.WI,2017-08-10,0.07405780072548018,0.039394073298871526,1.455475487407439,-0.009162078767027682
CI011001.WI,2017-08-11,0.07307438948129752,0.039422441272692045,1.4312137163734775,-0.010538847317623556
CI011001.WI,2017-08-14,0.07791063907155626,0.03977445624337477,1.5319848747781093,-0.004973070590533535
CI011001.WI,2017-08-15,0.07708299206346836,0.03978417816965943,1.5123072367491315,-0.005556358410307771
CI011001.WI,2017-08-16,0.07443798475526764,0.03981544933114411,1.449379288511146,-0.006988789711410814
CI011001.WI,2017-08-17,0.07793591168244474,0.039759762695937756,1.5331262019464742,-0.005757631328211943
CI011001.WI,2017-08-18,0.07552709916832501,0.03970222663539992,1.4789257232212556,-0.005565826559454035
CI011001.WI,2017-08-21,0.0785288017753738,0.03969922529131227,1.549258920632836,-0.003926092624411459
CI011001.WI,2017-08-22,0.08317513275373889,0.03979922138938697,1.6535107427163476,-0.0005558301872501392
CI011001.WI,2017-08-23,0.0757845099479808,0.03961543543584353,1.4881223583097938,-0.002615750614931356
CI011001.WI,2017-08-24,0.07447113652521087,0.03965189913061704,1.4559732256456415,-0.004110871029855634
CI011001.WI,2017-08-25,0.07399129909524649,0.03960516281619214,1.4463634177239348,0.0
CI011001.WI,2017-08-28,0.07270930516299723,0.039489366509668826,1.420235275710608,0.0
CI011001.WI,2017-08-29,0.08020743857904056,0.03943299915538168,1.5989043024900238,0.0
CI011001.WI,2017-08-30,0.0790101679182289,0.03946550815098616,1.569510875925663,-0.0013997502262853567
CI011001.WI,2017-08-31,0.07753731761728822,0.03952113617280906,1.532784602915995,-0.003380956478832964
CI011001.WI,2017-09-01,0.07921769227115338,0.039548877361849095,1.5711494068564056,-0.0016041753194333541
CI011001.WI,2017-09-04,0.08640234634288602,0.039483299673784944,1.7417977607730666,0.0
CI011001.WI,2017-09-05,0.09041550507872986,0.03947042018103518,1.835801254964962,0.0
CI011001.WI,2017-09-06,0.0942218348248467,0.039280873119064405,1.9332122386241999,-4.442275294957998e-05
CI011001.WI,2017-09-07,0.09624446325453118,0.03912948984998262,1.9877530995067534,-0.0019696387986450903
CI011001.WI,2017-09-08,0.09427554462086696,0.03919387278110848,1.938669140397061,-0.00389801028961112
CI011001.WI,2017-09-11,0.09006725924003556,0.039243194843074855,1.8380609039564604,-0.005963347826852261
CI011001.WI,2017-09-12,0.09151883392799998,0.03920070161520734,1.8739699123556024,-0.006197787549687805
CI011001.WI,2017-09-13,0.09137700144866034,0.03920554890342432,1.870427336404489,-0.007363231538833337
CI011001.WI,2017-09-14,0.09042636065857135,0.03925530470590343,1.8458995188820169,-0.009667939182145036
CI011001.WI,2017-09-15,0.0899884539326119,0.03924910705944917,1.8359473532754143,-0.008927691443206487
CI011001.WI,2017-09-18,0.08810593445363901,0.0392512789076388,1.7917937315661416,-0.009494636211426433
CI011001.WI,2017-09-19,0.08680659312312566,0.03925840896653088,1.7610298064551908,-0.009984913520338479
CI011001.WI,2017-09-20,0.08779867725454826,0.039260189855756376,1.7841999989421078,-0.009125646330101267
CI011001.WI,2017-09-21,0.08404001997438448,0.03941093763221388,1.68967141472501,-0.01220407901451892
CI011001.WI,2017-09-22,0.08764922488980287,0.03906973718424674,1.7891882524935063,-0.014220457846234047
CI011001.WI,2017-09-25,0.0858453593019084,0.03903142763168443,1.748365402093855,-0.013827309087056205
CI011001.WI,2017-09-26,0.09027277464232353,0.039129102650625455,1.8481247929100246,-0.010564775892634826
CI011001.WI,2017-09-27,0.0900121546942132,0.039126622511887865,1.842127208564059,-0.009941476844036123
CI011001.WI,2017-09-28,0.08907392329611419,0.0390959866898041,1.8215067858178764,-0.008658739037724295
CI011001.WI,2017-09-29,0.09100214887539604,0.03912612927201353,1.8653606336520343,-0.006781446317075224
CI011001.WI,2017-10-09,0.0944643751629588,0.039322099865466024,1.9368627533928116,-0.002457598827436569
CI011001.WI,2017-10-10,0.09542259279899201,0.039328120811770124,1.9588323111414887,-0.001390022945510605
CI011001.WI,2017-10-11,0.09666316636543026,0.039327891607462286,1.9876342959251685,-0.0004660691272270201
CI011001.WI,2017-10-12,0.09618035230610422,0.03933964147676081,1.9758545660786158,-0.0013633495722079614
CI011001.WI,2017-10-13,0.09647627757229915,0.039339705507071415,1.982715300999205,-0.0008516744000549581
CI011001.WI,2017-10-16,0.09424406196693802,0.039392835110334486,1.9283429263495095,-0.0025268707118916156
CI011001.WI,2017-10-17,0.09417210349978844,0.039394617851281476,1.9265874963803173,-0.003261892244600828
CI011001.WI,2017-10-18,0.09460688938034911,0.039407457714407616,1.9360576742046216,-0.0014415454503188263
CI011001.WI,2017-10-19,0.09121123286087429,0.03930851185982081,1.8617632843157663,-0.001395495670901692
CI011001.WI,2017-10-20,0.08982002318660309,0.03927159942545287,1.830980263145553,-0.0005578728630670771
CI011001.WI,2017-10-23,0.08929941036818834,0.039282252612740085,1.8183263973049781,-0.0013254349251289321
CI011001.WI,2017-10-24,0.09260435542611267,0.0392649809858797,1.8962889951058004,0.0
CI011001.WI,2017-10-25,0.09115554774714929,0.03933456602411573,1.8592583422142261,-0.0023666817423493303
CI011001.WI,2017-10-26,0.09118043858301439,0.03933479087961622,1.859828064151595,-0.001621785951855803
CI011001.WI,2017-10-27,0.093598708432715,0.039374442017646755,1.9142373324346957,0.0
CI011001.WI,2017-10-30,0.08706029432856899,0.03984196818642192,1.7416738184008853,-0.0057280278184010935
CI011001.WI,2017-10-31,0.08578650942585297,0.039832000855300316,1.7126548907624248,-0.005645908204261807
CI011001.WI,2017-11-01,0.08641165198151923,0.039840031795154,1.7267698348585576,-0.004480420531243423
CI011001.WI,2017-11-02,0.08584817054238081,0.039842393526523995,1.713644276366007,-0.004588944532412542
CI011001.WI,2017-11-03,0.08474397193611138,0.03981352772824412,1.6892950554504456,-0.003650849864113459
CI011001.WI,2017-11-06,0.0895695001600545,0.03975098290427801,1.8035898937286194,-0.001662983763715875
CI011001.WI,2017-11-07,0.09262188514135405,0.039757228244894305,1.873702953568331,0.0
CI011001.WI,2017-11-08,0.08834932263366335,0.03975463669687199,1.7752328645097712,-0.0015866523010620304
CI011001.WI,2017-11-09,0.08672511925368354,0.03975972907307038,1.7374355788235236,-0.0021314945359397486
CI011001.WI,2017-11-10,0.08777049505534418,0.039774251786214916,1.7609973723300871,-0.0007204802216407291
CI011001.WI,2017-11-13,0.08975755707095345,0.039778283439543434,1.8067194003742155,0.0
CI011001.WI,2017-11-14,0.08788166570140366,0.039801929070003565,1.7623688378325046,-0.0010644474311869434
CI011001.WI,2017-11-15,0.08160242884182223,0.04005020019036161,1.6071077733433219,-0.005332229425461743
CI011001.WI,2017-11-16,0.08069251679962197,0.03998370049553846,1.5886590183600113,-0.002319289436423677
CI011001.WI,2017-11-17,0.07844795241762759,0.039941680671235005,1.5382184376381087,-0.0022495896647446445
CI011001.WI,2017-11-20,0.07328457940844468,0.039500322672446436,1.433430267727432,-0.0007444979142983144
CI011001.WI,2017-11-21,0.07155550889717088,0.03924677918727764,1.4013460410159801,0.0
CI011001.WI,2017-11-22,0.06254188071208988,0.038044569353966905,1.2223256796717958,0.0
CI011001.WI,2017-11-23,0.06216558261659855,0.03809554087427444,1.2114409793838938,-0.005418605335960058
CI011001.WI,2017-11-24,0.07052297835596,0.037458660741820554,1.4406792437099403,-0.004325375369191309
CI011001.WI,2017-11-27,0.0710994476968938,0.037410563950952616,1.4568775856689091,-0.007112060131463482
CI011001.WI,2017-11-28,0.07608543308395266,0.03728278056288785,1.5863458360271177,-0.005542602560378751
CI011001.WI,2017-11-29,0.07693635826488432,0.03725196088951002,1.6088527352833772,-0.006297249179050279
CI011001.WI,2017-11-30,0.06940760540555457,0.036955157714313604,1.431588122218622,-0.007957295649394625
CI011001.WI,2017-12-01,0.059309596992075386,0.03654865193024346,1.1874562719948263,-0.010870472254801755
CI011001.WI,2017-12-04,0.05856003201024618,0.036545431398538275,1.168184266145026,-0.010829531159401884
CI011001.WI,2017-12-05,0.048937585992438803,0.0355610137385865,0.9426907416083974,-0.011342444333072521
CI011001.WI,2017-12-06,0.04270976571780616,0.03546886552859678,0.7771256344693067,-0.01356925839290013
CI011001.WI,2017-12-07,0.03568121171484151,0.035320457862005564,0.5887248691689737,-0.015992902760838534
CI011001.WI,2017-12-08,0.042348120904315945,0.03480434394238385,0.7813254125613914,-0.015463994678929338
CI011001.WI,2017-12-11,0.053446923632567866,0.03422414907887645,1.1035198001431956,-0.011931125435983514
CI011001.WI,2017-12-12,0.048140576951298364,0.03410029119934941,0.9592869822567843,-0.013408184286386904
CI011001.WI,2017-12-13,0.05175581726069578,0.03402828858693715,1.062452815073109,-0.0122177620178745
CI011001.WI,2017-12-14,0.04914543284635031,0.03409796918791067,0.9874579836866467,-0.014189391257271144
CI011001.WI,2017-12-15,0.04840296573108849,0.03407521705831858,0.9673149533280668,-0.013275920580340328
CI011001.WI,2017-12-18,0.0460805033206968,0.033889359932317065,0.9069834659182029,-0.011399771649450607
CI011001.WI,2017-12-19,0.04809355070999688,0.03388127297033749,0.9639452806330095,-0.01040701122862131
CI011001.WI,2017-12-20,0.04561794590299728,0.03383590005206987,0.895289583582834,-0.010756208934785128
CI011001.WI,2017-12-21,0.051191867588434636,0.03370731033181508,1.056334162719972,-0.008745692991872556
CI011001.WI,2017-12-22,0.050613240674406645,0.03371522425567187,1.0397599399044173,-0.009299498346850399
CI011001.WI,2017-12-25,0.053972630235208596,0.03351648237827142,1.1409960097832528,-0.009587406695145795
CI011001.WI,2017-12-26,0.05426810863868514,0.03351364955106337,1.1494553973961659,-0.009573417264698514
CI011001.WI,2017-12-27,0.055272360006780374,0.03350684262111627,1.1781034277703086,-0.009126489201773835
CI011001.WI,2017-12-28,0.05811025962614047,0.03351018272164582,1.2581512436052233,-0.007535411601816144
CI011001.WI,2017-12-29,0.057929758013520516,0.033517500783711074,1.2527927167499926,-0.008818428247379662
CI011001.WI,2018-01-02,0.0600014313871462,0.03356791616893172,1.3092540585460946,-0.006767802748639418
CI011001.WI,2018-01-03,0.06308720565510684,0.033542327101554865,1.396910932659245,-0.005378887092872042
CI011001.WI,2018-01-04,0.06399153143991598,0.03356621097780802,1.4212789428923007,-0.00377753753349519
CI011001.WI,2018-01-05,0.06722406555876126,0.03358967053157803,1.510643483561084,-0.0017547441533718455
CI011001.WI,2018-01-08,0.06607026407724703,0.03357710525561586,1.4789723063785298,-0.0016495299404627461
CI011001.WI,2018-01-09,0.06698060878758727,0.0335871039692984,1.5039618878298786,-0.0005748384147411523
CI011001.WI,2018-01-10,0.06626951594332486,0.03359036403562612,1.4839668188196922,-0.0008134413578239075
CI011001.WI,2018-01-11,0.06993405755072413,0.03363284782438023,1.5841716329258806,0.0
CI011001.WI,2018-01-12,0.06901414052472576,0.03358873608829342,1.560592812386531,0.0
CI011001.WI,2018-01-15,0.06911611009716467,0.033589826255256514,1.5633836168968624,0.0
CI011001.WI,2018-01-16,0.06717711723784658,0.03363642059551965,1.50728222184835,-0.0015030927496471058
CI011001.WI,2018-01-17,0.06874457595316974,0.0336437572616035,1.5505974004768541,-0.00034006821732368575
CI011001.WI,2018-01-18,0.0680171036506294,0.03365417516266469,1.5298898352472785,-0.0009284023133214747
CI011001.WI,2018-01-19,0.06637625707040429,0.033567460362409436,1.4879396060178978,0.0
CI011001.WI,2018-01-22,0.06484520921625703,0.033425285186785024,1.4511314275675098,0.0
CI011001.WI,2018-01-23,0.06582358221159557,0.033430027667103755,1.4784087099854921,0.0
CI011001.WI,2018-01-24,0.062076452968817364,0.03344897646688023,1.3722721095889534,-0.0016920414655702265
CI011001.WI,2018-01-25,0.0626852608635724,0.03348905512194882,1.387785615244042,0.0
CI011001.WI,2018-01-26,0.06603125363135276,0.03352893285391098,1.479958098653469,0.0
CI011001.WI,2018-01-29,0.0614616243703181,0.03396199678388751,1.3349970766294341,-0.005292764195586552
CI011001.WI,2018-01-30,0.05692864741220793,0.034655644868115364,1.1854451992094925,-0.012719550719313077
CI011001.WI,2018-01-31,0.05739582718842451,0.03465080683652501,1.1983622278010493,-0.012654408559728103
CI011001.WI,2018-02-01,0.05336930983919408,0.03470205009432779,1.0866776588810179,-0.014781998885474268
CI011001.WI,2018-02-02,0.04670296218573533,0.03484671148473771,0.9000857037726171,-0.0184923454093614
CI011001.WI,2018-02-05,0.03227709007855095,0.03699650065152244,0.4747032735907467,-0.030582382029701094
CI011001.WI,2018-02-06,0.03489127639416134,0.03695067153420165,0.543704690965576,-0.029874619961753335
CI011001.WI,2018-02-07,0.026957213193336216,0.037561141473732414,0.3305531031182073,-0.036340910248273794
CI011001.WI,2018-02-08,0.02153345725433331,0.03778424266079975,0.18866196881778388,-0.04031999840602407
CI011001.WI,2018-02-09,0.017089291656648964,0.03765829725920189,0.07338120823665316,-0.04129862998832612
CI011001.WI,2018-02-12,0.01365772382583108,0.037479333706589284,-0.016625086299303947,-0.040965423247761756
CI011001.WI,2018-02-13,0.009764630602787205,0.03727265051301862,-0.12016833830185318,-0.040853709521970205
CI011001.WI,2018-02-14,0.010249128372836092,0.03727057140977957,-0.10730589176475896,-0.040737498230594804
CI011001.WI,2018-02-22,0.003541265787568193,0.036500004895139056,-0.2928675850327272,-0.03985858686586086
CI011001.WI,2018-02-23,0.0015292790432128722,0.036438628483590196,-0.3484988305624961,-0.03974551903430201
CI011001.WI,2018-02-26,0.0037631711242021026,0.03639061205626136,-0.2877812770071383,-0.039415213948952976
CI011001.WI,2018-02-27,0.0031981416650153083,0.036384682208687895,-0.30330979457545776,-0.039303500223161425
CI011001.WI,2018-02-28,0.003253486477242218,0.03638448982785551,-0.3017953476130822,-0.03938363426802571
CI011001.WI,2018-03-01,0.000134466397885058,0.03630309141679828,-0.38832472627333314,-0.03996348170189623
CI011001.WI,2018-03-02,-0.0043009306892475285,0.03615412724332235,-0.513008870727344,-0.04094535346585548
CI011001.WI,2018-03-05,-0.004679320537375742,0.036163134327783474,-0.5233825660376715,-0.04196131967859529
CI011001.WI,2018-03-06,-0.0008848428200547431,0.036243322877942984,-0.4171591331660418,-0.03941787379956718
CI011001.WI,2018-03-07,-0.0023133557894905454,0.03620372526338838,-0.4571754944742557,-0.039151163324354865
CI011001.WI,2018-03-08,-0.000546487551511543,0.03627466073029794,-0.4074333448658775,-0.03691442240159082
CI011001.WI,2018-03-09,5.109443834783178e-05,0.036262053146031745,-0.3911039199313091,-0.03735963303346823
CI011001.WI,2018-03-12,-0.003371963174778614,0.0360654476654623,-0.48850178165986596,-0.03703305173897886
CI011001.WI,2018-03-13,-0.002507792377433371,0.036013413880888655,-0.46519323151438824,-0.03870517891775327
CI011001.WI,2018-03-14,-7.510415104605705e-05,0.035931178345721,-0.398548540952733,-0.03870251906713906
CI011001.WI,2018-03-15,0.001197745706537967,0.03592217323847617,-0.3632435898317325,-0.03833018834208757
CI011001.WI,2018-03-16,0.0033627844188011125,0.03585566983120614,-0.3037383199049051,-0.03834102118822491
CI011001.WI,2018-03-19,0.0073801250010001596,0.035674986274809396,-0.19344690789000213,-0.03795137725372166
CI011001.WI,2018-03-20,0.012869817853244925,0.03550693827337081,-0.041464614822120424,-0.03635474147146711
CI011001.WI,2018-03-21,0.01527833503348286,0.03547851783026365,0.02542217308192357,-0.03556273468043325
CI011001.WI,2018-03-22,0.014050641670914965,0.03540684780145573,-0.00877250159007147,-0.03407694212740553
CI011001.WI,2018-03-23,0.022315519187175337,0.0361080810357971,0.21690909228914965,-0.027110213038075037
CI011001.WI,2018-03-26,0.019090585732981946,0.0360206341160849,0.12962699345473064,-0.027600979656833835
CI011001.WI,2018-03-27,0.013930990960367762,0.03581386131211999,-0.01156735712875281,-0.028591943273801212
CI011001.WI,2018-03-28,0.01657497377142625,0.03586507115124351,0.06111734880104448,-0.02658390114292819
CI011001.WI,2018-03-29,0.011482921486395403,0.036112062198484327,-0.07811927427046299,-0.0306866481737732
CI011001.WI,2018-03-30,0.0146581030391848,0.035983359029555226,0.008579232044938958,-0.030548529385521772
CI011001.WI,2018-04-02,0.013937420821308333,0.03596208518372377,-0.011195595696408241,-0.029797387572104372
CI011001.WI,2018-04-03,0.015496078393048895,0.03602391218404972,0.03152742223776302,-0.027594499293519537
CI011001.WI,2018-04-04,0.01661484782620759,0.036062710445820635,0.06206675589518844,-0.025766021259557292
CI011001.WI,2018-04-09,0.018442380770731237,0.03617015150583276,0.11164816459198226,-0.022727649722628418
CI011001.WI,2018-04-10,0.014714298136422777,0.03614881315139862,0.010236264983677384,-0.024249084273884725
CI011001.WI,2018-04-11,0.01691606204892704,0.0361744688858141,0.07017595141045445,-0.022712029145385615
CI011001.WI,2018-04-12,0.018633224380953495,0.036164974659118956,0.1168404368893349,-0.022015003201734773
CI011001.WI,2018-04-13,0.018328832270477324,0.03617687436422725,0.1085519300899931,-0.02349213915003656
CI011001.WI,2018-04-16,0.016887311323174004,0.036091270154101525,0.0694715353020975,-0.021996094081914497
CI011001.WI,2018-04-17,0.01768250922053971,0.036120149555214864,0.09108751779495038,-0.02024668615257108
CI011001.WI,2018-04-18,0.027150706153814097,0.03807223716863477,0.33155676926658995,-0.008014081539316376
CI011001.WI,2018-04-19,0.025761898404722983,0.0381401440200545,0.29555561879733155,-0.010471396619368467
CI011001.WI,2018-04-20,0.02523266159814397,0.038146663134399086,0.28198142344109567,-0.011099991860857084
CI011001.WI,2018-04-23,0.01983612224833986,0.03816938093512064,0.143555391980608,-0.013780831114332814
CI011001.WI,2018-04-24,0.019097608010165246,0.03814965863328209,0.12461977708408187,-0.013040763951653989
CI011001.WI,2018-04-25,0.019010731232648848,0.03815388819021845,0.12237557420891822,-0.014870064121260573
CI011001.WI,2018-04-26,0.020913974507210886,0.03804330325529771,0.17167394089749793,-0.016093111794536874
CI011001.WI,2018-04-27,0.022090752406451086,0.037981184156252255,0.20222631307570868,-0.017454278256064604
CI011001.WI,2018-05-02,0.021975665402992783,0.037984940349509895,0.19924530741796578,-0.01866315617970593
CI011001.WI,2018-05-03,0.024991571759540587,0.03807020848395246,0.2762930447092634,-0.01604808777777844
CI011001.WI,2018-05-04,0.02926273417025005,0.03822397864766862,0.38413529257983686,-0.012511453679451168
CI011001.WI,2018-05-07,0.03678297425256649,0.03798185177550908,0.5780333763071693,-0.01003890490951842
CI011001.WI,2018-05-08,0.03686986952406679,0.03798268697452038,0.5802283227768279,-0.009479465783996166
CI011001.WI,2018-05-09,0.036434300361828376,0.03799421620744223,0.5690033703951609,-0.010572374220863212
CI011001.WI,2018-05-10,0.04291070703616584,0.03852295117924454,0.7234433533319226,-0.004135148847416614
CI011001.WI,2018-05-11,0.044580475892967986,0.038548862776609016,0.7644902200217234,-0.002547169669887772
CI011001.WI,2018-05-14,0.045348852256197336,0.03851460123946753,0.7842312870481661,-0.0037905772905919566
CI011001.WI,2018-05-15,0.04598674976657491,0.03849814492701639,0.8003988752558039,-0.004339086848136442
CI011001.WI,2018-05-16,0.04910907252934371,0.038344307105194805,0.8812033976844358,-0.0046415844043382615
CI011001.WI,2018-05-17,0.055029178890578345,0.038279710654502024,1.0296557893865237,-0.00207449003530491
CI011001.WI,2018-05-18,0.058813158731571225,0.03844838250821486,1.1184435681056843,0.0
CI011001.WI,2018-05-21,0.0600089485467763,0.03845127357572338,1.1477239961747108,0.0
CI011001.WI,2018-05-22,0.062176113106336084,0.03851482891061964,1.1989345331130372,0.0
CI011001.WI,2018-05-23,0.06500871250522544,0.038550384199789976,1.2669658198632336,0.0
CI011001.WI,2018-05-24,0.06452027101617985,0.038560504522967345,1.254743968083188,-0.0008249591805816747
CI011001.WI,2018-05-25,0.0628544605187833,0.038536058962774844,1.21486638869692,-0.0007619144565199631
CI011001.WI,2018-05-28,0.057692072922964854,0.038888335120538756,1.0789794352813138,-0.005748065504092459
CI011001.WI,2018-05-29,0.06455251214830882,0.03849535710696554,1.2575892086993714,-0.0046377005049099695
CI011001.WI,2018-05-30,0.06429555363087958,0.03849042586156661,1.2514719973171282,-0.003729674018443152
CI011001.WI,2018-05-31,0.06176643951754812,0.03845127482146968,1.1908175651059347,-0.0040436012125905085
CI011001.WI,2018-06-01,0.06323829342093101,0.03852812492462795,1.2244821501600178,-0.0009963755285635756
CI011001.WI,2018-06-04,0.062449790274647476,0.03852807668789387,1.2052233430238595,-0.0011199681559321828
CI011001.WI,2018-06-05,0.06125465069633962,0.038527857866239225,1.1760096892379792,-0.0014339433658631107
CI011001.WI,2018-06-06,0.06331899258927076,0.03863557890351076,1.22314811725195,0.0
CI011001.WI,2018-06-07,0.06661824327009547,0.03875370904996442,1.299497369428391,0.0
CI011001.WI,2018-06-08,0.06928466765059338,0.038799382193857465,1.362380704911151,0.0
CI011001.WI,2018-06-11,0.06663697242834044,0.03874630772216445,1.3001915417700616,-0.00015118552904758165
CI011001.WI,2018-06-12,0.0643986199809623,0.038752768047919044,1.2457592054725128,-0.0010654004195447264
CI011001.WI,2018-06-13,0.06297629277862926,0.038792231898146644,1.2100526971821135,-0.00262448927221437
CI011001.WI,2018-06-14,0.06592859520648453,0.038804841320975926,1.2811640747379438,-0.0008154104763374859
CI011001.WI,2018-06-15,0.06182324799620309,0.038662119134146224,1.1859167044928898,-0.0010746469493793098
CI011001.WI,2018-06-19,0.05651359446112303,0.03891017459432473,1.0497370945099092,-0.005256175585691469
CI011001.WI,2018-06-20,0.05802603281676211,0.03885688150316868,1.0879468202913452,-0.0057597301614750185
CI011001.WI,2018-06-21,0.06052965391302845,0.038786798646692947,1.150792896615994,-0.005496680686439603
CI011001.WI,2018-06-22,0.0589380092952998,0.038762026650956495,1.1127472235595048,-0.005379287887560702
CI011001.WI,2018-06-25,0.061261945028078246,0.038686074796976576,1.1715353585209467,-0.00538758116689686
CI011001.WI,2018-06-26,0.06431315052976938,0.03862693737803435,1.247613135137521,-0.004506587056269162
CI011001.WI,2018-06-27,0.07049832160839542,0.038662436596671644,1.396418462723369,-0.0011256458510441325
CI011001.WI,2018-06-28,0.07133796499728517,0.03874933076448412,1.413612319684128,0.0
CI011001.WI,2018-06-29,0.07797374081573638,0.03873802182186327,1.5734584873309276,0.0
CI011001.WI,2018-07-02,0.0793576979653936,0.03881402247628656,1.6035187624028073,0.0
CI011001.WI,2018-07-03,0.07876463031777847,0.0388020107277428,1.5898342960839176,0.0
CI011001.WI,2018-07-04,0.07467319362035596,0.03870679034198002,1.4954497214599591,-0.0006399660947111752
CI011001.WI,2018-07-05,0.07317478163980495,0.038632748334198844,1.4621156612539894,0.0
CI011001.WI,2018-07-06,0.07481691512951927,0.03853862071700956,1.505278396741813,-0.0013217566579648565
CI011001.WI,2018-07-09,0.07221298025585643,0.03855669358038639,1.4416625511576195,-0.002534555854259879
CI011001.WI,2018-07-10,0.07602580448916996,0.038545266914221755,1.5341972197260512,-0.0006011965732926061
CI011001.WI,2018-07-11,0.07957748206157866,0.03851721345379036,1.6208662718957603,0.0
CI011001.WI,2018-07-12,0.07780035578538169,0.03861675186654953,1.5741120950071623,-0.002844121724307924
CI011001.WI,2018-07-13,0.08101809639607871,0.03843371823629557,1.6590117774111708,-0.0034097568747248896
CI011001.WI,2018-07-16,0.07955109439603669,0.03836681905517759,1.6264324765977178,-0.0019058494294752482
CI011001.WI,2018-07-17,0.07839244392982736,0.038443880656687225,1.5953077733217167,-0.0048830424087128455
CI011001.WI,2018-07-18,0.07700889245877907,0.03841022488084253,1.5632387191500137,-0.004226999710761681
CI011001.WI,2018-07-19,0.08094482866152686,0.03853194434287315,1.6531208293001107,-0.0008334239995912984
CI011001.WI,2018-07-20,0.08035674348057698,0.038523902965611104,1.6393273290558743,-0.00022893524133704712
CI011001.WI,2018-07-23,0.07632383836356937,0.03843272638031237,1.545785408275874,-0.0008655981736358509
CI011001.WI,2018-07-24,0.07004482217130392,0.038458433506883175,1.3926008588043937,-0.003673923777406052
CI011001.WI,2018-07-25,0.06876442822557438,0.0384317178490179,1.3623800908132775,-0.003152457558901256
CI011001.WI,2018-07-26,0.07048144437247261,0.03843446131863167,1.4040628526231147,-0.0020177064263725564
CI011001.WI,2018-07-27,0.0718160451264449,0.038442322633149034,1.4362034530348076,-0.0008795685386815411
CI011001.WI,2018-07-30,0.06715265553180805,0.03814009902269196,1.3329257163337127,-0.00016143532941614858
CI011001.WI,2018-07-31,0.07061501052114028,0.03834809793345478,1.4103935790122855,0.0
CI011001.WI,2018-08-01,0.06947801128180142,0.0383755219631226,1.3817167420711383,-0.0012461643195279537
CI011001.WI,2018-08-02,0.06941312542416656,0.038375060818896696,1.3801514229633505,-0.0007174473825466432
CI011001.WI,2018-08-03,0.07390740569313592,0.038658620550241336,1.4788205135056622,0.0
CI011001.WI,2018-08-06,0.07531622627787526,0.038750136820034746,1.5092607650478513,0.0
CI011001.WI,2018-08-07,0.0808362879592659,0.03913045028382161,1.6258590560784576,0.0
CI011001.WI,2018-08-08,0.07843193584133812,0.03922853547268925,1.5651040471945403,-0.002525983615348726
CI011001.WI,2018-08-09,0.07144595342578497,0.03959863017620327,1.3866756377928722,-0.007706093844205286
CI011001.WI,2018-08-10,0.06793691023397286,0.03964946949547657,1.3021901845274546,-0.009671861964898332
CI011001.WI,2018-08-13,0.06565012534098602,0.03977303205765589,1.2443578486915345,-0.012736434344597036
CI011001.WI,2018-08-14,0.07271032766726981,0.03966806439978407,1.414056463648341,-0.009833923809306366
CI011001.WI,2018-08-15,0.07013669447540871,0.03974728404021909,1.3508667668175267,-0.012040589675907265
CI011001.WI,2018-08-16,0.06830389445885743,0.03986713452531278,1.3039171900111761,-0.015365422194672185
CI011001.WI,2018-08-17,0.06752907617291837,0.03990286445670907,1.284597761392527,-0.017391726675836994
CI011001.WI,2018-08-20,0.06492111856790284,0.039912967664966055,1.2229842022493935,-0.01850171398769318
CI011001.WI,2018-08-21,0.06885308776326315,0.03977466787305116,1.3197810181888654,-0.017903513082115463
CI011001.WI,2018-08-22,0.07035618923121367,0.03974071169277359,1.3562457851320409,-0.0178889566290249
CI011001.WI,2018-08-23,0.0641404795917202,0.03937852312741859,1.2204207293504437,-0.01809986346046999
CI011001.WI,2018-08-24,0.0659919615265332,0.039379852579929105,1.2645357362101404,-0.016968064574459096
CI011001.WI,2018-08-27,0.06919900874359919,0.03936445483794242,1.3413473471421338,-0.015430856917136304
CI011001.WI,2018-08-28,0.06800775270728265,0.03935262701623051,1.3134032511590108,-0.015308490289251409
CI011001.WI,2018-08-29,0.06894970627025843,0.039360909365535435,1.3355385291533384,-0.01424988956735318
CI011001.WI,2018-08-30,0.06644157383742866,0.03934827178190402,1.2762387687489152,-0.014941205561747939
CI011001.WI,2018-08-31,0.0629534337787867,0.03922323972738564,1.1966349988450187,-0.014841066406677483
CI011001.WI,2018-09-03,0.06539019721866679,0.039154838081098264,1.2571530120523613,-0.014617775037364833
CI011001.WI,2018-09-04,0.06676158553811895,0.03911812826571764,1.2911893341263498,-0.014828404603036915
CI011001.WI,2018-09-05,0.06188745806927165,0.03892567735897815,1.1797032260116942,-0.015235661812836532
CI011001.WI,2018-09-06,0.0576023858325847,0.0387970225097131,1.0792409987870426,-0.015788760819314684
CI011001.WI,2018-09-07,0.05362939655602861,0.03866436988463691,0.9854483370885544,-0.016093383482085555
CI011001.WI,2018-09-10,0.055683944259563134,0.038631981940975196,1.036679440440739,-0.015554702295811351
CI011001.WI,2018-09-11,0.05854881998716066,0.038571883154219895,1.1085110858220242,-0.014841574727261664
CI011001.WI,2018-09-12,0.05680714118538188,0.03854041459196914,1.0666486447079537,-0.01470904168769449
CI011001.WI,2018-09-13,0.054433758590922254,0.03842856625166372,1.01112238760823,-0.013729600344031367
CI011001.WI,2018-09-14,0.052408346764108105,0.03838458528787318,0.962136253910115,-0.013610098795802439
CI011001.WI,2018-09-17,0.05165175668976718,0.03839601717671867,0.9431269872412127,-0.014363014002799601
CI011001.WI,2018-09-18,0.05474317585074928,0.03834481735823697,1.0209005433337457,-0.013368877573159299
CI011001.WI,2018-09-19,0.05688337244073227,0.038284425213150425,1.0754096568544145,-0.01327710260224546
CI011001.WI,2018-09-20,0.062047130741799794,0.03830133719927764,1.2022333699356482,-0.01051202346851432
CI011001.WI,2018-09-21,0.06321275022643857,0.03830331592804426,1.2308179366382552,-0.009659662270879554
CI011001.WI,2018-09-25,0.06600895889868674,0.038295696449081325,1.2996574099025577,-0.008219543845122579
CI011001.WI,2018-09-26,0.06940602828493647,0.03821266875382824,1.3856819200263601,-0.007369077296937698
CI011001.WI,2018-09-27,0.06897620276156924,0.03820973123359589,1.375261559472773,-0.007026376801320566
CI011001.WI,2018-09-28,0.06863315135895909,0.03821815260525933,1.3665663758571056,-0.00791288790001532
CI011001.WI,2018-10-08,0.07341203864704182,0.038389750885978985,1.476888749881892,-0.003969567863270185
CI011001.WI,2018-10-09,0.07542009728765176,0.038463927942140826,1.5227186328499573,-0.001240163592351462
CI011001.WI,2018-10-10,0.07555955813241821,0.03845267638270927,1.5265261808541855,-0.004213977642304578
CI011001.WI,2018-10-11,0.07261562908904451,0.03871520792561924,1.4456203012197208,-0.008966682681845861
CI011001.WI,2018-10-12,0.07466342778213408,0.038768109429320914,1.4929130253424012,-0.0066786393108244635
CI011001.WI,2018-10-15,0.0746706716922163,0.038768638856888235,1.4930670813572642,-0.00338573856693436
CI011001.WI,2018-10-16,0.07361787366435601,0.038772370769697584,1.4676408247468025,-0.003734862386296167
CI011001.WI,2018-10-17,0.07153950416424215,0.03877009249103003,1.41773069516874,-0.004375207689393257
CI011001.WI,2018-10-18,0.0689726979916212,0.03874390238122565,1.3567444936739146,-0.00487927686498546
CI011001.WI,2018-10-19,0.06494701879688636,0.038527470510324485,1.2661939239021456,-0.004311020662908116
CI011001.WI,2018-10-22,0.06467120952556726,0.03852281913723362,1.2596166182348467,-0.003503576520524243
CI011001.WI,2018-10-23,0.06425104669050086,0.03851790948459114,1.2495220468638808,-0.002975200378818932
CI011001.WI,2018-10-24,0.0635037801262095,0.03854527562648117,1.230434965671471,-0.004569663418297898
CI011001.WI,2018-10-25,0.06266188834265773,0.038547944119786806,1.2098032589104364,-0.004848038254543496
CI011001.WI,2018-10-26,0.06494525174745402,0.038500287580773736,1.2670177135863472,-0.004381815856986604
CI011001.WI,2018-10-29,0.06643307558675593,0.03848957265782846,1.3036415552391734,-0.003725527771933357
CI011001.WI,2018-10-30,0.06416978564481868,0.03846131976045683,1.2493183179822513,-0.004024281642505678
CI011001.WI,2018-10-31,0.05905595880734249,0.03878572931030333,1.1149654540641791,-0.008764694566103737
CI011001.WI,2018-11-01,0.05623463451683186,0.03883537033031692,1.0448854778965548,-0.010576118073074903
CI011001.WI,2018-11-02,0.05531273555312044,0.038867428899477606,1.0215846397932566,-0.012198908432377586
CI011001.WI,2018-11-05,0.05345185488071613,0.03884259352064981,0.9767661482705128,-0.012323169709712367
CI011001.WI,2018-11-06,0.05853445876721719,0.03882028958003894,1.1013165109608827,-0.009906706074759075
CI011001.WI,2018-11-07,0.05892947416646255,0.038827087540531977,1.1107419901849893,-0.00879768919310886
CI011001.WI,2018-11-08,0.05634188794421502,0.038781888262368065,1.0488917756723148,-0.0090808699694227
CI011001.WI,2018-11-09,0.061177662016966394,0.03834560503796691,1.1795258138470086,-0.010246587701682519
CI011001.WI,2018-11-12,0.05880120071060535,0.03842008397848555,1.1189457436647599,-0.012381534154961016
CI011001.WI,2018-11-13,0.05691898333322265,0.03841747604555041,1.072694586181771,-0.012981675920951008
CI011001.WI,2018-11-14,0.061031589681797005,0.0385804253349903,1.1690104847876113,-0.00924907787180207
CI011001.WI,2018-11-15,0.06463815612196577,0.0387922287371582,1.2503338904139285,-0.004944526743600908
CI011001.WI,2018-11-16,0.06819332317801452,0.03908640629181028,1.3265282033402859,0.0
CI011001.WI,2018-11-19,0.06730254579036465,0.039061591766066,1.3059830882454024,0.0
CI011001.WI,2018-11-20,0.0704839067173646,0.039033580779852035,1.383162822649152,0.0
CI011001.WI,2018-11-21,0.07114322520370209,0.03902546589357204,1.399224003394433,0.0
CI011001.WI,2018-11-22,0.06796762717317106,0.039051447976816214,1.3222683945371538,-0.0015548448933698777
CI011001.WI,2018-11-23,0.06600568378010996,0.03904383571925821,1.2754113304046562,-0.0020525593054760982
CI011001.WI,2018-11-26,0.06667333527807129,0.03902759058557688,1.2919730481265042,-0.002490461356975615
CI011001.WI,2018-11-27,0.07123324318638691,0.03876261305785739,1.4106174498658264,-0.0025061286933441007
CI011001.WI,2018-11-28,0.0675412647166771,0.03867015175807743,1.32459536563033,-0.002932879287781409
CI011001.WI,2018-11-29,0.07136318628073224,0.03881772577929022,1.4117949679330464,0.0
CI011001.WI,2018-11-30,0.0707239891668121,0.03880328326874622,1.3969217287859048,0.0
CI011001.WI,2018-12-03,0.06451664733045681,0.038436586935915354,1.2585761076987747,-0.00023269810461912233
CI011001.WI,2018-12-04,0.06697850704993913,0.03857922805450046,1.3139558170433177,0.0
CI011001.WI,2018-12-05,0.07328255995555666,0.03815600403516978,1.4825375450543825,0.0
CI011001.WI,2018-12-06,0.07440623891888509,0.03819287512794926,1.508548768563273,0.0
CI011001.WI,2018-12-07,0.07801550126075174,0.038067783875523266,1.6015043520196444,0.0
CI011001.WI,2018-12-10,0.08184875941021774,0.038353509301988664,1.682432466145609,0.0
CI011001.WI,2018-12-11,0.08298419932006795,0.03833836029916658,1.7104521143574283,0.0
CI011001.WI,2018-12-12,0.08422762475058954,0.038295741786125125,1.742286625325336,-0.0005243371573372402
CI011001.WI,2018-12-13,0.08039424837687315,0.038756542241342104,1.6306139509136675,-0.0069826928285576795
CI011001.WI,2018-12-14,0.07847257279934272,0.038809695108162366,1.5825479879377586,-0.008707923886207447
CI011001.WI,2018-12-17,0.07571060949021646,0.038948244806128976,1.511198713520507,-0.011759315245489121
CI011001.WI,2018-12-18,0.08154489731435088,0.038969159512022594,1.6492524212476742,-0.008637381994027526
CI011001.WI,2018-12-19,0.08875785795002633,0.03906195782408681,1.815646885720836,-0.004477864776919582
CI011001.WI,2018-12-20,0.09016651546662202,0.039089951961349,1.8474629576602586,-0.002654047788768432
CI011001.WI,2018-12-21,0.08720319309531654,0.038957716689872586,1.7837096488953121,-0.0017959547588302094
CI011001.WI,2018-12-24,0.08977218466596404,0.03891788710758319,1.8461603176339163,-0.0009329983381294316
CI011001.WI,2018-12-25,0.09170755046516743,0.03899798152102368,1.8879627850178131,0.0
CI011001.WI,2018-12-26,0.09595980295245798,0.03895679395851464,1.9897430613398048,0.0
CI011001.WI,2018-12-27,0.09639697782035261,0.038964600871981864,1.9995912998315912,0.0
CI011001.WI,2018-12-28,0.09837004684935868,0.039077378619678145,2.0399600764916483,0.0
CI011001.WI,2019-01-02,0.10275541618916684,0.039345401661261555,2.1276416994305483,0.0
CI011001.WI,2019-01-03,0.10856514498094505,0.039597063792061064,2.2471219942620575,0.0
CI011001.WI,2019-01-04,0.10759400507539785,0.03957072425047285,2.2264343391188643,0.0
CI011001.WI,2019-01-07,0.10680996689672462,0.03959440627477657,2.207234504466045,-0.0012661710808306026
CI011001.WI,2019-01-08,0.10747910373967295,0.03958834463076467,2.222839279674777,-0.0009527915107193641
CI011001.WI,2019-01-09,0.10408243423258479,0.03973753161872171,2.137310814321643,-0.0040028292374494345
CI011001.WI,2019-01-10,0.10295386027364595,0.039749264191292516,2.110952587842874,-0.004571937942112747
CI011001.WI,2019-01-11,0.09864306233942788,0.03982196116011622,2.0087941946819945,-0.006870336952984557
CI011001.WI,2019-01-14,0.09887255658165861,0.039813726927706634,2.014449521706818,-0.007947027892831082
CI011001.WI,2019-01-15,0.09496551328460634,0.03982116882006066,1.9246016081109656,-0.009429143070382007
CI011001.WI,2019-01-16,0.09578076958636839,0.03984759927432352,1.942036104377541,-0.00730538834652128
CI011001.WI,2019-01-17,0.09426797896063865,0.0398282516275482,1.908260872011031,-0.00707982099316995
CI011001.WI,2019-01-18,0.09152670121890627,0.03980168813861141,1.8464664780520441,-0.007556172196415578
CI011001.WI,2019-01-21,0.08736169900240953,0.04000771538679212,1.741572135077189,-0.011238894494534857
CI011001.WI,2019-01-22,0.08215099518633617,0.04020564462574821,1.6136814421386,-0.014917829862961196
CI011001.WI,2019-01-23,0.08182744567877931,0.04021090023338026,1.6060368261293816,-0.015447465394590854
CI011001.WI,2019-01-24,0.07820776721721723,0.04017664187924681,1.523927314420156,-0.016391970212100038
CI011001.WI,2019-01-25,0.07499257852621422,0.04019440904464066,1.4489497995033234,-0.01780373760159204
CI011001.WI,2019-01-28,0.07557359528900043,0.04020354470877053,1.4620736202934974,-0.01658777675327705
CI011001.WI,2019-01-29,0.07900917580191513,0.04018704891836919,1.5420372278911307,-0.014929457964724002
CI011001.WI,2019-01-30,0.0838341528650659,0.0405311029725304,1.6394029013484588,-0.00937202726019104
CI011001.WI,2019-01-31,0.08985699862948882,0.04078543290762628,1.7653488800687025,-0.004453384766669788
CI011001.WI,2019-02-01,0.0922465808708981,0.04089999224509283,1.8140858151256902,-0.0008997299429055472
CI011001.WI,2019-02-11,0.09355229091499706,0.040990140988072465,1.8393424425381228,0.0
CI011001.WI,2019-02-12,0.09377211405608521,0.04099322850691758,1.8441119208752519,0.0
CI011001.WI,2019-02-13,0.09700909677650782,0.040951257469819154,1.9181477175369956,0.0
CI011001.WI,2019-02-14,0.09377001791433681,0.04087789386613053,1.8491531316032217,-0.00010594398952623596
CI011001.WI,2019-02-15,0.09305724341884036,0.040852838919121746,1.8342998026970017,0.0
CI011001.WI,2019-02-18,0.10655578141431454,0.04099399953249872,2.127636616455942,0.0
CI011001.WI,2019-02-19,0.1182793987119175,0.04030978965612433,2.4246200180252786,0.0
CI011001.WI,2019-02-20,0.12132760147622101,0.040376044060105545,2.488156089412022,0.0
CI011001.WI,2019-02-21,0.12088104604153327,0.04040380561072175,2.476611259123003,-0.002552238796842854
CI011001.WI,2019-02-22,0.12460632226766255,0.040191535682289704,2.572072122320793,-0.0030060846798667384
CI011001.WI,2019-02-25,0.141251629108315,0.03812760276992935,3.0947190863132263,-0.0007121318027851764
CI011001.WI,2019-02-26,0.13534930765584052,0.038449880689411756,2.934174186497186,-0.005154448689949187
CI011001.WI,2019-02-27,0.14263082430188967,0.03777871435028983,3.1549342115709567,-0.005447635751244406
CI011001.WI,2019-02-28,0.14533044092351366,0.037559891238764506,3.2359581224921095,-0.007214227574837362
CI011001.WI,2019-03-01,0.14962530555310916,0.03759036534690555,3.3329897517953917,-0.00450757634329868
CI011001.WI,2019-03-04,0.14300479214731676,0.038060965017817784,3.1404210674017503,-0.009896461111610688
CI011001.WI,2019-03-05,0.1382678923491787,0.038331261939220346,3.010146702457863,-0.013884844753694447
CI011001.WI,2019-03-06,0.13801540259481393,0.0383342036087159,3.00412855202967,-0.01398413173079871
CI011001.WI,2019-03-07,0.13501624360199926,0.038397263285710116,2.930496136981033,-0.015681663848803762
CI011001.WI,2019-03-08,0.1294801506103873,0.0387549329940974,2.777579623029936,-0.020367371425111913
CI011001.WI,2019-03-11,0.1329039148548361,0.03886223783541133,2.847937622984598,-0.017059843969620236
CI011001.WI,2019-03-12,0.1366328081940118,0.03896902384908529,2.924606467016875,-0.013709858554715404
CI011001.WI,2019-03-13,0.13706769668402563,0.0389650393600207,2.934724059506087,-0.013414793209207687
CI011001.WI,2019-03-14,0.13735993875322428,0.03895849622990777,2.9418100856992777,-0.013756903022089428
CI011001.WI,2019-03-15,0.14124850090950147,0.0389729566781749,3.028354727279934,-0.011397122835506979
CI011001.WI,2019-03-18,0.1470153001615382,0.03909332106149971,3.148150199966321,-0.007454211143781753
CI011001.WI,2019-03-19,0.14639459257860032,0.03906771254611155,3.1363254114452066,-0.005357696514175503
CI011001.WI,2019-03-20,0.14625374673644553,0.039068751131038346,3.133096455386291,-0.0052037645707898594
CI011001.WI,2019-03-21,0.14649119221521634,0.039078815400646276,3.137602708452729,-0.0026814472782659138
CI011001.WI,2019-03-22,0.14396416116763855,0.039197785877638135,3.071874337360132,-0.005339699930556052
CI011001.WI,2019-03-25,0.13687900852592616,0.03971537313022742,2.875840085557408,-0.011164783446497739
CI011001.WI,2019-03-26,0.13944355111225448,0.039651149343142914,2.9372898745735894,-0.010655113209431244
CI011001.WI,2019-03-27,0.14074744958739416,0.03965263888283885,2.9660384558226323,-0.009520236415702654
CI011001.WI,2019-03-28,0.13886064491867267,0.039692942784871135,2.921340562872911,-0.010775498123157479
CI011001.WI,2019-03-29,0.13928961581828103,0.039689675678329046,2.931071224504683,-0.010414037614781768
CI011001.WI,2019-04-01,0.14489727593989876,0.03997967367560092,3.032974427351847,-0.0051402960368116535
CI011001.WI,2019-04-02,0.14362694383727082,0.03996387740248263,3.0063631042914043,-0.0045948947186754685
CI011001.WI,2019-04-03,0.14596159797882846,0.040030729659390266,3.0523813257624806,-0.001743047749391824
CI011001.WI,2019-04-04,0.1460126975051339,0.040031870847164724,3.053409914072798,-0.00016057145967229847
CI011001.WI,2019-04-08,0.1402372051240346,0.03950125918697229,2.965923731273422,0.0
CI011001.WI,2019-04-09,0.14268992422785098,0.0395035697526921,3.020175090601033,0.0
CI011001.WI,2019-04-10,0.1453533800313871,0.039480365301546555,3.0809286067846937,0.0
CI011001.WI,2019-04-11,0.14106812074926878,0.03951293602632367,2.98350451334502,-0.0016820180461060152
CI011001.WI,2019-04-12,0.1429088665405167,0.03935172169421018,3.036548248519247,-0.004286044692206614
CI011001.WI,2019-04-15,0.14043237675017806,0.03943291717402196,2.9753381372902226,-0.006302014844373205
CI011001.WI,2019-04-16,0.1405652569843634,0.03943383223590835,2.978226141586722,-0.005416213729000141
CI011001.WI,2019-04-17,0.1371425183881363,0.03941487330158112,2.9033492290326812,-0.006149404425997762
CI011001.WI,2019-04-18,0.1335840680003697,0.03943037845590457,2.8226958676085077,-0.007396497992962159
CI011001.WI,2019-04-19,0.1320253857230249,0.039362501254434315,2.792522600655623,-0.005669926919560808
CI011001.WI,2019-04-22,0.13321050687153146,0.039321648121975,2.8220065324349597,-0.006178570358988389
CI011001.WI,2019-04-23,0.13310719100057167,0.039319245782389926,2.819856563862293,-0.00470379995595116
CI011001.WI,2019-04-24,0.13222637213853994,0.039322686821151205,2.7998272640625075,-0.004768173647097251
CI011001.WI,2019-04-25,0.13346585389939425,0.03928186382314929,2.830563420465556,-0.005183494794228638
CI011001.WI,2019-04-26,0.1300999489641037,0.0393160123018501,2.7524584034792188,-0.00661810227314763
CI011001.WI,2019-04-29,0.12597405770564918,0.039364662750507554,2.6561449354040936,-0.008474420455307663
CI011001.WI,2019-04-30,0.11291391892381375,0.037473333111344015,2.4768136346718053,-0.007739099906273417
CI011001.WI,2019-05-06,0.10575223200332995,0.03850836444321776,2.243547012624211,-0.016566554203234718
CI011001.WI,2019-05-07,0.1083390236923516,0.03851611370992848,2.303795133256346,-0.014892099305176987
CI011001.WI,2019-05-08,0.10986895190702439,0.03842858073342782,2.344866002250274,-0.016206522276318136
CI011001.WI,2019-05-09,0.1080547630907931,0.038449128566251094,2.301067718265889,-0.01707758829290762
CI011001.WI,2019-05-10,0.11164288015947865,0.03839389586109955,2.3885635282895548,-0.015722393868495055
CI011001.WI,2019-05-13,0.11177104127670745,0.03838905633345959,2.391864109930715,-0.01683104705308247
CI011001.WI,2019-05-14,0.11499839345854102,0.0383615110002275,2.469148906460598,-0.015341106887580835
CI011001.WI,2019-05-15,0.11658496509377447,0.03832587906100249,2.5085261142198134,-0.015153201778313363
CI011001.WI,2019-05-16,0.11440673905005361,0.038261771940604324,2.461607821638226,-0.014455131906735308
CI011001.WI,2019-05-17,0.11143469635331904,0.038133135211345905,2.3997230399393645,-0.013550596786713998
CI011001.WI,2019-05-20,0.10999283350927969,0.038084002599974055,2.368669519132888,-0.012363573740454381
CI011001.WI,2019-05-21,0.10893436419133873,0.03809222943455896,2.343110299669692,-0.01274777296803109
CI011001.WI,2019-05-22,0.10914281806864845,0.03808518578601103,2.3484738914013508,-0.01365169955889911
CI011001.WI,2019-05-23,0.10019363018698169,0.03764428005247653,2.1602487271342374,-0.015244698483149799
CI011001.WI,2019-05-24,0.09491251544289314,0.03779548635086125,2.0244000750712083,-0.018408963147604984
CI011001.WI,2019-05-27,0.09392313550560893,0.037844809172652295,1.997914587890416,-0.020518472923908404
CI011001.WI,2019-05-28,0.09632385262770327,0.03785543392192722,2.055294944477192,-0.01890939144346304
CI011001.WI,2019-05-29,0.09899443077950876,0.037890366282942935,2.117669710460242,-0.016818311407231112
CI011001.WI,2019-05-30,0.09556002467075642,0.03783709459764428,2.037846139612946,-0.017363031932176143
CI011001.WI,2019-05-31,0.09176032195601369,0.03767841937771763,1.9540277881993104,-0.017037338436053262
CI011001.WI,2019-06-03,0.09266648295858326,0.03769959892239616,1.974965863023204,-0.015341411152157258
CI011001.WI,2019-06-04,0.09540450412312906,0.037922936106310506,2.029573367989278,-0.010453618060067282
CI011001.WI,2019-06-05,0.09549979269185394,0.03792702333329529,2.0316530478000883,-0.008296990740750743
CI011001.WI,2019-06-06,0.09829391699020773,0.03793237602512786,2.098550218315554,-0.006587806214586656
CI011001.WI,2019-06-10,0.09721710797906646,0.03795313620157821,2.0715678351788194,-0.007499165554398668
CI011001.WI,2019-06-11,0.09943543593200177,0.037720446177471466,2.137678433637486,-0.010455095916582446
CI011001.WI,2019-06-12,0.10037989574285433,0.037747127049668656,2.158950647526812,-0.008498978953280223
CI011001.WI,2019-06-13,0.10167214898937083,0.03778197566832194,2.188070484667444,-0.006429023571941861
CI011001.WI,2019-06-14,0.10896082690270514,0.03823474337226643,2.335141988913154,-0.00017069242750222813
CI011001.WI,2019-06-17,0.1052059494752744,0.03814949765203384,2.251333778950517,-0.0005073394483847693
CI011001.WI,2019-06-18,0.10650482907404468,0.03815140236001264,2.2820221418605935,0.0
CI011001.WI,2019-06-19,0.10599149736873126,0.03816299333723328,2.2691765342580443,-0.0007781032171229052
CI011001.WI,2019-06-20,0.10879348915850184,0.03844316662648111,2.318760631906323,0.0
CI011001.WI,2019-06-21,0.10988357718096697,0.038529362281305615,2.339173093627246,0.0
CI011001.WI,2019-06-24,0.10951966469985641,0.0385153258291078,2.3314936192510913,0.0
CI011001.WI,2019-06-25,0.11227866466784309,0.038558827783120295,2.393343558232267,0.0
CI011001.WI,2019-06-26,0.11138244637936978,0.038595293788413164,2.370224451453836,-0.0017193661668355453
CI011001.WI,2019-06-27,0.11135322076405285,0.03859665696072997,2.3694604833729715,-0.0033036447879842834
CI011001.WI,2019-06-28,0.1108456527023618,0.03858280117439662,2.358452744453648,-0.001951826461190187
CI011001.WI,2019-07-01,0.10954554179664533,0.038621216801578255,2.3258106547780155,-0.0033785600893360135
CI011001.WI,2019-07-02,0.11790500161351636,0.03845211181700545,2.5311543211759693,-7.320099239627176e-05
CI011001.WI,2019-07-03,0.12671735378715243,0.039058785232601416,2.693559329963864,0.0
CI011001.WI,2019-07-04,0.12523177592658974,0.03908822694595167,2.657790177333419,-0.0010542764078816935
CI011001.WI,2019-07-05,0.12496613232654674,0.039091082469579826,2.6515561146988444,-0.0011722171723453911
CI011001.WI,2019-07-08,0.1208391892430678,0.03930772076276107,2.5436154299940235,-0.004844718985280383
CI011001.WI,2019-07-09,0.11949660571632337,0.03931283883355937,2.5127879134728786,-0.0051563344827310065
CI011001.WI,2019-07-10,0.11518666090699892,0.03921195038625973,2.420737932101404,-0.0056206517852538385
CI011001.WI,2019-07-11,0.11440201390468663,0.03913703386182523,2.407305349644681,-0.0014292871935900342
CI011001.WI,2019-07-12,0.11162621842707221,0.039032487653050424,2.349727700504102,-0.0006234011835941633
CI011001.WI,2019-07-15,0.10911213384853968,0.038934576238391125,2.2973612816179276,0.0
CI011001.WI,2019-07-16,0.10801800973372488,0.038935393205789016,2.2719544445356945,-0.00011369043358167019
CI011001.WI,2019-07-17,0.10666140456066686,0.03898771465053675,2.2375220238239484,-0.0019770141166257638
CI011001.WI,2019-07-18,0.1068429146996801,0.03899322444882091,2.241418966237617,-0.0001903347139085021
CI011001.WI,2019-07-19,0.11144216704012222,0.03902942879564734,2.3456646052949433,0.0
CI011001.WI,2019-07-22,0.11236558018011666,0.03900330281651332,2.368511339935089,-0.0003845890183165057
CI011001.WI,2019-07-23,0.10896213396373833,0.03900441578416261,2.289848100700315,-0.0015114611430192548
CI011001.WI,2019-07-24,0.10782468857022343,0.038986005660445015,2.2645777246070105,-0.0009185424678584964
CI011001.WI,2019-07-25,0.11112107497666268,0.03885007324787878,2.3488739743218354,-0.0007956911776484388
CI011001.WI,2019-07-26,0.11195485981411624,0.03883815290097475,2.368905136876471,-0.0006131110833584863
CI011001.WI,2019-07-29,0.109720780233727,0.03883384690163974,2.317352754280387,-0.0011159275000918178
CI011001.WI,2019-07-30,0.11442890179219312,0.03869224462228917,2.4351568632418004,0.0
CI011001.WI,2019-07-31,0.11293972854433831,0.03870749537047728,2.3996525063225573,-0.0006778848651874947
CI011001.WI,2019-08-01,0.10462508678148974,0.03885362931115432,2.1976890402968086,-0.0047634751460949865
CI011001.WI,2019-08-02,0.10788250161613422,0.03898124954174241,2.2661886844990717,-0.001224748184350699
CI011001.WI,2019-08-05,0.11195461017749508,0.039055245371629854,2.3559474051217593,0.0
CI011001.WI,2019-08-06,0.11914434236956195,0.03905127974421324,2.52129459310679,0.0
CI011001.WI,2019-08-07,0.12240133996040448,0.039165178271345163,2.588308417974792,0.0
CI011001.WI,2019-08-08,0.12492171147667319,0.03926857506165062,2.6387418899657438,0.0
CI011001.WI,2019-08-09,0.126375126714948,0.03931201737721874,2.6687290300767934,0.0
CI011001.WI,2019-08-12,0.12502602224187154,0.039322838746530406,2.6375135794026447,-0.00047983541812357533
CI011001.WI,2019-08-13,0.12609915342052025,0.03942878008659531,2.654723888588225,0.0
CI011001.WI,2019-08-14,0.1233932971454279,0.039606557906471586,2.5822153257077587,-0.0036460278886815134
CI011001.WI,2019-08-15,0.12394785987318646,0.03961044426969663,2.5944311838348426,-0.002626471202411218
CI011001.WI,2019-08-16,0.11858865834729215,0.03935287948668597,2.48964485379208,-0.0024517613663306292
CI011001.WI,2019-08-19,0.11404515839440066,0.039232984263244834,2.39334682469753,-0.00289810339993668
CI011001.WI,2019-08-20,0.10671234096555127,0.03889050467597591,2.2442031542304277,-0.0037741484351405674
CI011001.WI,2019-08-21,0.10802134330311586,0.03881905179308952,2.278726195118781,-0.005115254414959192
CI011001.WI,2019-08-22,0.11426756269510419,0.03840925732374763,2.4490446998770112,-0.00470260642116882
CI011001.WI,2019-08-23,0.11593339781748413,0.03834405780220373,2.4921209827139794,-0.005189298107393214
CI011001.WI,2019-08-26,0.12522579753712182,0.03847454762280018,2.699428309002591,-9.567443404301379e-06
CI011001.WI,2019-08-27,0.12401679332724824,0.03842017947097559,2.6752001380384454,0.0
CI011001.WI,2019-08-28,0.12651659336377707,0.03832784500900675,2.7395409582103705,-9.54975004574532e-06
CI011001.WI,2019-08-29,0.12955177363186965,0.038151323041393514,2.8226004037172445,-0.000689658035907037
CI011001.WI,2019-08-30,0.12762216549912786,0.038303255022927765,2.766896961371721,-0.00444976831475985
CI011001.WI,2019-09-02,0.12631071749671086,0.038369816552778484,2.731820539299986,-0.006730912956104507
CI011001.WI,2019-09-03,0.1268857054974868,0.03837501342475224,2.7447617695367215,-0.005618159472521644
CI011001.WI,2019-09-04,0.12982061822335456,0.038431856747321025,2.8084709737284426,-0.0030135689491954665
CI011001.WI,2019-09-05,0.1337501967224719,0.03852527333415248,2.8919214015230814,0.0
CI011001.WI,2019-09-06,0.12758041997489755,0.03881691078094482,2.7298378109037778,-0.004295529793077346
CI011001.WI,2019-09-09,0.1251417150079801,0.03881660909392213,2.674054075794456,-0.004895359765148988
CI011001.WI,2019-09-10,0.1201878789576778,0.03910478911828289,2.5417426251651234,-0.009153529905986502
CI011001.WI,2019-09-11,0.11793528459597447,0.03912447511051384,2.489010768686706,-0.010082955032262086
CI011001.WI,2019-09-12,0.11871985354485659,0.03911011912810314,2.5078560647299426,-0.010082955032262086
CI011001.WI,2019-09-16,0.11379253021099567,0.039396324246558964,2.377827714880334,-0.014342785602088237
CI011001.WI,2019-09-17,0.11240477668832027,0.03942251162755581,2.3446354415209774,-0.015347760247337527
CI011001.WI,2019-09-18,0.111579238090038,0.03944157544038046,2.3246905042540416,-0.016288808376532238
CI011001.WI,2019-09-19,0.10935994044914388,0.039534441654801925,2.268749747599827,-0.018658655650273803
CI011001.WI,2019-09-20,0.11001482753018799,0.03952420929212696,2.2842645898221416,-0.01863084346471755
CI011001.WI,2019-09-23,0.1101696873531699,0.0395218802112499,2.2879280933422823,-0.01879771657805518
CI011001.WI,2019-09-24,0.10979691629718125,0.03952220220254325,2.2794088570786646,-0.018590162954501
CI011001.WI,2019-09-25,0.10771159446415068,0.03955221884244353,2.230137450863156,-0.019724651060848197
CI011001.WI,2019-09-26,0.1040984992438414,0.03970917536257104,2.1391700946781738,-0.022790633187990572
CI011001.WI,2019-09-27,0.10008817970292538,0.03982050719254022,2.0418840380500414,-0.02537218515775752
CI011001.WI,2019-09-30,0.09953982517797999,0.03982690244789336,2.029038878375032,-0.025739970178695448
CI011001.WI,2019-10-08,0.09515711254774173,0.040139599347056285,1.9140057578728007,-0.03036401584713433
CI011001.WI,2019-10-09,0.09584837624597298,0.04015475751605032,1.9290182829362283,-0.028773366386939836
CI011001.WI,2019-10-10,0.09825383096706108,0.04019973133907379,1.9814691429930373,-0.026550923696646356
CI011001.WI,2019-10-11,0.10064468227954548,0.04039088276127626,2.026140035001679,-0.02169794638142708
CI011001.WI,2019-10-14,0.10295227166179521,0.04047022257203384,2.074018008358809,-0.018802365779222674
CI011001.WI,2019-10-15,0.10075739852409948,0.04046678585467637,2.0249465483102465,-0.019330963347690577
CI011001.WI,2019-10-16,0.09786861253790136,0.040521152527659435,1.9574089301761037,-0.0210658625762552
CI011001.WI,2019-10-17,0.09528627753458863,0.04059107320107779,1.8960700680315115,-0.02303127085913914
CI011001.WI,2019-10-18,0.0941453569536943,0.04063675384839058,1.86832798998367,-0.024920257897830478
CI011001.WI,2019-10-21,0.09206014145133068,0.04051074238565154,1.8269084031408267,-0.022910225585882404
CI011001.WI,2019-10-22,0.08846534848158871,0.04044986155537874,1.7480564572437467,-0.023457876576992498
CI011001.WI,2019-10-23,0.09148195828267469,0.04031651640074579,1.822375299633845,-0.023667173650984474
CI011001.WI,2019-10-24,0.09750609546863842,0.03998854745984567,1.9746830994557434,-0.02296414801728175
CI011001.WI,2019-10-25,0.0970929449804101,0.039971981175192746,1.9660620412532097,-0.021077070471927195
CI011001.WI,2019-10-28,0.0955096347967368,0.03989105138852391,1.9337525855535471,-0.019249353262909108
CI011001.WI,2019-10-29,0.09560224434593989,0.0398896190998226,1.9359405148076396,-0.019510040614093005
CI011001.WI,2019-10-30,0.09573785502558163,0.039886671670477034,1.9391848011264903,-0.020018962099047966
CI011001.WI,2019-10-31,0.09521739736141899,0.03989991851711219,1.926642636500455,-0.020980350483350896
CI011001.WI,2019-11-01,0.09645945482713558,0.03992195544837819,1.9540026242876802,-0.01931037402823399
CI011001.WI,2019-11-04,0.09757434473176896,0.03994623756342648,1.9782899257011262,-0.017517110720725815
CI011001.WI,2019-11-05,0.0988396841158381,0.03996745291789786,2.0060998511999917,-0.015862908340998905
CI011001.WI,2019-11-06,0.1003166055429181,0.039923331061049144,2.0419294515146293,-0.0161161237617351
CI011001.WI,2019-11-07,0.10041682888339398,0.03992191839640861,2.0442826700959817,-0.016301676701192647
CI011001.WI,2019-11-08,0.09902708578507413,0.0399391910447635,2.0117625798348464,-0.01708373875474478
CI011001.WI,2019-11-11,0.09575524993498163,0.04002912699628462,1.9328220253039035,-0.01936392286311095
CI011001.WI,2019-11-12,0.09698915250091367,0.04002615260843913,1.9610906993220687,-0.01855404862400256
CI011001.WI,2019-11-13,0.10219195887035193,0.03969571321160958,2.0963257955219903,-0.018592653597983566
CI011001.WI,2019-11-14,0.10450267644873179,0.03963349765295322,2.152416419600717,-0.01833238135404669
CI011001.WI,2019-11-15,0.10651320290360577,0.03958131907867378,2.201167313577296,-0.01815845141750827
CI011001.WI,2019-11-18,0.1076868875365733,0.03958125364831969,2.2279657594716173,-0.01724064929415159
CI011001.WI,2019-11-19,0.10586601287894837,0.039530355432091276,2.189148106689781,-0.016455681489869867
CI011001.WI,2019-11-20,0.10312610462916938,0.039562951883010296,2.124649712043964,-0.01779357214730004
CI011001.WI,2019-11-21,0.10292883891707749,0.03956643306438031,2.1199444745482934,-0.018249775011872083
CI011001.WI,2019-11-22,0.10379270816641872,0.039543026930073666,2.14098354434066,-0.01863665496617717
CI011001.WI,2019-11-25,0.10530240756670217,0.039478092052162767,2.1790758710509595,-0.01941415084001108
CI011001.WI,2019-11-26,0.10718192571596985,0.039471099431827764,2.2225167734107436,-0.018343589249718573
CI011001.WI,2019-11-27,0.10336702808588427,0.039325495285890535,2.142797118598473,-0.018026447312927685
CI011001.WI,2019-11-28,0.0988414559161781,0.03912519259118509,2.0484790110524003,-0.017805195150219055
CI011001.WI,2019-11-29,0.0922164359791422,0.03882143300314142,1.908374640700451,-0.018512537899291748
CI011001.WI,2019-12-02,0.08866038317222347,0.0389034994271592,1.8205756680826604,-0.020728380384356093
CI011001.WI,2019-12-03,0.08778312163439783,0.03889001609162481,1.8004576615604695,-0.02015802302682923
CI011001.WI,2019-12-04,0.08963651779625081,0.03891558803592261,1.8430602963874094,-0.018419968983186652
CI011001.WI,2019-12-05,0.09240917877860877,0.038874057343465704,1.9103844076792493,-0.017452353990176972
CI011001.WI,2019-12-06,0.09455351303758475,0.03888038131373793,1.9605351713997143,-0.016014422486193558
CI011001.WI,2019-12-09,0.0943738839756949,0.038884117474867065,1.9561281127907404,-0.01660761074231154
CI011001.WI,2019-12-10,0.09503874334578755,0.03888295556054418,1.9718107734661867,-0.016025630381865552
CI011001.WI,2019-12-11,0.09677790275083331,0.03888293372566558,2.0126405324764085,-0.014884500559564584
CI011001.WI,2019-12-12,0.09389550404795233,0.0387487371913009,1.9515401115394266,-0.013886997844763216
CI011001.WI,2019-12-13,0.09510819633757661,0.038780475993795784,1.9785555124359524,-0.011894483058643046
CI011001.WI,2019-12-16,0.09684482169924791,0.0387884095346692,2.019024729830999,-0.010557837722954155
CI011001.WI,2019-12-17,0.09236354034221761,0.03864338651627408,1.9204766156535897,-0.010879545839463156
CI011001.WI,2019-12-18,0.09130200708884573,0.038652985323582946,1.8948471437446557,-0.011388467324417895
CI011001.WI,2019-12-19,0.08999476912834647,0.03861555890014158,1.8655966322736488,-0.01045240048218865
CI011001.WI,2019-12-20,0.09234838359356057,0.038687509614056426,1.9179713836718162,-0.007769147236880047
CI011001.WI,2019-12-23,0.08578984925255972,0.03840723117373744,1.7748374981225776,-0.008654986102209383
CI011001.WI,2019-12-24,0.08912318109753636,0.038526623802073334,1.8490445672104427,-0.005323335336917645
CI011001.WI,2019-12-25,0.09195971272750825,0.038555798574943824,1.9151593071607893,-0.0032556861390710123
CI011001.WI,2019-12-26,0.10243998805537524,0.038039606437567326,2.19182484753928,-0.00019177954816407272
CI011001.WI,2019-12-27,0.10496756761391479,0.03797990915704612,2.2555316000903143,0.0
CI011001.WI,2019-12-30,0.1087284642495423,0.037819247710497814,2.354833580787565,0.0
CI011001.WI,2019-12-31,0.10381150790385019,0.037756480232998685,2.240920065357564,-0.0012896984660926147
CI011001.WI,2020-01-02,0.10051398937103007,0.03757200449253173,2.172078069681629,-9.54103078807389e-05
CI011001.WI,2020-01-03,0.09824174479015091,0.037548840676499586,2.118329909423643,-0.0003318619404548695
CI011001.WI,2020-01-06,0.10107971195902965,0.03767129725615682,2.180098965690394,0.0
CI011001.WI,2020-01-07,0.10040024414273985,0.03766846699563086,2.1638664086857595,0.0
CI011001.WI,2020-01-08,0.09665030994699353,0.037586392920324396,2.077655290455311,-0.00043328272855669425
CI011001.WI,2020-01-09,0.09421617752067157,0.0375617456037895,2.0198146355636357,-0.0007656866538998663
CI011001.WI,2020-01-10,0.09310142301207613,0.037549263481937656,1.9933185339108206,-0.00046015618023254046
CI011001.WI,2020-01-13,0.09102255987753738,0.03742669015728442,1.9488443907308266,0.0
CI011001.WI,2020-01-14,0.08455066233410258,0.03715651280708442,1.8025689078297484,-0.0009607873253696386
CI011001.WI,2020-01-15,0.07806072140268894,0.03689660142340102,1.6522871641976624,-0.0020594788048747814
CI011001.WI,2020-01-16,0.07731734256975908,0.036887024484411536,1.6340009456614772,-0.0015962199397846488
CI011001.WI,2020-01-17,0.0797350106641308,0.03685967098670487,1.6960202208409372,-0.0006226331270552388
CI011001.WI,2020-01-20,0.08266599739085878,0.036960043306581356,1.7648827190744123,0.0
CI011001.WI,2020-01-21,0.08433309724224314,0.036851197979781154,1.8117525171137272,-0.0015178375777865627
CI011001.WI,2020-01-22,0.08561230172988377,0.03684129533848761,1.844242755884332,-0.0009111144428939344
CI011001.WI,2020-01-23,0.08764652221494229,0.03675424620760591,1.8994748327038768,-0.001350195815463806
CI011001.WI,2020-02-03,0.08358922485616538,0.037086207024289136,1.7819957779004665,-0.006154141451752859
CI011001.WI,2020-02-04,0.08749755610567456,0.037084086973271514,1.8792134274306593,-0.004059649163273948
CI011001.WI,2020-02-05,0.08580109641790457,0.03704047670986673,1.8392204765289386,-0.0034813468676938575
CI011001.WI,2020-02-06,0.08587614512736819,0.03704034972412798,1.841093232744609,-0.0031860172765749706
CI011001.WI,2020-02-07,0.08961604947310842,0.037124695151505925,1.929637937533986,-0.00023272136538643462
CI011001.WI,2020-02-10,0.09628465450927681,0.03695653200580714,2.1034076429274577,0.0
CI011001.WI,2020-02-11,0.09707281297669046,0.036883849653095005,2.1269719294067007,-0.003004491529882136
CI011001.WI,2020-02-12,0.0986960615589123,0.03687694243056044,2.167471866599795,-0.00206615306712965
CI011001.WI,2020-02-13,0.10067282383089249,0.03685538338178338,2.2175104722106576,-0.0012297453703702388
CI011001.WI,2020-02-14,0.10095260783721027,0.03684368008085947,2.225104202426513,-0.002409758391203609
CI011001.WI,2020-02-17,0.09933625242549793,0.036838811599440704,2.1854957783156888,-0.002641157670454475
CI011001.WI,2020-02-18,0.09899480894233026,0.03682903596769448,2.177628352099957,-0.0012696134522306446
CI011001.WI,2020-02-19,0.09475700827105116,0.03647498500263547,2.092451264688912,0.0
CI011001.WI,2020-02-20,0.08866753350146439,0.03619397115570795,1.9542512032860964,-0.0006248405547402136
CI011001.WI,2020-02-21,0.08731609995064082,0.03610368663838621,1.9246321426143707,0.0
CI011001.WI,2020-02-24,0.0841306388727543,0.035921443652719424,1.852511220422096,0.0
CI011001.WI,2020-02-25,0.07607366328965925,0.03652817219496896,1.6180680731991115,-0.006353984534131163
CI011001.WI,2020-02-26,0.07427825712522074,0.03652188970769484,1.5726043881495442,-0.006759558015033251
CI011001.WI,2020-02-27,0.07677396991899976,0.03657063733676084,1.6340265109065681,-0.00455758078286328
CI011001.WI,2020-02-28,0.07361947311302419,0.03658391921057484,1.5532273539057808,-0.005893105578560709
CI011001.WI,2020-03-02,0.0659552225906983,0.03596181604014254,1.3802009551173977,-0.006089337596088207
CI011001.WI,2020-03-03,0.061915298608225866,0.03586616844667563,1.2778900457182782,-0.00683698567956903
CI011001.WI,2020-03-04,0.06542526931756343,0.0362539165249754,1.355648532653631,-0.0007722282944445658
CI011001.WI,2020-03-05,0.06757381987715672,0.03615325316758793,1.4150603468193008,-0.001312583265464573
CI011001.WI,2020-03-06,0.07541244759175636,0.03674714632677627,1.5919103650748847,0.0
CI011001.WI,2020-03-09,0.0820433037980488,0.03759633464894985,1.7203331988166495,0.0
CI011001.WI,2020-03-10,0.07728869677375849,0.03839848660321349,1.5704696038994785,-0.008820049261063723
CI011001.WI,2020-03-11,0.0790587179140323,0.0384081452293804,1.6128403156785331,-0.007484094380546313
CI011001.WI,2020-03-12,0.0791951294427593,0.038401486889772796,1.616406100488627,-0.009121820744506959
CI011001.WI,2020-03-13,0.06963212571666721,0.03886426943226088,1.3685321496873895,-0.015224714720913801
CI011001.WI,2020-03-16,0.07458342362742987,0.03845889927502308,1.5026669517877458,-0.016021763096862096
CI011001.WI,2020-03-17,0.06983740905185809,0.03919903371243004,1.3620769267428614,-0.02431381325637272
CI011001.WI,2020-03-18,0.06971787471561264,0.03920025632458045,1.3591844621585902,-0.024521053913677093
CI011001.WI,2020-03-19,0.06978139479360967,0.03919727657647167,1.3608000849522262,-0.026142621162058455
CI011001.WI,2020-03-20,0.07817337161047999,0.03896804240336456,1.5691546770045892,-0.02317540356381209
CI011001.WI,2020-03-23,0.078084080566585,0.03896154805187105,1.5672834491220324,-0.019958527629865608
CI011001.WI,2020-03-24,0.07387225268586972,0.0388447548964055,1.4710790054201648,-0.02046026816860258
CI011001.WI,2020-03-25,0.07421609177244459,0.038846185546415626,1.4792697040796654,-0.01985349337860043
CI011001.WI,2020-03-26,0.07866077038415731,0.038998326617623646,1.5795588668505494,-0.016139320662701517
CI011001.WI,2020-03-27,0.07566715330118434,0.03894789459909944,1.510176701615513,-0.016522291701930536
CI011001.WI,2020-03-30,0.07183017001192149,0.038770950950042925,1.4246981779103296,-0.0161219496134537
CI011001.WI,2020-03-31,0.07320020277042594,0.03885285664177312,1.4546632119498955,-0.01278347633477317
CI011001.WI,2020-04-01,0.07699433870128702,0.03900171752684157,1.5397710648782406,-0.009139999749533723
CI011001.WI,2020-04-02,0.0716461090510987,0.03903262172115251,1.4110054102542606,-0.011560635263310637
CI011001.WI,2020-04-03,0.07406875704267768,0.03892691993816296,1.4727570028812813,-0.011966633042240216
CI011001.WI,2020-04-07,0.09130962261253783,0.039662602873992404,1.84778110143186,-0.0019859553046941425
CI011001.WI,2020-04-08,0.09802491061093965,0.040163065891119336,1.9780462297708945,0.0
CI011001.WI,2020-04-09,0.09581864130924944,0.040174582400093174,1.927407440554417,-0.0008645127565892752
CI011001.WI,2020-04-10,0.0972904126492038,0.04014219888168454,1.9623779568324913,-0.0007905265485835811
CI011001.WI,2020-04-13,0.09606727009078808,0.04015785908165521,1.9338447599472846,-0.0015396369046420944
CI011001.WI,2020-04-14,0.0914354846046348,0.03985440574647072,1.8419725819873054,-0.00046040330525343176
CI011001.WI,2020-04-15,0.09314350043764175,0.03989294802857586,1.87944261691852,0.0
CI011001.WI,2020-04-16,0.09412545130184524,0.03995993322261112,1.8988360556352244,0.0
CI011001.WI,2020-04-17,0.08890481852030518,0.040098377973517604,1.773096307931695,-0.003193836607222389
CI011001.WI,2020-04-20,0.08098005873279557,0.04043241638123089,1.5780655343192227,-0.008334129859492778
CI011001.WI,2020-04-21,0.07835070086412865,0.040425162206315104,1.5180796691827103,-0.009118391515736568
CI011001.WI,2020-04-22,0.07932207939801517,0.04045776498630102,1.5391506822544527,-0.006927178045792681
CI011001.WI,2020-04-23,0.08925766545179559,0.04104383917767617,1.7410775735048818,0.0
CI011001.WI,2020-04-24,0.09561301409435163,0.04103630219142454,1.8832071480534187,0.0
CI011001.WI,2020-04-27,0.09986537515112315,0.040992555761864134,1.9797072865284875,0.0
CI011001.WI,2020-04-28,0.09685055550539423,0.04105003488279265,1.910101599308122,-0.001852105203711707
CI011001.WI,2020-04-29,0.10316119725947526,0.04129617674298566,2.0379348026614243,0.0
CI011001.WI,2020-04-30,0.1027334013337724,0.04131350564077526,2.027705230014031,-0.001642114243894155
CI011001.WI,2020-05-06,0.09374301255441941,0.04184974233676789,1.8065728542254365,-0.008059125627686514
CI011001.WI,2020-05-07,0.08756648564234659,0.042345318885889605,1.6521389534690927,-0.014165316739336742
CI011001.WI,2020-05-08,0.08932427335816318,0.042420217278654554,1.6873795458080725,-0.01110667082150918
CI011001.WI,2020-05-11,0.08205040967881905,0.043006096832074646,1.509135556392013,-0.017773448495415844
CI011001.WI,2020-05-12,0.0797844544336006,0.043092818322113244,1.4575229766090751,-0.020239395042258246
CI011001.WI,2020-05-13,0.07807308424967396,0.043186320689227356,1.4177206832688163,-0.023202891897185163
CI011001.WI,2020-05-14,0.08275853119993726,0.04318527869193188,1.5182060091145264,-0.020790863152653216
CI011001.WI,2020-05-15,0.0875338862010635,0.043453324946818785,1.610412563964284,-0.015742808911344164
CI011001.WI,2020-05-18,0.09865177516108403,0.042461800812836493,1.8866336182637544,-0.014526486723930532
CI011001.WI,2020-05-19,0.09512704489619295,0.04248267575692346,1.8100593844414135,-0.01601556955832617
CI011001.WI,2020-05-20,0.10118783971027656,0.04262012209376043,1.9339013542254038,-0.011890064772724585
CI011001.WI,2020-05-21,0.10092462429689375,0.04262794397945906,1.9279441412955352,-0.013000930082089912
CI011001.WI,2020-05-22,0.09307618392905437,0.04305649942773918,1.7429543379728079,-0.018686086590404827
CI011001.WI,2020-05-25,0.09466378219832428,0.04303075683379486,1.7777119282235767,-0.018367733684116372
CI011001.WI,2020-05-26,0.09688584262875732,0.043133339433124744,1.8206164687083934,-0.014884485073094478
CI011001.WI,2020-05-27,0.09500030762204448,0.043174784436031496,1.7790465384974106,-0.016390218993497352
CI011001.WI,2020-05-28,0.09479938328640536,0.04317370208121947,1.7748380276331444,-0.01587363887283255
CI011001.WI,2020-05-29,0.09655474901809002,0.04322419908851245,1.809892813614758,-0.013391041239982582
CI011001.WI,2020-06-01,0.102719483309746,0.043697107646450725,1.9191165919373816,-0.006650523042327938
CI011001.WI,2020-06-02,0.10493041566390104,0.04370711076080166,1.9645326475853007,-0.0050460719691654
CI011001.WI,2020-06-03,0.10623518600076931,0.043687380920414715,1.9924249288623774,-0.004783222682902322
CI011001.WI,2020-06-04,0.10549066324487377,0.043723718671291885,1.9754012805732493,-0.00705926755837194
CI011001.WI,2020-06-05,0.11307731013169309,0.043690983150563314,2.1334501551340788,-0.003457479073152969
CI011001.WI,2020-06-08,0.11733305038612585,0.043631500327854185,2.223799725158404,-0.0017971279255364347
CI011001.WI,2020-06-09,0.11794920779338036,0.043650227911687114,2.235499851757912,0.0
CI011001.WI,2020-06-10,0.11828200666632305,0.0436628078248012,2.241688162572099,0.0
CI011001.WI,2020-06-11,0.11509422327779295,0.04382108227881551,2.1685765405634894,-0.003403066950835476
CI011001.WI,2020-06-12,0.1157475524255045,0.04382359519001732,2.1818260392458133,-0.002488650842879747
CI011001.WI,2020-06-15,0.11119091291775729,0.0438938836424759,2.085130621709033,-0.004848421594452312
CI011001.WI,2020-06-16,0.10840763998830871,0.043704160408368185,2.0365860090282917,-0.002413536679234496
CI011001.WI,2020-06-17,0.1075864952678911,0.04368032073269001,2.0207002324762144,-0.0009800421667195414
CI011001.WI,2020-06-18,0.10711602306253254,0.043669539382688596,2.011455375618606,0.0
CI011001.WI,2020-06-19,0.1128199839141728,0.043815848583589515,2.1222159496660065,0.0
CI011001.WI,2020-06-22,0.11953433577442607,0.04375923567247741,2.2624334828860606,0.0
CI011001.WI,2020-06-23,0.11945444350107892,0.043756792498099266,2.2609257031482035,0.0
CI011001.WI,2020-06-24,0.11761745197659423,0.04372595249027498,2.224913469616706,0.0
CI011001.WI,2020-06-29,0.10920415752014367,0.043362471238604046,2.068866403151948,-0.0012764743160921244
CI011001.WI,2020-06-30,0.11466242474707444,0.04355544577913981,2.172641958802935,0.0
CI011001.WI,2020-07-01,0.12033439453851558,0.04392417128860242,2.270372896207253,0.0
CI011001.WI,2020-07-02,0.1247897146222976,0.04399187982794122,2.357206172423179,0.0
CI011001.WI,2020-07-03,0.12141016306122276,0.043721492730711256,2.3026579948549304,0.0
CI011001.WI,2020-07-06,0.12694751034109308,0.044429603470732895,2.3775704526681203,0.0
CI011001.WI,2020-07-07,0.125320835706215,0.0444069763726236,2.3462157883450314,0.0
CI011001.WI,2020-07-08,0.12622255407434024,0.044448042417184724,2.362117956151082,0.0
CI011001.WI,2020-07-09,0.13351841692182664,0.04459760682019186,2.499204782567469,0.0
CI011001.WI,2020-07-10,0.13042207336940637,0.04480871866067401,2.4265649379804377,-0.00431429390601723
CI011001.WI,2020-07-13,0.13880916673018429,0.04556241898429423,2.549486318212542,0.0
CI011001.WI,2020-07-14,0.13810094828092234,0.04559331851912173,2.534137955116049,-0.0020505286766697717
CI011001.WI,2020-07-15,0.13320559939435883,0.04553152970967228,2.4427943236333416,-0.0030475124613545956
CI011001.WI,2020-07-16,0.1120018598220407,0.046565095795549113,1.9837802745529816,-0.014489070320162112
CI011001.WI,2020-07-17,0.11544561215356408,0.046569147690683134,2.0500385485350896,-0.012479265640748638
CI011001.WI,2020-07-20,0.12039931549857807,0.046727358088998645,2.1381271295031485,-0.00821078740979908
CI011001.WI,2020-07-21,0.12762899968135222,0.04659863396147715,2.2819999619460187,-0.005481148371473621
CI011001.WI,2020-07-22,0.13444782817718148,0.04688641922370399,2.396925140870934,0.0
CI011001.WI,2020-07-23,0.13393652535040967,0.046897956265599824,2.386729613243377,-0.0009172198700058143
CI011001.WI,2020-07-24,0.12211426709577533,0.0472334825290321,2.1481147401292717,-0.007166227911607592
CI011001.WI,2020-07-27,0.12749669287390963,0.04751185009946095,2.2365682110446516,-0.001598820167979742
CI011001.WI,2020-07-28,0.12690072604931113,0.047509441846969355,2.225545217744872,-0.0011689369711990194
CI011001.WI,2020-07-29,0.13289664096536846,0.0477401583097333,2.326228540905297,0.0
CI011001.WI,2020-07-30,0.13261724585719725,0.04775302560106666,2.320446859141183,-0.002109696086163959
CI011001.WI,2020-07-31,0.13445902191958758,0.04782498831866243,2.351017685937111,0.0
CI011001.WI,2020-08-03,0.13191411812456977,0.047768168611743995,2.3067196690122764,0.0
CI011001.WI,2020-08-04,0.13428615078413597,0.047775314347686657,2.35022131991897,0.0
CI011001.WI,2020-08-05,0.14079251797529269,0.047922163613904875,2.462580503350329,0.0
CI011001.WI,2020-08-06,0.14190807633446645,0.047933512993853365,2.4824103053079227,0.0
CI011001.WI,2020-08-07,0.14078221877225028,0.047952084736636286,2.4608853172934744,-0.0008631011254671694
CI011001.WI,2020-08-10,0.1375323908135584,0.04805718078207222,2.396213994855682,-0.0035273662401481554
CI011001.WI,2020-08-11,0.13237779394408888,0.04836604269962675,2.2872697066522183,-0.008541845456857433
CI011001.WI,2020-08-12,0.12169577255100728,0.04913529786946815,2.059235584221049,-0.01666976528349351
CI011001.WI,2020-08-13,0.12302928490744991,0.049122021902100875,2.0839774095763457,-0.01616812400813261
CI011001.WI,2020-08-14,0.13033889831942358,0.04894610526586222,2.223903390593278,-0.01381296451364844
CI011001.WI,2020-08-17,0.13311278527565684,0.049162398359670116,2.2642135069013265,-0.00787767553168539
CI011001.WI,2020-08-18,0.13370262798013455,0.04919219896103877,2.2734559568345882,-0.004347148702373627
CI011001.WI,2020-08-19,0.12895021261516648,0.049102920664638575,2.1919085222386228,-0.004914939249757944
CI011001.WI,2020-08-20,0.11915032352751997,0.04934966015744045,2.0044466018621394,-0.010164194466217302
CI011001.WI,2020-08-21,0.1166349629066008,0.04926647018953861,1.9620562274938242,-0.009044453500668515
CI011001.WI,2020-08-24,0.11372471407368145,0.049229712605379734,1.910451416851397,-0.009221520860632104
CI011001.WI,2020-08-25,0.11406500709435186,0.04922497863209416,1.916839279802413,-0.009394349312776273
CI011001.WI,2020-08-26,0.10808931499601093,0.04898577173665998,1.8161220843506547,-0.009496938318685477
CI011001.WI,2020-08-27,0.11493419605122046,0.04886034905261284,1.9467485198616132,-0.007012120301691183
CI011001.WI,2020-08-28,0.11888260779622883,0.049031392312640094,2.0122582055131173,-0.002475856817130584
CI011001.WI,2020-08-31,0.11858711008585154,0.049033593556258234,2.0067808084723944,-0.0025646135975238016
CI011001.WI,2020-09-01,0.12487927713547542,0.04925220490489039,2.112032552458035,0.0
CI011001.WI,2020-09-02,0.12332314367995822,0.04930961417675836,2.081543305289046,-0.00226075404703463
CI011001.WI,2020-09-03,0.11727983864122815,0.04979816236223762,1.9532346048134508,-0.008964354497568383
CI011001.WI,2020-09-04,0.11494340449061102,0.04984336371707727,1.9094908273152684,-0.010626597294052686
CI011001.WI,2020-09-07,0.11422289088362958,0.049859590883106916,1.8959146435489653,-0.011749445640914735
CI011001.WI,2020-09-08,0.10773668313530615,0.049640138869614284,1.7864159257105119,-0.012386712887054618
CI011001.WI,2020-09-09,0.10221483615950566,0.0497446486492085,1.6822683938214658,-0.015479663857567827
CI011001.WI,2020-09-10,0.10142537608728075,0.049755596391837985,1.6675030393396104,-0.016194220572424145
CI011001.WI,2020-09-11,0.10163720890036032,0.04975182387454466,1.6714925604058584,-0.016674238611578462
CI011001.WI,2020-09-14,0.10707784010079568,0.049582599409587896,1.776427607841655,-0.015536147476020501
CI011001.WI,2020-09-15,0.1097508223502015,0.04950936600931311,1.827711032611082,-0.015420398708331229
CI011001.WI,2020-09-16,0.10731510049024817,0.04952683688841214,1.7827005404083192,-0.016480792417324475
CI011001.WI,2020-09-17,0.10343430860301317,0.04949406684069723,1.7128851660271918,-0.017360609147824224
CI011001.WI,2020-09-18,0.10252078026879019,0.04945271309493434,1.6975217546842756,-0.014970866246568848
CI011001.WI,2020-09-21,0.10696961813806638,0.04923306484253935,1.7867031945535043,-0.015244420527400604
CI011001.WI,2020-09-22,0.10686803021662983,0.04923504031154626,1.7847686884850675,-0.015927972445785143
CI011001.WI,2020-09-23,0.11075780331927776,0.04902450545342267,1.8638094463048254,-0.016695489506767802
CI011001.WI,2020-09-24,0.10961502495464881,0.04906388598587813,1.8413640079532192,-0.01862854214037668
CI011001.WI,2020-09-25,0.1107918897181479,0.049066286393573605,1.8628897117123893,-0.01758769332102539
CI011001.WI,2020-09-28,0.11617784055685831,0.04883649702524733,1.970513233780473,-0.017072257123222245
CI011001.WI,2020-09-29,0.11671158575118579,0.0488244882876427,1.9807819725434828,-0.017604901724808664
CI011001.WI,2020-09-30,0.11834570018432133,0.04880432741556739,2.0115551240567053,-0.017107601107716808
CI011001.WI,2020-10-09,0.12246505703941568,0.04872657573245013,2.0901768174117716,-0.015863774715291656
CI011001.WI,2020-10-12,0.12257372044055015,0.048725804395432816,2.0921967491685014,-0.015740608532178846
CI011001.WI,2020-10-13,0.12232148145390442,0.048729255447043,2.0874382297907608,-0.016129095665002757
CI011001.WI,2020-10-14,0.12276688582169615,0.04872881776088685,2.0956029562963647,-0.015530436066144016
CI011001.WI,2020-10-15,0.12331125272549359,0.04871505520759953,2.106136137039644,-0.016191698651179975
CI011001.WI,2020-10-16,0.1276653244767776,0.04858191799628495,2.191443315622809,-0.015467313860887066
CI011001.WI,2020-10-19,0.1296975502301212,0.048499082223548255,2.232246609741269,-0.01629862069451482
CI011001.WI,2020-10-20,0.131607433805083,0.048498227953878904,2.2671320890486677,-0.015007397017531399
CI011001.WI,2020-10-21,0.1368020872406952,0.04821685980613441,2.375115471857949,-0.015182225499071444
CI011001.WI,2020-10-22,0.135068014047097,0.048205213970915047,2.343993568621842,-0.015071372225562096
CI011001.WI,2020-10-23,0.13128300989520758,0.048197115564837266,2.275042274101495,-0.016109439514129575
CI011001.WI,2020-10-26,0.12322523778874195,0.04805880405310808,2.1326432017000094,-0.018247286987591038
CI011001.WI,2020-10-27,0.11987947138257593,0.04799596642985996,2.073189874938827,-0.018274508902196618
CI011001.WI,2020-10-28,0.11817080033189309,0.04805182442403029,2.039044540708284,-0.02030046466398916
CI011001.WI,2020-10-29,0.12223402938088457,0.04802070318062109,2.1159040338063515,-0.018479897135282863
CI011001.WI,2020-10-30,0.12271434612801113,0.048000540712798,2.1256914874789747,-0.02003124957118063
CI011001.WI,2020-11-02,0.12583311064828195,0.04794154323456632,2.1861384002417403,-0.019209066158524246
CI011001.WI,2020-11-03,0.12487309485085318,0.047920765694112744,2.1692552994976233,-0.018025320831032365
CI011001.WI,2020-11-04,0.12672815741650112,0.04791347030077636,2.203985235944072,-0.016957213009998195
CI011001.WI,2020-11-05,0.12874694717443624,0.047920964127956156,2.241021785128821,-0.015406936099336854
CI011001.WI,2020-11-06,0.12820972980781287,0.047920987791121326,2.231081733181016,-0.015166908536221269
CI011001.WI,2020-11-09,0.12839179710640258,0.047926165675855614,2.234214397298444,-0.01310553461577968
CI011001.WI,2020-11-10,0.12582428838199933,0.04791433107633612,2.1871892779825144,-0.01351267654839472
CI011001.WI,2020-11-11,0.12506591826643,0.047929513929457886,2.172445920934468,-0.014439222996064704
CI011001.WI,2020-11-12,0.12589874575883497,0.04791985988662768,2.1883231875591354,-0.014221596027529038
CI011001.WI,2020-11-13,0.1255791244677702,0.04792935090992236,2.1819727581996755,-0.015468241037815078
CI011001.WI,2020-11-16,0.1244992903694695,0.047914188767198884,2.1626066423012356,-0.014734992436090555
CI011001.WI,2020-11-17,0.11946027090391875,0.04799665791425078,2.0653568452893376,-0.017356529569341084
CI011001.WI,2020-11-18,0.11529604749785083,0.048045302195037866,1.9857115952906612,-0.019363496747648812
CI011001.WI,2020-11-19,0.11284566819903197,0.04812733983229795,1.9366874015130184,-0.021769780485299206
CI011001.WI,2020-11-20,0.11554563887675684,0.04815721189569697,1.9858571018631332,-0.019581346238647157
CI011001.WI,2020-11-23,0.12407983407809842,0.04856557826730713,2.1265576527252454,-0.012866322968360655
CI011001.WI,2020-11-24,0.12845517717815347,0.04849690993449963,2.2096428455351322,-0.011322907166966378
CI011001.WI,2020-11-25,0.12725799691158435,0.048501025497611594,2.1875634771325805,-0.011556147794969163
CI011001.WI,2020-11-26,0.12944232065800798,0.048518892683729276,2.2266940083750657,-0.00967976421519856
CI011001.WI,2020-11-27,0.1331743664405356,0.04861614945260855,2.2902251894040533,-0.0061439193697272465
CI011001.WI,2020-11-30,0.1400994050578539,0.048958313783089194,2.3990654325425993,0.0
CI011001.WI,2020-12-01,0.14001460622948492,0.0489577450413772,2.3975726446268015,0.0
CI011001.WI,2020-12-02,0.13789903999959496,0.04898253527762685,2.3584432956944212,-0.0010584797462375173
CI011001.WI,2020-12-03,0.13809482150547447,0.04897622309470792,2.3622555156467318,-0.002245675490739951
CI011001.WI,2020-12-04,0.14260426409229043,0.049056507872246594,2.4391215592692537,0.0
CI011001.WI,2020-12-07,0.14017359524897222,0.04914290563028448,2.391562257719955,-0.002520539307265146
CI011001.WI,2020-12-08,0.14222818358960776,0.049127415976574974,2.428967296353479,-0.00151477333260297
CI011001.WI,2020-12-09,0.13938831017588615,0.04916201271115198,2.376630011797713,-0.002909871652804652
CI011001.WI,2020-12-10,0.13961616340955096,0.04916160401419864,2.3807188630930227,-0.0023882825062996327
CI011001.WI,2020-12-11,0.13713484041193125,0.049223066860071094,2.3335022081073915,-0.004336128402332995
CI011001.WI,2020-12-14,0.1390218907900842,0.04920922439854879,2.36785723906956,-0.0034020786224865374
CI011001.WI,2020-12-15,0.14346467967823062,0.049142406295736726,2.4502695567767443,-0.0017735511191593334
CI011001.WI,2020-12-16,0.14371237748654386,0.04914308585292345,2.4546461947565685,-0.0009757917136710148
CI011001.WI,2020-12-17,0.14863569199904259,0.04944028529952112,2.527113314419348,0.0
CI011001.WI,2020-12-18,0.14841833852773134,0.04943899072853851,2.5233482190051078,0.0
CI011001.WI,2020-12-21,0.14816322897423562,0.04943538296963981,2.519032254061152,0.0
CI011001.WI,2020-12-22,0.14332661603506613,0.049712710589671014,2.4202942005432924,-0.004812781488396367
CI011001.WI,2020-12-23,0.14252863428689566,0.049716836188678115,2.4060466017492135,-0.0049188201592225145
CI011001.WI,2020-12-24,0.1433501927178078,0.049731146115944626,2.4198301948997267,-0.0030484464452905646
CI011001.WI,2020-12-25,0.14681001800837024,0.04985235454373789,2.4747082832534346,0.0
CI011001.WI,2020-12-28,0.1463658048649743,0.049842358985292205,2.467417429893638,0.0
CI011001.WI,2020-12-29,0.14362153263449717,0.04986109898393467,2.418413967863641,-0.0010443916472708814
CI011001.WI,2020-12-30,0.1484540292184806,0.04996654395697492,2.497851615990858,0.0
CI011001.WI,2020-12-31,0.15029050030211022,0.04995777867817459,2.5302820544196396,0.0
CI011001.WI,2021-01-04,0.15154033247253595,0.04997805239560388,2.5510164893945353,0.0
CI011001.WI,2021-01-05,0.15112580010877297,0.049963788799778405,2.5445203804772834,0.0
CI011001.WI,2021-01-06,0.1587653035844241,0.05020911573622018,2.6641477665275137,0.0
CI011001.WI,2021-01-07,0.1626518659606575,0.05050747087005445,2.7150405301655596,0.0
CI011001.WI,2021-01-08,0.16228634921348872,0.05049921295885981,2.7092460856986533,0.0
CI011001.WI,2021-01-11,0.15006360662870755,0.05107918094010797,2.471972870026426,-0.007474531241478899
CI011001.WI,2021-01-12,0.15675282026256876,0.05140863620181371,2.5693337158627494,-0.0011511902500264126
CI011001.WI,2021-01-13,0.15814515724240974,0.05141642705173759,2.592361797887463,0.0
CI011001.WI,2021-01-14,0.1567685497015201,0.05147362419847975,2.5664189192587905,-0.0024767967530890944
CI011001.WI,2021-01-15,0.1514219359271094,0.05162612347494177,2.469202057254587,-0.005900019349023178
CI011001.WI,2021-01-18,0.15245964360304276,0.05161994317000231,2.4869527054217997,-0.005239387390296724
CI011001.WI,2021-01-19,0.14757233534603142,0.05155709108521535,2.4074472595728733,-0.006043829656672606
CI011001.WI,2021-01-20,0.15252432667533244,0.05171191841950296,2.4837065758417833,-0.0015082710447847925
CI011001.WI,2021-01-21,0.15610324871282422,0.051744677550155924,2.5421199317238803,0.0
CI011001.WI,2021-01-22,0.15412273283208355,0.051803340297462544,2.5061829811803187,-0.002045074351736731
CI011001.WI,2021-01-25,0.15645315600271514,0.05183219822344452,2.5437563487023622,0.0
CI011001.WI,2021-01-26,0.14649207340134374,0.052345138991011425,2.353982484627268,-0.006833383585901687
CI011001.WI,2021-01-27,0.1463179102719614,0.052349750773269414,2.350876076678982,-0.00793833205108807
CI011001.WI,2021-01-28,0.13967837602565858,0.05284985129765885,2.2191565443870793,-0.014769104649453357
CI011001.WI,2021-01-29,0.1364770196178331,0.05292773105664377,2.162794195862268,-0.017080543958121086
CI011001.WI,2021-02-01,0.1408947623265624,0.05310454627870613,2.228863894958191,-0.01229750092725812
CI011001.WI,2021-02-02,0.1411660617284154,0.05311635570390255,2.2328587852189066,-0.009069998429830806
CI011001.WI,2021-02-03,0.13897828936051204,0.053224822583648544,2.192343498931274,-0.012470934880182583
CI011001.WI,2021-02-04,0.13871702649753637,0.05322494722217595,2.1880260467139236,-0.012097527895540416
CI011001.WI,2021-02-05,0.14051795037199133,0.053219775858804164,2.217942702063187,-0.010969974716341313
CI011001.WI,2021-02-08,0.14878324640312002,0.052981664919881113,2.3640351738191994,-0.008594655630415726
CI011001.WI,2021-02-09,0.15095589634151385,0.05307120314585885,2.39575814232381,-0.004626348011732895
CI011001.WI,2021-02-10,0.15429852059070548,0.05315163436740965,2.446804707411333,-0.0011559163725729515
CI011001.WI,2021-02-18,0.1634407149241277,0.05369754839565506,2.5694682627420646,0.0
CI011001.WI,2021-02-19,0.16069545914665717,0.05364541927698672,2.5278496547864022,0.0
CI011001.WI,2021-02-22,0.16070692274305554,0.053645751743575824,2.528018533690622,0.0
CI011001.WI,2021-02-23,0.16874553224329003,0.053624679451807634,2.6577736848139426,0.0
CI011001.WI,2021-02-24,0.1651657312591408,0.05369410603578313,2.5972391837617135,-0.0021246595818107394
CI011001.WI,2021-02-25,0.16866675006748877,0.05379092159429799,2.6484709540205253,0.0
CI011001.WI,2021-02-26,0.1605348388508221,0.05446988665873299,2.4878633329494613,-0.008131525587401378
CI011001.WI,2021-03-01,0.16470836949507084,0.05453358506220175,2.5508869916502563,-0.0047954545966727435
CI011001.WI,2021-03-02,0.157025599450191,0.05483984577738958,2.4161927546522697,-0.010000571851604745
CI011001.WI,2021-03-03,0.1566471984261084,0.05483375280711409,2.4104863891358663,-0.008578724810359262
CI011001.WI,2021-03-04,0.15403724256998408,0.054929934711074185,2.3652120008534463,-0.011433933392527962
CI011001.WI,2021-03-05,0.15664733531199126,0.055049057927246486,2.401274558150373,-0.006895706380399047
CI011001.WI,2021-03-08,0.15697156233459575,0.05505231673109351,2.406229733305547,-0.005543826650651007
CI011001.WI,2021-03-09,0.1648657295592868,0.054610090022562875,2.549863901627698,-0.005120395890330531
CI011001.WI,2021-03-10,0.16242588125822865,0.054689421176689325,2.507882098427176,-0.00760942929773234
CI011001.WI,2021-03-11,0.1658987358546553,0.05485981805401666,2.5546719070805315,-0.0024379048033279505
CI011001.WI,2021-03-12,0.16681809921111945,0.05483726357245012,2.57008307236725,-0.002990706425470946
CI011001.WI,2021-03-15,0.17046511225312488,0.05487961641962802,2.6250422422515194,-7.186878850840017e-05
CI011001.WI,2021-03-16,0.16720573658612237,0.05502038094853225,2.567752521083368,-0.0036064328516633992
CI011001.WI,2021-03-17,0.1613813766782295,0.0547460991476436,2.4889124469383646,-0.00252431636971695
CI011001.WI,2021-03-18,0.15845837859301715,0.05485639353825568,2.4380527264959477,-0.005572841781337323
CI011001.WI,2021-03-19,0.14504111928544616,0.054752441116845914,2.2296915050433017,-0.010323822943475003
CI011001.WI,2021-03-22,0.13939200519677164,0.0542520632023876,2.1585476743872176,-0.006854472499290054
CI011001.WI,2021-03-23,0.14880756454932653,0.05344809409479564,2.344264109806752,-0.007479424610239316
CI011001.WI,2021-03-24,0.1442453508690167,0.053536826060455414,2.266100642952875,-0.010088532769632286
CI011001.WI,2021-03-25,0.14605233278008867,0.053495257284175486,2.2973330229471984,-0.010161281871571726
CI011001.WI,2021-03-26,0.15663803033684265,0.05312630263440283,2.4860791522363224,-0.00717127969684539
CI011001.WI,2021-03-29,0.15789927672399529,0.05310879884028443,2.507414128951244,-0.006893100652643258
CI011001.WI,2021-03-30,0.1669718867653447,0.05234762876706755,2.6922925000618405,-0.007546258005922346
CI011001.WI,2021-03-31,0.16758358443589305,0.0523419017052132,2.702599400011046,-0.007236951078799292
CI011001.WI,2021-04-01,0.17003094575367017,0.052292081436519366,2.745191904773445,-0.006809787789531452
CI011001.WI,2021-04-02,0.17026784366515502,0.05230190369582609,2.748559361739158,-0.0035819601382810484
CI011001.WI,2021-04-06,0.16792316335927193,0.052237711281299545,2.7134563116864148,-0.0023034985486799497
CI011001.WI,2021-04-07,0.16831791172317323,0.05223144360357103,2.7202496478808897,-0.0024772372074258753
CI011001.WI,2021-04-08,0.16825064152816016,0.052231479205104105,2.719144735939036,-0.001916794464701721
CI011001.WI,2021-04-09,0.16474243583889847,0.052134886576327304,2.66636459929095,-0.0011432102340591666
CI011001.WI,2021-04-12,0.16383512892259722,0.052155692197668524,2.6503711658229565,-0.0023098015928459947
CI011001.WI,2021-04-13,0.1639021956702491,0.052155501495576566,2.6514861878283513,-0.0018461581149967765
CI011001.WI,2021-04-14,0.1596620588368889,0.0520875627199498,2.5847666505272837,-0.0021078929043074623
CI011001.WI,2021-04-15,0.156900354621206,0.05199963256608903,2.543170518974211,-0.0008102404819103626
CI011001.WI,2021-04-16,0.16064270142710835,0.051911100160154905,2.6096698855717886,-2.693759098904014e-05
CI011001.WI,2021-04-19,0.16162793502717565,0.05190150166812527,2.6265011754146763,0.0
CI011001.WI,2021-04-20,0.14985437975896843,0.05102209175345268,2.4711174092277917,-0.0001362165579991137
CI011001.WI,2021-04-21,0.14421480126259079,0.050665872683023486,2.3910424675332966,0.0
CI011001.WI,2021-04-22,0.14345528815196396,0.05068866399926219,2.376883353352941,-0.0015277243327868062
CI011001.WI,2021-04-23,0.14502918328649206,0.05069472752468073,2.4037525672935365,-7.93504369018816e-05
CI011001.WI,2021-04-26,0.14355321387882425,0.05074403403719976,2.37603349262488,-0.002116948768363769
CI011001.WI,2021-04-27,0.14177821671450497,0.050751119307638724,2.3450846238594156,-0.0025889046441793795
CI011001.WI,2021-04-28,0.13972208618018045,0.05072669806486828,2.3106382394489238,-0.0022803235164402524
CI011001.WI,2021-04-29,0.1368265837906193,0.050627086839521634,2.264814241500289,-0.0010673301459620532
CI011001.WI,2021-04-30,0.1411390376155237,0.05049006720846059,2.3458524069553763,-0.00048049536038907714
CI011001.WI,2021-05-06,0.1501070333061516,0.050210665947917316,2.5146157293411706,0.0
CI011001.WI,2021-05-07,0.15125976685080667,0.0501935972962708,2.5354234061709824,0.0
CI011001.WI,2021-05-10,0.14666206224427336,0.050221290001894035,2.454328847605436,-0.0017910829318830146
CI011001.WI,2021-05-11,0.13783939565818182,0.04973870332470378,2.322287652535481,-0.0020347366807641487
CI011001.WI,2021-05-12,0.1313909178275845,0.049754535706957266,2.20727773133109,-0.0045042638354311215
CI011001.WI,2021-05-13,0.13125062638301377,0.04975129684554968,2.2049244405609394,-0.002787504061479984
CI011001.WI,2021-05-14,0.13545953647711606,0.04971403491189129,2.2812781361555947,-0.0009311079016594004
CI011001.WI,2021-05-17,0.12814870054131888,0.049546448575196855,2.1583910690956047,-0.0023886831913689788
CI011001.WI,2021-05-18,0.13330560206114184,0.049560057697538865,2.2498808435932482,0.0
CI011001.WI,2021-05-19,0.13729008045467062,0.04919145471983871,2.337752141734119,-0.00293436197652186
CI011001.WI,2021-05-20,0.14680869032279853,0.04876026866830369,2.529015198593979,-0.0007784763091371882
CI011001.WI,2021-05-21,0.14077177838011856,0.04876848465823879,2.420313697012526,-0.0029546149047606773
CI011001.WI,2021-05-24,0.1521206832458335,0.04828846962772189,2.649005197914341,0.0
CI011001.WI,2021-05-25,0.15935134728303701,0.048293730968231086,2.7783442850015225,0.0
CI011001.WI,2021-05-26,0.16474743407829773,0.04816764727140509,2.8819538151952075,0.0
CI011001.WI,2021-05-27,0.16094203203671698,0.04815206139009293,2.814868469623084,-0.0008058912613051472
CI011001.WI,2021-05-28,0.15549568223296983,0.047934293220032585,2.7292822397209546,-0.00036651378416607816
CI011001.WI,2021-05-31,0.15659324854760204,0.047956820404352195,2.7478313634940235,0.0
CI011001.WI,2021-06-01,0.16111627056186628,0.04794468584109757,2.8299692783012063,0.0
CI011001.WI,2021-06-02,0.15128747090617067,0.0480581550138573,2.646409127080526,-0.00430779542538251
CI011001.WI,2021-06-03,0.15159853227371056,0.0480493948530033,2.6525083689353726,-0.005158465653933519
CI011001.WI,2021-06-04,0.1534939651950833,0.047860623407483385,2.697162028275957,-0.009260802444877925
CI011001.WI,2021-06-07,0.15142486272368494,0.047903534636341366,2.657288350232277,-0.010717126280164968
CI011001.WI,2021-06-08,0.14785919589957253,0.047809878581323,2.5974919138114347,-0.010281155619283111
CI011001.WI,2021-06-09,0.15124017741118956,0.04777183720357119,2.6611230689147956,-0.008883197165371781
CI011001.WI,2021-06-10,0.15180816808798547,0.04777398950705084,2.671335832171665,-0.007873427487589346
CI011001.WI,2021-06-11,0.14963443022348866,0.04773361982581041,2.6339584165767174,-0.007247751987242368
CI011001.WI,2021-06-15,0.1367933131730219,0.047574094426572545,2.4064003718077265,-0.011629805388929104
CI011001.WI,2021-06-16,0.13253666875196735,0.047634682357638174,2.324605388222965,-0.013740258715483455
CI011001.WI,2021-06-17,0.12901274871100687,0.04775158666711767,2.253736395939887,-0.016549292219120937
CI011001.WI,2021-06-18,0.12732704292025065,0.04786155150947073,2.2174338406719363,-0.020263440233936225
CI011001.WI,2021-06-21,0.12895529465869582,0.04797905721275359,2.24221601514519,-0.015289335621172961
CI011001.WI,2021-06-22,0.12961095389870225,0.04799694630025263,2.253500540718944,-0.01307585802749378
CI011001.WI,2021-06-23,0.12837721411836323,0.047970339769463424,2.2319326132415074,-0.01198967897409342
CI011001.WI,2021-06-24,0.12767929256689992,0.047949092745332274,2.21999080583079,-0.010201692644639881
CI011001.WI,2021-06-25,0.13338190112560122,0.047803808902903325,2.332163070181201,-0.00858172366157206
CI011001.WI,2021-06-28,0.13211044916193315,0.047807184550577905,2.30851132848125,-0.008785273796619086
CI011001.WI,2021-06-29,0.13347797708502918,0.04774989059887636,2.336518760760105,-0.00993564782953471
CI011001.WI,2021-06-30,0.13306535921292806,0.04773636012549684,2.329536564955323,-0.00787450318724603
CI011001.WI,2021-07-01,0.13271898263714665,0.04773131109907776,2.3233692074848906,-0.0067525831452506235
CI011001.WI,2021-07-02,0.1314469838168364,0.047725661728011175,2.3000841949082877,-0.006580193600260187
CI011001.WI,2021-07-05,0.12817960107627457,0.04758569010141008,2.2459069833129597,-0.005258991521855827
CI011001.WI,2021-07-06,0.1241101657508421,0.047528222539441556,2.172498589739511,-0.00583657283754957
CI011001.WI,2021-07-07,0.12261410634012648,0.0475064615306824,2.1454255733014587,-0.005268048218965871
CI011001.WI,2021-07-08,0.12433732742055481,0.04753062000335809,2.1766445595937967,-0.0032994831471350183
CI011001.WI,2021-07-09,0.1278087756209063,0.04751691262199038,2.2421674477169025,-0.001498310821889004
CI011001.WI,2021-07-12,0.12897042827424676,0.047617723563846026,2.2591504845277584,0.0
CI011001.WI,2021-07-13,0.12366167417963259,0.04728708377537755,2.1748943152027644,0.0
CI011001.WI,2021-07-14,0.12180277188962552,0.0472200212680485,2.1428367634016,0.0
CI011001.WI,2021-07-15,0.11293399662904768,0.047480191105398355,1.964110694782732,-0.005066958938078736
CI011001.WI,2021-07-16,0.10173645907168893,0.04667229311487239,1.7805497896938725,-0.00599948198523903
CI011001.WI,2021-07-19,0.09913116373669828,0.04672938342098859,1.7277474514412885,-0.007909183336325953
CI011001.WI,2021-07-20,0.10025351841471464,0.04680127050987258,1.7469804938062228,-0.003779502403303936
CI011001.WI,2021-07-21,0.09731332848286156,0.04662659615425457,1.695940557968738,-0.0017246025552937194
CI011001.WI,2021-07-22,0.10163691913962558,0.046395119210446166,1.788961822312986,-0.0021150604022647235
CI011001.WI,2021-07-23,0.09523623500612177,0.04569498251937311,1.6881042135351236,0.0
CI011001.WI,2021-07-26,0.10213858664130537,0.045793873466618076,1.8217967013207186,0.0
CI011001.WI,2021-07-27,0.10053318617793239,0.04586126291434358,1.7873899361307082,-0.0024542001599655583
CI011001.WI,2021-07-28,0.11239061912920767,0.04430612449248659,2.0905139354655926,-0.0032780950310897783
CI011001.WI,2021-07-29,0.1128907359719944,0.044324874337376995,2.0997933185311197,-0.0007963997110608245
CI011001.WI,2021-07-30,0.11097104277050152,0.044205768226402924,2.0662610686957827,0.0
CI011001.WI,2021-08-02,0.11159731909035298,0.04423929156974061,2.077472895214564,0.0
CI011001.WI,2021-08-03,0.10563620865866108,0.043917157243838455,1.9699029481125012,0.0
CI011001.WI,2021-08-04,0.10540781118639408,0.043923867804988505,1.9649032680267335,-0.0011236060029673478
CI011001.WI,2021-08-05,0.11660482417036633,0.043544131521162974,2.213205245143795,0.0
CI011001.WI,2021-08-06,0.10983317851937424,0.0432437437741932,2.08755276551747,-0.0004909103373829105
CI011001.WI,2021-08-09,0.10653270379100377,0.04334505220602948,2.0140353838598988,-0.0030342176339236415
CI011001.WI,2021-08-10,0.09989668357892945,0.04309316425883256,1.8859166397406955,-0.0038536597508477266
CI011001.WI,2021-08-11,0.1021186753334018,0.0430232527665656,1.9358377262598687,-0.00394707417983009
CI011001.WI,2021-08-12,0.10158646327799614,0.0429917121731548,1.9259871595577411,-0.001023954084852896
CI011001.WI,2021-08-13,0.10027131278600754,0.04300298506982994,1.8977037387173468,-0.0016394623355199256
CI011001.WI,2021-08-16,0.09791118383085551,0.04299008121508518,1.8482917952198004,-0.0020772553310496322
CI011001.WI,2021-08-17,0.09229532113324601,0.042789343678888196,1.7368724112583027,-0.0026124074493230065
CI011001.WI,2021-08-18,0.0897086382992014,0.042787281168008166,1.6815228379318075,-0.0034098817027148343
CI011001.WI,2021-08-19,0.08941658267123209,0.042795706652399824,1.6749345857792461,-0.0045369079150688885
CI011001.WI,2021-08-20,0.09455870056542715,0.04272212594096985,1.788007663194696,-0.002505254604137752
CI011001.WI,2021-08-23,0.1008244525070845,0.04237836699566996,1.9369112719528967,-0.0018434982197188532
CI011001.WI,2021-08-24,0.11015700722030819,0.041493586296359415,2.1808532569699794,-0.001633545294878025
CI011001.WI,2021-08-25,0.11097782262217337,0.04150182570637574,2.1982447085951766,-0.0003856958330975546
CI011001.WI,2021-08-26,0.10442071291268862,0.041640939635019435,2.048823439411668,-0.003906709080739423
CI011001.WI,2021-08-27,0.1000171277414692,0.04128904973156194,1.969134712581467,-0.0019073614514732995
CI011001.WI,2021-08-30,0.0970939815868277,0.04116899214227666,1.9100997225276237,-0.0010173229186163368
CI011001.WI,2021-08-31,0.09867818140055418,0.04116115423969125,1.945524971996595,-0.00014530755553032737
CI011001.WI,2021-09-01,0.10590721758268762,0.040777416667412844,2.124340107077221,0.0
CI011001.WI,2021-09-02,0.10534436507918943,0.04077146166722957,2.112153243862532,0.0
CI011001.WI,2021-09-03,0.10539167661416826,0.04077087344415582,2.1132333605025915,-0.0001358885725926129
CI011001.WI,2021-09-06,0.10587907670829,0.040767009961846984,2.1242475921664212,0.0
CI011001.WI,2021-09-07,0.1039779097113962,0.0408246431433675,2.079142615615371,-0.001822529327210498
CI011001.WI,2021-09-08,0.0985219398604118,0.04086783670350561,1.955712933342209,-0.0042639277711551404
CI011001.WI,2021-09-09,0.09269894082987262,0.040665863632987444,1.8344817159630376,-0.005017377924901534
CI011001.WI,2021-09-10,0.09285123573201881,0.040664574425540494,1.8379670005543818,-0.0049672452157798475
CI011001.WI,2021-09-13,0.08806048308884917,0.04037798514571204,1.7418833634321578,-0.004202322580189599
CI011001.WI,2021-09-14,0.08769364104868327,0.040401117852289024,1.732559747438548,-0.00678855262184741
CI011001.WI,2021-09-15,0.0972652014966473,0.03980975284107914,1.977859404844592,-0.004780325223137316
CI011001.WI,2021-09-16,0.0970558614095065,0.03982004841570271,1.9725649187063006,-0.006639138819847568
CI011001.WI,2021-09-17,0.09664562258462683,0.039835977049636165,1.9623997075665942,-0.008137553563846822
CI011001.WI,2021-09-22,0.09863050787883254,0.03983081015465579,2.0080661877627777,-0.0069830756793803905
CI011001.WI,2021-09-23,0.10375235490541135,0.039690725887753436,2.132244490270219,-0.0054779743113481105
CI011001.WI,2021-09-24,0.10535657443179591,0.039676123281255214,2.169634858718171,-0.004755377666465388
CI011001.WI,2021-09-27,0.10650316344517652,0.03966635561223583,2.1963070479324065,-0.004209111030984758
CI011001.WI,2021-09-28,0.10240195203102997,0.03976910626369545,2.097325106778819,-0.006751725276283982
CI011001.WI,2021-09-29,0.09964166119948037,0.03986505906323064,2.029460502915367,-0.009122218351673927
CI011001.WI,2021-09-30,0.10183482609517203,0.039841723721441076,2.0806542248424473,-0.008215281325450463
CI011001.WI,2021-10-08,0.10691776472246217,0.03995917840374285,2.1898819238892755,-0.0045313248479735835
CI011001.WI,2021-10-11,0.10188377201090582,0.03998720016629164,2.074340424682188,-0.006648540824198634
CI011001.WI,2021-10-12,0.10116408510437025,0.040003445841222667,2.057175403887522,-0.0075730259957274
CI011001.WI,2021-10-13,0.10136350985401976,0.039998950512846174,2.0619311671986322,-0.008082295574374787
CI011001.WI,2021-10-14,0.10604660284987966,0.0401000982164281,2.162684302013851,-0.00464150140437769
CI011001.WI,2021-10-15,0.11080643950757008,0.04007534516258391,2.2711934463638945,-0.002323177573348212
CI011001.WI,2021-10-18,0.11237062391468156,0.04012272272751803,2.303644932193834,0.0
CI011001.WI,2021-10-19,0.11102310091056422,0.0401380299735499,2.272569776110734,-0.0006873692623086125
CI011001.WI,2021-10-20,0.10766657962384896,0.04032390138868454,2.1872140200266688,-0.004246288608142357
CI011001.WI,2021-10-21,0.10739785938481994,0.040324044851741715,2.181186924093315,-0.003983918124933816
CI011001.WI,2021-10-22,0.10537621855072454,0.040326454565117215,2.1357293212255155,-0.004544089796883255
CI011001.WI,2021-10-25,0.10669506446458144,0.04033591737339319,2.164811560912204,-0.0032316604440640884
CI011001.WI,2021-10-26,0.10658939128200617,0.04033793153996406,2.1623372652663555,-0.0037202240808862364
CI011001.WI,2021-10-27,0.10245330782879103,0.040492092793443894,2.0617421014958777,-0.006840060602796405
CI011001.WI,2021-10-28,0.10195753878390379,0.040506418109736486,2.049918562039906,-0.007953480705384597
CI011001.WI,2021-10-29,0.10231056308858011,0.04051044969697546,2.057628487220953,-0.006904982958814809
CI011001.WI,2021-11-01,0.10183802270998732,0.040525812657585245,2.0462793992717634,-0.008168881747542822
CI011001.WI,2021-11-02,0.10021669934809463,0.040518851860834024,2.0102675361326727,-0.008328353859895388
CI011001.WI,2021-11-03,0.1012365537764397,0.04051659562637154,2.0332538920200087,-0.007585293229983026
CI011001.WI,2021-11-04,0.09917091385263932,0.04057269650916236,1.9842055288789782,-0.009335312158599729
CI011001.WI,2021-11-05,0.09892649616826032,0.04058117771214976,1.978317094983077,-0.010599482446987052
CI011001.WI,2021-11-08,0.10443321847546705,0.04057370784122607,2.101916622087989,-0.007802187520267068
CI011001.WI,2021-11-09,0.10452685568080544,0.04057290432275583,2.104047837958672,-0.007745579841313188
CI011001.WI,2021-11-10,0.10743200469015268,0.040497860529582465,2.1727598177726177,-0.0071888019151042926
CI011001.WI,2021-11-11,0.10496357379247656,0.040479149203319506,2.11859723636296,-0.007560926135565138
CI011001.WI,2021-11-12,0.10760310838975795,0.04043226107320339,2.180042211122429,-0.006762547450080314
CI011001.WI,2021-11-15,0.10591370028123759,0.04044477299220324,2.1416234237861755,-0.007445470905468654
CI011001.WI,2021-11-16,0.10760058061278577,0.04050404622541525,2.1761934834143375,-0.004731729998883161
CI011001.WI,2021-11-17,0.10528770415443556,0.040522811484456,2.1235985499258687,-0.005729728808832268
CI011001.WI,2021-11-18,0.10296041787327948,0.04051621816003864,2.071893028347273,-0.006258576207595623
CI011001.WI,2021-11-19,0.10355781458108826,0.04051784775997296,2.0851806521047505,-0.005477946812334489
CI011001.WI,2021-11-22,0.10046400256022148,0.04049698186614694,2.016883026051592,-0.006190260105836787
CI011001.WI,2021-11-23,0.09854484454807322,0.04056882811761749,1.9703413936275547,-0.00833269785444346
CI011001.WI,2021-11-24,0.1008279936692067,0.040554363127039035,2.0222442773613816,-0.007205024019744544
CI011001.WI,2021-11-25,0.10129809494733011,0.04055488141225579,2.0327507697282114,-0.0065617395146068125
CI011001.WI,2021-11-26,0.1013074006654966,0.04055453739430799,2.0329761055309676,-0.007809687698353884
CI011001.WI,2021-11-29,0.1023926888924005,0.04057527595255161,2.0562421788501952,-0.006092248728847061
CI011001.WI,2021-11-30,0.10131770677489693,0.040660260237234784,2.0280257074662575,-0.009703397821629323
CI011001.WI,2021-12-01,0.10130900104196217,0.040660734084918645,2.02780806103489,-0.011733808023337566
CI011001.WI,2021-12-02,0.10512856879582455,0.040565193524020944,2.117871351132232,-0.010739712020990111
CI011001.WI,2021-12-03,0.10148789206004771,0.04054943333589196,2.0372700120521157,-0.01179285919922457
CI011001.WI,2021-12-06,0.09897189157703101,0.040245537156217176,1.9955086206570962,-0.007297198154060269
CI011001.WI,2021-12-07,0.09642930987554177,0.04024370197773133,1.9380199835606113,-0.008045383340041123
CI011001.WI,2021-12-08,0.09509163955016442,0.04028056382640247,1.9059654319526314,-0.009489320340309915
CI011001.WI,2021-12-09,0.09299172675108514,0.0402528864988832,1.859547487883287,-0.009511990561857475
CI011001.WI,2021-12-10,0.09186418581629563,0.0401831397985568,1.8370107789533352,-0.0070009920258174985
CI011001.WI,2021-12-13,0.08425364968294691,0.03975246943549062,1.6804691813834438,-0.007720533997747303
CI011001.WI,2021-12-14,0.08294968012184811,0.03975439358777827,1.6501100040690644,-0.008061232132649865
CI011001.WI,2021-12-15,0.08601642278181387,0.039756603380993655,1.7211723726132195,-0.006305138399157251
CI011001.WI,2021-12-16,0.08671894083718246,0.039737062966527556,1.7382783104147501,-0.006844065222770479
CI011001.WI,2021-12-17,0.08047249056689654,0.039694751117734295,1.59482015890731,-0.009100634640634708
CI011001.WI,2021-12-20,0.0805973732884111,0.03968666302092484,1.5980501940317995,-0.011483994399369313
CI011001.WI,2021-12-21,0.08193019181387062,0.03972763421871862,1.6274800518065025,-0.009266792432096271
CI011001.WI,2021-12-22,0.08569472914950405,0.03972917416353263,1.7148741759917812,-0.007208655327686997
CI011001.WI,2021-12-23,0.0877514768360399,0.03978362597870918,1.7601696944915604,-0.004807580216186436
CI011001.WI,2021-12-24,0.0897628853093746,0.03971975105003481,1.8094641538242264,-0.004914042020070064
CI011001.WI,2021-12-27,0.09163024367602679,0.03978247738916471,1.849724392054196,-0.002273809646226921
CI011001.WI,2021-12-28,0.09132476137948342,0.03977438834931215,1.84305338469586,-0.0009230988414533625
CI011001.WI,2021-12-29,0.09033672711626428,0.039774435130074344,1.8202708395649643,-0.0010299000199112118
CI011001.WI,2021-12-30,0.08517350645529298,0.03936743269986757,1.7180695445181897,0.0
CI011001.WI,2021-12-31,0.08505227873910615,0.03936625453930483,1.7152809238447468,0.0
CI011001.WI,2022-01-04,0.08395088182949118,0.03935568228565154,1.6899176545905872,0.0
CI011001.WI,2022-01-05,0.08555866000475021,0.03918961839877156,1.734744656743151,-0.00333666267430488
CI011001.WI,2022-01-06,0.08259764299700323,0.03931474474582488,1.6598512514149506,-0.006161111222970472
CI011001.WI,2022-01-07,0.07984847375854476,0.03929560392925129,1.5959148010315118,-0.006821589830480201
CI011001.WI,2022-01-10,0.07561550351880686,0.039116843307753134,1.5025912327199564,-0.006716442042925985
CI011001.WI,2022-01-11,0.07512613029129356,0.03910382100479438,1.491437695404198,-0.0055476135418148775
CI011001.WI,2022-01-12,0.07882914354248016,0.039137251379626564,1.578076454549109,-0.0031646365550791478
CI011001.WI,2022-01-13,0.07307804225935599,0.03900940634700001,1.4460593351029563,-0.004612604975761547
CI011001.WI,2022-01-14,0.07319137363981154,0.0390117286420996,1.4486834086074838,-0.003428624617449527
CI011001.WI,2022-01-17,0.07228797027762335,0.038982824990274084,1.4281196911383673,-0.0022417969302677143
CI011001.WI,2022-01-18,0.07175537590640291,0.038959447267081976,1.4161977808918458,-0.00039316866145788776
CI011001.WI,2022-01-19,0.06703010081328031,0.03858610967765096,1.3149828670456372,0.0
CI011001.WI,2022-01-20,0.06033869178166307,0.03803658025344901,1.1680028538234069,0.0
CI011001.WI,2022-01-21,0.0595718380625605,0.03801424764151611,1.1496306162483445,0.0
CI011001.WI,2022-01-24,0.07227866465813992,0.03745073964666519,1.4847536280874185,0.0
CI011001.WI,2022-01-25,0.06388860848421563,0.03698989468060793,1.2903729884576167,-0.0015033996851728793
CI011001.WI,2022-01-26,0.061177513784477666,0.036989930342381794,1.221375698088515,-0.0025350131969161804
CI011001.WI,2022-01-27,0.06223082845830352,0.03693016588509036,1.2501631904508494,-0.004017909222657212
CI011001.WI,2022-01-28,0.06746065188943384,0.036765666589021515,1.3892111020501683,-0.002549018980698814
CI011001.WI,2022-02-07,0.06955732561537165,0.036839747354472284,1.4397695660177083,0.0
CI011001.WI,2022-02-08,0.07046807158749568,0.03682456770332494,1.4634679661592147,0.0
CI011001.WI,2022-02-09,0.06325449221539192,0.036654581329399,1.285572190327153,-0.0022063273590584576
CI011001.WI,2022-02-10,0.06082641868849192,0.03657394795691467,1.2258011528736061,-0.0018262290647171886
CI011001.WI,2022-02-11,0.05683310687999876,0.036999731564619984,1.1101633371447832,-0.007617350256723721
CI011001.WI,2022-02-14,0.05699692797644529,0.037008925065593785,1.1140857836221822,-0.005155278788010587
CI011001.WI,2022-02-15,0.06580288901676723,0.036344061353774146,1.362129022705106,-0.003721906608862624
CI011001.WI,2022-02-16,0.0639433700123706,0.03645155083251507,1.310301724986374,-0.006566601159099461
CI011001.WI,2022-02-17,0.07425062016614925,0.0358254002156244,1.6017575753455002,-0.0038489202360479924
CI011001.WI,2022-02-18,0.07848672942783219,0.035751052427237695,1.7151291020414783,-0.002267056906750553
CI011001.WI,2022-02-21,0.06809355817340523,0.035821385784487916,1.4414285062877235,-0.00707367941679693
CI011001.WI,2022-02-22,0.06763272173178847,0.03578754368326989,1.4306961157190907,-0.004258912010628113
CI011001.WI,2022-02-23,0.07038881209331449,0.035612956704946616,1.5099486692938966,-0.005114680210118849
CI011001.WI,2022-02-24,0.07642392773087914,0.036073440698753734,1.6470320981171254,0.0
CI011001.WI,2022-02-25,0.07217674862088974,0.03619644253335785,1.53230454382255,-0.0028087805326945103
CI011001.WI,2022-02-28,0.0711143044887681,0.03615156650251201,1.5067305847617785,-0.0014043734491148152
CI011001.WI,2022-03-01,0.06581663586772901,0.03597815343635327,1.3759720164976328,-0.002366050070686132
CI011001.WI,2022-03-02,0.06681668691747888,0.036075237720306845,1.3983691456389837,0.0
CI011001.WI,2022-03-03,0.06304100639384713,0.035455959158024276,1.3221531613814643,0.0
CI011001.WI,2022-03-04,0.0607573414887288,0.0354997231473467,1.2599729247665818,-0.0015533750408774916
CI011001.WI,2022-03-07,0.07009109471231145,0.03709827256294782,1.4434342863558334,0.0
CI011001.WI,2022-03-08,0.07082292666945644,0.0371719756121109,1.4590422483329721,0.0
CI011001.WI,2022-03-09,0.07372078708982821,0.03709501341586206,1.5348675558088332,0.0
CI011001.WI,2022-03-10,0.05470471893071083,0.039560278663312354,0.9898157870668957,-0.013933147492191433
CI011001.WI,2022-03-11,0.06672116340041856,0.03877290068908231,1.3013709850523107,-0.010808287817880124
CI011001.WI,2022-03-14,0.062024803637574344,0.03866934026006957,1.1906204623774341,-0.01185089533879713
CI011001.WI,2022-03-15,0.06113099178124681,0.038797135051747464,1.1651194970838072,-0.01784639885930117
CI011001.WI,2022-03-16,0.059718172912720746,0.03877871513110951,1.1312896451206471,-0.017745364363510374
CI011001.WI,2022-03-17,0.06376615964001764,0.03865859649794704,1.2333305734227735,-0.016832893487057632
CI011001.WI,2022-03-18,0.06317898234399033,0.03859999360703567,1.2208373869617077,-0.012864631157919137
CI011001.WI,2022-03-21,0.06272332132631453,0.038589929759031485,1.2100345520613673,-0.011944522613488884
CI011001.WI,2022-03-22,0.06550239576871753,0.038690825330196105,1.2744962467496732,-0.008938902738380494
CI011001.WI,2022-03-23,0.06668641624793725,0.03862736271057499,1.3052862042142712,-0.010319839198118519
CI011001.WI,2022-03-24,0.06483482977007005,0.038441742716684345,1.2661987804569346,-0.006889308199787059
CI011001.WI,2022-03-25,0.06630112838353752,0.03843739353857627,1.3021472017403823,-0.006072867829760464
CI011001.WI,2022-03-28,0.05992389671631826,0.03848707563462806,1.1446162228387387,-0.009124840448457516
CI011001.WI,2022-03-29,0.0624163922133707,0.038327709462280854,1.21051320479983,-0.010305518570660532
CI011001.WI,2022-03-30,0.0625398732134188,0.038330454798214134,1.2134620223585024,-0.009115523810364068
CI011001.WI,2022-03-31,0.06384842337372998,0.03824389997540731,1.248311960341383,-0.01092733009118707
CI011001.WI,2022-04-01,0.06782513496329412,0.037932708417049335,1.3566260994661075,-0.011973196789387686
CI011001.WI,2022-04-06,0.06610633634937302,0.03782834288714143,1.3176689832325423,-0.010105556521969206
CI011001.WI,2022-04-07,0.06371811566417018,0.03794705387253906,1.2545508869202122,-0.01294456330382332
CI011001.WI,2022-04-08,0.06731734583853055,0.037840107272294074,1.347280716843218,-0.012208252605596881
CI011001.WI,2022-04-11,0.06780314734692916,0.03783880043439119,1.3593553197018058,-0.011831274433130257
CI011001.WI,2022-04-12,0.06521976218818448,0.037738934160037506,1.2986514259214212,-0.011244260391277683
CI011001.WI,2022-04-13,0.06850264148925711,0.037866809322536964,1.3756760849374265,-0.007919142379431143
CI011001.WI,2022-04-14,0.06839813983984921,0.03786932848200368,1.3730036535782308,-0.00866858854973973
CI011001.WI,2022-04-15,0.07060117571972557,0.03792798534151766,1.4252633643111905,-0.006314869973311654
CI011001.WI,2022-04-18,0.06738516503025904,0.038034431280234766,1.3422613150525784,-0.008873554587795707
CI011001.WI,2022-04-19,0.06522909008973743,0.0379284172370406,1.2925828417012597,-0.007660976033392886
CI011001.WI,2022-04-20,0.06070568120298603,0.038050681362548494,1.1766873149642716,-0.01060704185086514
CI011001.WI,2022-04-21,0.06102989467367359,0.03804859526520053,1.1847837960998355,-0.01047697104836598
CI011001.WI,2022-04-22,0.05877865512092795,0.0380896562379356,1.127771208655297,-0.012021722317832051
CI011001.WI,2022-04-25,0.057380375661299166,0.038093581914507,1.0929594625472505,-0.012561758117425437
CI011001.WI,2022-04-26,0.055023932901757444,0.03824001422420548,1.0305638649981048,-0.015913015389505958
CI011001.WI,2022-04-27,0.054068454969135926,0.03824481889262931,1.0067431709804293,-0.01634734191377052
CI011001.WI,2022-04-28,0.053426899655366844,0.03825723047788817,0.9905114051686894,-0.01720381419871453
CI011001.WI,2022-04-29,0.05528255848629082,0.0383482802276084,1.0341548181721851,-0.014192301467709667
CI011001.WI,2022-05-05,0.053816206943458456,0.038352833493728734,0.9977733442760461,-0.014790376959736729
CI011001.WI,2022-05-06,0.05221420015027456,0.03837395126588803,0.9575916107816228,-0.01585744477077189
CI011001.WI,2022-05-09,0.05370018621967376,0.03838732649835892,0.9940423480827686,-0.01460183849202934
CI011001.WI,2022-05-10,0.05257282721951917,0.03835955378229559,0.9668221772527941,-0.013948587433060156
CI011001.WI,2022-05-11,0.05253483342957588,0.038361206339061954,0.9658410115823354,-0.015490540418999776
CI011001.WI,2022-05-12,0.053295110894182374,0.03839157534927312,0.9839190962204498,-0.013350248573171686
CI011001.WI,2022-05-13,0.05373655479452788,0.03836927275068305,0.995391751269735,-0.014948134308654604
CI011001.WI,2022-05-16,0.052385036068152147,0.0384135952967596,0.960869908486383,-0.01667684802923808
CI011001.WI,2022-05-17,0.05483520029349975,0.03849043677168698,1.0194581487717196,-0.01408254291151334
CI011001.WI,2022-05-18,0.051392160285499644,0.03854380942497122,0.9332592373123269,-0.016105899426924752
CI011001.WI,2022-05-19,0.05161105205799088,0.03854646477682909,0.9385991950494937,-0.015322939696265636
CI011001.WI,2022-05-20,0.048969991910744914,0.03846736396696817,0.8750678782970931,-0.015181741601626775
CI011001.WI,2022-05-23,0.05061904880100632,0.038500224724499994,0.9151624041981328,-0.013425769307399027
CI011001.WI,2022-05-24,0.05243224325365148,0.038449335096410825,0.961179208298772,-0.013493191479891586
CI011001.WI,2022-05-25,0.05452689335662897,0.03847744056423944,1.0121907689634217,-0.01177102903485816
CI011001.WI,2022-05-26,0.06063949194389373,0.038506310821132254,1.1615939579889862,-0.008502337587295017
CI011001.WI,2022-05-27,0.06058667148914498,0.03850440771175939,1.1603557668771391,-0.006841934905735925
CI011001.WI,2022-05-30,0.056296292397322256,0.0385459329861882,1.0539631347981446,-0.009018176464631433
CI011001.WI,2022-05-31,0.05654680502836151,0.038536301419501866,1.0603718100487431,-0.010229273574814512
CI011001.WI,2022-06-01,0.051193586002745706,0.03851384373305107,0.9290501600009213,-0.012367195109890927
CI011001.WI,2022-06-02,0.053857977232321774,0.03838999899869361,0.9978768002674375,-0.012769324913111668
CI011001.WI,2022-06-06,0.052081704911051574,0.0383409376025466,0.9550979254262911,-0.012302274932080692
CI011001.WI,2022-06-07,0.053826458074977435,0.03827336221998036,1.0000198016209558,-0.012818903913001223
CI011001.WI,2022-06-08,0.05197865576498617,0.03817852927080376,0.9564326786192305,-0.011455810625866092
CI011001.WI,2022-06-09,0.04950935444747362,0.03803126262135577,0.8981847287293234,-0.010078232106359386
CI011001.WI,2022-06-10,0.04761790432728774,0.038006379931370605,0.8512771924183491,-0.010265848786552345
CI011001.WI,2022-06-13,0.050148228589280475,0.038019671855602455,0.914456342857052,-0.00867487645742826
CI011001.WI,2022-06-14,0.05097287953924057,0.03803282097294701,0.9347964595103702,-0.007460158039152565
CI011001.WI,2022-06-15,0.04764088309295045,0.03799889608011634,0.8520147753598669,-0.008443277344398648
CI011001.WI,2022-06-16,0.04428207856958877,0.03794743470592473,0.7684809792783366,-0.009256392695176197
CI011001.WI,2022-06-17,0.05026533310141734,0.03769886253176764,0.924875086754947,-0.007872262900119997
CI011001.WI,2022-06-20,0.048868261836830795,0.037759470668656044,0.8881921993155949,-0.010038496480285986
CI011001.WI,2022-06-21,0.05373122901013061,0.03751111576958186,1.0171636451439698,-0.009549784492663194
CI011001.WI,2022-06-22,0.05450251462647571,0.037485354748280936,1.0373604375605767,-0.010281782542160833
CI011001.WI,2022-06-23,0.055719681317330405,0.0375101633515349,1.0674597467161875,-0.008702727608760674
CI011001.WI,2022-06-24,0.05488856296761346,0.03749323882621302,1.0469147464844732,-0.008084043581586875
CI011001.WI,2022-06-27,0.05232863706284174,0.037519626578348314,0.9814336975134793,-0.009483020739823989
CI011001.WI,2022-06-28,0.052481539053486514,0.037521563371199156,0.9852578853126072,-0.008714348715640474
CI011001.WI,2022-06-29,0.05585785354927264,0.03726178874605561,1.0778390811430825,-0.0099239643816037
CI011001.WI,2022-06-30,0.06079620779045314,0.03725808561983205,1.2032106814900625,-0.007417261998743374
CI011001.WI,2022-07-01,0.0640799959691658,0.03712911176855204,1.290526374313233,-0.007180428449470422
CI011001.WI,2022-07-04,0.06766833276121997,0.03691476051034537,1.389027179086952,-0.007594574411362909
CI011001.WI,2022-07-05,0.06172210863984784,0.0366049115103755,1.2478646475321353,-0.008111269234248653
CI011001.WI,2022-07-06,0.05918420208520425,0.03655135972603322,1.1841483913248014,-0.008257965132992151
CI011001.WI,2022-07-07,0.057991048269042,0.036541814535335886,1.1535965252207776,-0.008284894496809914
CI011001.WI,2022-07-08,0.05538973293653693,0.036517672208131874,1.086907445081606,-0.008932976961501193
CI011001.WI,2022-07-11,0.05332804174674033,0.03649369223437752,1.0340045709877066,-0.009250137708470496
CI011001.WI,2022-07-12,0.05272135486180329,0.03650479480071269,1.0179153610965235,-0.010024077089879957
CI011001.WI,2022-07-13,0.05408864948465286,0.036479059692153655,1.0541966666511915,-0.009888706009172243
CI011001.WI,2022-07-14,0.05190440718755718,0.0364312502743664,0.9985830052205374,-0.00988340573096369
CI011001.WI,2022-07-15,0.04934642972955339,0.036450369282994305,0.9312695504090907,-0.011174204540172261
CI011001.WI,2022-07-18,0.05013730568446029,0.0364577432794721,0.9517575973749588,-0.010257190568112029
CI011001.WI,2022-07-19,0.048303693280790094,0.03644510476676087,0.9041143651807757,-0.010671336530004627
CI011001.WI,2022-07-20,0.04921028268791483,0.03643700769787445,0.9280360373486057,-0.010390685152808055
CI011001.WI,2022-07-21,0.047670225414659706,0.03645128287578833,0.8873814337868459,-0.011278169003419936
CI011001.WI,2022-07-22,0.04579891347696119,0.0364068788863308,0.8393054484615937,-0.011091013216984469
CI011001.WI,2022-07-25,0.043483895235888914,0.03637491874410207,0.7790768017570581,-0.011496961854194021
CI011001.WI,2022-07-26,0.03831476558383273,0.035964957987682906,0.6494462346371433,-0.010868566137134827
CI011001.WI,2022-07-27,0.03644096193538293,0.035946678000145206,0.5995017426465883,-0.011257461705325378
CI011001.WI,2022-07-28,0.03491493225270359,0.035919609416909054,0.5588997203879679,-0.011196821255261225
CI011001.WI,2022-07-29,0.039153104087218615,0.035556008172727846,0.6792072381034715,-0.012178228669408875
CI011001.WI,2022-08-01,0.040542605401650444,0.035539901629692526,0.7171036354994973,-0.011784460795784324
CI011001.WI,2022-08-02,0.04254557285787741,0.035478810560117834,0.772489831351658,-0.011784460795784324
CI011001.WI,2022-08-03,0.03834176522531707,0.03525141040859158,0.6626112921337354,-0.011672233165888501
CI011001.WI,2022-08-04,0.03630638478764192,0.03519919388470394,0.6077899756762282,-0.01157495166212108
CI011001.WI,2022-08-05,0.03675113614174674,0.035195260131886924,0.6200471030186789,-0.011537520504834031
CI011001.WI,2022-08-08,0.03356812003613352,0.035085694497343056,0.5342221933710042,-0.011690306785369975
CI011001.WI,2022-08-09,0.029057961648708552,0.03484374086478556,0.4121653427893414,-0.011832097457696866
CI011001.WI,2022-08-10,0.03511759076067289,0.0349037925821053,0.5797493623292692,-0.008452692745440027
CI011001.WI,2022-08-11,0.0347686759247845,0.03491476748223423,0.5699208054436349,-0.009605585558275953
CI011001.WI,2022-08-12,0.035039083166755525,0.0349334616748075,0.5771149932860136,-0.006880189087589694
CI011001.WI,2022-08-15,0.04029591430855617,0.03565578741448111,0.7082342794265515,0.0
CI011001.WI,2022-08-16,0.04003500515451819,0.03563429148178133,0.7015999196815653,0.0
CI011001.WI,2022-08-17,0.03817614465081287,0.0356700424619008,0.6507731275387961,-0.001449279022139538
CI011001.WI,2022-08-18,0.04121929849803774,0.035685150543481696,0.7325473242087747,0.0
CI011001.WI,2022-08-19,0.03666742477332963,0.035504073079668214,0.6126824900237859,-0.000577133778718264
CI011001.WI,2022-08-22,0.03530959076292328,0.03555173458240375,0.5750369248934162,-0.0023761690040738914
CI011001.WI,2022-08-23,0.03739135364343449,0.03545611601642495,0.6331547216339477,-0.0029137977723764363
CI011001.WI,2022-08-24,0.039046171323521506,0.03544815671211534,0.6782600396048444,-0.002144122146213845
CI011001.WI,2022-08-25,0.039228730713641635,0.03544735671769477,0.6832315003985102,-0.0020623910333790185
CI011001.WI,2022-08-26,0.03170549937550371,0.03561892398257172,0.4761025554294685,-0.006379255968207209
CI011001.WI,2022-08-29,0.031988139945455574,0.0356142457868722,0.4838526340852055,-0.006719425252914024
CI011001.WI,2022-08-30,0.033703149173738955,0.03562647924580583,0.5303125102455142,-0.005505031397467719
CI011001.WI,2022-08-31,0.03247560413872996,0.03566864519797625,0.4964102942276555,-0.007218696459236451
CI011001.WI,2022-09-01,0.033089962611817736,0.0356580533269722,0.5132316420778309,-0.007422221027418741
CI011001.WI,2022-09-02,0.034193794544404854,0.03563607793682901,0.5434972129725121,-0.007485363475601692
CI011001.WI,2022-09-05,0.034267027139915474,0.035639956510815335,0.5454289721860052,-0.005389303026706704
CI011001.WI,2022-09-06,0.035813653413670155,0.035693552542864874,0.5865328423437121,-0.003241148418848927
CI011001.WI,2022-09-07,0.03336271148222392,0.03576740053503801,0.5191527246640036,-0.00539051604362395
CI011001.WI,2022-09-08,0.030993987123769884,0.035769067832574226,0.45496376173298836,-0.006430104326011765
CI011001.WI,2022-09-09,0.036450792270263266,0.03561783390516136,0.6049707572755043,-0.004689621755097795
CI011001.WI,2022-09-13,0.034134474628935596,0.03557062718385474,0.5428188454808851,-0.004920685085727516
CI011001.WI,2022-09-14,0.031570522138039125,0.03560421776447297,0.472608999601621,-0.006502655851364114
CI011001.WI,2022-09-15,0.031105403624795525,0.03559757066409252,0.4600200514189259,-0.006083771603995314
CI011001.WI,2022-09-16,0.027724033188431196,0.035642868676491135,0.3673123948769788,-0.008085183949097963
CI011001.WI,2022-09-19,0.028109822544053475,0.035650250195013916,0.377772470200515,-0.007095919476658552
CI011001.WI,2022-09-20,0.029474682450126632,0.035665671569514855,0.4148259360020766,-0.005912900139857569
CI011001.WI,2022-09-21,0.030161969381167886,0.0356747159000773,0.4334395501343616,-0.004984220944802553
CI011001.WI,2022-09-22,0.03214161210234945,0.03562135773724369,0.4879379291395402,-0.0048890482931540635
CI011001.WI,2022-09-23,0.03302007964227105,0.03556984551613656,0.5125139289412057,-0.006478067670607546
CI011001.WI,2022-09-26,0.028690506803203952,0.035919656375450554,0.39092893172785387,-0.011390720617287964
CI011001.WI,2022-09-27,0.028687662710653816,0.03591966146036784,0.39085190157407484,-0.01134364244719932
CI011001.WI,2022-09-28,0.024904394455040224,0.03604075224335899,0.28741572331990817,-0.014222459434419354
CI011001.WI,2022-09-29,0.026186529878544862,0.03596852433764258,0.32268241812848963,-0.015552680013349751
CI011001.WI,2022-09-30,0.023336509445152753,0.035927262470492334,0.24559349844370526,-0.01630179992039993
CI011001.WI,2022-10-10,0.029374498269368887,0.03608672986426082,0.4077060571173756,-0.012345823910596021
CI011001.WI,2022-10-11,0.033158412946713955,0.036107352932784435,0.5091253683444651,-0.010210553509454767
CI011001.WI,2022-10-12,0.03226762966685648,0.036092900295543615,0.4854132358999143,-0.00991287260109508
CI011001.WI,2022-10-13,0.02994323083238548,0.03607633705330326,0.42312549821022777,-0.010645010271302713
CI011001.WI,2022-10-14,0.03104567501046418,0.03611031583156171,0.45239119583615905,-0.008866399628095545
CI011001.WI,2022-10-17,0.028237568637997423,0.036180871288383834,0.3761916647037755,-0.011023274844061737
CI011001.WI,2022-10-18,0.030844703111125193,0.03608199825414203,0.4473146141939035,-0.011047305692721165
CI011001.WI,2022-10-19,0.031806204806446026,0.036028976941184745,0.47379949061986437,-0.012487320694789972
CI011001.WI,2022-10-20,0.03069114242735549,0.03602144758020822,0.44386978080485356,-0.012651635310725773
CI011001.WI,2022-10-21,0.02692583430162454,0.035840525937337796,0.3438028441989921,-0.01260452435639614
CI011001.WI,2022-10-24,0.03269201298096669,0.0359276203732069,0.4989231873927958,-0.009172145459743208
CI011001.WI,2022-10-25,0.03463359915465425,0.03592103595352329,0.5513063249666631,-0.008233139228770447
CI011001.WI,2022-10-26,0.034422422580260736,0.035925325874691896,0.5455619674563179,-0.008944393337455447
CI011001.WI,2022-10-27,0.031969214312838945,0.03578226455016366,0.4812353862421721,-0.007865103339206092
CI011001.WI,2022-10-28,0.02928471119223608,0.03571612694311614,0.40912310393006607,-0.008141179432740842
CI011001.WI,2022-10-31,0.02512698802655966,0.03567780127350198,0.29606321841379785,-0.009707479331175328
CI011001.WI,2022-11-01,0.027878930966962923,0.035719118213719224,0.37082464223621425,-0.007731573125577373
CI011001.WI,2022-11-02,0.0324915307486362,0.03553689798364113,0.4985533879619524,-0.00682846563850914
CI011001.WI,2022-11-03,0.0316450777153523,0.035543251986941436,0.47539287972211375,-0.007381207941916879
CI011001.WI,2022-11-04,0.03373996333228568,0.03556171594711385,0.5322154078819885,-0.0059249647405488215
CI011001.WI,2022-11-07,0.03575622857072425,0.03568044375305321,0.5851811070157725,-0.0026728991694441318
CI011001.WI,2022-11-08,0.03650699455214901,0.03567491307897625,0.6055800161098466,-0.002439180315292666
CI011001.WI,2022-11-09,0.041021693990292096,0.0355385388429342,0.7300823817489256,-0.0012315727977350033
CI011001.WI,2022-11-10,0.0472587722674187,0.03582434661662729,0.891311415849171,0.0
CI011001.WI,2022-11-11,0.04526892007365735,0.03582840549759491,0.8381222305107222,-0.0008451621628154937
CI011001.WI,2022-11-14,0.032440597711644203,0.03833564999279049,0.4635751369194462,-0.014363542880064917
CI011001.WI,2022-11-15,0.03349918228819959,0.038341560269767656,0.49024118232959074,-0.013511586231497286
CI011001.WI,2022-11-16,0.03204846760663993,0.03834464838483558,0.4535670201962658,-0.014158173015046627
CI011001.WI,2022-11-17,0.034004920644256975,0.03829759510973336,0.5035361563538077,-0.014031037733568619
CI011001.WI,2022-11-18,0.03564864946723789,0.03827173917989198,0.545359784547882,-0.013723848579658582
CI011001.WI,2022-11-21,0.03090436101051619,0.03822380507607979,0.4258585231792027,-0.015466274851321682
CI011001.WI,2022-11-22,0.03223040251817033,0.038243194316588035,0.459279001958708,-0.014143636735432619
CI011001.WI,2022-11-23,0.03209487394981525,0.03824192886701583,0.4558589522304665,-0.013719961349829224
CI011001.WI,2022-11-24,0.03340957105994313,0.03824630993674932,0.48909979576957535,-0.0128337709461257
CI011001.WI,2022-11-25,0.033515904866903146,0.03824826279624621,0.49176720385326006,-0.011937976798137795
CI011001.WI,2022-11-28,0.03205711683407486,0.03830463773838221,0.4542199535207875,-0.014011013600077837
CI011001.WI,2022-11-29,0.03000786795797472,0.03822029566856834,0.40312889548620306,-0.013278352441735697
CI011001.WI,2022-11-30,0.03362792982999885,0.03827795139254239,0.4942473925722259,-0.010803330343324036
CI011001.WI,2022-12-01,0.03484600133216964,0.03827549590297295,0.5250511663807566,-0.01016438735624603
CI011001.WI,2022-12-02,0.03437824032401249,0.038270495006787614,0.5132995648819192,-0.009834593470891106
CI011001.WI,2022-12-05,0.031236394885663765,0.038458340501678574,0.431869383645637,-0.013549184563712346
CI011001.WI,2022-12-06,0.028560011903997484,0.03869897675765885,0.3622643596998431,-0.01823038925216891
CI011001.WI,2022-12-07,0.026560809613455527,0.038696283661927754,0.3120030700523813,-0.019024396777061914
CI011001.WI,2022-12-08,0.02791284237327729,0.03873720158498607,0.34569517066082334,-0.017095938792136445
CI011001.WI,2022-12-09,0.03096233196185505,0.03874543171614966,0.4220940936121878,-0.015418354127290756
CI011001.WI,2022-12-12,0.028034770888779148,0.038731399205082805,0.3488039070179748,-0.016514781599748507
CI011001.WI,2022-12-13,0.0328348340220288,0.038558673693602365,0.4710188762469433,-0.015512692948695839
CI011001.WI,2022-12-14,0.037000717611361145,0.03854013331984682,0.5756866285584445,-0.013568457383874799
CI011001.WI,2022-12-15,0.03070168141071039,0.0388822339215608,0.4142417839059903,-0.018574098766996783
CI011001.WI,2022-12-16,0.029576888270846924,0.03893091357241753,0.3857222342865982,-0.020688784459965692
CI011001.WI,2022-12-19,0.024132517004235243,0.03868558896518177,0.25085550018240027,-0.021435720571546968
CI011001.WI,2022-12-20,0.023035692548423636,0.03872401514364453,0.22297070390238696,-0.023220481715973573
CI011001.WI,2022-12-21,0.02736511633604133,0.038784829167042685,0.3315754932681826,-0.020514675762566714
CI011001.WI,2022-12-22,0.0278028404813635,0.03878570241260755,0.3425528768607215,-0.020119778944019284
CI011001.WI,2022-12-23,0.023111294875582278,0.038768607415860704,0.22466492588047904,-0.022119807689920612
CI011001.WI,2022-12-26,0.025195193155429285,0.03877890404040905,0.27709125074888585,-0.020838067151732087
CI011001.WI,2022-12-27,0.027686531967927808,0.03882697209690886,0.3393149559369658,-0.018795605535676607
CI011001.WI,2022-12-28,0.02578273084386762,0.03879169589695598,0.29178361342086945,-0.01887942597048453
CI011001.WI,2022-12-29,0.02552762239315487,0.03879664994354715,0.285339577420111,-0.019655401975496756
CI011001.WI,2022-12-30,0.030129590550085128,0.038779799173054935,0.40091592026200057,-0.017493644869216007
CI011001.WI,2023-01-03,0.0321285874075361,0.03870143840740383,0.4517480908714864,-0.017954820589643816
CI011001.WI,2023-01-04,0.029292829711540902,0.038648316233965835,0.3811201874545302,-0.018456338569225017
CI011001.WI,2023-01-05,0.02940585994380096,0.03865407489703277,0.3839102391448767,-0.016309281071542725
CI011001.WI,2023-01-06,0.025033805572967305,0.03863413557988479,0.27390959528863834,-0.018118214905664454
CI011001.WI,2023-01-09,0.028539686513191498,0.038766782097607845,0.36118946795964296,-0.014865322186021324
CI011001.WI,2023-01-10,0.0243318753342594,0.03871407592940672,0.25572726981951266,-0.016292425520349818
CI011001.WI,2023-01-11,0.02237614095726226,0.038699036064353966,0.20642328420629039,-0.016841406902805556
CI011001.WI,2023-01-12,0.02276894456444256,0.03869897264888728,0.21635064247520785,-0.016568810827797043
CI011001.WI,2023-01-13,0.022230108503850543,0.03868573812667843,0.20278818765664514,-0.015787640961080096
CI011001.WI,2023-01-16,0.022356994426152355,0.03868785338557521,0.20598770860321816,-0.01499164082257709
CI011001.WI,2023-01-17,0.02310010794766093,0.038697211173272184,0.22472546132316357,-0.014054197783560318
CI011001.WI,2023-01-18,0.026408655364515532,0.03854429061931954,0.3092365544485198,-0.014166208801080327
CI011001.WI,2023-01-19,0.030412346046103655,0.03844251771181289,0.41123551237031514,-0.01312544384651515
CI011001.WI,2023-01-20,0.0332068285938254,0.03848237032315457,0.4812367358565239,-0.011106664933201671
CI011001.WI,2023-01-30,0.035114811732101625,0.03852537712874629,0.5286382295743819,-0.009175626350322319
CI011001.WI,2023-01-31,0.032258524125567956,0.038549776319459515,0.45663943351947095,-0.010746981843696823
CI011001.WI,2023-02-01,0.03187166283102871,0.03852941809233076,0.447130507211215,-0.008748096400686523
CI011001.WI,2023-02-02,0.03442827128767423,0.038506983280972455,0.5116402150643689,-0.0077355546946302756
CI011001.WI,2023-02-03,0.030185014141917765,0.038613177083845485,0.4038727671564485,-0.010630430280409775
CI011001.WI,2023-02-06,0.024753460126206717,0.03882655242944416,0.2656976916745071,-0.014674749926992026
CI011001.WI,2023-02-07,0.022568022398302245,0.03878848401720048,0.21087513229479646,-0.014954401814127771
CI011001.WI,2023-02-08,0.02123669732562905,0.03876948671017014,0.17735304794761056,-0.014954401814127771
CI011001.WI,2023-02-09,0.02113660123879968,0.03876878174442505,0.1748270460569172,-0.01464433807009169
CI011001.WI,2023-02-10,0.018331262784667235,0.038798425927763634,0.10381107148702141,-0.016330219847346283
CI011001.WI,2023-02-13,0.01741939056996622,0.038707427175620895,0.08081868877557874,-0.012859021607118049
CI011001.WI,2023-02-14,0.01969133396595879,0.03868055569215743,0.13851847177630341,-0.012142072697077677
CI011001.WI,2023-02-15,0.019941424497885718,0.038674249903906145,0.14487621856118826,-0.01292066196584063
CI011001.WI,2023-02-16,0.01970443849313841,0.03868438829525911,0.13884081370229875,-0.014617127461286072
CI011001.WI,2023-02-17,0.016320125520888462,0.03870688716558176,0.05288881914729876,-0.01643909494836515
CI011001.WI,2023-02-20,0.01674644096048028,0.03873711772362933,0.06370464709878773,-0.01343864350705215
CI011001.WI,2023-02-21,0.014141030033723911,0.038823559454045906,-0.0024436655342566413,-0.01592522929756124
CI011001.WI,2023-02-22,0.016596629398702545,0.038757161646213345,0.05988944116717727,-0.01571887945863626
CI011001.WI,2023-02-23,0.016130328510879366,0.038756161692752325,0.04805124473522839,-0.01579557874972326
CI011001.WI,2023-02-24,0.0196509762460626,0.03838380978163839,0.13825986277447305,-0.01811540564713232
CI011001.WI,2023-02-27,0.016131111674630993,0.03832244493269367,0.04817926053603956,-0.01907728270221931
CI011001.WI,2023-02-28,0.015711619088050632,0.03830978672077118,0.037403474209661176,-0.018069510202508354
CI011001.WI,2023-03-01,0.021576691072743515,0.03830185089783212,0.1877397296627026,-0.015219419424258862
CI011001.WI,2023-03-02,0.017646532036278417,0.03822828260505168,0.0871894891853595,-0.016324372669703657
CI011001.WI,2023-03-03,0.018769470273596767,0.03828820611150362,0.11591879200512993,-0.013675143876502371
CI011001.WI,2023-03-06,0.02571066548225387,0.03801745195266426,0.2950963708093762,-0.01173904209510579
CI011001.WI,2023-03-07,0.021020582839268664,0.03796321391668418,0.17473045705813997,-0.013469153361343245
CI011001.WI,2023-03-08,0.019505040682097796,0.038029182997872085,0.13542928198252363,-0.015780095161999408
CI011001.WI,2023-03-09,0.011975450338577831,0.03758748159650904,-0.0606510461229577,-0.017169306171941012
CI011001.WI,2023-03-10,0.013717025951822004,0.03749550068555438,-0.015030806870767247,-0.0182431942445479
CI011001.WI,2023-03-13,0.014244288599658317,0.037517960753739796,-0.001138842874573601,-0.01634916600953984
CI011001.WI,2023-03-14,0.015193724351474591,0.03750403872274769,0.023796719627407887,-0.016376539947329682
CI011001.WI,2023-03-15,0.010306385134063678,0.03724980541640464,-0.10585393443963642,-0.01677725127772256
CI011001.WI,2023-03-16,0.005636605793680527,0.03696151237043509,-0.23231397114504898,-0.016770456791970534
CI011001.WI,2023-03-17,0.009113732748476489,0.0369747226502807,-0.13886268087123593,-0.014903410505189618
CI011001.WI,2023-03-20,0.0041537846045307525,0.0357809246123077,-0.2824045006223033,-0.008749991016905878
CI011001.WI,2023-03-21,-0.0015630330093756584,0.03550389323235181,-0.4456969646332328,-0.00987248579527833
CI011001.WI,2023-03-22,-0.004857589754779457,0.03560316382237045,-0.5371879811701322,-0.012571399265542182
CI011001.WI,2023-03-23,0.010854407176367875,0.032786046245417734,-0.10848779765477337,-0.01095640226752892
CI011001.WI,2023-03-24,0.007968129346333397,0.032636809269601476,-0.19674778061409678,-0.010655060291261287
CI011001.WI,2023-03-27,0.008786843615345985,0.0326197440957868,-0.17197663042783462,-0.010895088566775124
CI011001.WI,2023-03-28,0.014225170986361446,0.03204811924799114,-0.007850225007798145,-0.011596521223294909
CI011001.WI,2023-03-29,0.01495763527745253,0.032057270092480876,0.014682483696839142,-0.01078095427245751
CI011001.WI,2023-03-30,0.014537316807286427,0.03204868055964538,0.0017526927616577706,-0.010272053822780292
CI011001.WI,2023-03-31,0.011027183566605148,0.03180322692754173,-0.10746172463083198,-0.00971542864385333
CI011001.WI,2023-04-03,0.00823681385429098,0.031845860318098926,-0.19406407883566518,-0.011528053713023123
CI011001.WI,2023-04-04,0.007338700949680144,0.03177359905241622,-0.22262580281272693,-0.009404352260113824
CI011001.WI,2023-04-06,0.01132325543652013,0.03184127093274826,-0.09809936725606988,-0.006871773027590122
CI011001.WI,2023-04-07,0.010278687985505464,0.03174624375762247,-0.13104103866837669,-0.004458619948479403
CI011001.WI,2023-04-10,0.00784600303345706,0.03177828685218971,-0.20674414902899865,-0.006039350525560039
CI011001.WI,2023-04-11,0.013234972136568546,0.03170259501134834,-0.03909387014298783,-0.0037930216711430376
CI011001.WI,2023-04-12,0.01682109599774817,0.031760175491716794,0.07228194322690334,-0.0014583971677448737
CI011001.WI,2023-04-13,0.016137913203594145,0.031743176602158106,0.05112904555093718,-0.0009294725845766516
CI011001.WI,2023-04-14,0.019464324098672048,0.031715603307474936,0.1542015369238625,0.0
CI011001.WI,2023-04-17,0.02064366172155596,0.03169509622686148,0.19076113131718617,0.0
CI011001.WI,2023-04-18,0.018018278082264638,0.0316523123153194,0.10959855792002762,-0.0006868717522947598
CI011001.WI,2023-04-19,0.01980761284483923,0.031537138855877105,0.16557213755290975,-0.001801471341973726
CI011001.WI,2023-04-20,0.0174758620491986,0.03157160287424716,0.09291591647577069,-0.0033408932754080967
CI011001.WI,2023-04-21,0.012592890948208924,0.031887581261017,-0.05856291610228626,-0.007745425741002121
CI011001.WI,2023-04-24,0.011223600979562764,0.03189318192799321,-0.10097751130193153,-0.008498568864834799
CI011001.WI,2023-04-25,0.007859874497655683,0.03171887874177549,-0.2067561405134989,-0.008473431448044466
CI011001.WI,2023-04-26,0.007961922990720627,0.03171651489684135,-0.20358153474135532,-0.009122140031212145
CI011001.WI,2023-04-27,0.006453232007943344,0.03164073740821062,-0.25148669111162825,-0.00825613969979011
CI011001.WI,2023-04-28,0.010485573032525508,0.03156300186546719,-0.12549676404684168,-0.006846648829765156
CI011001.WI,2023-05-04,0.012641352621976853,0.03171509192399321,-0.05754468399554834,-0.003510195409790251
CI011001.WI,2023-05-05,0.020053293507555914,0.03185655477473843,0.17179035041756577,0.0
CI011001.WI,2023-05-08,0.017784768522803418,0.03193056467410445,0.10173413674401253,-0.0020927550149658636
CI011001.WI,2023-05-09,0.019567989238467254,0.0318886305151614,0.15672526286872596,-0.001904930284992501
CI011001.WI,2023-05-10,0.02202819872688,0.03193230010058591,0.23203549708817417,-4.341693567122551e-05
CI011001.WI,2023-05-11,0.02732186655909863,0.031784000967278896,0.39552665036522305,0.0
CI011001.WI,2023-05-12,0.02481759803416428,0.03191946407453547,0.31751248589219827,-0.0028779407804394586
CI011001.WI,2023-05-15,0.028440148011007915,0.03200697554290695,0.42698738305047895,-0.00022455877099669674
CI011001.WI,2023-05-16,0.023751712408709214,0.031910208971969535,0.28498160081035995,-0.001732743150159699
CI011001.WI,2023-05-17,0.025220628075556473,0.03191076307120698,0.32991338299372047,-0.0009068970087378059
CI011001.WI,2023-05-18,0.026296274961713273,0.0318889267481395,0.3630049168127645,-0.0009419029076387364
CI011001.WI,2023-05-19,0.025513842574066192,0.031869918991373536,0.3392691399867599,-0.00042990500213135885
CI011001.WI,2023-05-22,0.025944521688237687,0.03188011419726876,0.3523426095281916,0.0
CI011001.WI,2023-05-23,0.027398053189831906,0.03183718781044013,0.39724868854686496,-0.0001492068265980251
CI011001.WI,2023-05-24,0.02571661087799093,0.03177257941884962,0.3464345922693009,0.0
CI011001.WI,2023-05-25,0.0271667692176476,0.03172708294689133,0.3914205144146157,-0.0002079960188637875
CI011001.WI,2023-05-26,0.029020637719292974,0.03167195787338153,0.44898710416262616,-0.00016128311878726986
CI011001.WI,2023-05-29,0.026300925110314566,0.03157073569832112,0.3664886666802836,-0.0001729613438065103
CI011001.WI,2023-05-30,0.029048566520006425,0.0315004185088464,0.4521225744341678,0.0
CI011001.WI,2023-05-31,0.029873136086349783,0.0315279989051175,0.47716257401709433,0.0
CI011001.WI,2023-06-01,0.03187212187009503,0.03158922645641511,0.5376915902973753,0.0
CI011001.WI,2023-06-02,0.03118331833619825,0.03156108436245386,0.5169829715500669,0.0
CI011001.WI,2023-06-05,0.029611226735137386,0.03160718634835164,0.4679978838582335,-0.0015927865386448081
CI011001.WI,2023-06-06,0.02991417542884811,0.031623797944036885,0.4770725518205781,0.0
CI011001.WI,2023-06-07,0.027229717846093404,0.03146679981255194,0.3963459294479814,0.0
CI011001.WI,2023-06-08,0.02607563295266968,0.031430671214796466,0.3609965560346407,0.0
CI011001.WI,2023-06-09,0.029407946294295106,0.031360047427668986,0.4651420611344926,0.0
CI011001.WI,2023-06-12,0.03292940685065404,0.03139967132244721,0.5733676732960525,0.0
CI011001.WI,2023-06-13,0.03869800305005633,0.03148592023830154,0.7487851319767546,0.0
CI011001.WI,2023-06-14,0.0410301012882337,0.03152581956816814,0.8190266930843181,0.0
CI011001.WI,2023-06-15,0.03864956264855435,0.03158607490812098,0.7450337365551232,-0.0018147053016225323
CI011001.WI,2023-06-16,0.036032758872528214,0.031740143206283766,0.6620820879266304,-0.00485036144834583
CI011001.WI,2023-06-19,0.0333440511845946,0.031744739201638054,0.5801213583506883,-0.006062439290400734
CI011001.WI,2023-06-20,0.03280492643241706,0.03172819165235128,0.563957320730564,-0.005196632794644884
CI011001.WI,2023-06-21,0.03425566669907543,0.031745065118176534,0.6078973265964736,-0.003988078527806693
CI011001.WI,2023-06-26,0.03312142848935462,0.031712922552739164,0.5738766682283982,-0.003481068086620631
CI011001.WI,2023-06-27,0.03212521106726829,0.03169417359087908,0.5437543776657722,-0.00322208530819057
CI011001.WI,2023-06-28,0.03373840813594131,0.03167733423027654,0.5933353851134099,-0.002652995878185793
CI011001.WI,2023-06-29,0.035168708373337854,0.03166571159352093,0.6372118862347628,-0.0020920427036815736
CI011001.WI,2023-06-30,0.03683400251879476,0.03177076543641349,0.6858107639578066,0.0
CI011001.WI,2023-07-03,0.03983839891121077,0.03168943108659971,0.7788107606069478,0.0
CI011001.WI,2023-07-04,0.03960392189214801,0.031687827889908635,0.7717305516521026,0.0
CI011001.WI,2023-07-05,0.04031307521057048,0.03167582402698913,0.7935420627988801,-5.7422032725407135e-05
CI011001.WI,2023-07-06,0.03868151383933771,0.03164322921357982,0.7447172813659475,-3.2803455220609123e-05
CI011001.WI,2023-07-07,0.038011158569946524,0.031640157554202686,0.7243790177549208,-5.4480592296290986e-05
CI011001.WI,2023-07-10,0.04115697073655644,0.031635043858220344,0.8201602954042126,0.0
CI011001.WI,2023-07-11,0.04276259430131635,0.03170269194412748,0.8670921994089625,0.0
CI011001.WI,2023-07-12,0.04438741017418324,0.03167244759695909,0.9170569881180102,0.0
CI011001.WI,2023-07-13,0.04499410771822743,0.03172128568731732,0.9340044666285384,0.0
CI011001.WI,2023-07-14,0.04412236588835339,0.03173062253579477,0.9074330650233248,-0.0005958031236943384
CI011001.WI,2023-07-17,0.04455434558078508,0.03172559051951335,0.9206122931750906,-0.0005993896223613904
CI011001.WI,2023-07-18,0.04717409035128428,0.0317694073720075,0.9982454141102278,0.0
CI011001.WI,2023-07-19,0.05091737664914109,0.03193244455626109,1.10507642693482,0.0
CI011001.WI,2023-07-20,0.04979573832303852,0.03195786243481882,1.0708014747130032,-0.001094419106925315
CI011001.WI,2023-07-21,0.05118893180396311,0.03195003318081183,1.1125737449065143,-0.0004224101453738083
CI011001.WI,2023-07-24,0.05267773312478341,0.031958260901916793,1.1565903805914608,0.0
CI011001.WI,2023-07-25,0.049743052131976384,0.032165363810515026,1.0625395187773885,-0.003566812222773663
CI011001.WI,2023-07-26,0.05112602541074529,0.03218995793842214,1.1026603453014199,-0.002117637915955428
CI011001.WI,2023-07-27,0.052417266012908525,0.03220593877529935,1.1402565390723762,-0.0008864552833451889
CI011001.WI,2023-07-28,0.05349779811714073,0.03217402706163029,1.173257181563262,-0.0011645161953199867
CI011001.WI,2023-07-31,0.05193982582736112,0.032174889849590105,1.127220025002214,-0.0017167238913226024
CI011001.WI,2023-08-01,0.05569551106306636,0.03230334832367272,1.2332137533133811,0.0
CI011001.WI,2023-08-02,0.053530291393529605,0.03236419718663674,1.1675050238741111,-0.0017678920146959598
CI011001.WI,2023-08-03,0.05228726853808796,0.03242604422211346,1.1289245241109236,-0.0038398310701277527
CI011001.WI,2023-08-04,0.05363817662091508,0.03245085891635516,1.1676295609109868,-0.0023721721119330796
CI011001.WI,2023-08-07,0.055591962242729664,0.032468239386902145,1.224092984621004,-0.0009325349056783505
CI011001.WI,2023-08-08,0.05350173634276123,0.03250301331478558,1.161822726689104,-0.0022769801087169084
CI011001.WI,2023-08-09,0.05489373476092463,0.03250528437649399,1.202374538430955,-0.001351474281421794
CI011001.WI,2023-08-10,0.054677654408833876,0.03250689689102838,1.196013194815338,-0.0014947981352707584
CI011001.WI,2023-08-11,0.05424380539775586,0.03252479494626733,1.182720105429418,-0.002896169417053618
CI011001.WI,2023-08-14,0.0565027379419718,0.032607691359952395,1.2454511639113472,-0.00036135136585080385
CI011001.WI,2023-08-15,0.0588812265468337,0.03267008149789812,1.3119824022044417,0.0
CI011001.WI,2023-08-16,0.05790735756795429,0.03268629400400397,1.2831908236686629,-0.0008062535348508648
CI011001.WI,2023-08-17,0.05764576441523794,0.032688194846658004,1.2755508287450874,-0.0009550016018416985
CI011001.WI,2023-08-18,0.056257217454225295,0.032722071328517795,1.234107037293116,-0.0022288299614848794
CI011001.WI,2023-08-21,0.06053624000696578,0.032925664750407584,1.3494953128129528,0.0
CI011001.WI,2023-08-22,0.05910681027060094,0.032968784958386115,1.3068539502191112,-0.001491111250706778
CI011001.WI,2023-08-23,0.05653549600755414,0.03282182232923205,1.2384830347829325,-0.0005088259312772125
CI011001.WI,2023-08-24,0.0562084407229666,0.03283635684213214,1.2285186135503825,-0.0019799924618381093
CI011001.WI,2023-08-25,0.053360132354892675,0.03273815462140918,1.149604358124265,-0.0019324078145613877
CI011001.WI,2023-08-28,0.043716576286703335,0.03191318655373009,0.8902449797038291,-0.0034727683899743456
CI011001.WI,2023-08-29,0.040660457482333046,0.03178065568090524,0.8015399483618513,-0.0033444311828633166
CI011001.WI,2023-08-30,0.044056852968198834,0.031782052447458506,0.9040456850740437,-0.0015408003015264793
CI011001.WI,2023-08-31,0.04324474157166347,0.031751435637878696,0.8803753655850023,-0.0005172749544569699
CI011001.WI,2023-09-01,0.043238255742457765,0.03175158303517416,0.8801755911508191,-0.0011003203718826793
CI011001.WI,2023-09-04,0.04243650365736351,0.031808586695261556,0.8544808832174455,-0.003664708838494901
CI011001.WI,2023-09-05,0.04331189926921453,0.03180095996407673,0.881078303915886,-0.003365412400276435
CI011001.WI,2023-09-06,0.04120043266992379,0.03182697494357534,0.8167211053963414,-0.004614642879577913
CI011001.WI,2023-09-07,0.03990157279581519,0.031854575481595725,0.7768490329172555,-0.005774923047930258
CI011001.WI,2023-09-08,0.04521002906274174,0.03154035587151668,0.9457370150667511,-0.005022394622777981
CI011001.WI,2023-09-11,0.0462365856510738,0.031539391865118394,0.9768957914220128,-0.004386142345624844
CI011001.WI,2023-09-12,0.04705272797417792,0.03157493043736264,1.0005319667882906,-0.002391293422953744
CI011001.WI,2023-09-13,0.05082191323028873,0.03156145248850964,1.1148196961315038,-0.000525315660531489
CI011001.WI,2023-09-14,0.056660898853959196,0.031976316706014085,1.274092299459377,0.0
CI011001.WI,2023-09-15,0.05382174712951371,0.03211288719207286,1.1850083904426032,-0.0027503527261416583
CI011001.WI,2023-09-18,0.049208695621505205,0.032151657931072164,1.0471418522679175,-0.005018921725320147
CI011001.WI,2023-09-19,0.04707515364053805,0.0320910057457199,0.9856181441593851,-0.004897608376566387
CI011001.WI,2023-09-20,0.04787155635256024,0.03204436207258609,1.0107373897407916,-0.006288163808842784
CI011001.WI,2023-09-21,0.04705868999099394,0.03208363985245785,0.9853468907723233,-0.00809686112884933
CI011001.WI,2023-09-22,0.04464707241559163,0.03205343439833164,0.9142935877216395,-0.00864788192550825
CI011001.WI,2023-09-25,0.04356167675489697,0.03208351167258184,0.8810595296645152,-0.009907809044349292
CI011001.WI,2023-09-26,0.04250036950429803,0.032155454898055526,0.8475108127952742,-0.01248717902952623
CI011001.WI,2023-09-27,0.0421402063338292,0.03215456705441503,0.8367853272769274,-0.012412127921472171
CI011001.WI,2023-09-28,0.04380668037597513,0.032085492285167896,0.8883247848024908,-0.012824737095280758
CI011001.WI,2023-10-09,0.03679932557655241,0.032611389543424345,0.6679376200607574,-0.018473981850135157
CI011001.WI,2023-10-10,0.03406604199141605,0.03263320128764549,0.5866100017956655,-0.019895170387739802
CI011001.WI,2023-10-11,0.03324954648911227,0.032623338610752846,0.5625612934685447,-0.0197541643284177
CI011001.WI,2023-10-12,0.03217145979228908,0.0326411868966712,0.5302850509591003,-0.0206832851679849
CI011001.WI,2023-10-13,0.03458451536309526,0.03260080182328095,0.6025386785976854,-0.019961250372090733
CI011001.WI,2023-10-16,0.04126176027436901,0.032226154955920766,0.8088264376338624,-0.01851330475473001
CI011001.WI,2023-10-17,0.04097584294650569,0.032228307767314536,0.8002519354159819,-0.018736082450315883
CI011001.WI,2023-10-18,0.04519938380984301,0.03209462421605302,0.9296336121488503,-0.017623694369382048
CI011001.WI,2023-10-19,0.04674430403690666,0.03205804295238614,0.9767395173660309,-0.017499223935283137
CI011001.WI,2023-10-20,0.048407385182875684,0.032050402963107585,1.0265069554202,-0.016687040286565757
CI011001.WI,2023-10-23,0.04350664322458675,0.03182991613778116,0.8861694614975804,-0.017347558805637764
CI011001.WI,2023-10-24,0.040654581547164614,0.03177571264124149,0.8014812926239053,-0.01791464635345852
CI011001.WI,2023-10-25,0.039094714046079115,0.03180441369066145,0.7536142469442627,-0.019091801571372025
CI011001.WI,2023-10-26,0.040354716839330784,0.03179331084388995,0.7919892141259692,-0.018628585257230323
CI011001.WI,2023-10-27,0.038738803135603295,0.031750837118207746,0.7440412815160471,-0.018391366240561258
CI011001.WI,2023-10-30,0.04088218137219246,0.03166585125337247,0.8110593919542524,-0.018506427935166436
CI011001.WI,2023-10-31,0.040036478770939965,0.031681043778056396,0.7850252534098727,-0.019327707740670053
CI011001.WI,2023-11-01,0.04127434808668329,0.03164252853921889,0.823540493013734,-0.0195901521818288
CI011001.WI,2023-11-02,0.04172505924814618,0.031640971956620405,0.837258643740643,-0.019328989329770563
CI011001.WI,2023-11-03,0.04137434000826934,0.03164400768033793,0.8265384672373857,-0.019612376812327192
CI011001.WI,2023-11-06,0.0373806935167611,0.031473000083078184,0.7087561263674641,-0.01997719209016957
CI011001.WI,2023-11-07,0.03561311306356152,0.03147568056522371,0.6545109920251228,-0.020719857344754344
CI011001.WI,2023-11-08,0.035253089733074505,0.03148710285563458,0.6432406826127657,-0.02176235193230658
CI011001.WI,2023-11-09,0.033536328971562224,0.031480601131340116,0.5906392629832141,-0.022320999747026837
CI011001.WI,2023-11-10,0.03462782970419842,0.03148446190595683,0.6241005104405949,-0.02156082986082597
CI011001.WI,2023-11-13,0.03623743716471872,0.031437736219745036,0.6744362112476007,-0.0215861490601279
CI011001.WI,2023-11-14,0.03432572667163303,0.031382700454454945,0.6167158608037291,-0.021442579822605
CI011001.WI,2023-11-15,0.033618707226719335,0.031373209993389356,0.5950947034853162,-0.02122145881536841
CI011001.WI,2023-11-16,0.03437197122664282,0.03136558768767103,0.6184608942488503,-0.021053289318770707
CI011001.WI,2023-11-17,0.03352667759700023,0.03134138777821422,0.5928258809057684,-0.02041827754862513
CI011001.WI,2023-11-20,0.02828664343923748,0.031242584122424654,0.43188960285007133,-0.022196404279844928
CI011001.WI,2023-11-21,0.027432180278078144,0.031250387859019395,0.4051851909893089,-0.022779964936347374
CI011001.WI,2023-11-22,0.025338771899222845,0.031244797774831686,0.3399674087294653,-0.02359049189671525
CI011001.WI,2023-11-23,0.018673860110684837,0.030926391447931308,0.13226226580659664,-0.025219454159949084
CI011001.WI,2023-11-24,0.020002852828538975,0.030914908637061467,0.17447640815249107,-0.024772648437947575
CI011001.WI,2023-11-27,0.03482702681850225,0.027739218455090225,0.7112943875639749,-0.02398562769717838
CI011001.WI,2023-11-28,0.03522930847467354,0.027752181737715025,0.7249818954076029,-0.022762241496836033
CI011001.WI,2023-11-29,0.037097698497678966,0.027758958151279996,0.7897794340526332,-0.02164019461024269
CI011001.WI,2023-11-30,0.03758348055215688,0.027762620794188873,0.8065492133006948,-0.02105569620561787
CI011001.WI,2023-12-01,0.03672972325873247,0.027769950797306573,0.7766967744227512,-0.02155645370292192
CI011001.WI,2023-12-04,0.040318133060204264,0.027746128985111956,0.9018913701092558,-0.019904360319338177
CI011001.WI,2023-12-05,0.03585722768130495,0.027893855252193914,0.7431820772801615,-0.022796000429238572
CI011001.WI,2023-12-06,0.03493605316455284,0.02789880738357933,0.7111610076145992,-0.02324543184598249
CI011001.WI,2023-12-07,0.03434824128606273,0.027889035289407147,0.6910265688927717,-0.022923065299809142
CI011001.WI,2023-12-08,0.03500393188193884,0.027913872448183483,0.7131420521147049,-0.02141647916653444
CI011001.WI,2023-12-11,0.03840371135304821,0.02784260556027108,0.8326973225317421,-0.02026192367836821
CI011001.WI,2023-12-12,0.037154136903135404,0.027842942149945895,0.7894355372149456,-0.02071376198195929
CI011001.WI,2023-12-13,0.03668841674934131,0.027808218431514226,0.7742331688218077,-0.018698228684445928
CI011001.WI,2023-12-14,0.039499078226026496,0.027989077458884015,0.8661588956346538,-0.015402169067671778
CI011001.WI,2023-12-15,0.03991014381667335,0.027994396610531276,0.8801249179804722,-0.01468463546276444
CI011001.WI,2023-12-18,0.04523999679716839,0.02774322731303869,1.072140586004398,-0.013349938560305863
CI011001.WI,2023-12-19,0.05087111709836223,0.027302693337156514,1.2858243781679097,-0.012741840161270224
CI011001.WI,2023-12-20,0.05119150708117859,0.027293109000075266,1.297437477257366,-0.013239534348041482
CI011001.WI,2023-12-21,0.05253973776608811,0.027406622594308906,1.338953660468705,-0.010031623054762684
CI011001.WI,2023-12-22,0.05270976396083249,0.0274160025069547,1.3443977590219744,-0.008181789850458143
CI011001.WI,2023-12-25,0.05600237309703493,0.027443103523831204,1.4569152359418331,-0.006187574693591658
CI011001.WI,2023-12-26,0.057270068397320406,0.02750456655135272,1.497350088366727,-0.003980709520859715
CI011001.WI,2023-12-27,0.05642316060752739,0.027464909001891413,1.470288891876877,-0.002813119333793801
CI011001.WI,2023-12-28,0.06311744764840088,0.026963909187624268,1.731423370893765,-0.0015864822732939432
CI011001.WI,2023-12-29,0.06360487840560713,0.026926897529777498,1.7507938479592162,-0.0032809931302760775
CI011001.WI,2024-01-02,0.06487525205840261,0.02690844602855096,1.7963482263358914,-0.002851629523349275
CI011001.WI,2024-01-03,0.06398420049889286,0.026985954422327773,1.7602378833874492,-0.005503143597401228
CI011001.WI,2024-01-04,0.06086901392804411,0.026869878841841315,1.6585760816754611,-0.005668062233841642
CI011001.WI,2024-01-05,0.062248617634512504,0.026909473920544373,1.7044818338208225,-0.003973582635130257
CI011001.WI,2024-01-08,0.06585379663651403,0.026834127162294455,1.8354871202287697,-0.002633040436042844
CI011001.WI,2024-01-09,0.06502280906549807,0.026814626085972945,1.807708514677426,-0.0021043693029652033
CI011001.WI,2024-01-10,0.0619961555605395,0.026770206760018664,1.7043287361011303,-0.0028646329639783197
CI011001.WI,2024-01-11,0.06191179034744798,0.0267712944539947,1.701292378388046,-0.0030290202098161023
CI011001.WI,2024-01-12,0.06185563540831307,0.026773388996620056,1.6991857123907508,-0.0038702115337829746
CI011001.WI,2024-01-15,0.05921564160562953,0.02670560017522716,1.6101967228248126,-0.004155693320479492
CI011001.WI,2024-01-16,0.05989297687075257,0.026696448409799272,1.6346907936929267,-0.0039866173340301625
CI011001.WI,2024-01-17,0.05927914469006401,0.02671888771672133,1.6116534947896226,-0.0050718107194175355
CI011001.WI,2024-01-18,0.05893875903934109,0.026697132479924106,1.6009040982638416,-0.0032158821523181613
CI011001.WI,2024-01-19,0.06302712791889231,0.026675617306958138,1.7466612156884205,-0.0012075695153463961
CI011001.WI,2024-01-22,0.06055052679742845,0.02650750913836597,1.6695565303121902,-0.00023331173282625794
CI011001.WI,2024-01-23,0.06276785655877282,0.02645656664027054,1.7516819764436422,0.0
CI011001.WI,2024-01-24,0.06363609753144561,0.026444342458585186,1.7833681101753531,0.0
CI011001.WI,2024-01-25,0.06460743593983342,0.026461190875770053,1.8167540092857049,0.0
CI011001.WI,2024-01-26,0.0648337563482102,0.026466440850782286,1.8244322890101083,0.0
CI011001.WI,2024-01-29,0.06551645347302482,0.026487794011618025,1.8471858400442636,0.0
CI011001.WI,2024-01-30,0.06816911528936753,0.026670355282177594,1.9279759053216976,0.0
CI011001.WI,2024-01-31,0.06915749685986028,0.0266732816064734,1.9624507554009756,0.0
CI011001.WI,2024-02-01,0.06807311845752828,0.026662453529326096,1.9251677073250668,0.0
CI011001.WI,2024-02-02,0.06506737626148085,0.02662223346422249,1.8221523434549558,-0.0007743007399569901
CI011001.WI,2024-02-05,0.06435283916090917,0.026587573205553456,1.7992454692603885,0.0
CI011001.WI,2024-02-06,0.06185468118510662,0.02685189403534107,1.6942632940649722,-0.00392929937365194
CI011001.WI,2024-02-07,0.06309128274227005,0.02695475863999254,1.7310894817945113,-0.0007543025710435858
CI011001.WI,2024-02-08,0.06303035881551011,0.02695315889606187,1.7290638374657936,0.0
CI011001.WI,2024-02-19,0.06892014990938544,0.026868610874513227,1.9401127755214942,0.0
CI011001.WI,2024-02-20,0.07428687499504782,0.026518142057597532,2.1543104132921433,0.0
CI011001.WI,2024-02-21,0.07557696401888103,0.026519427759973853,2.1994761243252685,0.0
CI011001.WI,2024-02-22,0.07939911643938746,0.026717687194095122,2.3161597452925706,0.0
CI011001.WI,2024-02-23,0.08165537048008886,0.02680017460456399,2.387050739942133,0.0
CI011001.WI,2024-02-26,0.08413572386435142,0.026724272168842156,2.4794898651285546,0.0
CI011001.WI,2024-02-27,0.08277568394296031,0.02660197816169726,2.4435642497577623,0.0
CI011001.WI,2024-02-28,0.0833946125560383,0.026616959499011994,2.4636800054638686,0.0
CI011001.WI,2024-02-29,0.08776349242967285,0.026753284773114547,2.6017394604946444,0.0
CI011001.WI,2024-03-01,0.08719950234679685,0.02679815042308928,2.578069036967079,-0.002236266712066337
CI011001.WI,2024-03-04,0.09197942770078682,0.02679868767701962,2.7417723605390063,0.0
CI011001.WI,2024-03-05,0.08985349879089433,0.026672011038508983,2.681578976516995,0.0
CI011001.WI,2024-03-06,0.10016192240869382,0.02731601275013804,2.9637489776427346,0.0
CI011001.WI,2024-03-07,0.10258146386397637,0.02739068351080506,3.035978470379417,0.0
CI011001.WI,2024-03-08,0.1033920931137644,0.027387965016535624,3.0631220095159515,0.0
CI011001.WI,2024-03-11,0.10339015011132302,0.02738814211098059,3.0630380590648056,-0.002358814777542184
CI011001.WI,2024-03-12,0.10301955646543015,0.02740706182594404,3.0486807751965803,-0.0036708750415329616
CI011001.WI,2024-03-13,0.10122093898059603,0.027417595394775094,2.987974525483068,-0.004273588343295498
CI011001.WI,2024-03-14,0.10038555223816048,0.0273579264115785,2.9666822336236813,-0.0021410053740356094
CI011001.WI,2024-03-15,0.10646932631575257,0.027609523898256254,3.1396715487063847,0.0
CI011001.WI,2024-03-18,0.10460594344213647,0.027520395084090897,3.0884811367757763,0.0
CI011001.WI,2024-03-19,0.10463086620965134,0.02752169634292795,3.0891565298312607,0.0
CI011001.WI,2024-03-20,0.10724403729605458,0.0274379152952232,3.184656580106069,0.0
CI011001.WI,2024-03-21,0.11507872407362463,0.02763540427875046,3.417341250041383,0.0
CI011001.WI,2024-03-22,0.11201874668362599,0.027953151503075434,3.280463734906217,-0.0041517915887475665
CI011001.WI,2024-03-25,0.11150420335270028,0.02798211836582531,3.260549939341597,-0.005700189684868517
CI011001.WI,2024-03-26,0.10930165955324567,0.027945099725368863,3.193822313162399,-0.0057560572644774766
CI011001.WI,2024-03-27,0.1117748023992251,0.027998647541378596,3.2673392569351676,-0.0035671613283958514
CI011001.WI,2024-03-28,0.11596053045076515,0.02813927912823342,3.3847509897134973,-0.00022314291120340002
CI011001.WI,2024-03-29,0.12185584125271842,0.0285510763005068,3.5209605312863546,0.0
CI011001.WI,2024-04-01,0.1222779416968387,0.028572656933862493,3.5314944431552684,0.0
CI011001.WI,2024-04-02,0.11531186023646045,0.027979093853248174,3.3831801655601956,0.0
CI011001.WI,2024-04-03,0.12204765207211565,0.028288487784786036,3.559428727759673,0.0
CI011001.WI,2024-04-08,0.131943699876913,0.028659363487981718,3.8202679464881073,0.0
CI011001.WI,2024-04-09,0.13371377455932754,0.02876463346157221,3.8607393845804143,0.0
CI011001.WI,2024-04-10,0.13188762023524636,0.02882067815445166,3.7973253093453856,-0.0013065825248884666
CI011001.WI,2024-04-11,0.13222983528673238,0.028814512873021052,3.8086278900968846,-0.001247007022917579
CI011001.WI,2024-04-12,0.1387331075972993,0.02914356057135255,3.962572035566513,0.0
CI011001.WI,2024-04-15,0.13664706250254666,0.029181765421265427,3.894556926388383,-0.001008275837289574
CI011001.WI,2024-04-16,0.13573524401341164,0.029192680183957136,3.865607167811478,-0.0012961514894030968
CI011001.WI,2024-04-17,0.13782324444335514,0.029254082490980677,3.9203733281455455,0.0
CI011001.WI,2024-04-18,0.14249661212860443,0.02921144011443767,4.066444317496532,0.0
CI011001.WI,2024-04-19,0.14320120412209492,0.029252318772783864,4.081889477539376,0.0
CI011001.WI,2024-04-22,0.13692007030692732,0.029388039722076736,3.8756020586132736,-0.002951762334600039
CI011001.WI,2024-04-23,0.12771231327621924,0.029971449299000967,3.529285710761086,-0.008623659720309762
CI011001.WI,2024-04-24,0.13157124069575388,0.029929626101534528,3.648367731245136,-0.006810765182317602
CI011001.WI,2024-04-25,0.13054576878260327,0.02988952606041402,3.6228743345568626,-0.005468278831020079
CI011001.WI,2024-04-26,0.12892687203202646,0.02983451790985377,3.581444853877812,-0.004565047806371347
CI011001.WI,2024-04-29,0.12302692406761762,0.030281195489882055,3.3559360750478606,-0.009242822813724016
CI011001.WI,2024-04-30,0.1259376646437984,0.03047587238375623,3.4196677208914266,-0.005245391655487208
CI011001.WI,2024-05-06,0.12374050115782298,0.030562313148955224,3.346139319546157,-0.007089092910635975
CI011001.WI,2024-05-07,0.12494640743261787,0.030540544656431495,3.3836377148782804,-0.006706316565441184
CI011001.WI,2024-05-08,0.12395253522924143,0.030599207335059577,3.3483102674039857,-0.008690782595612512
CI011001.WI,2024-05-09,0.12555699377361895,0.030538444023466307,3.4016452509555895,-0.008806653927839192
CI011001.WI,2024-05-10,0.13639317382858995,0.030501490404385635,3.720008391149306,-0.0036865948435554907
CI011001.WI,2024-05-13,0.13799516602893203,0.03047519654821038,3.7694407172336657,-0.003039365330859023
CI011001.WI,2024-05-14,0.1407471923302699,0.030532093180492846,3.8416239075641645,-0.0006030674490573595
CI011001.WI,2024-05-15,0.14272971035182214,0.03051416432458659,3.900798089190385,0.0
CI011001.WI,2024-05-16,0.14293889648905322,0.030516779255933373,3.906467689806462,0.0
CI011001.WI,2024-05-17,0.14500982581497857,0.030623611464081612,3.952091705822336,0.0
CI011001.WI,2024-05-20,0.15208534369803806,0.03180185157860391,4.0006324370578685,0.0
CI011001.WI,2024-05-21,0.14373321711990772,0.03176991081219008,3.775476878123541,-0.002952081440071197
CI011001.WI,2024-05-22,0.14520942737997178,0.03168895657723894,3.82576677350418,-0.003754467264665995
CI011001.WI,2024-05-23,0.13413475368622407,0.03323519228549189,3.356752105636468,-0.013202896607992565
CI011001.WI,2024-05-24,0.13190181057135097,0.033212486269023386,3.299655951061523,-0.013308935405168643
CI011001.WI,2024-05-27,0.13060466421853323,0.03318810130107378,3.2674892230853305,-0.012697100929427663
CI011001.WI,2024-05-28,0.13549666727420728,0.033028657953214254,3.413889897669328,-0.011278842680794932
CI011001.WI,2024-05-29,0.13475634037336848,0.03299229423086414,3.397838321986308,-0.009294162656633298
CI011001.WI,2024-05-30,0.1290465825190774,0.033675441954861905,3.1797167917304368,-0.015766083816318388
CI011001.WI,2024-05-31,0.12787933090101244,0.033680747739584696,3.1484952615343054,-0.015970227695354722
CI011001.WI,2024-06-03,0.1268152392171038,0.03370842988483712,3.117922236684006,-0.016933050874110567
CI011001.WI,2024-06-04,0.13011659404243714,0.03383880444454615,3.1925352146714823,-0.013547572462261792
CI011001.WI,2024-06-05,0.1307824682597052,0.03385436139183558,3.2084912249095323,-0.011897217495326684
CI011001.WI,2024-06-06,0.13312146382380852,0.03387831297548944,3.26726977708923,-0.010001087971139744
CI011001.WI,2024-06-07,0.13220059755428037,0.033887214673540625,3.242416774000332,-0.010277602120707718
CI011001.WI,2024-06-11,0.13246073746446974,0.03388320785280225,3.249579875328818,-0.010256104311465286
CI011001.WI,2024-06-12,0.13418037439141006,0.03389701798871004,3.2930553709035784,-0.008706868669485224
CI011001.WI,2024-06-13,0.13509651461481753,0.03389435154497506,3.317145715992217,-0.007917734140005517
CI011001.WI,2024-06-14,0.13487283372919712,0.03389425790430463,3.3113373467005496,-0.007498782786078517
CI011001.WI,2024-06-17,0.13347511006179014,0.03387675429193723,3.2766344950484183,-0.007137386413509694
CI011001.WI,2024-06-18,0.132697599385047,0.03385142745724633,3.258780115590101,-0.005750066810982668
CI011001.WI,2024-06-19,0.13202139403463398,0.033845757580197304,3.2416679263609463,-0.005236365853357516
CI011001.WI,2024-06-20,0.1343465067266063,0.03378085122809923,3.308601734012778,-0.004780873910969707
CI011001.WI,2024-06-21,0.13005995566075756,0.033819982759418936,3.1928106035497823,-0.006518641927655167
CI011001.WI,2024-06-24,0.12992796142168794,0.033819473631975516,3.1894025610242687,-0.005946760391048578
CI011001.WI,2024-06-25,0.13154068332950897,0.033852243362525,3.2285003129758207,-0.003981189530657847
CI011001.WI,2024-06-26,0.13100912467890247,0.03384774798015436,3.2150357550942656,-0.0034044738305973876
CI011001.WI,2024-06-27,0.13062815580556175,0.03383236897707217,3.206519208160205,-0.0015538138791334477
CI011001.WI,2024-06-28,0.12649399273997397,0.03371284665079832,3.109056467780925,-0.0018097970521498974
CI011001.WI,2024-07-01,0.12171031009640121,0.03380856928599218,2.974418072882734,-0.004222613340801096
CI011001.WI,2024-07-02,0.12670465996013047,0.033800718585302064,3.106596126361001,-0.0016040607427992848
CI011001.WI,2024-07-03,0.13238098125875064,0.033648864818388795,3.2698828246790494,0.0
CI011001.WI,2024-07-04,0.1335947530172792,0.03361113446498358,3.30540510365272,-0.00014741525150907542
CI011001.WI,2024-07-05,0.13215464987157732,0.033621087095263506,3.2666083121640295,-0.0005477616460820567
CI011001.WI,2024-07-08,0.12705594502773865,0.03382588031135222,3.1135305106618305,-0.003840101922893524
CI011001.WI,2024-07-09,0.1286136934046027,0.03385544812628057,3.151656800445042,-0.0019554834934571996
CI011001.WI,2024-07-10,0.12951305790427226,0.033859569025679805,3.1748140605603394,-0.0009005804084676328
CI011001.WI,2024-07-11,0.12890847640970238,0.033862450413831596,3.1587280423995323,-0.0008652473661178162
CI011001.WI,2024-07-12,0.13056676243705967,0.033897766937183896,3.198795565797718,0.0
CI011001.WI,2024-07-15,0.12833774942761145,0.03380781140479305,3.148813914254354,0.0
CI011001.WI,2024-07-16,0.12877013455996145,0.0338125640985108,3.159712565413833,0.0
CI011001.WI,2024-07-17,0.1254902254176069,0.03395573584600493,3.060792680348089,-0.0026384532784818893
CI011001.WI,2024-07-18,0.12419481038082436,0.033993219260388424,3.02356050924483,-0.0038435995727476024
CI011001.WI,2024-07-19,0.12196935769015416,0.034076622712763946,2.9580663094176063,-0.005791110997781623
CI011001.WI,2024-07-22,0.1253915486341397,0.034169794695023396,3.039263441522896,-0.002780228529011053
CI011001.WI,2024-07-23,0.12532258716864497,0.03416778529573369,3.037645845258736,-0.0012299654628237233
CI011001.WI,2024-07-24,0.11865009255482861,0.03436131662369097,2.8475763447438838,-0.0048492858822563045
CI011001.WI,2024-07-25,0.11799649892800645,0.03436818785893801,2.8300010030525917,-0.005096514266772045
CI011001.WI,2024-07-26,0.11787608691539919,0.03435993253781721,2.827536614228051,-0.002105662793629781
CI011001.WI,2024-07-29,0.12020666101800415,0.03435976439521282,2.8881905975413744,-0.0006210175292461484
CI011001.WI,2024-07-30,0.12034072990021949,0.034358376488302846,2.8917906042450863,-0.0005049964159533626
CI011001.WI,2024-07-31,0.12224614702733727,0.03447675567176844,2.9312896178428365,0.0
CI011001.WI,2024-08-01,0.12028451864448186,0.03436970732296287,2.889387963836285,0.0
CI011001.WI,2024-08-02,0.12340440010478071,0.034356526389049624,2.971466633163138,0.0
CI011001.WI,2024-08-05,0.12111707374122993,0.03440448910972939,2.908104083667604,-0.00136469129316652
CI011001.WI,2024-08-06,0.11789198705092829,0.034471191575582566,2.8189338969997593,-0.0031462519642964093
CI011001.WI,2024-08-07,0.12373989106130434,0.03425560955989245,2.9888401292872233,-0.0015057119267652963
CI011001.WI,2024-08-08,0.11874559161095077,0.034415372561115064,2.8456388561192107,-0.004497657481203787
CI011001.WI,2024-08-09,0.11567648149916199,0.034461962718496206,2.762088392816055,-0.006003791625434851
CI011001.WI,2024-08-12,0.11157143093257549,0.0347338374698347,2.634565902902525,-0.009936747319960637
CI011001.WI,2024-08-13,0.11616455377162449,0.034862717557472285,2.7432858025849347,-0.006395327955446284
CI011001.WI,2024-08-14,0.11591139377042081,0.03484568770304894,2.738096947935747,-0.003491231781738602
CI011001.WI,2024-08-15,0.11392376084991174,0.03500368217105482,2.67494274212535,-0.007024769753556814
CI011001.WI,2024-08-16,0.11717373126688924,0.03491536310528036,2.7650973397514202,-0.006194718363498719
CI011001.WI,2024-08-19,0.1174240040219785,0.034922735124689984,2.77093791421057,-0.004507565517736012
CI011001.WI,2024-08-20,0.11662685956601959,0.03490950210496841,2.7515237600501115,-0.003782195911381181
CI011001.WI,2024-08-21,0.11747614358093528,0.03487873839568594,2.7757277182714253,-0.004366122666671579
CI011001.WI,2024-08-22,0.11740909281149037,0.034877952765275985,2.7740683051557635,-0.00350235017500633
CI011001.WI,2024-08-23,0.11697048648789599,0.03488678615095279,2.7621162471204572,-0.0040364552693246125
CI011001.WI,2024-08-26,0.11908958333754827,0.03483760403983293,2.820397136915835,-0.003547386704698452
CI011001.WI,2024-08-27,0.11374643728662726,0.0348776757079725,2.6799146393628726,-0.0057839289170437125
CI011001.WI,2024-08-28,0.11193005745079465,0.0348302499590029,2.636634778880009,-0.005170756565284651
CI011001.WI,2024-08-29,0.11309696010599612,0.03480885732786634,2.6683794963232503,-0.004929670392276098
CI011001.WI,2024-08-30,0.11320087222986341,0.03480743030079223,2.671170510041293,-0.00498492458464217
CI011001.WI,2024-09-02,0.11659135870682014,0.03479091345524049,2.759870262044136,-0.0032269517959385707
CI011001.WI,2024-09-03,0.11025953263395949,0.03468879096597699,2.60388551971923,-0.005017998286134806
CI011001.WI,2024-09-04,0.1120771955770723,0.034636967558594,2.6549769565666756,-0.004875119895686342
CI011001.WI,2024-09-05,0.11190193515137437,0.03463476723082843,2.650590884842111,-0.004053146933141849
CI011001.WI,2024-09-06,0.11092721718840193,0.034693869067183365,2.62084537819341,-0.0063908805981391925
CI011001.WI,2024-09-09,0.11274868868404431,0.03471494716105149,2.6664865669504514,-0.004714311336854182
CI011001.WI,2024-09-10,0.11634089286892846,0.03468094955311399,2.7620404053221885,-0.003042330172031704
CI011001.WI,2024-09-11,0.11841178739625469,0.03471388784549142,2.8128654706546325,-0.0010642694922885498
CI011001.WI,2024-09-12,0.11690857047657821,0.03468690777713943,2.7762347930173337,-0.0006015754453634337
CI011001.WI,2024-09-13,0.11920067579400873,0.0347823255062991,2.827680138403342,0.0
CI011001.WI,2024-09-18,0.12254390848049157,0.0348214318015164,2.910239593126083,0.0
CI011001.WI,2024-09-19,0.12575525302018464,0.03468893869547274,3.0036127745467347,0.0
CI011001.WI,2024-09-20,0.12659442614399374,0.03469323740831987,3.024733417710201,0.0
CI011001.WI,2024-09-23,0.12997941786709122,0.03467286902829928,3.1130579792587874,0.0
CI011001.WI,2024-09-24,0.12739980472695245,0.03485650651434293,3.031239735601633,-0.003445883271409267
CI011001.WI,2024-09-25,0.13178260045103096,0.035103955587833253,3.120699474751611,0.0
CI011001.WI,2024-09-26,0.12773556002308517,0.03527100702265431,3.0044732862467622,-0.002938633468775431
CI011001.WI,2024-09-27,0.11433046786356948,0.036734946922960504,2.5605113377973554,-0.012816433810780237
CI011001.WI,2024-09-30,0.12319522080746292,0.03789451268078078,2.6924836536094654,-0.0031019962530597356
CI011001.WI,2024-10-08,0.1206424212306425,0.03766689973187288,2.6480914237175117,-4.6021614148683554e-05
CI011001.WI,2024-10-09,0.11437393556107955,0.03854626312150681,2.4429637867360894,-0.008374260261822863
CI011001.WI,2024-10-10,0.1235402816816451,0.03884003264444319,2.635784860569838,-0.0024919170007720037
CI011001.WI,2024-10-11,0.12334607754250215,0.038841951839951386,2.6312039929216726,-0.0025427360195471316
CI011001.WI,2024-10-14,0.13063826099511577,0.039070214508476885,2.7817485332325242,0.0
CI011001.WI,2024-10-15,0.12736480722509702,0.03934769706734948,2.6886848046384113,-0.004710099374842125
CI011001.WI,2024-10-16,0.1314199135711529,0.039416977171023215,2.7751629579011063,-0.0016849545381109055
CI011001.WI,2024-10-17,0.13187877201288978,0.03940085523261597,2.7865785826984815,-0.002549369073373442
CI011001.WI,2024-10-18,0.1428517662782809,0.03982128024684917,2.9999743529329463,0.0
CI011001.WI,2024-10-21,0.14355195295376233,0.039818932078231804,3.0155387390009922,0.0
CI011001.WI,2024-10-22,0.14254638432614275,0.03984975011483171,2.9911495384310585,-0.0012967654625070102
CI011001.WI,2024-10-23,0.1468932586534708,0.03943099060649356,3.1188498504401645,-0.0032341084855076474
CI011001.WI,2024-10-24,0.14658927734015204,0.03944532039920549,3.111007188675066,-0.004941171293190938
CI011001.WI,2024-10-25,0.14535924555335855,0.039470887161193506,3.0818092824849117,-0.0058656411816309095
CI011001.WI,2024-10-28,0.14827571909632598,0.039456473006865514,3.1474093599954407,-0.004278921928779544
CI011001.WI,2024-10-29,0.14692314998700917,0.039468518513509895,3.116582416704042,-0.0047185301811699665
CI011001.WI,2024-10-30,0.14559010045585796,0.0394581378717954,3.087902698011341,-0.004406572451981949
CI011001.WI,2024-10-31,0.14237501575633416,0.03961253878091284,3.005034345716491,-0.007426038741601748
CI011001.WI,2024-11-01,0.14151368390533148,0.03960820998221374,2.9863051480531926,-0.007050062005439006
CI011001.WI,2024-11-04,0.14265274051621635,0.03961061947686431,3.0113180988305235,-0.005933313672791041
CI011001.WI,2024-11-05,0.14575012169520773,0.039723595134145154,3.071049059437534,-0.0024147316232167038
CI011001.WI,2024-11-06,0.1489782055656348,0.03973691970998361,3.1408740101072676,-0.000276087157186522
CI011001.WI,2024-11-07,0.1519079446907825,0.03974578389716341,3.204290850109712,0.0
CI011001.WI,2024-11-08,0.15450914711840769,0.03970931331945556,3.2640331146353643,0.0
CI011001.WI,2024-11-11,0.15491615761405364,0.03970997737611912,3.2728605898207865,0.0
CI011001.WI,2024-11-12,0.1492868314388056,0.040048880195042866,3.1234284668854344,-0.004633685554183087
CI011001.WI,2024-11-13,0.14822320010099532,0.04007516715554586,3.098289015851352,-0.0056714343134103284
CI011001.WI,2024-11-14,0.14224518307179923,0.04059043640028562,2.930800887031301,-0.0116759146036578
CI011001.WI,2024-11-15,0.13869854289587047,0.040770062480690476,2.841750493938789,-0.015008304913465054
CI011001.WI,2024-11-18,0.13850220231179078,0.04077149949901121,2.837420140407412,-0.014915804399527444
CI011001.WI,2024-11-19,0.14016115812398655,0.04076857019253121,2.8733554077496137,-0.013765477495430334
CI011001.WI,2024-11-20,0.14095005452846543,0.04075917380745599,2.890987223884541,-0.013450330395619159
CI011001.WI,2024-11-21,0.14290078612649837,0.04074092058563505,2.9342169142328793,-0.012512473366112387
CI011001.WI,2024-11-22,0.14219150708850337,0.040770039841386836,2.9169155571965306,-0.014175883025515867
CI011001.WI,2024-11-25,0.14285675462673586,0.040758395987858236,2.9320305373702213,-0.014165016835148703
CI011001.WI,2024-11-26,0.14286406624494608,0.040758435006872734,2.932184818012035,-0.013392193519238593
CI011001.WI,2024-11-27,0.1438213123118688,0.04075550336005274,2.9529466690684276,-0.012591377352509592
CI011001.WI,2024-11-28,0.1435516933226415,0.04075844962210076,2.9469490784310044,-0.01267927214616471
CI011001.WI,2024-11-29,0.14405955603979037,0.040757480884125646,2.9579179887632794,-0.012017592858629356
CI011001.WI,2024-12-02,0.14903790490365187,0.04095019502157553,3.0502787712415063,-0.007547920588998225
CI011001.WI,2024-12-03,0.14889751113341387,0.040950096032727784,3.0473004858701254,-0.007025488497310106
CI011001.WI,2024-12-04,0.15516071576765222,0.0409955033504351,3.176661647501532,-0.0034245598737844274
CI011001.WI,2024-12-05,0.1561044164772747,0.04098018296636632,3.197772420355065,-0.0032056640541293646
CI011001.WI,2024-12-06,0.1579429440951401,0.04095614940538477,3.238445507159607,-0.002448560861339155
CI011001.WI,2024-12-09,0.1622961934824243,0.04092075125607527,3.332965544524246,-0.0003687885725626172
CI011001.WI,2024-12-10,0.16890220711433912,0.04129431048585892,3.440513869475477,0.0
CI011001.WI,2024-12-11,0.1712504943281805,0.04135221852472889,3.4843169830358605,0.0
CI011001.WI,2024-12-12,0.17013546923690215,0.041348795598695,3.4615530279106506,0.0
CI011001.WI,2024-12-13,0.1735508189818089,0.04148878554878514,3.5203046399453015,0.0
CI011001.WI,2024-12-16,0.17863259732148973,0.04171012038109656,3.6055040923524273,0.0
CI011001.WI,2024-12-17,0.17779206373643208,0.04173623118238092,3.5861702717303805,-0.0012243062833310336
CI011001.WI,2024-12-18,0.1678764137964115,0.04237328913536882,3.333235944372688,-0.007960618689710541
CI011001.WI,2024-12-19,0.17257418483005105,0.042223588095655545,3.440039064069611,-0.006908802185676022
CI011001.WI,2024-12-20,0.17954135506682123,0.04248576954311678,3.55859938283527,-0.0014675312304841537
CI011001.WI,2024-12-23,0.18139873682381258,0.042502719948195794,3.5942409695601154,0.0
CI011001.WI,2024-12-24,0.17773571252409304,0.04255182997599925,3.5171143993032095,-0.0015634314904374724
CI011001.WI,2024-12-25,0.1744735234359165,0.04260768562274232,3.447418034817532,-0.0031542673745411642
CI011001.WI,2024-12-26,0.17743903163050745,0.04261682778497972,3.5058993182544813,-0.001098152545799147
CI011001.WI,2024-12-27,0.17564571322561706,0.042593590603318736,3.4719802620103866,-0.0005667726871889656
CI011001.WI,2024-12-30,0.17004901838464037,0.04255595171378122,3.362810175792301,-0.0019836231668403093
CI011001.WI,2024-12-31,0.17082824306481226,0.04256277026017401,3.377929773334878,-0.0005911712629728116
CI011001.WI,2025-01-02,0.17405439816340196,0.04269916959134273,3.4317582692084745,0.0
CI011001.WI,2025-01-03,0.17862045671241011,0.042873928227298706,3.50853697474366,0.0
CI011001.WI,2025-01-06,0.1797572096789215,0.042858574280030245,3.5322862768462304,0.0
CI011001.WI,2025-01-07,0.1757245503922471,0.04278755975610112,3.458001133827458,-0.00017837123513986253
CI011001.WI,2025-01-08,0.17531609495620581,0.04277899164980689,3.4505575722288917,0.0
CI011001.WI,2025-01-09,0.16923465342047161,0.04292672944993699,3.31790165826575,-0.0031740407401192883
CI011001.WI,2025-01-10,0.16999045072047037,0.042955795587496376,3.3307381161067413,-0.0003147011196104055
CI011001.WI,2025-01-13,0.1722974350734261,0.04302626507212173,3.371164438098363,0.0
CI011001.WI,2025-01-14,0.17040626967801886,0.04303414028682747,3.3330145881172872,-0.0003850998807692907
CI011001.WI,2025-01-15,0.176924209061188,0.04309159319656479,3.4575867185452744,0.0
CI011001.WI,2025-01-16,0.17661859345858932,0.043093705081387,3.451388898616442,0.0
CI011001.WI,2025-01-17,0.17967540265541815,0.042971714360709685,3.521483615951993,-6.804408062854872e-05
CI011001.WI,2025-01-20,0.17661176195574724,0.0431000473136752,3.4507525614246983,-0.002830276749183125
CI011001.WI,2025-01-21,0.17604668179660732,0.04309090999056581,3.440320006283758,-0.0016106785193735762
CI011001.WI,2025-01-22,0.17570817184206566,0.04308718287130529,3.433928265842364,-0.0005547164458760134
CI011001.WI,2025-01-23,0.17288029452004317,0.04316083860591894,3.3723108830748427,-0.002430138124688064
CI011001.WI,2025-01-24,0.17282473929611486,0.043162404281920426,3.371091990125202,-0.003237368977845767
CI011001.WI,2025-01-27,0.17572036421178105,0.0431869741301372,3.4263331393847802,-0.0009411609993282832
CI011001.WI,2025-02-05,0.1856548314612665,0.04371649590274376,3.5779518342039194,0.0
CI011001.WI,2025-02-06,0.18925293796780562,0.04375441883188789,3.644188428550913,0.0
CI011001.WI,2025-02-07,0.19024334519259112,0.04375236952764959,3.663396696556865,0.0
CI011001.WI,2025-02-10,0.19388853243859328,0.04373403501366565,3.734883037135319,0.0
CI011001.WI,2025-02-11,0.1946339719847674,0.04375513471578362,3.747378469106576,0.0
CI011001.WI,2025-02-12,0.19027727717117138,0.04379828032354343,3.6602536466260958,-0.0016394425060729523
CI011001.WI,2025-02-13,0.1889765808096524,0.04380491326385771,3.6347288454969457,-0.0017576461663859622
CI011001.WI,2025-02-14,0.18891209985443003,0.043805011350524586,3.6334818764350603,-0.001173872859324021
CI011001.WI,2025-02-17,0.1801098811162294,0.04449885597798976,3.4104070167956686,-0.008312554942848882
CI011001.WI,2025-02-18,0.1787460314295708,0.04450007772631657,3.3843117815032513,-0.008279164968183483
CI011001.WI,2025-02-19,0.18153008974142426,0.04458149836837846,3.431163216341945,-0.004935731255013898
CI011001.WI,2025-02-20,0.17852417035434898,0.044609289240188595,3.3719124307013435,-0.006027677926499386
CI011001.WI,2025-02-21,0.1652747981613354,0.04532223542794549,3.0699624306615774,-0.013817858265700034
CI011001.WI,2025-02-24,0.15775900221034056,0.04575123393687903,2.9000861481633313,-0.01938332654290098
CI011001.WI,2025-02-25,0.1584437178038407,0.045747980791883774,2.913220562087316,-0.018763722013025896
CI011001.WI,2025-02-26,0.15655045140410873,0.04582588337773993,2.872632128885296,-0.021125905220719332
CI011001.WI,2025-02-27,0.15153620229532616,0.045964801135229355,2.769506855521689,-0.024121789197592336
CI011001.WI,2025-02-28,0.15703900016646322,0.04574354098702517,2.8869586916533585,-0.02331124231259485
CI011001.WI,2025-03-03,0.1539176265178539,0.045668839653325854,2.8324211789566327,-0.022841262669191953
CI011001.WI,2025-03-04,0.15352048196151502,0.04566717228784403,2.8249808284774174,-0.02223580687858151
CI011001.WI,2025-03-05,0.15355935424115685,0.045668697040701665,2.8256263313327827,-0.01965378008769436
CI011001.WI,2025-03-06,0.15535477882968274,0.04570693818741527,2.85734550685029,-0.017232088175153093
CI011001.WI,2025-03-07,0.15381915251886258,0.04571638055549512,2.827655123173695,-0.017638595366715748
CI011001.WI,2025-03-10,0.14960002071917344,0.045623287084390764,2.7529909610842136,-0.01775262528019561
CI011001.WI,2025-03-11,0.14592039209674335,0.04560560827697454,2.6837051640391816,-0.018541148431903576
CI011001.WI,2025-03-12,0.14803876394002424,0.04564446530546449,2.721944380280633,-0.016158227739944686
CI011001.WI,2025-03-13,0.14603320978515288,0.04561187902806096,2.685501971133866,-0.015647613127373505
CI011001.WI,2025-03-14,0.15195090119072185,0.045989075333462866,2.7759011044801434,-0.009280181708662072
CI011001.WI,2025-03-17,0.14821706825357994,0.04591404036375871,2.709613564003393,-0.009290655450715168
CI011001.WI,2025-03-18,0.15167092434936214,0.0458290161544983,2.780129428759031,-0.008532739775783615
CI011001.WI,2025-03-19,0.15171226923012826,0.04583058727158015,2.7808194300579814,-0.0059792992132067235
CI011001.WI,2025-03-20,0.1512949247718096,0.04582778736074035,2.7730734648549267,-0.005248657267581169
CI011001.WI,2025-03-21,0.13882243270156946,0.04560779989467451,2.54727195084381,-0.009221801752957837
CI011001.WI,2025-03-24,0.13922984338448985,0.04562412147584742,2.5542207702888597,-0.006479308833824304
CI011001.WI,2025-03-25,0.13854365551979453,0.04562630264988388,2.5408886980546566,-0.006425155124913484
CI011001.WI,2025-03-26,0.14140157082604832,0.045536349999788145,2.6009020423105325,-0.006280675234537569
CI011001.WI,2025-03-27,0.1426505296606173,0.045505017178081086,2.6267077051130143,-0.00650164756687488
CI011001.WI,2025-03-28,0.14339235349211954,0.04549334587956262,2.6416434625755683,-0.0064580463499573915
CI011001.WI,2025-03-31,0.14069359911989943,0.04547101041158483,2.590921969728474,-0.006680226181378424
CI011001.WI,2025-04-01,0.13800698366534436,0.04532998347105734,2.546796169683464,-0.004658898965060443
CI011001.WI,2025-04-02,0.13522328977435216,0.045369666614871,2.4905992529239698,-0.006096164124535508
CI011001.WI,2025-04-03,0.1323443418479493,0.04535771148113862,2.4352331651689467,-0.006648279955617564
CI011001.WI,2025-04-07,0.11640984921579145,0.04745925896798067,2.030707666709627,-0.020028603553297053
CI011001.WI,2025-04-08,0.11091684948640057,0.047269245727113794,1.9342901746132222,-0.020250730884757928
CI011001.WI,2025-04-09,0.11776414920592249,0.0470710776504483,2.0728332478021803,-0.01830468861131751
CI011001.WI,2025-04-10,0.12351199456669071,0.047131906876572316,2.1790921770315492,-0.014790787527489857
CI011001.WI,2025-04-11,0.1267630455891171,0.0471884653192517,2.2377980877513624,-0.011995453398449762
CI011001.WI,2025-04-14,0.12589421370608322,0.04716645144172121,2.2224583375228946,-0.010583808219535529
CI011001.WI,2025-04-15,0.12240645271961381,0.04707817601464719,2.160604256157468,-0.01033860715558177
CI011001.WI,2025-04-16,0.12068100422640304,0.04694426804012936,2.133847303964594,-0.006633054967169483
CI011001.WI,2025-04-17,0.11993055854103796,0.046922947429800015,2.1205134721137275,-0.0050389986766596895
CI011001.WI,2025-04-18,0.12042757969962326,0.04692074191446216,2.1300715801640457,-0.004596791512184395
CI011001.WI,2025-04-21,0.11829442691587899,0.046777583822830836,2.0956904515957158,-0.0016235875181028758
CI011001.WI,2025-04-22,0.11786039847930097,0.046732077994348434,2.0893756013850195,0.0
CI011001.WI,2025-04-23,0.10312137758370499,0.04780864175857627,1.7656560734039657,-0.010025381039121095
CI011001.WI,2025-04-24,0.10650820533853111,0.04779746101227581,1.8302191694243823,-0.008283393794818017
CI011001.WI,2025-04-25,0.1053109253943274,0.04781758313214757,1.8068192657645914,-0.009297369980966197
CI011001.WI,2025-04-28,0.09806976458481698,0.04763064897201659,1.6756759051426142,-0.010836582903389957
CI011001.WI,2025-04-29,0.10040161984326601,0.04761599908170409,1.7207448348119754,-0.009735468138744818
CI011001.WI,2025-04-30,0.09958258053797575,0.04763235952941007,1.7045321778853615,-0.010757679744102688
CI011001.WI,2025-05-06,0.10064382218263246,0.047683360955151126,1.7229980730234595,-0.007424583364259774
CI011001.WI,2025-05-07,0.09932552588617649,0.04765083462520184,1.6989811701219466,-0.006363626072333206
CI011001.WI,2025-05-08,0.09552470704484994,0.04760263134623119,1.627870011276872,-0.007059636644415446
CI011001.WI,2025-05-09,0.0993770279110926,0.04748622528050464,1.7056932227913562,-0.006509275343502541
CI011001.WI,2025-05-12,0.10101967188206551,0.04731853163541101,1.7431350652911781,-0.010684946613175983
CI011001.WI,2025-05-13,0.1005021252249021,0.04730646257913285,1.733625100039568,-0.009341710523759872
CI011001.WI,2025-05-14,0.09843016415797456,0.047305331716980085,1.693812971704166,-0.009870319860283305
CI011001.WI,2025-05-15,0.09363403194667752,0.047457696728580405,1.5962862231321557,-0.013298267354074023
CI011001.WI,2025-05-16,0.10019024473979576,0.04719347159508007,1.7316544151507576,-0.01204763397844022
CI011001.WI,2025-05-19,0.09731096617465718,0.04706233089074144,1.6806466964927513,-0.01065749521580961
CI011001.WI,2025-05-20,0.09959011389256545,0.04700949827240347,1.726636833768583,-0.010440080148668374
CI011001.WI,2025-05-21,0.09683675786956925,0.04707595908378765,1.6709884089934364,-0.012537393051643475
CI011001.WI,2025-05-22,0.09899037067346517,0.04701769890004832,1.7147358811412265,-0.012575223691632997
CI011001.WI,2025-05-23,0.09817097770395189,0.04703150132588349,1.6983815786768794,-0.013426766037936355
CI011001.WI,2025-05-26,0.09358007904931442,0.046788968274835835,1.6173758123089472,-0.012476241795986498
CI011001.WI,2025-05-27,0.09423652225962575,0.04679656405033419,1.6299488429041848,-0.011241556375013118
CI011001.WI,2025-05-28,0.08979149248660567,0.04679184915534255,1.543086232240482,-0.0128516723352059
CI011001.WI,2025-05-29,0.08672008766601835,0.04683228139049426,1.4815094102312452,-0.014568195140428064
CI011001.WI,2025-05-30,0.08760998485327232,0.0468521534983054,1.4983775470817615,-0.012718598418449134
CI011001.WI,2025-06-03,0.08516718978081328,0.046766325372175815,1.4529455880425701,-0.011748649044839077
CI011001.WI,2025-06-04,0.07614336354382178,0.04584713984908006,1.2989648385419197,-0.010597781890490876
CI011001.WI,2025-06-05,0.07916387166253691,0.04573339279128886,1.3633872897620174,-0.010749731910960514
CI011001.WI,2025-06-06,0.0821078049044619,0.04574812320592738,1.4225306441265466,-0.008849363175947755
CI011001.WI,2025-06-09,0.09160163789624565,0.0446920558635781,1.650592282814681,-0.009636120224466582
CI011001.WI,2025-06-10,0.09172702088661455,0.04469101848461018,1.6532004452757636,-0.009628799851835623
CI011001.WI,2025-06-11,0.09258829736741747,0.04470273818100161,1.6704259253497336,-0.008232883223664111
CI011001.WI,2025-06-12,0.09151932637513682,0.044689684030073576,1.648989579322718,-0.0077799351671197225
CI011001.WI,2025-06-13,0.0877962999043731,0.04469323658930589,1.572388031048618,-0.009179355116478938
CI011001.WI,2025-06-16,0.09677126429615135,0.04417680631967097,1.7763123131998955,-0.007530571902281569
CI011001.WI,2025-06-17,0.09484455591787255,0.04423474893068985,1.7342804436425092,-0.009479542682726771
CI011001.WI,2025-06-18,0.09661735737281929,0.044215052440621114,1.771638796513121,-0.00884640888270749
CI011001.WI,2025-06-19,0.09045883743579375,0.044180821396809566,1.645461440857125,-0.01101849416327072
CI011001.WI,2025-06-20,0.08760045760342061,0.0441797570243294,1.586070045045682,-0.011960626120883
CI011001.WI,2025-06-23,0.08773706097245437,0.0441844595854247,1.5887493382525009,-0.009940281707285448
CI011001.WI,2025-06-24,0.08965972309454395,0.04419502179249847,1.628353469923353,-0.008467292012984573
CI011001.WI,2025-06-25,0.09192602453896637,0.04422869113202793,1.6741392360509548,-0.006383495655188809
CI011001.WI,2025-06-26,0.09113629201910434,0.04421468540904617,1.658286316874575,-0.005547953551921836
CI011001.WI,2025-06-27,0.0904434702012753,0.04421281592000372,1.6439836824442167,-0.0053882387076258365
CI011001.WI,2025-06-30,0.09105544335305704,0.04421733396784723,1.6565132557565967,-0.004409792472926055
CI011001.WI,2025-07-01,0.092589488792016,0.044240157932024404,1.6874517407628047,-0.002646942166624755
CI011001.WI,2025-07-02,0.09265103285034848,0.04424152769798044,1.688674481400805,-0.0011970900786754113
CI011001.WI,2025-07-03,0.09516231526692254,0.04430964404227126,1.7379752632472538,0.0
CI011001.WI,2025-07-04,0.09362480087574676,0.04432893460491462,1.705534059855805,-0.0009466678429974618
CI011001.WI,2025-07-07,0.0933930562198042,0.04433952405425147,1.7003559316472743,-0.00290246564844443
CI011001.WI,2025-07-08,0.09438388857154889,0.04435325578418564,1.7202726749969655,-0.0014244130048585157
CI011001.WI,2025-07-09,0.09156015881748525,0.04433405975248766,1.6627033948901615,-0.002031519748000643
CI011001.WI,2025-07-10,0.09146234828543243,0.04433368865971033,1.6606949664097588,-0.001543151066449977
CI011001.WI,2025-07-11,0.086824597544775,0.04439287239870047,1.5625870270752598,-0.00393947256182392
CI011001.WI,2025-07-14,0.08818906677628768,0.04439384736412367,1.5908255960952393,-0.0029446465030348312
CI011001.WI,2025-07-15,0.09054034681711176,0.04431172688576645,1.6424178974530474,-0.0032055622347708645
CI011001.WI,2025-07-16,0.08785366205862077,0.044252832965181184,1.5887856888242078,-0.003046522663595619
CI011001.WI,2025-07-17,0.08659560167580382,0.044224791257441116,1.563591668368989,-0.002226292976313493
CI011001.WI,2025-07-18,0.089211516039714,0.04426400181629318,1.6165867954264632,0.0
CI011001.WI,2025-07-21,0.09110969442352057,0.04426890517300153,1.6557584035852722,0.0
CI011001.WI,2025-07-22,0.09314895069523432,0.04415399633450141,1.7022565542073318,-0.0014313267857907208
CI011001.WI,2025-07-23,0.08906604708040633,0.04418198685200669,1.6164816394802477,-0.003278854237909079
CI011001.WI,2025-07-24,0.08612839026042352,0.04422064508439328,1.55400515050882,-0.00491675647811507
CI011001.WI,2025-07-25,0.08546828629675152,0.04422891127371045,1.5399730194305026,-0.005486357339929637
CI011001.WI,2025-07-28,0.084565034605105,0.04420453390554455,1.5219594496127746,-0.00429455381604682
CI011001.WI,2025-07-29,0.08196433819146653,0.04423129324524775,1.4667696950111975,-0.00565855134016513
CI011001.WI,2025-07-30,0.08225794935869635,0.04423690523917014,1.4727247518455575,-0.004303207828774469
CI011001.WI,2025-07-31,0.08158961768697526,0.04428249023828616,1.4573001593469692,-0.007543562136567372
CI011001.WI,2025-08-01,0.0808079969194222,0.044313293290181466,1.4399989096513321,-0.009459122640549933
CI011001.WI,2025-08-04,0.08304839479613246,0.04425527321925964,1.4886346490786506,-0.00934638587836123
CI011001.WI,2025-08-05,0.07987707307499248,0.04417222606485172,1.4249433867703118,-0.009255831540362691
CI011001.WI,2025-08-06,0.0785893510157527,0.04415455247475245,1.3984650094486804,-0.008898905647958033
CI011001.WI,2025-08-07,0.08212063707860451,0.04398337527372655,1.4780747884518792,-0.009257343385959627
CI011001.WI,2025-08-08,0.08178661241585128,0.043988441069099285,1.4708891068291603,-0.009809219161464822
CI011001.WI,2025-08-11,0.0795494333207083,0.04390990927612657,1.4262808080005709,-0.008886445954934707
CI011001.WI,2025-08-12,0.07994921155984458,0.043921481606090024,1.4343489577650912,-0.007044314227619197
CI011001.WI,2025-08-13,0.0816520150137725,0.043942828460030364,1.4695380495691373,-0.005363220122685752
CI011001.WI,2025-08-14,0.07698744587893636,0.04382208876422759,1.3748157026978571,-0.005997986742991013
CI011001.WI,2025-08-15,0.07602035792954709,0.04380299862843559,1.354880702291545,-0.005229786715600371
CI011001.WI,2025-08-18,0.07508287565898297,0.04378382714345041,1.3355414913766777,-0.004419333210404663
CI011001.WI,2025-08-19,0.07540570016550707,0.04377346715747091,1.3427080500411441,-0.005479449769529632
CI011001.WI,2025-08-20,0.0782711194766954,0.04372758561557878,1.4049422846998147,-0.004608496374151172
CI011001.WI,2025-08-21,0.07646370334040431,0.043708048770407515,1.3671568593726928,-0.004641600579464389
CI011001.WI,2025-08-22,0.08431769690831792,0.04376315775065993,1.531653699670242,-0.00038366991968918907
CI011001.WI,2025-08-25,0.08952548097789803,0.043823652188805774,1.6389678577570068,0.0
CI011001.WI,2025-08-26,0.0929127834618233,0.04362750643815192,1.7173162662478283,-0.0008600418475727123
CI011001.WI,2025-08-27,0.08732200284587499,0.04354900580069257,1.6025266421133229,-0.0024155246052540713
CI011001.WI,2025-08-28,0.08666732725688253,0.04351716926955559,1.5898226905775472,-0.00010219657131027571
CI011001.WI,2025-08-29,0.09186839333303265,0.043351324907190555,1.7059193887487567,0.0
CI011001.WI,2025-09-01,0.0949007379292246,0.0434713808168779,1.7651473871973178,0.0
CI011001.WI,2025-09-02,0.09183243829336374,0.04347552318474185,1.7004115700540143,-0.0011094421995306858
CI011001.WI,2025-09-03,0.09298391542103723,0.04349749703127236,1.7238159497754661,0.0
CI011001.WI,2025-09-04,0.09091174326794715,0.0435799189562192,1.6770775819696522,-0.002480917717754161
CI011001.WI,2025-09-05,0.09318756196809752,0.043654811926301884,1.722029570843833,0.0
CI011001.WI,2025-09-08,0.0946047902692213,0.04364741843490789,1.7520074079310948,0.0
CI011001.WI,2025-09-09,0.09533512186726067,0.043654495762213946,1.7670147605450834,0.0
CI011001.WI,2025-09-10,0.09859865590192318,0.04357722499384158,1.838367069878458,0.0
CI011001.WI,2025-09-11,0.10186980081156638,0.04369537383534493,1.9015819267227574,0.0
CI011001.WI,2025-09-12,0.10295304755959855,0.043703128538236595,1.92374488745643,0.0
CI011001.WI,2025-09-15,0.10338745386159465,0.04370084759353574,1.9328573779965683,0.0
CI011001.WI,2025-09-16,0.10243805834241893,0.04368216498232903,1.9139515729145256,0.0
CI011001.WI,2025-09-17,0.10352116499162345,0.043643845706455395,1.9381025326032406,-0.0008161453018352693
CI011001.WI,2025-09-18,0.09950019402594679,0.04381670772719424,1.8472853075453795,-0.004313976748286152
CI011001.WI,2025-09-19,0.10043639662421655,0.04383369464638158,1.8660107150254983,-0.002643033101477399
CI011001.WI,2025-09-22,0.10705479986228772,0.043869041176674874,2.001283104467383,0.0
CI011001.WI,2025-09-23,0.10518639092613769,0.04385209362734531,1.9635047405010106,-3.2242654738334764e-06
CI011001.WI,2025-09-24,0.10484013047144236,0.043844025149622434,1.9567081734551992,0.0
CI011001.WI,2025-09-25,0.10680115075962049,0.04394451174903058,1.9927043518148086,0.0
CI011001.WI,2025-09-26,0.10586896440152782,0.04395149994995989,1.9732158189486857,-0.0003794378301655854
CI011001.WI,2025-09-29,0.10591545693841575,0.04395409808974067,1.9740586164733467,0.0
CI011001.WI,2025-09-30,0.10701500281734888,0.044010859390056056,1.9941577138870112,0.0
CI011001.WI,2025-10-09,0.1214377160117237,0.045865280889991054,2.1976709410355233,0.0
CI011001.WI,2025-10-10,0.1108856178314297,0.04670379950943168,1.9565327796945273,-0.008373227874688638
CI011001.WI,2025-10-13,0.11272434802008036,0.04678042271836534,1.9887721112683538,-0.004996249285933452
CI011001.WI,2025-10-14,0.11544520759162147,0.04664107248773713,2.0469597368010413,-0.006000293504831
CI011001.WI,2025-10-15,0.11797682624851968,0.04690268081278615,2.0841569656664034,0.0
CI011001.WI,2025-10-16,0.12036544459883336,0.04679655380497519,2.134405563897381,-0.0008083575806094867
CI011001.WI,2025-10-17,0.13335620965769857,0.04563815030765262,2.4401310368845808,0.0
CI011001.WI,2025-10-20,0.12196456534117872,0.044671189043897865,2.2657312536741063,-0.0003095994527476664
CI011001.WI,2025-10-21,0.1235487566632949,0.044776430696527494,2.2920365866079324,0.0
CI011001.WI,2025-10-22,0.12591782980871735,0.04441141667751428,2.3579571789254725,-0.00623762053746002
CI011001.WI,2025-10-23,0.11995768744098179,0.04407240530839917,2.2552713170661507,-0.0056343746530572725
CI011001.WI,2025-10-24,0.12481887322852714,0.04423594237623018,2.3450505018291876,-0.001369201078916138
CI011001.WI,2025-10-27,0.12267152333906739,0.04407632285992394,2.310010042391237,0.0
CI011001.WI,2025-10-28,0.12048759513375384,0.04434616934403973,2.25229409093432,-0.006646232643791494
CI011001.WI,2025-10-29,0.12265654000630932,0.04450198648197565,2.288037500172155,-0.001698278191746394
CI011001.WI,2025-10-30,0.12072525289546365,0.04458663312443273,2.2451441901273568,-0.004278555787001315
CI011001.WI,2025-10-31,0.11433432168133706,0.04409933591877952,2.13972930968786,-0.0029629291866566376
CI011001.WI,2025-11-03,0.11522045663293512,0.04411113706552132,2.15719680413353,-0.0014828523589600628
CI011001.WI,2025-11-04,0.11209783498581327,0.044309654773573445,2.084422264347914,-0.0055699212703209655
CI011001.WI,2025-11-05,0.11547684371166933,0.04425085276413956,2.155722217339122,-0.004483350343787995
CI011001.WI,2025-11-06,0.11734687392032983,0.04420082604902074,2.1960249214646725,-0.0045222077814744965
CI011001.WI,2025-11-07,0.11680640637541595,0.044218538961167266,2.1842164185647968,-0.005928138273993744
CI011001.WI,2025-11-10,0.11932893509318543,0.044335518350532725,2.2294802414669808,-0.002092626664900621
CI011001.WI,2025-11-11,0.1209217113237242,0.044329576227847216,2.2618648018164715,-0.0011138306085834992
CI011001.WI,2025-11-12,0.12072510932930225,0.044330493756722364,2.257860256864459,-0.0009759957435245825
CI011001.WI,2025-11-13,0.12580018405763527,0.0442034507003452,2.366482921522346,0.0
CI011001.WI,2025-11-14,0.12185478555269569,0.04434983268820073,2.279622026435869,-0.0031270660472294542
CI011001.WI,2025-11-17,0.11641202516182081,0.04454232437782876,2.1607275181909738,-0.006847746815271671
CI011001.WI,2025-11-18,0.10891152262912063,0.04458168707362287,2.007587679154602,-0.010028413056769603
CI011001.WI,2025-11-19,0.10961976106259375,0.04461120177732153,2.0206067141211195,-0.0072724614784519526
CI011001.WI,2025-11-20,0.10431295541727192,0.04470083520019154,1.909354072850467,-0.01007262578633028
CI011001.WI,2025-11-21,0.10024993257542336,0.044797945226579906,1.8229988374237631,-0.01267245812967821
CI011001.WI,2025-11-24,0.09981075729679856,0.04479577109932543,1.8141693117660516,-0.012252400045297707
CI011001.WI,2025-11-25,0.1068702702516986,0.04453246479410755,1.9683665404341526,-0.010518493206398305
CI011001.WI,2025-11-26,0.10615323578084368,0.0445583067585912,1.9527017933992727,-0.012190427916804247
CI011001.WI,2025-11-27,0.1115350311578629,0.04411648183896923,2.0818756768211126,-0.013378549043731924
CI011001.WI,2025-11-28,0.117307042506541,0.0439728046083896,2.2063716742470314,-0.01159911671635494
CI011001.WI,2025-12-01,0.12099375498727238,0.044070136085144776,2.276378305640136,-0.00824462137902704
CI011001.WI,2025-12-02,0.11854371790350204,0.04408903321442724,2.2257724532926413,-0.009256609889760958
CI011001.WI,2025-12-03,0.11643316971452089,0.044134953634386284,2.1806906617017017,-0.010810024762100912
CI011001.WI,2025-12-04,0.11316967069225137,0.04419797481876367,2.111380783470952,-0.012763954949284395
CI011001.WI,2025-12-05,0.11918660187894603,0.044268212746879365,2.229926788044364,-0.00909969804563393
CI011001.WI,2025-12-08,0.1191275748416345,0.044268770215744394,2.228707311858642,-0.009141037566999022
CI011001.WI,2025-12-09,0.11684754039891976,0.044300299884220594,2.181095906311941,-0.010384567027835523
CI011001.WI,2025-12-10,0.11914907320966606,0.044365515630860074,2.2243766214591796,-0.007540313835577406
CI011001.WI,2025-12-11,0.12160753453740725,0.04439305459424636,2.2724758383644894,-0.005448692576333514
CI011001.WI,2025-12-12,0.1214904156932255,0.04439267949406529,2.2701412620958514,-0.004886088688803469
CI011001.WI,2025-12-15,0.11372901186853324,0.04429779103002062,2.1180678933387904,-0.007302110014745455
CI011001.WI,2025-12-16,0.11052140427150281,0.04438522401323962,2.0489735891652043,-0.009640084107720659
CI011001.WI,2025-12-17,0.10937311730764931,0.04432204351132181,2.028480364351328,-0.007076389788142512
CI011001.WI,2025-12-18,0.11056238986982359,0.04433024737473771,2.0522929147258657,-0.005793626174015243
CI011001.WI,2025-12-19,0.11190450222177062,0.044356034643935165,2.0783658676381664,-0.0038360797075509545
CI011001.WI,2025-12-22,0.11338917194630027,0.04442643384814185,2.1051903894189965,-0.000426299881495118
CI011001.WI,2025-12-23,0.10795001431505424,0.044062104907904284,2.011044599143365,0.0
CI011001.WI,2025-12-24,0.10782143565640379,0.04405587569734651,2.0086873489522254,0.0
CI011001.WI,2025-12-25,0.10714247444449687,0.04406167755900334,1.9945090917063646,-0.0003128013502118332
CI011001.WI,2025-12-26,0.10612131031688365,0.04399407280263088,1.9765235321322745,0.0
CI011001.WI,2025-12-29,0.0991510912938256,0.04379529011894613,1.8409001481446396,-0.0014022918096057158
CI011001.WI,2025-12-30,0.09790707931236331,0.04385139124047854,1.8127668485115647,-0.003753703862866664
CI011001.WI,2025-12-31,0.10352574097340517,0.043314199860595086,1.952603159570635,-0.005408941804520673
CI011001.WI,2026-01-05,0.10995282469156487,0.043793882621922374,2.0643466374357944,0.0
CI011001.WI,2026-01-06,0.1111277062594711,0.043930094781249394,2.0821728537667394,0.0
CI011001.WI,2026-01-07,0.10593942843695991,0.04402052840744703,1.9716204563701218,-0.002773053996392272
CI011001.WI,2026-01-08,0.10453233127162109,0.044095779823528754,1.939447593122268,-0.005598947602958093
CI011001.WI,2026-01-09,0.10850566459441113,0.04407916651267136,2.0216584992019366,-0.0036118950166802444
CI011001.WI,2026-01-12,0.11122082208572204,0.0442394470376634,2.069814729008384,0.0
CI011001.WI,2026-01-13,0.10834832691660812,0.04430856800864752,2.008214156952138,-0.0020544014962285972
CI011001.WI,2026-01-14,0.11157420053266387,0.04428337724785438,2.0749883236654543,-0.0005687167671692972
CI011001.WI,2026-01-15,0.10883969280903338,0.044297636051673694,2.018708778844051,-0.00163635368727999
CI011001.WI,2026-01-16,0.10168307685557432,0.04422820404098243,1.875349209561372,-0.0039994118641120124
CI011001.WI,2026-01-19,0.09851493198212102,0.0440520489863028,1.817273754595102,-0.002386722180956591
CI011001.WI,2026-01-20,0.0956170780133434,0.044126045362742956,1.7544161177457425,-0.004560834262999469
CI011001.WI,2026-01-21,0.10013892772162492,0.0442676266292614,1.8420216416154824,-0.0006307310955040446
CI011001.WI,2026-01-22,0.09827419311112928,0.04425636606299515,1.8041325324879618,-0.0008076744170671946
CI011001.WI,2026-01-23,0.10400372473792885,0.04414295124037602,1.9265735255870269,0.0
CI011001.WI,2026-01-26,0.10668799918971672,0.04434691179152304,1.9726968985264193,0.0
CI011001.WI,2026-01-27,0.10190089921704559,0.044289983541629,1.8772595830658318,-0.0011928536685696933
CI011001.WI,2026-01-28,0.10756325058137661,0.044497236963759575,1.9839553000436307,0.0
CI011001.WI,2026-01-29,0.11609745503866109,0.04575441802358679,2.0985006839538167,0.0
CI011001.WI,2026-01-30,0.10322910457932921,0.04725123445069209,1.7879730309531017,-0.011360752655324768
CI011001.WI,2026-02-02,0.08305742165512475,0.050832284151748244,1.3023408013293731,-0.029503290546405436
CI011001.WI,2026-02-03,0.097628479059098,0.051776777742558185,1.5377053162055045,-0.01916357194220586
CI011001.WI,2026-02-04,0.09996526661819916,0.05185564436561643,1.5764720193380344,-0.01587325234823389
CI011001.WI,2026-02-05,0.09566056598406503,0.051952403463294675,1.498127906560289,-0.01868781677368936
CI011001.WI,2026-02-06,0.09865883003085352,0.05190571422367673,1.552096943500523,-0.01784890047362775
CI011001.WI,2026-02-09,0.10341416544242588,0.051986446973089226,1.6328776507497214,-0.014396040548082634
CI011001.WI,2026-02-10,0.10341152653901697,0.05198635871272828,1.6328343130120866,-0.012127901000522967
CI011001.WI,2026-02-11,0.09578334704941471,0.05148161254499805,1.5135366970452635,-0.01150256957212048
CI011001.WI,2026-02-12,0.09346597227818032,0.051426875799357674,1.47391198965471,-0.010883159119368546
CI011001.WI,2026-02-13,0.08767945648130548,0.05163280195485945,1.3654397382672743,-0.015130910026023847
CI011001.WI,2026-02-24,0.09291056117257068,0.05200911611448066,1.448214771040217,-0.008445054145770348
CI011001.WI,2026-02-25,0.09031347647464982,0.051965568262757326,1.4035861089776185,-0.008337258964064564
CI011001.WI,2026-02-26,0.08822242751863829,0.052074267918520135,1.3638876706248115,-0.011861767469964035
CI011001.WI,2026-02-27,0.08979379019982181,0.052081496924281184,1.3914203173155388,-0.010552085855865978
CI011001.WI,2026-03-02,0.09742104108461191,0.052582046498712606,1.5113551698420606,-0.003044455855055861
CI011001.WI,2026-03-03,0.10760923420186197,0.05206363503010713,1.7034453253457105,-0.0009804228431335993
CI011001.WI,2026-03-04,0.11352140703501612,0.052297909145192605,1.7978828511623404,0.0
CI011001.WI,2026-03-05,0.11435454320479521,0.05234563427077938,1.8105853004181434,0.0
CI011001.WI,2026-03-06,0.11537229754013678,0.05232676454050783,1.8286730971555973,-0.00018505233546117772
CI011001.WI,2026-03-09,0.13325039410286266,0.05221796954771402,2.1370370826309344,0.0
CI011001.WI,2026-03-10,0.1284424539603899,0.05288261065434126,2.0304041030242144,-0.009862116302738588
CI011001.WI,2026-03-11,0.12732032336254417,0.052889200486757715,2.011337546750348,-0.010221717522601703
CI011001.WI,2026-03-12,0.1370291658968097,0.05311544306284128,2.1645234320891293,-0.004100698770232003
CI011001.WI,2026-03-13,0.14461988069240062,0.05308255911424083,2.2912442501648616,-0.0005204939929568386
CI011001.WI,2026-03-16,0.143669727103227,0.05308452150252204,2.2755091583074427,-0.0005207053849214383
CI011001.WI,2026-03-17,0.1422525857067014,0.05310033685990841,2.251484791965522,-0.001278827434139318
CI011001.WI,2026-03-18,0.1399223232013327,0.053136238574762906,2.2115467926371415,-0.002698723772687095
CI011001.WI,2026-03-19,0.14492588619495272,0.053493193962113474,2.279061122594757,0.0
CI011001.WI,2026-03-20,0.13702047549272822,0.053690268940957527,2.141774828694478,-0.004451550623233103
CI011001.WI,2026-03-23,0.1438441057607931,0.05392068609069661,2.2438755649502156,0.0
CI011001.WI,2026-03-24,0.13359539822789368,0.05476759257099274,2.0455978314883265,-0.009074918720181624
CI011001.WI,2026-03-25,0.13315783757104405,0.054778186367894825,2.0381613958037548,-0.010252591876120376
CI011001.WI,2026-03-26,0.1312455817767022,0.05474458721701777,2.0085116589888963,-0.009523846456388818
CI011001.WI,2026-03-27,0.1316458576266506,0.05474588502358726,2.0149306504619204,-0.008659140198611248
CI011001.WI,2026-03-30,0.12832589364728753,0.054501593091126295,1.9697852862078982,-0.005173660302173255
CI011001.WI,2026-03-31,0.12797167201575288,0.0545053635737658,1.963889365690013,-0.005496485529141393
CI011001.WI,2026-04-01,0.12191684928413138,0.05474175790174237,1.8572752461870023,-0.010078132161597031
CI011001.WI,2026-04-02,0.12222760825620216,0.05475322233410312,1.861958259416598,-0.007253767680398759
CI011001.WI,2026-04-03,0.12291386497930956,0.054759687242789686,1.8729138561641634,-0.005916539107990504
CI011001.WI,2026-04-07,0.12925283939470056,0.05458829083616693,1.9817938983929437,-0.004297717418433544
CI011001.WI,2026-04-08,0.12212467643312919,0.05468979070195766,1.862376603655005,-0.007844146082304881
CI011001.WI,2026-04-09,0.12384954290827199,0.05469985894296894,1.8901367533082039,-0.006264897873787367
CI011001.WI,2026-04-10,0.12339245112591524,0.05470378997667087,1.8825649001694,-0.006524625124198713
CI011001.WI,2026-04-13,0.12597614880843788,0.05472298884927255,1.9239232409542208,-0.0044611507557132946
CI011001.WI,2026-04-14,0.12727746280599628,0.054726012672668974,1.9449361708003017,-0.0032668445900341236
CI011001.WI,2026-04-15,0.1276717801445013,0.05472260630293931,1.9514479790363877,-0.0031411625782324926
CI011001.WI,2026-04-16,0.1260355266005122,0.05470051510223653,1.9256558191243114,-0.0025620208022885116
CI011001.WI,2026-04-17,0.12986416407434054,0.05468616749187633,1.9882460977114342,-0.0006158184968598768
CI011001.WI,2026-04-20,0.13203837355420878,0.05468305148858635,2.0235301002454165,0.0
CI011001.WI,2026-04-21,0.14751730084898118,0.052856951670255954,2.348643213769684,0.0
CI011001.WI,2026-04-22,0.14826626756486028,0.052851331641246835,2.361239603405379,0.0
CI011001.WI,2026-04-23,0.14465690561339684,0.05285950170136242,2.301291074284921,-0.0011632923038843446
CI011001.WI,2026-04-24,0.13810786839791978,0.05284007781265135,2.1934718382744376,-0.003323232302491985
CI011001.WI,2026-04-27,0.13276719188437247,0.052842342916712026,2.104322208771961,-0.005185629308096851
CI011001.WI,2026-04-28,0.13187772580516532,0.05283432196873603,2.089758598031178,-0.004546513865708923
CI011001.WI,2026-04-29,0.1348628692053071,0.05288764988703015,2.1375305915594747,-0.0016738193339106422
CI011001.WI,2026-04-30,0.13187187902811814,0.052791186275089184,2.0913254100949845,-0.0005768162115757924
CI011001.WI,2026-05-06,0.13498245073879445,0.05292076445063571,2.138217887667959,0.0
CI011001.WI,2026-05-07,0.13512042713121053,0.05292075729824684,2.140516348852782,0.0
CI011001.WI,2026-05-08,0.13467386153271121,0.05290367319339753,2.1337490606563843,0.0
CI011001.WI,2026-05-11,0.13106552023705254,0.052685972819982135,2.0818640607841377,0.0
CI011001.WI,2026-05-12,0.14466795158521562,0.05163400023965553,2.354856786469324,0.0
CI011001.WI,2026-05-13,0.14682677562910018,0.05171325046823243,2.3877821673539086,0.0
CI011001.WI,2026-05-14,0.14598615076872745,0.05174076867840828,2.3723599232377044,-0.0017546967786820078
CI011001.WI,2026-05-15,0.14272318122149885,0.05193434150887977,2.3087776505062294,-0.0061435190845831045
CI011001.WI,2026-05-18,0.1405001969134707,0.05194908293348341,2.2706337726251524,-0.0069727203763000345
CI011001.WI,2026-05-19,0.14307246715096356,0.05193003489957446,2.3148530913850776,-0.005760434156481975
CI011001.WI,2026-05-20,0.14108900061800966,0.05186381074695761,2.284239189598457,-0.00414152391667133
CI011001.WI,2026-05-21,0.1384755844167187,0.0518905278082984,2.2388791045493868,-0.00536029258171733
CI011001.WI,2026-05-22,0.14153022776141344,0.05189647875847791,2.2902871527377906,-0.0033901579424790995
CI011001.WI,2026-05-25,0.14383871788021008,0.05193682948599337,2.3274666067433643,-0.0008212246658511058
CI011001.WI,2026-05-26,0.15157904211457263,0.051755984232199084,2.465797300510401,0.0
CI011001.WI,2026-05-27,0.1518198619955229,0.051759625885254755,2.4696695426917965,0.0
CI011001.WI,2026-05-28,0.154634235924618,0.0517651334615725,2.516583539688563,0.0
CI011001.WI,2026-05-29,0.15803107133378957,0.05161833205483179,2.58053693167095,-0.0005303903032770618
CI011001.WI,2026-06-01,0.15685448448955652,0.051614905161615994,2.5609986195427803,-0.0002803455666742227
CI011001.WI,2026-06-02,0.15820462549115022,0.05164684701350193,2.5820438252007563,0.0
CI011001.WI,2026-06-03,0.15634902551888108,0.05168317466163559,2.5492229603351775,-0.0013827297841679798
CI011001.WI,2026-06-04,0.15740199377435005,0.051643464311492415,2.5687781519666877,-0.0025918283346094695
CI011001.WI,2026-06-05,0.15102486140274207,0.052002934942468854,2.445072492608844,-0.008125416965939158
CI011001.WI,2026-06-08,0.1478473005499572,0.05215181023201952,2.3852036925815447,-0.011716640215092666
CI011001.WI,2026-06-09,0.147288787179781,0.05215023314034255,2.375936586632106,-0.01124580524279628
CI011001.WI,2026-06-10,0.14126469257764707,0.05234406855740806,2.266701140808475,-0.01520774600648156
CI011001.WI,2026-06-11,0.14330821272927374,0.05230057140499814,2.3027667953849025,-0.01505093030748006
CI011001.WI,2026-06-12,0.14743182633518237,0.05226719254925978,2.3731231751132187,-0.013217352536658677
CI011001.WI,2026-06-15,0.1492978300947967,0.05233403271844136,2.401224890475244,-0.00975745929819205
CI011001.WI,2026-06-16,0.14941579426900087,0.05233497061844429,2.4031450012810787,-0.00868286220935588
CI011001.WI,2026-06-17,0.14802476267081288,0.052334901361438195,2.379996961152533,-0.008729521325383516
CI011001.WI,2026-06-18,0.15067629452611042,0.05235452879991596,2.423213451038886,-0.006592625076091929
CI011001.WI,2026-06-22,0.14784620458856512,0.05234832497409313,2.3764269886419873,-0.007132250872262991
CI011001.WI,2026-06-23,0.14495192200448126,0.05247387047784232,2.3227271555303783,-0.01042188967366453
CI011001.WI,2026-06-24,0.14443613511669118,0.05248041815843671,2.3138533767937073,-0.010860371283356152
CI011001.WI,2026-06-25,0.14264842604028494,0.052477739994517145,2.2841628432667567,-0.011013490758985167
CI011001.WI,2026-06-26,0.14317463545444364,0.05247907456464742,2.2928840200533553,-0.01010615918584512
CI011001.WI,2026-06-29,0.1476290739477224,0.05247839249255785,2.367059680856264,-0.007650566343558873
CI011001.WI,2026-06-30,0.14599648764076778,0.05246742156382632,2.3403960577941536,-0.007413277929530726
CI011001.WI,2026-07-01,0.1457895714268218,0.052476385699750626,2.336562318643102,-0.009541344311877253
CI011001.WI,2026-07-02,0.14497203704387074,0.05247996473231656,2.322798389663877,-0.009615405676486444
CI011001.WI,2026-07-03,0.1477892759135253,0.05240891914206727,2.372792992883934,-0.009354274340087065
CI011001.WI,2026-07-06,0.15020224422503725,0.052390439558710596,2.4137187842829215,-0.008217366226374812
CI011001.WI,2026-07-07,0.1484375076331803,0.052369273963161704,2.3853370037139503,-0.007714155075279616
CI011001.WI,2026-07-08,0.14712197977352992,0.05236131919533845,2.3637901233996628,-0.007376201614838984
CI011001.WI,2026-07-09,0.14515122040757844,0.05233840618375169,2.3319310656180625,-0.006999027117502443
CI011001.WI,2026-07-10,0.1439437479291661,0.052343022664496607,2.311563998656375,-0.007211925020511711
CI011001.WI,2026-07-13,0.1436232356364675,0.05234580775509755,2.306087633093026,-0.007330683308494068
CI011001.WI,2026-07-14,0.14217714794302738,0.05235029166671566,2.2817121560538416,-0.007610592372272684
CI011001.WI,2026-07-15,0.1408333426173074,0.052335583521483625,2.2598330999420035,-0.007023052569422816
CI011001.WI,2026-07-16,0.13911910624411594,0.05233050614778543,2.2312966276641224,-0.0070737957841149335
CI011001.WI,2026-07-17,0.13590869724326193,0.052282429468025256,2.179290826385874,-0.007083789276936536
CI011001.WI,2026-07-20,0.1373048358101141,0.052262468443721496,2.2036186351072056,-0.006804519066580306
CI011001.WI,2026-07-21,0.13947457570902522,0.052206639509714194,2.2424466823066087,-0.006857749246381051
CI011001.WI,2026-07-22,0.13831091165355325,0.05219780053008159,2.223232816992486,-0.006401288476088229
CI011001.WI,2026-07-23,0.13954538166769948,0.052185545475419585,2.244523420576036,-0.005928491311137041
CI011001.WI,2026-07-24,0.1380939608544367,0.0522019479279386,2.2194070577495193,-0.00670878231799743
CI011001.WI,2026-07-27,0.140637412279895,0.05212434199353158,2.2654836068774364,-0.006878192555897389
CI011001.WI,2026-07-28,0.13756887819955432,0.052169448949277726,2.211906880111259,-0.008560658676131316
CI011001.WI,2026-07-29,0.13884104787706408,0.05216467461405301,2.233542037460458,-0.007711645293977498
CI011001.WI,2026-07-30,0.14139128498697073,0.0521971455378297,2.2750607592679555,-0.005330912383078368
CI011001.WI,2026-07-31,0.14035878998150153,0.0521999047795354,2.25759683720662,-0.005413073496435605
CI011001.WI,2026-08-03,0.13739261740079023,0.05217810733740723,2.2085771423322735,-0.005758487852202121
CI011001.WI,2026-08-04,0.1368630809546918,0.05217278723658145,2.199866753643743,-0.0048881185127857
CI011001.WI,2026-08-05,0.13685249040070313,0.05217313638813736,2.1996737357969893,-0.006321705592614024
GALLW.WI,2021-07-01,,,,
GALLW.WI,2021-07-02,,,,
GALLW.WI,2021-07-05,,,,
GALLW.WI,2021-07-06,,,,
GALLW.WI,2021-07-07,,,,
GALLW.WI,2021-07-08,,,,
GALLW.WI,2021-07-09,,,,
GALLW.WI,2021-07-12,,,,
GALLW.WI,2021-07-13,,,,
GALLW.WI,2021-07-14,,,,
GALLW.WI,2021-07-15,,,,
GALLW.WI,2021-07-16,,,,
GALLW.WI,2021-07-19,,,,
GALLW.WI,2021-07-20,,,,
GALLW.WI,2021-07-21,,,,
GALLW.WI,2021-07-22,,,,
GALLW.WI,2021-07-23,,,,
GALLW.WI,2021-07-26,,,,
GALLW.WI,2021-07-27,,,,
GALLW.WI,2021-07-28,,,,
GALLW.WI,2021-07-29,,,,
GALLW.WI,2021-07-30,,,,
GALLW.WI,2021-08-02,,,,
GALLW.WI,2021-08-03,,,,
GALLW.WI,2021-08-04,,,,
GALLW.WI,2021-08-05,,,,
GALLW.WI,2021-08-06,,,,
GALLW.WI,2021-08-09,,,,
GALLW.WI,2021-08-10,,,,
GALLW.WI,2021-08-11,,,,
GALLW.WI,2021-08-12,,,,
GALLW.WI,2021-08-13,,,,
GALLW.WI,2021-08-16,,,,
GALLW.WI,2021-08-17,,,,
GALLW.WI,2021-08-18,,,,
GALLW.WI,2021-08-19,,,,
GALLW.WI,2021-08-20,,,,
GALLW.WI,2021-08-23,,,,
GALLW.WI,2021-08-24,,,,
GALLW.WI,2021-08-25,,,,
GALLW.WI,2021-08-26,,,,
GALLW.WI,2021-08-27,,,,
GALLW.WI,2021-08-30,,,,
GALLW.WI,2021-08-31,,,,
GALLW.WI,2021-09-01,,,,
GALLW.WI,2021-09-02,,,,
GALLW.WI,2021-09-03,,,,
GALLW.WI,2021-09-06,,,,
GALLW.WI,2021-09-07,,,,
GALLW.WI,2021-09-08,,,,
GALLW.WI,2021-09-09,,,,
GALLW.WI,2021-09-10,,,,
GALLW.WI,2021-09-13,,,,
GALLW.WI,2021-09-14,,,,
GALLW.WI,2021-09-15,,,,
GALLW.WI,2021-09-16,,,,
GALLW.WI,2021-09-17,,,,
GALLW.WI,2021-09-22,,,,
GALLW.WI,2021-09-23,,,,
GALLW.WI,2021-09-24,,,,
GALLW.WI,2021-09-27,,,,
GALLW.WI,2021-09-28,,,,
GALLW.WI,2021-09-29,,,,
GALLW.WI,2021-09-30,,,,
GALLW.WI,2021-10-08,,,,
GALLW.WI,2021-10-11,,,,
GALLW.WI,2021-10-12,,,,
GALLW.WI,2021-10-13,,,,
GALLW.WI,2021-10-14,,,,
GALLW.WI,2021-10-15,,,,
GALLW.WI,2021-10-18,,,,
GALLW.WI,2021-10-19,,,,
GALLW.WI,2021-10-20,,,,
GALLW.WI,2021-10-21,,,,
GALLW.WI,2021-10-22,,,,
GALLW.WI,2021-10-25,,,,
GALLW.WI,2021-10-26,,,,
GALLW.WI,2021-10-27,,,,
GALLW.WI,2021-10-28,,,,
GALLW.WI,2021-10-29,,,,
GALLW.WI,2021-11-01,,,,
GALLW.WI,2021-11-02,,,,
GALLW.WI,2021-11-03,,,,
GALLW.WI,2021-11-04,,,,
GALLW.WI,2021-11-05,,,,
GALLW.WI,2021-11-08,,,,
GALLW.WI,2021-11-09,,,,
GALLW.WI,2021-11-10,,,,
GALLW.WI,2021-11-11,,,,
GALLW.WI,2021-11-12,,,,
GALLW.WI,2021-11-15,,,,
GALLW.WI,2021-11-16,,,,
GALLW.WI,2021-11-17,,,,
GALLW.WI,2021-11-18,,,,
GALLW.WI,2021-11-19,,,,
GALLW.WI,2021-11-22,,,,
GALLW.WI,2021-11-23,,,,
GALLW.WI,2021-11-24,,,,
GALLW.WI,2021-11-25,,,,
GALLW.WI,2021-11-26,,,,
GALLW.WI,2021-11-29,,,,
GALLW.WI,2021-11-30,,,,
GALLW.WI,2021-12-01,,,,
GALLW.WI,2021-12-02,,,,
GALLW.WI,2021-12-03,,,,
GALLW.WI,2021-12-06,,,,
GALLW.WI,2021-12-07,,,,
GALLW.WI,2021-12-08,,,,
GALLW.WI,2021-12-09,,,,
GALLW.WI,2021-12-10,,,,
GALLW.WI,2021-12-13,,,,
GALLW.WI,2021-12-14,,,,
GALLW.WI,2021-12-15,,,,
GALLW.WI,2021-12-16,,,,
GALLW.WI,2021-12-17,,,,
GALLW.WI,2021-12-20,,,,
GALLW.WI,2021-12-21,,,,
GALLW.WI,2021-12-22,,,,
GALLW.WI,2021-12-23,,,,
GALLW.WI,2021-12-24,,,,
GALLW.WI,2021-12-27,,,,
GALLW.WI,2021-12-28,,,,
GALLW.WI,2021-12-29,,,,
GALLW.WI,2021-12-30,,,,
GALLW.WI,2021-12-31,,,,
GALLW.WI,2022-01-04,,,,
GALLW.WI,2022-01-05,,,,
GALLW.WI,2022-01-06,,,,
GALLW.WI,2022-01-07,,,,
GALLW.WI,2022-01-10,,,,
GALLW.WI,2022-01-11,,,,
GALLW.WI,2022-01-12,,,,
GALLW.WI,2022-01-13,,,,
GALLW.WI,2022-01-14,,,,
GALLW.WI,2022-01-17,,,,
GALLW.WI,2022-01-18,,,,
GALLW.WI,2022-01-19,,,,
GALLW.WI,2022-01-20,,,,
GALLW.WI,2022-01-21,,,,
GALLW.WI,2022-01-24,,,,
GALLW.WI,2022-01-25,,,,
GALLW.WI,2022-01-26,,,,
GALLW.WI,2022-01-27,,,,
GALLW.WI,2022-01-28,,,,
GALLW.WI,2022-02-07,,,,
GALLW.WI,2022-02-08,,,,
GALLW.WI,2022-02-09,,,,
GALLW.WI,2022-02-10,,,,
GALLW.WI,2022-02-11,,,,
GALLW.WI,2022-02-14,,,,
GALLW.WI,2022-02-15,,,,
GALLW.WI,2022-02-16,,,,
GALLW.WI,2022-02-17,,,,
GALLW.WI,2022-02-18,,,,
GALLW.WI,2022-02-21,,,,
GALLW.WI,2022-02-22,,,,
GALLW.WI,2022-02-23,,,,
GALLW.WI,2022-02-24,,,,
GALLW.WI,2022-02-25,,,,
GALLW.WI,2022-02-28,,,,
GALLW.WI,2022-03-01,,,,
GALLW.WI,2022-03-02,,,,
GALLW.WI,2022-03-03,,,,
GALLW.WI,2022-03-04,,,,
GALLW.WI,2022-03-07,,,,
GALLW.WI,2022-03-08,,,,
GALLW.WI,2022-03-09,,,,
GALLW.WI,2022-03-10,,,,
GALLW.WI,2022-03-11,,,,
GALLW.WI,2022-03-14,,,,
GALLW.WI,2022-03-15,,,,
GALLW.WI,2022-03-16,,,,
GALLW.WI,2022-03-17,,,,
GALLW.WI,2022-03-18,,,,
GALLW.WI,2022-03-21,,,,
GALLW.WI,2022-03-22,,,,
GALLW.WI,2022-03-23,,,,
GALLW.WI,2022-03-24,,,,
GALLW.WI,2022-03-25,,,,
GALLW.WI,2022-03-28,,,,
GALLW.WI,2022-03-29,,,,
GALLW.WI,2022-03-30,,,,
GALLW.WI,2022-03-31,,,,
GALLW.WI,2022-04-01,,,,
GALLW.WI,2022-04-06,,,,
GALLW.WI,2022-04-07,,,,
GALLW.WI,2022-04-08,,,,
GALLW.WI,2022-04-11,,,,
GALLW.WI,2022-04-12,,,,
GALLW.WI,2022-04-13,,,,
GALLW.WI,2022-04-14,,,,
GALLW.WI,2022-04-15,,,,
GALLW.WI,2022-04-18,,,,
GALLW.WI,2022-04-19,,,,
GALLW.WI,2022-04-20,,,,
GALLW.WI,2022-04-21,,,,
GALLW.WI,2022-04-22,,,,
GALLW.WI,2022-04-25,,,,
GALLW.WI,2022-04-26,,,,
GALLW.WI,2022-04-27,,,,
GALLW.WI,2022-04-28,,,,
GALLW.WI,2022-04-29,,,,
GALLW.WI,2022-05-05,,,,
GALLW.WI,2022-05-06,,,,
GALLW.WI,2022-05-09,,,,
GALLW.WI,2022-05-10,,,,
GALLW.WI,2022-05-11,,,,
GALLW.WI,2022-05-12,,,,
GALLW.WI,2022-05-13,,,,
GALLW.WI,2022-05-16,,,,
GALLW.WI,2022-05-17,,,,
GALLW.WI,2022-05-18,,,,
GALLW.WI,2022-05-19,,,,
GALLW.WI,2022-05-20,,,,
GALLW.WI,2022-05-23,,,,
GALLW.WI,2022-05-24,,,,
GALLW.WI,2022-05-25,,,,
GALLW.WI,2022-05-26,,,,
GALLW.WI,2022-05-27,,,,
GALLW.WI,2022-05-30,,,,
GALLW.WI,2022-05-31,,,,
GALLW.WI,2022-06-01,,,,
GALLW.WI,2022-06-02,,,,
GALLW.WI,2022-06-06,,,,
GALLW.WI,2022-06-07,,,,
GALLW.WI,2022-06-08,,,,
GALLW.WI,2022-06-09,,,,
GALLW.WI,2022-06-10,,,,
GALLW.WI,2022-06-13,,,,
GALLW.WI,2022-06-14,,,,
GALLW.WI,2022-06-15,,,,
GALLW.WI,2022-06-16,,,,
GALLW.WI,2022-06-17,,,,
GALLW.WI,2022-06-20,,,,
GALLW.WI,2022-06-21,,,,
GALLW.WI,2022-06-22,,,,
GALLW.WI,2022-06-23,,,,
GALLW.WI,2022-06-24,,,,
GALLW.WI,2022-06-27,,,,
GALLW.WI,2022-06-28,,,,
GALLW.WI,2022-06-29,,,,
GALLW.WI,2022-06-30,,,,
GALLW.WI,2022-07-01,,,,
GALLW.WI,2022-07-04,,,,
GALLW.WI,2022-07-05,,,,
GALLW.WI,2022-07-06,,,,
GALLW.WI,2022-07-07,,,,
GALLW.WI,2022-07-08,,,,
GALLW.WI,2022-07-11,,,,
GALLW.WI,2022-07-12,,,,
GALLW.WI,2022-07-13,,,,
GALLW.WI,2022-07-14,,,,-0.047945734656731465
GALLW.WI,2022-07-15,0.0599419000000001,0.080126213731738,0.5807886174425065,-0.0543765939311559
GALLW.WI,2022-07-18,0.06698716223295276,0.08048495563998768,0.6608872426983059,-0.04690977419594855
GALLW.WI,2022-07-19,0.057018062605920905,0.08029410412970098,0.5453300799660239,-0.04960316433640988
GALLW.WI,2022-07-20,0.05463558468015961,0.08022473278879878,0.51759897809879,-0.04813183640674801
GALLW.WI,2022-07-21,0.047668220843571474,0.08048237128486914,0.43382431963137824,-0.05404649974368636
GALLW.WI,2022-07-22,0.054303591616997826,0.0806120706057664,0.511590826309292,-0.04929983454251896
GALLW.WI,2022-07-25,0.046283369268997454,0.08019977387678429,0.41857683237831494,-0.04865632930624386
GALLW.WI,2022-07-26,0.04879150006167965,0.08034362277138458,0.44777660635186317,-0.04277708418347448
GALLW.WI,2022-07-27,0.04151757515014265,0.08016608393583054,0.36175973736081257,-0.043987905348971235
GALLW.WI,2022-07-28,0.048510127594941777,0.08035015654122205,0.44440666025795433,-0.03850521932439177
GALLW.WI,2022-07-29,0.04927824218669663,0.08037823323413754,0.45339192465679184,-0.03501639140677404
GALLW.WI,2022-08-01,0.04854544572360564,0.08036851202744592,0.44474256168100995,-0.03408516893952862
GALLW.WI,2022-08-02,0.04635518574397146,0.08042838543860148,0.41846732943809256,-0.03712230310818476
GALLW.WI,2022-08-03,0.04095576152993052,0.08048895514540415,0.3539242886991604,-0.04033965086027003
GALLW.WI,2022-08-04,0.037225019462849396,0.08040861039334359,0.3095388172699238,-0.04019003790016562
GALLW.WI,2022-08-05,0.045152138821552334,0.0807497360243291,0.40287077133619603,-0.03291788452092004
GALLW.WI,2022-08-08,0.046107330071716746,0.08074728157611338,0.4141958967241079,-0.03250143055683674
GALLW.WI,2022-08-09,0.053637270237688606,0.08059762798813902,0.5038221644668228,-0.030462162195436848
GALLW.WI,2022-08-10,0.06576109565843002,0.07978504535868627,0.6515658038637449,-0.030241266733768035
GALLW.WI,2022-08-11,0.0653017939902647,0.07978062923232784,0.6461930554175936,-0.029405325507662505
GALLW.WI,2022-08-12,0.05723308887601486,0.07915225781958674,0.5546209605686752,-0.02657186837413983
GALLW.WI,2022-08-15,0.05580052388042178,0.07910241475420136,0.5377754977525576,-0.02419804509300716
GALLW.WI,2022-08-16,0.05732399298456703,0.07904672238107761,0.5563442027421666,-0.026248197641129067
GALLW.WI,2022-08-17,0.06015615048007206,0.07890358267297168,0.5911207672227642,-0.02883345963153272
GALLW.WI,2022-08-18,0.051865081718327044,0.07881257085611096,0.4920699699468549,-0.03154504955962756
GALLW.WI,2022-08-19,0.05474222891635416,0.07872292807184501,0.5272465486587815,-0.03251338531930181
GALLW.WI,2022-08-22,0.056417332211332605,0.07876960872759343,0.5471311666749209,-0.0292976434308313
GALLW.WI,2022-08-23,0.07295141752600065,0.0781887810603337,0.7492814097733809,-0.024372816583075663
GALLW.WI,2022-08-24,0.07209956848645094,0.07819664000828566,0.7390539565436726,-0.025229366392236385
GALLW.WI,2022-08-25,0.07180270897744889,0.07819105024031095,0.7355584550921302,-0.02355445064208672
GALLW.WI,2022-08-26,0.06717243685791319,0.07811841439216946,0.6807332944269741,-0.02412613808892594
GALLW.WI,2022-08-29,0.05999000952381328,0.07813049496176862,0.5941847986548248,-0.02730690783645373
GALLW.WI,2022-08-30,0.06083919604240884,0.07813620469295195,0.6043984199969555,-0.02613962341784526
GALLW.WI,2022-08-31,0.052963136968153135,0.07836182605514272,0.5077633599311596,-0.03183776281073236
GALLW.WI,2022-09-01,0.05007328779386255,0.07838355470903288,0.47257509830219474,-0.03356058682538787
GALLW.WI,2022-09-02,0.05305936051749449,0.07831845802613323,0.5091682449521605,-0.03371769381569423
GALLW.WI,2022-09-05,0.06114239875444505,0.07873675109647794,0.6040132622631867,-0.02566607208079419
GALLW.WI,2022-09-06,0.06143605053601564,0.07875226390988453,0.6074240001191138,-0.02102396644387383
GALLW.WI,2022-09-07,0.053591579072103546,0.0785890170008557,0.5141134206496052,-0.02274786103427262
GALLW.WI,2022-09-08,0.05558002620518043,0.07860912718355906,0.5379933301564142,-0.02079236522477368
GALLW.WI,2022-09-09,0.06273374165470891,0.07867613799325168,0.6234700197509686,-0.016486598800491303
GALLW.WI,2022-09-13,0.05838337362066137,0.07845718881725913,0.5726968898290115,-0.014181024722984215
GALLW.WI,2022-09-14,0.04760656161765375,0.07860670945868821,0.44153017602309075,-0.020134585645256498
GALLW.WI,2022-09-15,0.04097069157700517,0.07862438371775181,0.3606134105741925,-0.023280650895777466
GALLW.WI,2022-09-16,0.03794437668689454,0.07888495513905072,0.3227696501743903,-0.03143540476060047
GALLW.WI,2022-09-19,0.03221400489238091,0.07867259732706412,0.2530495558371901,-0.03107444230587042
GALLW.WI,2022-09-20,0.037337663420848655,0.07863507060284107,0.3161098968809013,-0.029108954456101954
GALLW.WI,2022-09-21,0.03547260893110016,0.07852596859766882,0.2935208230275433,-0.025252383770714038
GALLW.WI,2022-09-22,0.02757183392190421,0.07825208628869676,0.19638214953704344,-0.026150864463148293
GALLW.WI,2022-09-23,0.026943127541595224,0.07827617205568126,0.18852607095613882,-0.029328690127382373
GALLW.WI,2022-09-26,0.011651531830098483,0.07870060912144548,-0.002707266158439093,-0.03866036359250247
GALLW.WI,2022-09-27,0.013716810137168078,0.07877362277563416,0.023258843483183647,-0.0349259277564784
GALLW.WI,2022-09-28,0.005121008529698212,0.07872020474959597,-0.08495937340686865,-0.03851494372072539
GALLW.WI,2022-09-29,0.013482929990972226,0.0786407835571719,0.02023141018780398,-0.03521061168950945
GALLW.WI,2022-09-30,0.011103999401119058,0.07863226418854764,-0.009663161531391259,-0.03601220527718907
GALLW.WI,2022-10-10,0.022429338973821045,0.0784931978563026,0.13209711473700642,-0.03151560872669101
GALLW.WI,2022-10-11,0.027855275026477777,0.07817615177385275,0.20002674304582183,-0.03340437198153401
GALLW.WI,2022-10-12,0.0201067052629329,0.07748145142847755,0.10345632227682532,-0.0301552638157353
GALLW.WI,2022-10-13,0.01847922973735039,0.07748429352135494,0.08284716807107288,-0.030977644415761008
GALLW.WI,2022-10-14,0.03531271480791909,0.07679771369852956,0.29637528651616846,-0.026074764370739745
GALLW.WI,2022-10-17,0.03518482011359336,0.07680554500032648,0.29474418581537204,-0.030734534507421918
GALLW.WI,2022-10-18,0.032094547104106086,0.07674562837056295,0.25595315501091864,-0.030564312964261764
GALLW.WI,2022-10-19,0.03837593453837962,0.076235725764578,0.3367540573587005,-0.033743476848175025
GALLW.WI,2022-10-20,0.0295569272338716,0.07605831729190843,0.22520524194501637,-0.03621044021896125
GALLW.WI,2022-10-21,0.028172832764635114,0.07607184214848114,0.20749236132774154,-0.03747300587870994
GALLW.WI,2022-10-24,0.026644979485235476,0.07601814729532337,0.18802089907862132,-0.03545149123171698
GALLW.WI,2022-10-25,0.0260099313462534,0.07602555192314049,0.17987022079871398,-0.036513859227497614
GALLW.WI,2022-10-26,0.027569828645434002,0.07601493022307981,0.19987261860815256,-0.03618046409815323
GALLW.WI,2022-10-27,0.02023725327214776,0.07572335020122208,0.10576913375808136,-0.03658514172906191
GALLW.WI,2022-10-28,0.012403274096371097,0.0758889482057314,0.0041238380183158205,-0.04178483889886997
GALLW.WI,2022-10-31,0.009975456207530264,0.07595840069227137,-0.027421180794207568,-0.044980061418930295
GALLW.WI,2022-11-01,0.009309798979846295,0.07590938611715331,-0.036173231866240385,-0.03990963627010702
GALLW.WI,2022-11-02,0.019186958335251303,0.07553183540677531,0.09220767902681833,-0.037998747783239084
GALLW.WI,2022-11-03,0.018332270331273604,0.075542300711791,0.08109869888625865,-0.03922375407733236
GALLW.WI,2022-11-04,0.027695538420803523,0.07551663845982427,0.2023131807465177,-0.03493252964022775
GALLW.WI,2022-11-07,0.030892134127399107,0.07561565966128964,0.24322285585284342,-0.030998520642752325
GALLW.WI,2022-11-08,0.03180858932314168,0.07562113289224091,0.254962921199102,-0.029988789287676343
GALLW.WI,2022-11-09,0.04942287059331418,0.07565821754803835,0.47863973552393685,-0.021452285955776973
GALLW.WI,2022-11-10,0.05189141875570735,0.07556385153615298,0.5102428830996614,-0.02307126412334748
GALLW.WI,2022-11-11,0.05884154645252715,0.07579185317976628,0.5958430543294927,-0.01708308791871338
GALLW.WI,2022-11-14,0.052975741761827955,0.07618563509342793,0.5202230779167882,-0.024876522470225093
GALLW.WI,2022-11-15,0.0559825895913022,0.07625536438433894,0.557219052775077,-0.021460315273850505
GALLW.WI,2022-11-16,0.05660603154797661,0.07625575267408344,0.5649583292060513,-0.0208986198672807
GALLW.WI,2022-11-17,0.05823265353769336,0.07622499230364542,0.5853413047204036,-0.021406964915983817
GALLW.WI,2022-11-18,0.056303935333662736,0.07623651709144207,0.5613299567562414,-0.022541329130490895
GALLW.WI,2022-11-21,0.04739754331532331,0.07609357228925806,0.4509429977517243,-0.025228474245783783
GALLW.WI,2022-11-22,0.04666088350174591,0.07609580288616875,0.44168434525972505,-0.02561664716731904
GALLW.WI,2022-11-23,0.05022817157335213,0.07609453111219076,0.4864129311459378,-0.023792207671710086
GALLW.WI,2022-11-24,0.04584860996715201,0.07577247839311117,0.43300032416397793,-0.019994964725421394
GALLW.WI,2022-11-25,0.04962974097872297,0.07582345944443422,0.48036463396025775,-0.016987985106863945
GALLW.WI,2022-11-28,0.04788570540212356,0.07589944628645516,0.458045263324194,-0.021010851891020366
GALLW.WI,2022-11-29,0.04891661902655464,0.07591932617642384,0.47089983057295415,-0.0188399919278589
GALLW.WI,2022-11-30,0.04978338868605925,0.07591662372083355,0.4817965455893767,-0.018478761829192836
GALLW.WI,2022-12-01,0.04899041476169308,0.07589111333890829,0.4719740485855899,-0.016153382100437486
GALLW.WI,2022-12-02,0.04846144373203365,0.07588711018264743,0.465346995373929,-0.015614971716281012
GALLW.WI,2022-12-05,0.04957032898766234,0.07586661359743417,0.47938837279592295,-0.016341535787295136
GALLW.WI,2022-12-06,0.049880238002144806,0.0758452245923877,0.4833954529616272,-0.02140955214069662
GALLW.WI,2022-12-07,0.04779230018628766,0.07586581980858942,0.45703949175012476,-0.022952073357277225
GALLW.WI,2022-12-08,0.052633140881246154,0.07595781453245153,0.5172734272891094,-0.019023417238517748
GALLW.WI,2022-12-09,0.055247574035764746,0.07601946500633035,0.549553831175272,-0.015747009391268718
GALLW.WI,2022-12-12,0.05290982457311366,0.07613466247495779,0.5197008397881969,-0.020505807784191865
GALLW.WI,2022-12-13,0.05619101615829658,0.0760716201259238,0.5609794383689694,-0.02027260070147696
GALLW.WI,2022-12-14,0.05849235642301531,0.07613664659765884,0.58915876075452,-0.016762450483641556
GALLW.WI,2022-12-15,0.0583585558473978,0.07613957785998707,0.5874783072453003,-0.01832326070250101
GALLW.WI,2022-12-16,0.05216297639255418,0.07607774658445247,0.5107040242976112,-0.020204262283206154
GALLW.WI,2022-12-19,0.051112546195507313,0.07609631393812952,0.4974690024845613,-0.021867936988052894
GALLW.WI,2022-12-20,0.04937141752018803,0.07613249167129806,0.4754885335783177,-0.02409660804134428
GALLW.WI,2022-12-21,0.051327526120398925,0.07620708186541979,0.49954009270711025,-0.020027617285587218
GALLW.WI,2022-12-22,0.048661022812416244,0.07624115306890449,0.46603466048911085,-0.02206893758382844
GALLW.WI,2022-12-23,0.04381842536501401,0.07634441176842162,0.4048681562570783,-0.025802392058754675
GALLW.WI,2022-12-26,0.04398132703275737,0.0763501021041072,0.40688789246557266,-0.022855364681813373
GALLW.WI,2022-12-27,0.053547875059394956,0.07631823672329513,0.5265722839658252,-0.01846270319304566
GALLW.WI,2022-12-28,0.05621692778622145,0.07624897631972408,0.560172129593753,-0.019049111056353207
GALLW.WI,2022-12-29,0.0484308190987115,0.07595923856901811,0.4645927269096364,-0.019577261756304476
GALLW.WI,2022-12-30,0.04899478456166384,0.07598722955981008,0.4715278645552227,-0.015270513970924271
GALLW.WI,2023-01-03,0.05985694775371253,0.07573396077863481,0.6089039350180444,-0.011820762067931256
GALLW.WI,2023-01-04,0.056936038584462834,0.07575832314709151,0.572295443006419,-0.013608355915046944
GALLW.WI,2023-01-05,0.0567981057103466,0.07575846599546862,0.5705713822785967,-0.013526456870696535
GALLW.WI,2023-01-06,0.047912942334404685,0.07547428487369919,0.46054550988429854,-0.01499751715642239
GALLW.WI,2023-01-09,0.057446462196740766,0.07557869283357842,0.5798666817276489,-0.00946727972591821
GALLW.WI,2023-01-10,0.0569149756924594,0.07558650014793777,0.5731618465262569,-0.010645359116603692
GALLW.WI,2023-01-11,0.05482942768197452,0.07552011323936744,0.5474392947601352,-0.008904959816831703
GALLW.WI,2023-01-12,0.06014756105112262,0.07545471659487735,0.6145136274069939,-0.0071534086864017965
GALLW.WI,2023-01-13,0.06466918000287047,0.07556993664664002,0.6700240744333472,-0.00276904415964363
GALLW.WI,2023-01-16,0.06196367962025251,0.07548354375234063,0.6369884968492195,-0.001246953096827652
GALLW.WI,2023-01-17,0.06327862451492461,0.0754971286554448,0.6532822726889278,0.0
GALLW.WI,2023-01-18,0.06482259682777514,0.07553251135287668,0.6722270627466458,0.0
GALLW.WI,2023-01-19,0.0687212288469905,0.07550737016314868,0.7208394655586519,0.0
GALLW.WI,2023-01-20,0.07680000668331344,0.07580674870480986,0.817660622089391,0.0
GALLW.WI,2023-01-30,0.07507827690293944,0.0757869207738871,0.7967338351123658,0.0
GALLW.WI,2023-01-31,0.07009801993974496,0.0758081527967373,0.7352645629843315,-0.002377238575137275
GALLW.WI,2023-02-01,0.07224042027776179,0.0759245049011867,0.7606032614395953,0.0
GALLW.WI,2023-02-02,0.07094543947785681,0.07592621905566066,0.7446669617090267,-0.00042574421793339923
GALLW.WI,2023-02-03,0.06838945910533356,0.0760536553134154,0.712119006589608,-0.005387021433019723
GALLW.WI,2023-02-06,0.06297774184990268,0.07633063945955407,0.6432652819869501,-0.011773184702018713
GALLW.WI,2023-02-07,0.060268422361541285,0.07630796493302339,0.6099813978095264,-0.012122598875515367
GALLW.WI,2023-02-08,0.055968348098677456,0.07630730732074018,0.5567165845203261,-0.013885392502439808
GALLW.WI,2023-02-09,0.05419848701684726,0.07624818202783828,0.5350845913523578,-0.011860582163715327
GALLW.WI,2023-02-10,0.05090894529860934,0.07635095348491551,0.4935247919168007,-0.015663996725449936
GALLW.WI,2023-02-13,0.05382096995492236,0.07642866305624117,0.5293132501622247,-0.011989789868394385
GALLW.WI,2023-02-14,0.0604145297220533,0.0761972799226338,0.6125653954041174,-0.011480513001141057
GALLW.WI,2023-02-15,0.055461575106060756,0.07626758381578734,0.550671095032775,-0.014688219437019923
GALLW.WI,2023-02-16,0.06146926579402101,0.07584724416427667,0.6281511337217328,-0.01723152949071438
GALLW.WI,2023-02-17,0.06111832449098431,0.0758608703945254,0.6236918941752688,-0.020218853784485846
GALLW.WI,2023-02-20,0.05377980839435814,0.07489859403098924,0.5380724373536651,-0.01333237298601564
GALLW.WI,2023-02-21,0.05360240226500568,0.07489052582210187,0.5358737414737451,-0.00968618601868998
GALLW.WI,2023-02-22,0.04889898011416083,0.07474746264339348,0.47688809375327595,-0.00934617036619978
GALLW.WI,2023-02-23,0.043039385837229105,0.07462789295392315,0.4024522458228511,-0.010368149729858445
GALLW.WI,2023-02-24,0.05229390887587648,0.07406160090612424,0.5242558436046747,-0.010543032489896742
GALLW.WI,2023-02-27,0.04345411400550203,0.07395672742180417,0.41080664520368637,-0.013621092037871652
GALLW.WI,2023-02-28,0.041457418218886266,0.07391619874785171,0.38507420942840187,-0.012859548326404457
GALLW.WI,2023-03-01,0.04907600639793408,0.07388549559614235,0.4838700108362989,-0.009384554980030435
GALLW.WI,2023-03-02,0.04217175946575913,0.07367600832341979,0.39539854415857867,-0.010173415888068083
GALLW.WI,2023-03-03,0.0393067791407713,0.0735183695710275,0.35863938703080833,-0.00723721252164089
GALLW.WI,2023-03-06,0.04336917351662639,0.07358158602300109,0.41142095397428113,-0.003950980125202341
GALLW.WI,2023-03-07,0.034809123903257744,0.07316840274499967,0.3007247672334199,-0.004270002819556362
GALLW.WI,2023-03-08,0.030322123940353052,0.0733271117620752,0.24096236071801733,-0.008950729790764278
GALLW.WI,2023-03-09,0.02002236791633316,0.07264115076654318,0.10423166227099832,-0.00895195950379335
GALLW.WI,2023-03-10,0.026588554101206086,0.07213271648621991,0.19342039315560855,-0.011383365671858159
GALLW.WI,2023-03-13,0.03218818016595293,0.07239139542295675,0.26813867923451906,-0.005189301145302139
GALLW.WI,2023-03-14,0.0316388515633752,0.07238281106938381,0.26080644126840336,-0.00416495019223051
GALLW.WI,2023-03-15,0.025604703583118393,0.07198406726856116,0.1803512158231784,-0.00213609936783965
GALLW.WI,2023-03-16,0.02064438051676909,0.07201938733232412,0.11297302595041257,-0.004974804058404447
GALLW.WI,2023-03-17,0.030942983750348763,0.07206188558544097,0.25228395568006695,0.0
GALLW.WI,2023-03-20,0.0250176600390295,0.07111795653361258,0.1736381751651961,0.0
GALLW.WI,2023-03-21,0.028318272345444928,0.07097498691107468,0.2191460794372746,-0.0014395949359332638
GALLW.WI,2023-03-22,0.020593998340902475,0.07103272956714837,0.11286768490872957,-0.0056378332512136975
GALLW.WI,2023-03-23,0.035125582132148336,0.07001552311358383,0.3154283433489618,-0.003576183599009908
GALLW.WI,2023-03-24,0.03280436883169857,0.06995856454522793,0.2835340470798066,-0.0027960693661942537
GALLW.WI,2023-03-27,0.039352713746389156,0.06934245766873129,0.37659284384989566,-0.006304799151700791
GALLW.WI,2023-03-28,0.0641449732585384,0.06472885862623765,0.7628605926304218,-0.007695218081660404
GALLW.WI,2023-03-29,0.057273973496480446,0.0643579295223724,0.6662121443140494,-0.007042787390018734
GALLW.WI,2023-03-30,0.052113116912675395,0.06402854208498482,0.5928725594627559,-0.0050106433413990015
GALLW.WI,2023-03-31,0.045323586580288566,0.06338494156790113,0.49609248362130043,-0.0018203825928079231
GALLW.WI,2023-04-03,0.04504167001400328,0.06338330069887489,0.4918473837834992,-0.0013889392979213877
GALLW.WI,2023-04-04,0.04336398630689975,0.0632228474868566,0.46751936206020506,0.0
GALLW.WI,2023-04-06,0.0490193377101209,0.06324202733112855,0.5528883389697241,0.0
GALLW.WI,2023-04-07,0.04362184969862293,0.06316111112429562,0.4718280306617872,-0.0014084291647223912
GALLW.WI,2023-04-10,0.03759541713047354,0.06324414242503378,0.37970623888583654,-0.005034177368415604
GALLW.WI,2023-04-11,0.048799940389278706,0.06331026636543903,0.5490547729579656,0.0
GALLW.WI,2023-04-12,0.057622064737524736,0.06324104638551925,0.6820670960742796,0.0
GALLW.WI,2023-04-13,0.056396295692609844,0.0632270620528146,0.6638586919437823,0.0
GALLW.WI,2023-04-14,0.062240391310950605,0.06327121431596368,0.7506536020866409,0.0
GALLW.WI,2023-04-17,0.06287970899224793,0.06326826715363615,0.7601979282939558,0.0
GALLW.WI,2023-04-18,0.06018835121070909,0.06324430913558111,0.720364084521552,-0.0004289557919480158
GALLW.WI,2023-04-19,0.06163514210566401,0.06316277629754753,0.7428082734386293,-0.0032828092091301553
GALLW.WI,2023-04-20,0.056839848470467524,0.06310538065845711,0.6716707629659263,-0.004511957239042075
GALLW.WI,2023-04-21,0.05251986477853632,0.0634418880562527,0.6038666579314209,-0.011502420872685604
GALLW.WI,2023-04-24,0.04514284547181324,0.06335436598650915,0.493572487781533,-0.014011328406464796
GALLW.WI,2023-04-25,0.04354043712420541,0.06333397244288452,0.46948008070582264,-0.013764950723607061
GALLW.WI,2023-04-26,0.042533454788671765,0.06329493887243683,0.454475222670047,-0.011561767321841221
GALLW.WI,2023-04-27,0.04351816397934005,0.06327741906101446,0.469506037517961,-0.012079956880051812
GALLW.WI,2023-04-28,0.04529119531449566,0.06332297588075692,0.4960277182963426,-0.009393266909841436
GALLW.WI,2023-05-04,0.05463548412771768,0.06395816322634992,0.63090386498437,-0.00030426830281315986
GALLW.WI,2023-05-05,0.06638351416448574,0.0631023680540939,0.8141919231216983,0.0
GALLW.WI,2023-05-08,0.06795892118125568,0.06311188623175153,0.8374757553419535,0.0
GALLW.WI,2023-05-09,0.06499037670516339,0.06318799338845317,0.7924800510797381,-0.0028487310967076906
GALLW.WI,2023-05-10,0.08520753867095388,0.0596149216875723,1.1518029434404637,-0.005008313713584678
GALLW.WI,2023-05-11,0.09175728793499616,0.05943752237779947,1.256335987808328,-0.0034188191979689364
GALLW.WI,2023-05-12,0.07495019633583211,0.059389611579957056,0.995993758618519,-0.01064765598063433
GALLW.WI,2023-05-15,0.07501952742835538,0.05939139391100029,0.9970518908087496,-0.008710638493545142
GALLW.WI,2023-05-16,0.05705304778715181,0.057872578513259255,0.7304005694467108,-0.01166321622339106
GALLW.WI,2023-05-17,0.05436014418250856,0.05793932939018309,0.685590377037191,-0.014196561249086082
GALLW.WI,2023-05-18,0.06167426479667748,0.057634298509285836,0.8088879043538291,-0.013079291135189797
GALLW.WI,2023-05-19,0.05529198698709625,0.05782150482871475,0.7021509206106642,-0.017585551249552855
GALLW.WI,2023-05-22,0.0567069965691791,0.05780304352136536,0.7255436233391492,-0.017488627725290473
GALLW.WI,2023-05-23,0.053625567144417685,0.05791367974837111,0.6738313061545999,-0.020853856932331105
GALLW.WI,2023-05-24,0.04776743416434992,0.05777832532750265,0.5787578158624039,-0.022021811040837336
GALLW.WI,2023-05-25,0.04456853295001406,0.057888709652044304,0.5249335911593974,-0.025370117092848088
GALLW.WI,2023-05-26,0.0473875066653906,0.05782206887176288,0.572090253549036,-0.025268578162668476
GALLW.WI,2023-05-29,0.04391316562240055,0.057718607145820965,0.5154356788748068,-0.02496900413044645
GALLW.WI,2023-05-30,0.049076022957000864,0.05743608580981517,0.6035992103695969,-0.025601229270630688
GALLW.WI,2023-05-31,0.04905780921193048,0.057435394453191894,0.6033034447067435,-0.023203867778535114
GALLW.WI,2023-06-01,0.04901847242835955,0.05743222705332722,0.6026805416308165,-0.018333845301508167
GALLW.WI,2023-06-02,0.052288055531238165,0.05759250226146614,0.6552071851419143,-0.013715533387931855
GALLW.WI,2023-06-05,0.05394085497374301,0.057501718546204096,0.6834504176685037,-0.016015287591925498
GALLW.WI,2023-06-06,0.05124843585052474,0.05742634271194308,0.6397210900366325,-0.015413062590203475
GALLW.WI,2023-06-07,0.04695740969160589,0.05732938573714624,0.5693470956127257,-0.015904261438471567
GALLW.WI,2023-06-08,0.04279469956202653,0.05728249721395371,0.500205115456658,-0.017027856367883953
GALLW.WI,2023-06-09,0.05229881475503273,0.05742357464207415,0.6571432718282759,-0.011504155660205684
GALLW.WI,2023-06-12,0.050896837845448406,0.05745060083733078,0.6336504856227282,-0.013106128865893907
GALLW.WI,2023-06-13,0.05924453658252582,0.0573903638389658,0.7721482742265372,-0.009416282776006035
GALLW.WI,2023-06-14,0.056890066798831906,0.057335692080417125,0.7340102143085298,-0.008903630837270637
GALLW.WI,2023-06-15,0.05181224268802054,0.05713658325540154,0.652061279676557,-0.008751835264880659
GALLW.WI,2023-06-16,0.05519078579853698,0.057164562489783716,0.7078825238804929,-0.0064578930535234
GALLW.WI,2023-06-19,0.04636996354279477,0.05690179068202385,0.5633328685095974,-0.008671407543248577
GALLW.WI,2023-06-20,0.04649559291752614,0.0569015739384566,0.5654450614219985,-0.008528415430293479
GALLW.WI,2023-06-21,0.043479388475700764,0.056892706049259105,0.5147818852941399,-0.009607736651092269
GALLW.WI,2023-06-26,0.035229843100687,0.056969098387563644,0.37482111254659184,-0.013919380482610766
GALLW.WI,2023-06-27,0.045020313012612556,0.056623428252716025,0.5430250311749616,-0.011179709718318498
GALLW.WI,2023-06-28,0.04673475563899543,0.056552177431828686,0.5726296649898589,-0.012616810368184628
GALLW.WI,2023-06-29,0.04886390183073974,0.056536328078502555,0.6087230855643949,-0.011858516270075059
GALLW.WI,2023-06-30,0.048458723968499706,0.05650394033317156,0.6022005168164943,-0.007217469208832372
GALLW.WI,2023-07-03,0.06012313604434616,0.05682137932658249,0.7939041089191868,0.0
GALLW.WI,2023-07-04,0.06253336394136988,0.05673397418971524,0.8350777429769325,-0.0008049629267525837
GALLW.WI,2023-07-05,0.06811942746617072,0.056559430173071544,0.9302124857458262,0.0
GALLW.WI,2023-07-06,0.06653884595505843,0.05657699253271943,0.9037597794758109,-0.0011436886500971744
GALLW.WI,2023-07-07,0.07302320402696494,0.05622179255967692,1.0169552126455987,-0.0011500970661416643
GALLW.WI,2023-07-10,0.06766169526149968,0.055855878656639775,0.9335485406373144,0.0
GALLW.WI,2023-07-11,0.06806033316163074,0.05587174495240298,0.9399824400144154,0.0
GALLW.WI,2023-07-12,0.07471796846093626,0.05565311625056873,1.0551440792809954,0.0
GALLW.WI,2023-07-13,0.07659406488803344,0.05573825258396931,1.0849177944733281,0.0
GALLW.WI,2023-07-14,0.08025181282110116,0.055593000146743954,1.1486364323449711,-0.0003812352309463529
GALLW.WI,2023-07-17,0.07638053754445351,0.055578495735007435,1.0843066946719075,-0.0016478407949479523
GALLW.WI,2023-07-18,0.07904573417793759,0.05562592523915463,1.1279006816961235,0.0
GALLW.WI,2023-07-19,0.09932253866895624,0.054221799301839436,1.4991450037482617,0.0
GALLW.WI,2023-07-20,0.10138342674351697,0.054151190540781574,1.5356297224830802,-0.0007177911725065877
GALLW.WI,2023-07-21,0.09968801279197659,0.054191449778392166,1.506090401639581,-0.0025114695943186938
GALLW.WI,2023-07-24,0.10103554498554757,0.05412957339074784,1.5303829277803473,-0.00424295459644719
GALLW.WI,2023-07-25,0.105797616062423,0.05419176051855267,1.6083586607955374,-0.0009238962940296691
GALLW.WI,2023-07-26,0.11136046120744147,0.05408093506240708,1.7043692883481867,0.0
GALLW.WI,2023-07-27,0.11598714032944923,0.05400034137000638,1.783799328817272,0.0
GALLW.WI,2023-07-28,0.12349195743653496,0.05351763912469197,1.9246957466764791,-7.531954758899229e-05
GALLW.WI,2023-07-31,0.11533846779132007,0.0529956343381702,1.805631618341528,0.0
GALLW.WI,2023-08-01,0.12120202866367946,0.052930643690712834,1.9068904599911227,0.0
GALLW.WI,2023-08-02,0.11736181249282973,0.05297096233984771,1.8406791994125051,-0.0018822713846524675
GALLW.WI,2023-08-03,0.12265985131356172,0.052584350983514425,1.9438225341087525,-0.00338108920904745
GALLW.WI,2023-08-04,0.11841719527296668,0.052390982215015376,1.8785021447831942,-0.0021654242101525334
GALLW.WI,2023-08-07,0.11561820435377146,0.052439907843526985,1.8289933492329384,-0.0039889217084947415
GALLW.WI,2023-08-08,0.10983978003692085,0.0521251817931901,1.7400545873081943,-0.003024427163917154
GALLW.WI,2023-08-09,0.11037223779881522,0.05211184131151342,1.749694761523789,-0.0038078278109322516
GALLW.WI,2023-08-10,0.10311635916907003,0.05185276618634673,1.6316912274533057,-0.004641797442749729
GALLW.WI,2023-08-11,0.09802849850773288,0.0517694887290215,1.5449004573516845,-0.0056376045706323374
GALLW.WI,2023-08-14,0.09711833454267094,0.05176666717731428,1.5289568327907905,-0.005503060930603154
GALLW.WI,2023-08-15,0.1039535446756692,0.05171550860149413,1.6505601661710858,-0.0024536841682237798
GALLW.WI,2023-08-16,0.10681694242819262,0.05159231668203699,1.7046076601107623,-0.0032081164895076952
GALLW.WI,2023-08-17,0.10738234696775151,0.051592339320777295,1.714509893781715,-0.0025434357438997024
GALLW.WI,2023-08-18,0.09869207859668694,0.05109311738981833,1.5765047188621846,-0.0028729713799638956
GALLW.WI,2023-08-21,0.10208632560157027,0.0511896582323572,1.6339086119332473,0.0
GALLW.WI,2023-08-22,0.1002005617864834,0.05116063226966685,1.6013197612609522,0.0
GALLW.WI,2023-08-23,0.0993885896439266,0.0511682222006975,1.5866555037857997,-0.0005103542445591414
GALLW.WI,2023-08-24,0.09953609232929983,0.0511696650903006,1.5892350440199352,0.0
GALLW.WI,2023-08-25,0.0948354333393211,0.051135816964028635,1.5064395137759425,-0.001368309605127127
GALLW.WI,2023-08-28,0.09411111379296977,0.051113109059228175,1.4941337915809467,0.0
GALLW.WI,2023-08-29,0.09798887885960861,0.05106433381261223,1.5648219832626507,0.0
GALLW.WI,2023-08-30,0.10220857948892714,0.05097968985893112,1.6426052586954916,0.0
GALLW.WI,2023-08-31,0.10501535834542586,0.05088363853179814,1.6956118573077112,-0.00025270151841760846
GALLW.WI,2023-09-01,0.10645727476886413,0.05086428929554117,1.7218854511016508,0.0
GALLW.WI,2023-09-04,0.10323286730504888,0.05077989842664434,1.6671679856308241,0.0
GALLW.WI,2023-09-05,0.09743575394013515,0.05056557029094547,1.5697895108889728,-0.00020785162642866784
GALLW.WI,2023-09-06,0.09715573531629862,0.050572549829745045,1.5645319238466222,-0.0013404972027504236
GALLW.WI,2023-09-07,0.0919688454040064,0.05066772073221235,1.468127356457152,-0.004353887596006412
GALLW.WI,2023-09-08,0.09306911902132042,0.05065897536155802,1.4882591238147176,-0.0039341855944244886
GALLW.WI,2023-09-11,0.09972382427662652,0.05058729723125633,1.610323837830727,-0.0011363944032513063
GALLW.WI,2023-09-12,0.0997400586757422,0.05058753924965247,1.6106082999475615,0.0
GALLW.WI,2023-09-13,0.10566864985479696,0.05020697815980769,1.7295617744288292,-0.0004917248939581009
GALLW.WI,2023-09-14,0.11315452483692034,0.05036655523609304,1.8582663144498737,0.0
GALLW.WI,2023-09-15,0.1107079569786047,0.05044041841495223,1.8119786492930454,-0.002360074430373449
GALLW.WI,2023-09-18,0.0974793780152845,0.04997694923609969,1.588485864080866,-0.006028103951082553
GALLW.WI,2023-09-19,0.09453001503836678,0.04981147290160551,1.5395544830780679,-0.00397635928395168
GALLW.WI,2023-09-20,0.09798480784499253,0.049776204920399886,1.6039458019512958,-0.0025919437197836626
GALLW.WI,2023-09-21,0.0932487124929231,0.04982215597099591,1.5157164269051588,-0.004906987740947888
GALLW.WI,2023-09-22,0.08829888993457535,0.04965935000271098,1.429111017613468,-0.005056591531397037
GALLW.WI,2023-09-25,0.08481110533532776,0.04963312278774437,1.3651449610895916,-0.0059202963415569965
GALLW.WI,2023-09-26,0.08947063410734635,0.04926551063779462,1.4619905699281486,-0.007679716529012781
GALLW.WI,2023-09-27,0.08894807996842524,0.049302459800835814,1.451197604413239,-0.011340199517054894
GALLW.WI,2023-09-28,0.09538744529231846,0.04860834851595023,1.592558145832328,-0.01379713493814072
GALLW.WI,2023-10-09,0.09031011238686304,0.04882840305350687,1.4904173754034238,-0.01800254392786904
GALLW.WI,2023-10-10,0.07992746614287216,0.04942732977531127,1.2793070032464673,-0.025380730865932177
GALLW.WI,2023-10-11,0.0743972791182761,0.04931213666024528,1.1780365733014635,-0.026520091440755844
GALLW.WI,2023-10-12,0.08172695374841554,0.04961414904092186,1.308242514494744,-0.020782321675018367
GALLW.WI,2023-10-13,0.08668782011766529,0.04949344384795802,1.4037906876472275,-0.019501567273855547
GALLW.WI,2023-10-16,0.10048673941572162,0.048544181439030616,1.6903056699739631,-0.016596898557517448
GALLW.WI,2023-10-17,0.09654696490112258,0.04841690535925294,1.620520114652526,-0.016311042534414177
GALLW.WI,2023-10-18,0.10021739390645679,0.048248675533531946,1.6952876133506232,-0.01668886674133585
GALLW.WI,2023-10-19,0.0933735666711577,0.04825588250968378,1.5656862656957629,-0.019447165895510543
GALLW.WI,2023-10-20,0.09848792218311386,0.04836639695789071,1.6587400182633674,-0.01567904115580354
GALLW.WI,2023-10-23,0.08586106094273704,0.04871611768879291,1.4097776576226277,-0.022454915272341003
GALLW.WI,2023-10-24,0.08970515007852242,0.04867807536480781,1.4834629249929063,-0.02090746143099831
GALLW.WI,2023-10-25,0.08875647438660628,0.04863155851165711,1.4669201587858673,-0.01847158995823528
GALLW.WI,2023-10-26,0.09211305490413291,0.048653425091370404,1.5295726467854762,-0.016280441759095043
GALLW.WI,2023-10-27,0.09078057998001587,0.0485497050084709,1.5075825112371466,-0.012509497435754469
GALLW.WI,2023-10-30,0.09796463152523271,0.04829560282599832,1.6512337840304583,-0.010761521440694422
GALLW.WI,2023-10-31,0.09710215841983061,0.04830525750816301,1.6346393165646567,-0.01136499526724577
GALLW.WI,2023-11-01,0.10028858723180623,0.048172096035722534,1.6992524717612203,-0.01174514148421868
GALLW.WI,2023-11-02,0.10432589265134773,0.04808702196001681,1.778369643080091,-0.010651308892187128
GALLW.WI,2023-11-03,0.10763479838982537,0.04807338892614195,1.8411202043491852,-0.008986842330044098
GALLW.WI,2023-11-06,0.10622779400065618,0.04804530833941978,1.8157015649096686,-0.008167006924068021
GALLW.WI,2023-11-07,0.10535989112971444,0.04807636416012319,1.7982276001685729,-0.010036722588961489
GALLW.WI,2023-11-08,0.10460792911254235,0.04808197775730167,1.7838642772520035,-0.010367857808065595
GALLW.WI,2023-11-09,0.10341988520621026,0.048112379617950354,1.7603918219009131,-0.011847309926476757
GALLW.WI,2023-11-10,0.10953945693143163,0.04776056605630061,1.888853483032041,-0.011729799632093973
GALLW.WI,2023-11-13,0.11357319707972469,0.04761202679837893,1.9708486188902057,-0.01144435825364265
GALLW.WI,2023-11-14,0.1086361126593145,0.047361546138604875,1.8871640393166862,-0.010601966178596767
GALLW.WI,2023-11-15,0.11071689994905864,0.04746162935824187,1.922808653969527,-0.00677205938573866
GALLW.WI,2023-11-16,0.11117043631385815,0.04744876083731906,1.9319248317763473,-0.007631783607239373
GALLW.WI,2023-11-17,0.10642738722162126,0.047275319536425914,1.8483187193509558,-0.007454315696174163
GALLW.WI,2023-11-20,0.0985986969341699,0.047255334561285674,1.6987577800275546,-0.010459825991883775
GALLW.WI,2023-11-21,0.09640533515807381,0.04726938451112268,1.655972020553426,-0.011406376803517526
GALLW.WI,2023-11-22,0.08255038421511096,0.04670224492935729,1.403120232298105,-0.015308846410479249
GALLW.WI,2023-11-23,0.0828363158037968,0.046691800491560215,1.4090815691845981,-0.016678334767174507
GALLW.WI,2023-11-24,0.07577151096547952,0.04633185517291482,1.2783475228817527,-0.01710583340340821
GALLW.WI,2023-11-27,0.08489651908407292,0.045590663243866854,1.4837083823684614,-0.01662799690641914
GALLW.WI,2023-11-28,0.08311659657880033,0.04550516620854232,1.450315841519197,-0.014801901858918276
GALLW.WI,2023-11-29,0.08383832189593643,0.045513771866858684,1.4646904546567912,-0.01357952942476015
GALLW.WI,2023-11-30,0.08551867162039684,0.04551134116095416,1.4988165561157014,-0.012563152453725968
GALLW.WI,2023-12-01,0.08783409445086066,0.04549122512217932,1.5463133712329489,-0.011603996444670917
GALLW.WI,2023-12-04,0.09377027820809136,0.04544590081683118,1.6675997191043421,-0.008942475352277768
GALLW.WI,2023-12-05,0.08761029673990173,0.04588672658087763,1.5288938816552455,-0.014916426711806374
GALLW.WI,2023-12-06,0.08608002184562458,0.04586103072935658,1.4990132867491728,-0.014460566381374385
GALLW.WI,2023-12-07,0.08291830529458899,0.04572632078943686,1.4395176104143677,-0.013507215397447592
GALLW.WI,2023-12-08,0.08007111672590783,0.04564317264074014,1.3843602859317412,-0.013081955842334736
GALLW.WI,2023-12-11,0.0841914908333441,0.04543291727974441,1.4743912002358224,-0.013371211951584638
GALLW.WI,2023-12-12,0.08153425256411628,0.04539657511500594,1.4214632861147332,-0.013606895971793542
GALLW.WI,2023-12-13,0.07827304544394798,0.045493153126335846,1.3521397806701843,-0.016219157279526386
GALLW.WI,2023-12-14,0.07837177838674037,0.045497430237332534,1.3540299861104155,-0.013798130085305726
GALLW.WI,2023-12-15,0.0782433583063824,0.04549694548633709,1.3514255074874328,-0.013375938900617612
GALLW.WI,2023-12-18,0.07769284831482226,0.04551152538063396,1.3397825509132775,-0.014607516446050739
GALLW.WI,2023-12-19,0.08386650528984374,0.04518156336030696,1.4757041251997252,-0.01406864425628418
GALLW.WI,2023-12-20,0.08631454207738831,0.045142617236312035,1.526931271141796,-0.013399407787922146
GALLW.WI,2023-12-21,0.08401937486415134,0.04501827802990682,1.4840278145098214,-0.011525213960786873
GALLW.WI,2023-12-22,0.08433130914672793,0.04503861738583442,1.4897680891470315,-0.00793837186294366
GALLW.WI,2023-12-25,0.09127636811629092,0.04475555322132837,1.641607480735676,-0.006411567325271594
GALLW.WI,2023-12-26,0.09009534781902384,0.044771374470431946,1.6168490822148287,-0.007250559314171068
GALLW.WI,2023-12-27,0.08919300032946098,0.044718759111078844,1.6001745599071384,-0.004518465702004093
GALLW.WI,2023-12-28,0.09336715154707509,0.044716617573593555,1.6858178259505885,-0.002289750697390791
GALLW.WI,2023-12-29,0.09561569754810706,0.04465887648258587,1.7339590673935525,-0.00215358139366717
GALLW.WI,2024-01-02,0.09840268972289357,0.044613200284525284,1.7926558071917393,-0.0013139259733243591
GALLW.WI,2024-01-03,0.10053127278295415,0.04453951638734982,1.8390317914209124,-0.0016584956791539929
GALLW.WI,2024-01-04,0.09638029597155384,0.044377082979597554,1.7604146424360334,-0.0012771884571552983
GALLW.WI,2024-01-05,0.09982171321892075,0.044313813297373265,1.8336137714608465,-0.0002292155636371973
GALLW.WI,2024-01-08,0.09940763051749113,0.04435106782028153,1.823616878397429,-0.004421024208779101
GALLW.WI,2024-01-09,0.09838425789058425,0.04430496724238535,1.804441012718134,-0.002338844624189984
GALLW.WI,2024-01-10,0.0901768091638091,0.04424011110016616,1.6374239218927134,-0.005342281696639639
GALLW.WI,2024-01-11,0.0911472813817995,0.044229996470869296,1.6579128944420507,-0.005051615795572895
GALLW.WI,2024-01-12,0.09073575988385985,0.04423920381787988,1.649047282474359,-0.005962341309271868
GALLW.WI,2024-01-15,0.08821929022529584,0.04408695250196717,1.6021809120977246,-0.0038992353786758693
GALLW.WI,2024-01-16,0.0854658507113848,0.0439769902147093,1.5484503273444874,-0.002938835435664533
GALLW.WI,2024-01-17,0.08117886973384714,0.0443446052110647,1.4467124062855088,-0.008673205115255378
GALLW.WI,2024-01-18,0.08036225825370669,0.044354981579474186,1.4293440836283315,-0.009339704928914005
GALLW.WI,2024-01-19,0.08341258472199886,0.04432958411645626,1.4937597711828337,-0.008024120376981636
GALLW.WI,2024-01-22,0.07301281730272802,0.04422336994043751,1.2790697076620814,-0.012030251146948445
GALLW.WI,2024-01-23,0.07644721869564419,0.04423202195794652,1.3510952501339621,-0.010046839918470885
GALLW.WI,2024-01-24,0.07878238997968068,0.044357387606349885,1.3962684940532177,-0.006154072996366389
GALLW.WI,2024-01-25,0.07992989323139899,0.04440543210678462,1.4187544613301752,-0.0033386358091432866
GALLW.WI,2024-01-26,0.07768160771752508,0.04426026467182568,1.3761628151513476,-0.0010215185647192149
GALLW.WI,2024-01-29,0.0747024661577167,0.0442698903093243,1.3133240684356156,-0.0022625500082182892
GALLW.WI,2024-01-30,0.07408746349965467,0.04425531458087453,1.3008039463418701,-0.0011420143005964611
GALLW.WI,2024-01-31,0.07184721500205149,0.04418475638780299,1.255543733206087,-0.0004194545299844865
GALLW.WI,2024-02-01,0.07046313595283493,0.04416554007763168,1.226806121988911,-0.00013583758800195245
GALLW.WI,2024-02-02,0.061660532757455755,0.043662781417743005,1.0512701351998537,-0.0013631028290539415
GALLW.WI,2024-02-05,0.06162340649404907,0.0436626394904444,1.050472290493521,-0.0009635512423664672
GALLW.WI,2024-02-06,0.06400360262190041,0.043585197043199096,1.1036567610560084,-0.0011039499215408366
GALLW.WI,2024-02-07,0.06194617897419086,0.04338558051821994,1.063912970310722,0.0
GALLW.WI,2024-02-08,0.06423628701178385,0.04340580461260923,1.1130788615667047,0.0
GALLW.WI,2024-02-19,0.0704926241495516,0.04309334807545323,1.2568904080029353,0.0
GALLW.WI,2024-02-20,0.07881342863377383,0.042577716037453604,1.4534969954368595,0.0
GALLW.WI,2024-02-21,0.08048488999984604,0.04258184586237962,1.489728424958737,0.0
GALLW.WI,2024-02-22,0.08355509656988791,0.042536168187053136,1.5580111382009927,0.0
GALLW.WI,2024-02-23,0.08314218817501584,0.04252227633850027,1.5495401193363394,0.0
GALLW.WI,2024-02-26,0.08822874063741404,0.04231856954767321,1.6675423120218809,0.0
GALLW.WI,2024-02-27,0.08854349055841393,0.04234293134484291,1.6734390855886088,0.0
GALLW.WI,2024-02-28,0.08699583892649665,0.04236091278529042,1.6391483369197097,-0.0009070394790036129
GALLW.WI,2024-02-29,0.09590839281454389,0.0424558199927996,1.8279818055742025,0.0
GALLW.WI,2024-03-01,0.09732948548579778,0.04238528774774657,1.8615385037179917,-0.0012878449868038988
GALLW.WI,2024-03-04,0.10779587188512552,0.04268241562293161,2.0713660096046325,0.0
GALLW.WI,2024-03-05,0.10466675640239509,0.042332921790916925,2.0212736635247563,0.0
GALLW.WI,2024-03-06,0.10614133936819359,0.042458693957795744,2.046841566368313,0.0
GALLW.WI,2024-03-07,0.11193687099709293,0.04277350986433095,2.15431074352259,0.0
GALLW.WI,2024-03-08,0.11468570608457784,0.042760379341414086,2.2127258306424804,0.0
GALLW.WI,2024-03-11,0.11325321312342762,0.04279810770551843,2.180753278689865,-0.001461597163565198
GALLW.WI,2024-03-12,0.10789454069864934,0.043460512689548335,2.037103503522398,-0.009359445249188192
GALLW.WI,2024-03-13,0.10552912180212637,0.043495172464428536,1.9863550725857915,-0.010711319112938988
GALLW.WI,2024-03-14,0.10402628000229486,0.04341830498492362,1.9584524129652465,-0.008578323644559016
GALLW.WI,2024-03-15,0.10969018580971368,0.04357921970397431,2.0688490235324215,-0.004285658320688834
GALLW.WI,2024-03-18,0.1049961530212764,0.043536520113601616,1.9734291802524793,-0.005556394272603016
GALLW.WI,2024-03-19,0.10576845830200199,0.04358919586965296,1.9871317254517047,-0.0015672595865358074
GALLW.WI,2024-03-20,0.10622797478898693,0.04358425629793473,1.9968885858926102,-0.001472266918409293
GALLW.WI,2024-03-21,0.11856675093602087,0.04369241382334349,2.246028109500926,0.0
GALLW.WI,2024-03-22,0.11400191830896689,0.04392455676096681,2.141249356715325,-0.004082201530017371
GALLW.WI,2024-03-25,0.11426541377906863,0.04390962514132116,2.1473510384955574,-0.006290567967189631
GALLW.WI,2024-03-26,0.10830235435524438,0.0435200062778311,2.042837216128282,-0.0054158104964716625
GALLW.WI,2024-03-27,0.10871267746536595,0.04352686591159031,2.051029737824416,-0.00402309201252149
GALLW.WI,2024-03-28,0.10998181322202782,0.04358490649599537,2.074615477640484,-0.0008515415342217336
GALLW.WI,2024-03-29,0.12314085648535378,0.044293841305126605,2.308297978871082,0.0
GALLW.WI,2024-04-01,0.11900790906046699,0.044030618998879514,2.238069051323729,0.0
GALLW.WI,2024-04-02,0.10973725825750025,0.04323558377344943,2.085929915205974,0.0
GALLW.WI,2024-04-03,0.11929081323892698,0.04371690553734807,2.25960294242455,0.0
GALLW.WI,2024-04-08,0.13056686257195915,0.04379532599276508,2.4846206978681282,0.0
GALLW.WI,2024-04-09,0.12967993812157408,0.04377385813487842,2.467880514909257,0.0
GALLW.WI,2024-04-10,0.12911816812772514,0.043773318262625295,2.4565416571995815,0.0
GALLW.WI,2024-04-11,0.12938322601440588,0.04375245402187133,2.463059590916151,-0.00328464622685809
GALLW.WI,2024-04-12,0.14034749796727097,0.04440213581527887,2.6453572487755657,0.0
GALLW.WI,2024-04-15,0.13994814008523182,0.04440247040356163,2.6374450191038727,0.0
GALLW.WI,2024-04-16,0.13486340790152074,0.04447347962424121,2.5327330443463913,-0.002423065442297867
GALLW.WI,2024-04-17,0.13574903203821842,0.04452805977877957,2.5472103131030437,0.0
GALLW.WI,2024-04-18,0.13704246828638622,0.04454065740051298,2.572069472250552,0.0
GALLW.WI,2024-04-19,0.1334029528461418,0.04428518814843121,2.5142219119596825,0.0
GALLW.WI,2024-04-22,0.12146861292148459,0.04491451170234382,2.2438258762528975,-0.007448029578310145
GALLW.WI,2024-04-23,0.11219280566028256,0.04600546997310908,2.0110840681406956,-0.017043927767135703
GALLW.WI,2024-04-24,0.11832109459654006,0.04584669317076737,2.137797742001036,-0.015216388892075106
GALLW.WI,2024-04-25,0.11144115480782602,0.0455193527702543,2.017216914742366,-0.015464302237108263
GALLW.WI,2024-04-26,0.1106057144213366,0.045468056890524806,2.0028966561928834,-0.012387637979223265
GALLW.WI,2024-04-29,0.1052487894173233,0.04572489090063837,1.8861156606568965,-0.016751968127611927
GALLW.WI,2024-04-30,0.10260577390734671,0.045624433124223415,1.837671713966826,-0.015669239857308392
GALLW.WI,2024-05-06,0.1056368507708274,0.04569809974079617,1.8948797693602744,-0.012725555644769626
GALLW.WI,2024-05-07,0.11221900612438906,0.04597597167308258,2.0128584178968594,-0.007274062008923887
GALLW.WI,2024-05-08,0.11398719462215379,0.04588962724257047,2.051190492611496,-0.008534657780938426
GALLW.WI,2024-05-09,0.11738484909510571,0.04587971369403971,2.1180297834276427,-0.006737094856295034
GALLW.WI,2024-05-10,0.12859392605552955,0.04533015495215595,2.363452869602008,-0.003817957276623707
GALLW.WI,2024-05-13,0.13164687858625412,0.045229730798599745,2.4283565465787347,-0.0036584423976170344
GALLW.WI,2024-05-14,0.1311356321535666,0.04523444597340549,2.4181135767337882,-0.0038597094932764087
GALLW.WI,2024-05-15,0.12903007532802513,0.04520082344428193,2.378638429458076,-0.003492809977709066
GALLW.WI,2024-05-16,0.13172627849156404,0.045210295545538966,2.4309337660743844,-0.0016367480681952484
GALLW.WI,2024-05-17,0.13338327783160175,0.045306548880639806,2.458173330582288,0.0
GALLW.WI,2024-05-20,0.13487445776343465,0.04558039580866235,2.47253471291576,0.0
GALLW.WI,2024-05-21,0.12642220064949838,0.04613133860699775,2.2814228181188256,-0.006611354655155943
GALLW.WI,2024-05-22,0.12569605022108643,0.04612274935684652,2.267851098426834,-0.005852454352569536
GALLW.WI,2024-05-23,0.11805222696967155,0.04709916788265751,2.077076254962728,-0.015415851173415818
GALLW.WI,2024-05-24,0.11702733076725047,0.04715896100210395,2.055046727119028,-0.018448810498880697
GALLW.WI,2024-05-27,0.120494554605999,0.04733746957192414,2.112973126614902,-0.013829210596494446
GALLW.WI,2024-05-28,0.12667786227808375,0.04675510307851656,2.2564627080392317,-0.015579949965719653
GALLW.WI,2024-05-29,0.12931193843921096,0.046888046653937275,2.3000241151216407,-0.011346593632891255
GALLW.WI,2024-05-30,0.12642786730334898,0.047145420276103814,2.2334600828807485,-0.016808652882519093
GALLW.WI,2024-05-31,0.12822443370368974,0.047069204895334865,2.2708743424027187,-0.017764713279630473
GALLW.WI,2024-06-03,0.11903590905937755,0.047658634043708556,2.0717082348465135,-0.024660108300674
GALLW.WI,2024-06-04,0.12890697183169664,0.047539376768171104,2.261610421412787,-0.02054925994388479
GALLW.WI,2024-06-05,0.12522224242366264,0.0476779312680536,2.1865723923421756,-0.023649851522295595
GALLW.WI,2024-06-06,0.13401464408429598,0.04767468776290911,2.3500606778087003,-0.019390982129762313
GALLW.WI,2024-06-07,0.13655061416017,0.04764720338163822,2.398294332838756,-0.018370384259136507
GALLW.WI,2024-06-11,0.12861141387920516,0.04872103927077055,2.202551265822614,-0.028564738671918333
GALLW.WI,2024-06-12,0.13231292919647464,0.04880564276964496,2.2659395436172267,-0.025277177126379557
GALLW.WI,2024-06-13,0.12762765158255607,0.04899700693781625,2.172613734459797,-0.029012047523433004
GALLW.WI,2024-06-14,0.13095569432440723,0.049017487497655894,2.2318774141649484,-0.026777767738615288
GALLW.WI,2024-06-17,0.12426448983249028,0.04913719065873417,2.105738022356492,-0.03015545529979846
GALLW.WI,2024-06-18,0.12061844207810557,0.0489441647179442,2.0474520454519842,-0.028481028662412866
GALLW.WI,2024-06-19,0.11734338000645628,0.048776100651053186,1.994307268452446,-0.026763124148133532
GALLW.WI,2024-06-20,0.12210585857125889,0.04871837838682875,2.0839551718816893,-0.024893877371402917
GALLW.WI,2024-06-21,0.11937691662237992,0.04877159970295745,2.0317858373978845,-0.02666997883548272
GALLW.WI,2024-06-24,0.11190679899290124,0.04935483154161931,1.8726295172154235,-0.033647800664803884
GALLW.WI,2024-06-25,0.11620584483355434,0.04938276920453337,1.9497746671856293,-0.03101912520851069
GALLW.WI,2024-06-26,0.11081300796136873,0.04910952723289354,1.8616901460556015,-0.03028188836194612
GALLW.WI,2024-06-27,0.10903291486978195,0.04920230800073721,1.825662451876187,-0.0334048982206302
GALLW.WI,2024-06-28,0.11277362047376926,0.04954716168649716,1.8812855818989982,-0.026518485608181153
GALLW.WI,2024-07-01,0.11251788798229434,0.049547282637910424,1.8766402845940147,-0.026238521293252437
GALLW.WI,2024-07-02,0.1142299020051647,0.04956261161688813,1.9071135169023876,-0.02459066446952418
GALLW.WI,2024-07-03,0.11308757819443249,0.04953412188571215,1.8874653813982778,-0.023335693668768087
GALLW.WI,2024-07-04,0.11238634405113568,0.04957196004361096,1.8733443995757835,-0.026125524102783793
GALLW.WI,2024-07-05,0.11279116398699185,0.04957120747693144,1.8807152625334589,-0.025630585840991538
GALLW.WI,2024-07-08,0.10977018755324686,0.049728488095878445,1.8202344640727302,-0.029333602654626256
GALLW.WI,2024-07-09,0.11770117074582931,0.04955174124459065,1.9703223904831864,-0.02665269336012055
GALLW.WI,2024-07-10,0.11225359456153394,0.04956186080186017,1.8713069126956137,-0.028705588877272037
GALLW.WI,2024-07-11,0.11913804401363182,0.04971157583874604,1.9900012311405135,-0.024113992954621466
GALLW.WI,2024-07-12,0.11879932553725814,0.04971056347546274,1.9839486348274413,-0.023660117132117686
GALLW.WI,2024-07-15,0.113021804825999,0.049536056349487524,1.8862000860108554,-0.024140034391302523
GALLW.WI,2024-07-16,0.10769598911560907,0.049090114843723616,1.805141859850957,-0.021647529230002904
GALLW.WI,2024-07-17,0.1099488946941265,0.04908165152399527,1.8468581952694256,-0.020446830292938922
GALLW.WI,2024-07-18,0.10918821603368611,0.04907837702720432,1.833003597434028,-0.02014535348683888
GALLW.WI,2024-07-19,0.102088841079643,0.04969490085227356,1.6816141331437002,-0.02753040299991316
GALLW.WI,2024-07-22,0.10175630244912282,0.04969823754184693,1.6754299308205245,-0.027830068227809313
GALLW.WI,2024-07-23,0.09335712484626879,0.05006297714067566,1.5106691214701042,-0.033485211521003255
GALLW.WI,2024-07-24,0.09323927092694384,0.05005777514335952,1.5086667242363976,-0.030871255137616904
GALLW.WI,2024-07-25,0.08217020819254128,0.05086154827449229,1.2854714016982731,-0.039317436583629184
GALLW.WI,2024-07-26,0.08306981009132453,0.050926856122858306,1.3002094025775084,-0.03479785089458376
GALLW.WI,2024-07-29,0.08425995296672784,0.050923477026885954,1.3218661195985186,-0.03410560157341591
GALLW.WI,2024-07-30,0.08456546350084815,0.050915414078503446,1.3276024930142205,-0.035057661401993956
GALLW.WI,2024-07-31,0.09070609585351441,0.05148330733975311,1.4232185789843388,-0.027069280864593814
GALLW.WI,2024-08-01,0.08733277418166852,0.05126590483529971,1.3685953046845583,-0.024767142379554685
GALLW.WI,2024-08-02,0.08780809646011778,0.05125873753622654,1.3773087563176885,-0.025041143582895553
GALLW.WI,2024-08-05,0.07997034198178876,0.05205772445190779,1.218012356637584,-0.033803218978214034
GALLW.WI,2024-08-06,0.07705510625116752,0.05223352833283657,1.162323756183615,-0.03808397827404453
GALLW.WI,2024-08-07,0.07484524872912068,0.052154015117043435,1.1246243032411407,-0.03685791724212584
GALLW.WI,2024-08-08,0.06991285710285378,0.05222926823741893,1.0349905976678946,-0.039618988872154315
GALLW.WI,2024-08-09,0.06984851030614081,0.05222792449104122,1.0338640090312208,-0.038270646311472034
GALLW.WI,2024-08-12,0.06744042547581275,0.05229146684167277,0.9895663444003135,-0.04050764346359559
GALLW.WI,2024-08-13,0.06894806067633441,0.05231916203137971,1.016053746555606,-0.038593635608743515
GALLW.WI,2024-08-14,0.06486359769860894,0.052301604390329846,0.9431610459792109,-0.03995292312107457
GALLW.WI,2024-08-15,0.0678426667297456,0.05226157662648602,0.9973135071659055,-0.039079214049815514
GALLW.WI,2024-08-16,0.07023499256029386,0.05223348517544365,1.0406762520600594,-0.03837262306786682
GALLW.WI,2024-08-19,0.07470245546816723,0.05247603850116402,1.1155095397357742,-0.0331806399354716
GALLW.WI,2024-08-20,0.0754992503637224,0.052451250725058275,1.1301460996441022,-0.03423195915313848
GALLW.WI,2024-08-21,0.07514068745299363,0.052448006616480705,1.123853227762665,-0.03361904186081688
GALLW.WI,2024-08-22,0.07419898762871169,0.0524733756707153,1.1066310071797014,-0.03522417563190294
GALLW.WI,2024-08-23,0.07430666153683885,0.05247131223366056,1.108583236109113,-0.03593522007693617
GALLW.WI,2024-08-26,0.07928991312770561,0.05256144395368346,1.1948444777454634,-0.03243230717240797
GALLW.WI,2024-08-27,0.07742859257147727,0.05259543241320777,1.1612783858264313,-0.033970261585099304
GALLW.WI,2024-08-28,0.07347173127007967,0.05252997979533218,1.092598432533062,-0.03456679919116046
GALLW.WI,2024-08-29,0.0725571366200668,0.05255384658828674,1.0759026151783768,-0.03611886881735715
GALLW.WI,2024-08-30,0.07321838948283155,0.05256198524828235,1.0874732330029249,-0.03488148542166403
GALLW.WI,2024-09-02,0.06854694446112064,0.052792810163330754,1.0002961729299078,-0.03939986339190693
GALLW.WI,2024-09-03,0.06616621915721965,0.052701773367011914,0.9595995486214568,-0.038165046398669356
GALLW.WI,2024-09-04,0.06072906052582194,0.052935233257978734,0.8589905374866077,-0.042693991908435036
GALLW.WI,2024-09-05,0.06428182257197079,0.05299344315987303,0.9212180005741941,-0.03997783232137819
GALLW.WI,2024-09-06,0.06368090163978968,0.05298849581874983,0.9106377660597168,-0.039563962184210766
GALLW.WI,2024-09-09,0.05955673093480196,0.05324809029905519,0.8334828049444967,-0.04459690384678816
GALLW.WI,2024-09-10,0.05720509472429525,0.05322993740760748,0.7919974430901275,-0.04502488919746106
GALLW.WI,2024-09-11,0.057807227966623964,0.053246001387488216,0.8024704752745582,-0.043109069764404984
GALLW.WI,2024-09-12,0.0562655932964089,0.05323987495107404,0.7751565939698212,-0.04337808912768504
GALLW.WI,2024-09-13,0.06164090924513599,0.05343697899771835,0.8675066666955545,-0.038752828043411625
GALLW.WI,2024-09-18,0.06705116678484346,0.053685360719409776,0.9584477061111797,-0.03356076942859132
GALLW.WI,2024-09-19,0.06759184938379681,0.0536890495095883,0.9678234435241853,-0.03268434299002643
GALLW.WI,2024-09-20,0.0731554020161218,0.05389536730110698,1.0607915109644601,-0.027845466642542394
GALLW.WI,2024-09-23,0.07774492177958958,0.05395172569027141,1.1388618516368356,-0.02479393864048751
GALLW.WI,2024-09-24,0.0893180533443021,0.05435096122955277,1.3274732035308077,-0.017296118384220183
GALLW.WI,2024-09-25,0.09450501106926512,0.054565995228892245,1.4095428371020822,-0.012200601791182764
GALLW.WI,2024-09-26,0.0981372654171595,0.05481659019455567,1.4638097036822009,-0.006138683708786674
GALLW.WI,2024-09-27,0.09651119396768593,0.054813901971423704,1.436834464831748,-0.006404759257485293
GALLW.WI,2024-09-30,0.11515540292148096,0.05713078907327844,1.6760376167160347,0.0
GALLW.WI,2024-10-08,0.11529542850954,0.057140995191344426,1.6779466722314889,0.0
GALLW.WI,2024-10-09,0.08986298404687787,0.06253416220173104,1.1694413485174833,-0.025109582186081947
GALLW.WI,2024-10-10,0.10308657858263937,0.06292004137005248,1.3543965635807331,-0.016908856620028168
GALLW.WI,2024-10-11,0.09511456118357087,0.06314378265758072,1.2349079660528588,-0.02199904675580966
GALLW.WI,2024-10-14,0.10498955581165892,0.06393117897388767,1.3609417452039576,-0.011808479709357278
GALLW.WI,2024-10-15,0.09901863826423218,0.06438759065286985,1.2675665476012148,-0.019429525734990682
GALLW.WI,2024-10-16,0.10506426190762541,0.06457649117937422,1.3490305297606773,-0.014183708447067178
GALLW.WI,2024-10-17,0.1011890421125059,0.0647406716931391,1.291489844578983,-0.01849353214150562
GALLW.WI,2024-10-18,0.11261063928934112,0.065219869582397,1.4407514403968413,-0.010068474459822285
GALLW.WI,2024-10-21,0.1215308428981865,0.06520231681758583,1.5636470402563059,-0.005812781948737578
GALLW.WI,2024-10-22,0.12639300983968815,0.06514935063786735,1.6312968564036086,-0.003984069966041726
GALLW.WI,2024-10-23,0.131916539837996,0.06497504606107488,1.7108222219457738,-0.0033679559752870514
GALLW.WI,2024-10-24,0.1361243055073389,0.06462198670389925,1.7772620393597327,-0.007179073836272476
GALLW.WI,2024-10-25,0.13722657273255834,0.06460389842236501,1.7927597560593111,-0.007377604412583727
GALLW.WI,2024-10-28,0.13450860160397493,0.06444761058742808,1.7598043065418343,-0.003913357389984773
GALLW.WI,2024-10-29,0.13111207492829013,0.06448001829007255,1.7124287360767172,-0.005596554639406892
GALLW.WI,2024-10-30,0.12931331958890846,0.06443850983157326,1.6887800729310376,-0.0042367317257067105
GALLW.WI,2024-10-31,0.12841078245002824,0.06444596227063046,1.6761802311773888,-0.004743319297395132
GALLW.WI,2024-11-01,0.12975055398478985,0.06444077083979266,1.6947329900530967,-0.003944363850779453
GALLW.WI,2024-11-04,0.13189928564022346,0.06437120330594862,1.7260282803597284,-0.004849276627448829
GALLW.WI,2024-11-05,0.13197711233846343,0.0643748388763624,1.7270029895328112,-0.0009563671432639698
GALLW.WI,2024-11-06,0.140442552837714,0.06394654306287581,1.8547134654768072,-0.0004137169013468389
GALLW.WI,2024-11-07,0.1348753494395627,0.06405252070480516,1.7753113999360268,-0.003718693326770328
GALLW.WI,2024-11-08,0.1332810568092777,0.06402434314233087,1.754096211998952,-0.002643133481698534
GALLW.WI,2024-11-11,0.13195941730876215,0.06400334336435912,1.7364100408878642,-0.0015823704848236808
GALLW.WI,2024-11-12,0.122745571090638,0.06409760933751592,1.6063799372810643,-0.005913088221188412
GALLW.WI,2024-11-13,0.121286723252646,0.06408426994421473,1.5864026581596535,-0.005447396461099485
GALLW.WI,2024-11-14,0.1102602002286126,0.06499650123906847,1.4129321005396531,-0.01582838927756447
GALLW.WI,2024-11-15,0.10709397393900355,0.06509452232886438,1.3670113672005804,-0.019012388456673968
GALLW.WI,2024-11-18,0.1070251923729928,0.06509388568356801,1.3660692434993862,-0.017987613774006705
GALLW.WI,2024-11-19,0.11508759304276506,0.06564330742549229,1.4657693835026875,-0.009171517777409433
GALLW.WI,2024-11-20,0.11573635731531251,0.06564933065891498,1.474504557083468,-0.007774888633269472
GALLW.WI,2024-11-21,0.1228760819904351,0.06573255138378847,1.5698050126748517,-0.003307950666267212
GALLW.WI,2024-11-22,0.123035351665987,0.06573096511775295,1.5720000742187792,-0.0035000122687435242
GALLW.WI,2024-11-25,0.12037598933906879,0.0658443277567872,1.5333835507923044,-0.007345928747599206
GALLW.WI,2024-11-26,0.11720276302723298,0.06591993449408587,1.4886541691670587,-0.010039698679660258
GALLW.WI,2024-11-27,0.12075567869713022,0.06598891819935014,1.5353046446629237,-0.006604599217328699
GALLW.WI,2024-11-28,0.11776434424408877,0.06602708378550719,1.4939594337575886,-0.00841174795390831
GALLW.WI,2024-11-29,0.11950388987695182,0.06612674637409865,1.5153336085247848,-0.0030242080897865398
GALLW.WI,2024-12-02,0.12156722647994544,0.06611541607356833,1.5434458881901016,-0.002051259553819351
GALLW.WI,2024-12-03,0.12441599414469318,0.06615321067268606,1.5809664955432892,0.0
GALLW.WI,2024-12-04,0.1279095181953518,0.0660610265847372,1.6300619994580368,0.0
GALLW.WI,2024-12-05,0.12769124402083243,0.06606554915582036,1.6270239871030066,-0.0011498921065954404
GALLW.WI,2024-12-06,0.1319192421438724,0.06591934763982689,1.6872843642198967,-0.0013626919898526157
GALLW.WI,2024-12-09,0.13617763823812323,0.06591818894754663,1.7443069439556416,0.0
GALLW.WI,2024-12-10,0.14502558038150903,0.06626423718463492,1.852668016101732,0.0
GALLW.WI,2024-12-11,0.14802392205976567,0.06631362319473913,1.890795289882799,0.0
GALLW.WI,2024-12-12,0.15058288157377397,0.0663951382510212,1.9221081743419572,0.0
GALLW.WI,2024-12-13,0.1446096178916969,0.06654536413378309,1.8396576119526442,-0.003957214587973823
GALLW.WI,2024-12-16,0.14562579653607832,0.06655780681569755,1.852666145111785,-0.002045730186602368
GALLW.WI,2024-12-17,0.13991108512742834,0.06671306080730632,1.7735097225717587,-0.006059276793446866
GALLW.WI,2024-12-18,0.13389014939310995,0.06675078134168186,1.693165265295441,-0.00864689173819988
GALLW.WI,2024-12-19,0.1356602199172834,0.06661615584621798,1.7198794057002071,-0.013084391655896477
GALLW.WI,2024-12-20,0.13997868588779405,0.06672178083810588,1.7741750390220932,-0.00887309771527578
GALLW.WI,2024-12-23,0.1420303454013112,0.06675797761965328,1.8001982435360495,-0.006128850494675597
GALLW.WI,2024-12-24,0.1403043786498166,0.06677748183225046,1.7770305952195586,-0.007203109410388153
GALLW.WI,2024-12-25,0.1408341956452066,0.06677334923922504,1.784096816504622,-0.007032942818318677
GALLW.WI,2024-12-26,0.14154639827906124,0.06676903353244194,1.7935597787713273,-0.006650397199259861
GALLW.WI,2024-12-27,0.14849262901882931,0.06675441030949705,1.8848652612051486,-0.0032526254012924527
GALLW.WI,2024-12-30,0.145034116251475,0.06673628472921418,1.8401430228321336,-0.0038086297433936878
GALLW.WI,2024-12-31,0.14486337317007725,0.0667367169701875,1.8378957535562161,-0.0035307738892752516
GALLW.WI,2025-01-02,0.14992274691259055,0.06676353664905713,1.9032665595573866,-0.000376546624841434
GALLW.WI,2025-01-03,0.14835748491172973,0.06677776361480084,1.8824660588308453,-0.0011913124614181259
GALLW.WI,2025-01-06,0.14700089712136943,0.0667860782626649,1.8645314418993486,-0.0016940574402232178
GALLW.WI,2025-01-07,0.14494350076064189,0.0667738815929083,1.8379584092142478,-0.0015917087461970736
GALLW.WI,2025-01-08,0.14052128127603658,0.0667067014939296,1.7816982132434758,-0.0018390575199660475
GALLW.WI,2025-01-09,0.13857697440090333,0.06670264105200066,1.7562098372666293,-0.0020071025165195877
GALLW.WI,2025-01-10,0.13962875718804812,0.06669001598017026,1.7703823009697184,-0.0019286766408969092
GALLW.WI,2025-01-13,0.14252919352430915,0.06682417568791853,1.805018888217156,0.0
GALLW.WI,2025-01-14,0.14219351874301744,0.06681729840652634,1.8007977674439744,0.0
GALLW.WI,2025-01-15,0.14663318636807565,0.06690695769039794,1.8564876181182295,0.0
GALLW.WI,2025-01-16,0.14801355579333975,0.06692303799775252,1.8740451862724374,0.0
GALLW.WI,2025-01-17,0.1498021475897493,0.06692009027540725,1.8974010277070905,0.0
GALLW.WI,2025-01-20,0.14714438130925744,0.06696630533343124,1.8615610610455653,-0.001930440983057613
GALLW.WI,2025-01-21,0.14717312579536723,0.06696649638586918,1.8619303212759684,-0.0008581182589257885
GALLW.WI,2025-01-22,0.15176048193088199,0.06680130975526968,1.9261451532153455,-0.001068638262841537
GALLW.WI,2025-01-23,0.14907165772467312,0.06678876754167899,1.8914797649901298,-0.0013163641013543836
GALLW.WI,2025-01-24,0.15627811278513826,0.06674580495321797,1.9863760347011805,0.0
GALLW.WI,2025-01-27,0.15706745755798068,0.06674628872155483,1.9965923107100771,0.0
GALLW.WI,2025-02-05,0.17254345490693335,0.06777388366693629,2.1634893287583985,0.0
GALLW.WI,2025-02-06,0.17107698214852296,0.06775883658518067,2.1454736971656403,0.0
GALLW.WI,2025-02-07,0.17206531105174383,0.06776820977513949,2.157642418707848,0.0
GALLW.WI,2025-02-10,0.1833203501575884,0.06753643887131408,2.3064153107195575,0.0
GALLW.WI,2025-02-11,0.18890698436575892,0.06760654532201135,2.373809411990206,0.0
GALLW.WI,2025-02-12,0.18450572361472917,0.06767334168864168,2.316690662497986,-0.002378867243492344
GALLW.WI,2025-02-13,0.18919992200412783,0.0675118789540461,2.380695048273377,-0.002470188820915209
GALLW.WI,2025-02-14,0.18856007454909673,0.06750352270583573,2.3730030767643764,-0.0010053822698699033
GALLW.WI,2025-02-17,0.174480230775091,0.06797683005989325,2.1815278695030895,-0.00895782294992209
GALLW.WI,2025-02-18,0.17208407640407808,0.06794157482002133,2.1525463203439013,-0.00817796343447419
GALLW.WI,2025-02-19,0.17447784363533736,0.06802334895979505,2.1800522068119577,-0.0038417727285463554
GALLW.WI,2025-02-20,0.17564265015187552,0.06800292873852955,2.1952728821703067,-0.0040925726196646695
GALLW.WI,2025-02-21,0.17012802344457723,0.06813225305344267,2.1221811556373393,-0.00765087528598718
GALLW.WI,2025-02-24,0.1642162499398514,0.06831286038422756,2.042559526445724,-0.01195024163956937
GALLW.WI,2025-02-25,0.16330957926096956,0.06832106881726754,2.0309120330453028,-0.012439590107641063
GALLW.WI,2025-02-26,0.16334876006896137,0.06832016894602957,2.0314311577014093,-0.013618532661510585
GALLW.WI,2025-02-27,0.1630682717602263,0.06832133810490779,2.0278660085243625,-0.013461800332024598
GALLW.WI,2025-02-28,0.15958456833365897,0.06841988714063686,1.981173542772969,-0.0165549755191986
GALLW.WI,2025-03-03,0.16267112367869263,0.06859425747521576,2.0150863013863143,-0.010269206434502687
GALLW.WI,2025-03-04,0.1609012258103779,0.0685861585822699,1.9930908714320505,-0.010066355652270431
GALLW.WI,2025-03-05,0.1601572854012805,0.06858648552541939,1.9837297042164188,-0.009824075353186301
GALLW.WI,2025-03-06,0.159297707161409,0.0685828609270052,1.973017262947445,-0.00926924572319987
GALLW.WI,2025-03-07,0.1558771097743894,0.06862056082380981,1.9288834592613389,-0.011011819138496026
GALLW.WI,2025-03-10,0.15585929327683679,0.0686204569754133,1.9286615176063087,-0.009986651700348514
GALLW.WI,2025-03-11,0.14810397447104928,0.06884231317899196,1.824820289521175,-0.014985539928793035
GALLW.WI,2025-03-12,0.14710825245636183,0.06884434998288301,1.8121582357069304,-0.01502398370772362
GALLW.WI,2025-03-13,0.1458939435146187,0.06879877276827916,1.7979101875009535,-0.01210831175623428
GALLW.WI,2025-03-14,0.15621381750074614,0.0691947096582892,1.917658234865835,-0.004115526231260547
GALLW.WI,2025-03-17,0.14600942537889217,0.06920435383033781,1.7892316201401706,-0.008040805043711075
GALLW.WI,2025-03-18,0.15085098659156815,0.069220449071547,1.849769718685653,-0.005132948585740649
GALLW.WI,2025-03-19,0.14642169244786807,0.06899686829520689,1.7996219663249635,-0.0025505264615007794
GALLW.WI,2025-03-20,0.14307183086968633,0.0689041119641854,1.7594601416900024,-0.0013038496304679237
GALLW.WI,2025-03-21,0.1313869532045271,0.0689970771320126,1.60818723643023,-0.006535583237892717
GALLW.WI,2025-03-24,0.12840273503406574,0.06885164285427174,1.5730608674426134,-0.0036225868607612233
GALLW.WI,2025-03-25,0.12880806735386252,0.06885756061013339,1.5781498720717564,-0.0018314306479155773
GALLW.WI,2025-03-26,0.12983676578333192,0.0688376726648448,1.591825058948413,-0.002382035686810835
GALLW.WI,2025-03-27,0.13958687663366898,0.06831881923724659,1.7292298288390777,-0.0017315894784587504
GALLW.WI,2025-03-28,0.14148065145019362,0.06829281538885744,1.7541886336656036,-0.0014372058892488937
GALLW.WI,2025-03-31,0.13948420745747558,0.06827352011398086,1.7290116913940579,-0.001034461538548248
GALLW.WI,2025-04-01,0.13771878077009103,0.06820421312147652,1.7079543917571527,0.0
GALLW.WI,2025-04-02,0.14051192873903773,0.06818340392690343,1.744436150978115,0.0
GALLW.WI,2025-04-03,0.14213352530759393,0.06827144711908507,1.7630959637887154,0.0
GALLW.WI,2025-04-07,0.112903570499572,0.07306696992660332,1.2970876355980832,-0.025499707815266226
GALLW.WI,2025-04-08,0.11255640660407029,0.07304190641002453,1.2932346234429732,-0.019568172678978257
GALLW.WI,2025-04-09,0.11858808583352798,0.07290617553120717,1.369700843197466,-0.018276820194982224
GALLW.WI,2025-04-10,0.13496158676367997,0.07382572975637992,1.5504735640893552,-0.0061154554587083965
GALLW.WI,2025-04-11,0.13829651800587772,0.07389894955401882,1.5887342720269175,-0.0023175776087551725
GALLW.WI,2025-04-14,0.1430381085177752,0.07406609567074998,1.6414682059203105,0.0
GALLW.WI,2025-04-15,0.13827665799569777,0.07403427191753374,1.58572865956902,-0.000994512952784632
GALLW.WI,2025-04-16,0.13346947427625477,0.07366760409098529,1.535778795421669,0.0
GALLW.WI,2025-04-17,0.13230443267651815,0.07365755356700641,1.5220096113569974,0.0
GALLW.WI,2025-04-18,0.13298163033664223,0.07365904929823687,1.5301013079706296,0.0
GALLW.WI,2025-04-21,0.1333376890360034,0.0736884149445309,1.5337868766675975,0.0
GALLW.WI,2025-04-22,0.13733271251273016,0.07402991771169058,1.5746049303750642,0.0
GALLW.WI,2025-04-23,0.11799613759179728,0.07578958806343539,1.3134297730856437,-0.015736355059135287
GALLW.WI,2025-04-24,0.1199330300737762,0.0758055224558831,1.3360143205836232,-0.013749909802955318
GALLW.WI,2025-04-25,0.12229661392171165,0.07573031893618597,1.365117720416604,-0.014914779109139187
GALLW.WI,2025-04-28,0.11134493888249719,0.07534768438867091,1.2414658946012154,-0.016435603394404086
GALLW.WI,2025-04-29,0.11297227361692963,0.07535951554102831,1.2607077214701106,-0.014692928415540929
GALLW.WI,2025-04-30,0.1112823661645097,0.0754323994722546,1.2394094518982597,-0.018572830880200564
GALLW.WI,2025-05-06,0.11398539882824577,0.07558745248924782,1.2691747557836646,-0.012261011867888971
GALLW.WI,2025-05-07,0.11533892402768542,0.07561553760099018,1.2847971289965276,-0.009506700449147254
GALLW.WI,2025-05-08,0.10995071556111236,0.07564430915126044,1.2202898597060803,-0.011917446218735694
GALLW.WI,2025-05-09,0.11780156645531936,0.07523535021321269,1.3202364947327494,-0.012339908754627316
GALLW.WI,2025-05-12,0.1248361633151458,0.07464944746073934,1.4140875671501383,-0.015733019470308585
GALLW.WI,2025-05-13,0.12160499909808564,0.07465145978257692,1.3754982258600168,-0.01673567024232714
GALLW.WI,2025-05-14,0.12390033305835435,0.07465973117381619,1.4027495988797267,-0.014971484119193579
GALLW.WI,2025-05-15,0.10890748117231275,0.075378587419002,1.2118454932403016,-0.02507464230915335
GALLW.WI,2025-05-16,0.11533913067283286,0.07522731352103054,1.2910411633265715,-0.02375334069431989
GALLW.WI,2025-05-19,0.1161097745140105,0.07523655534919126,1.3000763924717427,-0.02200304151242416
GALLW.WI,2025-05-20,0.11354767071373795,0.07519363129422797,1.2701985087221932,-0.021330069448320832
GALLW.WI,2025-05-21,0.12021929396844522,0.07584109577835443,1.3387892471925629,-0.010030183675219906
GALLW.WI,2025-05-22,0.11967283123781725,0.07585382908328901,1.3321416539251887,-0.011769591138497737
GALLW.WI,2025-05-23,0.11584759714491777,0.07586975190300399,1.2867508234918168,-0.013360190496158775
GALLW.WI,2025-05-26,0.11164390996023554,0.07583920746320484,1.2374487799462452,-0.014188369550566904
GALLW.WI,2025-05-27,0.10708465867872641,0.07596477536002336,1.181404382664741,-0.018074330533707883
GALLW.WI,2025-05-28,0.10677766146943402,0.07596754286647812,1.1777118069197823,-0.018544920851242264
GALLW.WI,2025-05-29,0.10463628289478222,0.07599336615626158,1.151842290896321,-0.020083035739813293
GALLW.WI,2025-05-30,0.10486915110021289,0.07599772256273828,1.1545553274726539,-0.018050913338679364
GALLW.WI,2025-06-03,0.10532554298989227,0.07601956736504961,1.159680087305936,-0.013531530844666517
GALLW.WI,2025-06-04,0.09792365209335019,0.0754162498017999,1.0792299284853284,-0.009846045557336147
GALLW.WI,2025-06-05,0.10465020061123687,0.07509451968344467,1.1648996184112874,-0.010366125121340608
GALLW.WI,2025-06-06,0.10804517916936573,0.07517217668699094,1.2046116115384473,-0.006566276788522285
GALLW.WI,2025-06-09,0.11851023537004224,0.07449706391514223,1.3410868674063974,-0.0068304690382476885
GALLW.WI,2025-06-10,0.12206244297298352,0.07441341930574202,1.3851411519577048,-0.0067454455597867335
GALLW.WI,2025-06-11,0.12192089250393368,0.07440627915414132,1.383570644044158,-0.0021966554255055115
GALLW.WI,2025-06-12,0.1276692047792498,0.0744272716841329,1.4518990069874147,0.0
GALLW.WI,2025-06-13,0.12743258484099163,0.07441673167224372,1.4492728462553897,0.0
GALLW.WI,2025-06-16,0.13500855326586425,0.07417437498405502,1.544100484101855,0.0
GALLW.WI,2025-06-17,0.13529450459733083,0.07416973945691023,1.5475904563826632,-0.0007207126038260014
GALLW.WI,2025-06-18,0.14670256365845957,0.07382241924419694,1.6900338185954646,0.0
GALLW.WI,2025-06-19,0.13992039690878721,0.07376563718719623,1.6108172605509172,-0.0017246380547993878
GALLW.WI,2025-06-20,0.14167786578239583,0.07370430550541278,1.6330094583913566,-0.0033506058099933567
GALLW.WI,2025-06-23,0.13889623786767413,0.07361736567150734,1.601697651257461,-0.0014420576550402409
GALLW.WI,2025-06-24,0.1311497558121868,0.0738840453293199,1.5037608842748307,-0.007201784542129941
GALLW.WI,2025-06-25,0.14510600412379837,0.07308257586131345,1.6873230231867347,-0.005390084458266942
GALLW.WI,2025-06-26,0.1410235322779516,0.07303074658338649,1.639538216839519,-0.005582025861876949
GALLW.WI,2025-06-27,0.1441112638744404,0.07291861373850633,1.679028598345876,-0.006711672561463433
GALLW.WI,2025-06-30,0.14138166600767144,0.07290000184771613,1.6466552115620186,-0.006801299208437306
GALLW.WI,2025-07-01,0.15058293447059734,0.07289942315564668,1.7568685950703584,-0.002269416890924414
GALLW.WI,2025-07-02,0.1508650163622347,0.07290375734617703,1.7601328026621956,-0.00030181503408699406
GALLW.WI,2025-07-03,0.1514899380744923,0.07291477499679204,1.767327083775958,0.0
GALLW.WI,2025-07-04,0.14633992655391714,0.07296914066924548,1.704599904905885,-0.002560417059568443
GALLW.WI,2025-07-07,0.14568426473017393,0.07299002049317399,1.6962903986516553,-0.004946655171484737
GALLW.WI,2025-07-08,0.1572138296204595,0.07261198682077866,1.8427205550165822,-0.0021383058975671387
GALLW.WI,2025-07-09,0.1504115548190832,0.07267757981046537,1.7599576467420606,-0.005305453026914875
GALLW.WI,2025-07-10,0.15403054377389047,0.07275417068571385,1.8013768237274832,-0.0014171403938896265
GALLW.WI,2025-07-11,0.16029491865450707,0.0726716142260125,1.8778783697900259,0.0
GALLW.WI,2025-07-14,0.15583125019336208,0.07242528244251206,1.8307699788182383,0.0
GALLW.WI,2025-07-15,0.15238882877927407,0.072498810869189,1.787820610493362,-0.0026915737079095114
GALLW.WI,2025-07-16,0.14873873046338293,0.07251907481914019,1.743570081266778,-0.004168108708933471
GALLW.WI,2025-07-17,0.15070179889995816,0.07255644459675453,1.766254932004237,-0.0011829051191757367
GALLW.WI,2025-07-18,0.1588519239997077,0.07256554487534939,1.8633593886126998,0.0
GALLW.WI,2025-07-21,0.16596653693363161,0.07281764862864643,1.94126252883547,0.0
GALLW.WI,2025-07-22,0.17646134352636667,0.07282322755240282,2.06424406643732,0.0
GALLW.WI,2025-07-23,0.17375360206913992,0.07279277319277111,2.0334018572386494,0.0
GALLW.WI,2025-07-24,0.176542386116314,0.07274125778627086,2.067436104264116,0.0
GALLW.WI,2025-07-25,0.17060401966113714,0.07263297421540862,2.000699277862402,-0.00034386782476458766
GALLW.WI,2025-07-28,0.16491119020090594,0.07280720002669472,1.929085607313123,-0.00474268105142972
GALLW.WI,2025-07-29,0.16320435459956206,0.07284429463624918,1.907998916880179,-0.006689437947181798
GALLW.WI,2025-07-30,0.16187353641540425,0.07282259667568008,1.8928165530815493,-0.0052917070520910325
GALLW.WI,2025-07-31,0.15208940887639,0.07323729277954352,1.7669753332213989,-0.012457645669240458
GALLW.WI,2025-08-01,0.15017175954603368,0.07326226002377795,1.743646462995278,-0.013797977190585287
GALLW.WI,2025-08-04,0.1648042041105484,0.07294755721149394,1.9242530758666314,-0.008778999729053827
GALLW.WI,2025-08-05,0.168753082921973,0.07298316561908459,1.9697512537534667,-0.005725075626482168
GALLW.WI,2025-08-06,0.1786945855992359,0.07272269066793363,2.093091943916467,-0.0031006230176904293
GALLW.WI,2025-08-07,0.1776575844580135,0.07270317658670963,2.0815199260739026,-0.0012839229308053701
GALLW.WI,2025-08-08,0.18946110447398823,0.07209324782332288,2.2369451144052337,-6.519353496781122e-05
GALLW.WI,2025-08-11,0.18085101474445642,0.07205438623514308,2.1372180702799675,-0.0026331715010061707
GALLW.WI,2025-08-12,0.1800596454501393,0.07205706777417102,2.127831339410437,-0.002586736794742306
GALLW.WI,2025-08-13,0.1869041665581297,0.07215650685628353,2.2052026259695348,0.0
GALLW.WI,2025-08-14,0.17320532216144913,0.07186566582791543,2.052197078573886,-0.003358599722269595
GALLW.WI,2025-08-15,0.17233631364832158,0.0718516398741027,2.042264365626187,-0.0017403293615826376
GALLW.WI,2025-08-18,0.17266795335438312,0.07184855155734295,2.046288323363791,-0.0017384839771198424
GALLW.WI,2025-08-19,0.1819969988175265,0.07121746409953134,2.1751231989219084,-0.0028397830618750453
GALLW.WI,2025-08-20,0.1889611675718026,0.0710367113152894,2.2632314754971685,-0.001408621504396912
GALLW.WI,2025-08-21,0.1883373894253515,0.0710343657654602,2.255911053990999,-0.0006603840113253989
GALLW.WI,2025-08-22,0.19299227240860017,0.0709450695756457,2.313805902816781,0.0
GALLW.WI,2025-08-25,0.20487417769089533,0.07173957464078554,2.427207788759617,0.0
GALLW.WI,2025-08-26,0.20611649308455116,0.0717026565229249,2.442803925569531,-0.0012973387618843146
GALLW.WI,2025-08-27,0.199165192201761,0.07183476600257993,2.357920391891628,-0.005072492939743767
GALLW.WI,2025-08-28,0.2034407133494187,0.07181625459166546,2.408104324953701,-0.0029368607189976803
GALLW.WI,2025-08-29,0.20638219203165087,0.07186354194351201,2.4405627242978727,0.0
GALLW.WI,2025-09-01,0.2157933686621214,0.07228420864467405,2.534362322432352,0.0
GALLW.WI,2025-09-02,0.20757399596644,0.07216817492003928,2.4442543088183957,-0.0013978392018131336
GALLW.WI,2025-09-03,0.2125815030831737,0.07218064569671094,2.5012191467611413,0.0
GALLW.WI,2025-09-04,0.20525844179459263,0.07244496933789203,2.408677229899322,-0.005408422634173515
GALLW.WI,2025-09-05,0.2123141928275345,0.07248530247401588,2.487965943712312,-0.0012476066751726522
GALLW.WI,2025-09-08,0.21610450262342518,0.07248721406653787,2.5310003964068883,0.0
GALLW.WI,2025-09-09,0.21647539289071616,0.07249992638135622,2.534778545171837,0.0
GALLW.WI,2025-09-10,0.2137768375322071,0.0726066087400108,2.5005498490878724,-0.0038043191418587474
GALLW.WI,2025-09-11,0.21665705512013433,0.0725995243505789,2.5334589886573067,-0.0020570334916939492
GALLW.WI,2025-09-12,0.22186080859164847,0.07258358051457836,2.5928471923608907,0.0
GALLW.WI,2025-09-15,0.21896741303752232,0.07260663229095796,2.5593676950371025,-0.001087312787041883
GALLW.WI,2025-09-16,0.22681962633926078,0.07240375645495804,2.655091574471754,0.0
GALLW.WI,2025-09-17,0.2250248812988218,0.07240915849654976,2.6346639319846874,-0.0001793413841388869
GALLW.WI,2025-09-18,0.2190797998691425,0.0729383353822095,2.5493263502346384,-0.009716459990666615
GALLW.WI,2025-09-19,0.21723411104120416,0.07291149172526094,2.5294410887673644,-0.008410278259686543
GALLW.WI,2025-09-22,0.22222279856230398,0.07300639970838171,2.5823142937661707,-0.003917136082064565
GALLW.WI,2025-09-23,0.22763976686324372,0.0727724892443419,2.651198401973762,-0.004745308973820084
GALLW.WI,2025-09-24,0.2325199883461584,0.07281119293227024,2.7043618756579324,-0.0012364947931431391
GALLW.WI,2025-09-25,0.2311950229876889,0.07280184635117577,2.6899132689059155,-0.0003086593322018105
GALLW.WI,2025-09-26,0.23060402152880521,0.07281082186671231,2.6829907948713343,-0.001069451103916652
GALLW.WI,2025-09-29,0.23117627681498942,0.07283809322250771,2.6884014171829564,0.0
GALLW.WI,2025-09-30,0.2313079236146367,0.07284493713451956,2.6896246461191393,0.0
GALLW.WI,2025-10-09,0.25213960300460925,0.07480323854928629,2.845588232918625,0.0
GALLW.WI,2025-10-10,0.23602956608309333,0.07520840034075453,2.658331341629559,-0.007927991909416066
GALLW.WI,2025-10-13,0.24689379986011994,0.07599031614182218,2.7470087152453835,0.0
GALLW.WI,2025-10-14,0.2378298416096627,0.07568455720153257,2.6613215261122662,0.0
GALLW.WI,2025-10-15,0.2407343700163267,0.07585649274175595,2.6863827874826103,0.0
GALLW.WI,2025-10-16,0.23585298802115107,0.0756835260780021,2.6402200666083413,0.0
GALLW.WI,2025-10-17,0.24496602894752706,0.0759326421636834,2.728643067728792,0.0
GALLW.WI,2025-10-20,0.21297057561596544,0.07502511111748472,2.41344646405623,-0.009620865351270935
GALLW.WI,2025-10-21,0.21691227699699822,0.07528490697435757,2.448502798415876,-0.0013300732696645001
GALLW.WI,2025-10-22,0.23559680198085364,0.07150811771433153,2.7871495211638577,-0.01145765644592478
GALLW.WI,2025-10-23,0.22370752399555682,0.07113527808055982,2.6653523128780674,-0.012734153336694809
GALLW.WI,2025-10-24,0.22901191208146532,0.07090108327249663,2.7349768340122016,-0.013588629457037649
GALLW.WI,2025-10-27,0.21953092550790054,0.07026808661329727,2.6486863581289497,-0.010999206178686771
GALLW.WI,2025-10-28,0.21753203372950125,0.07048432822156647,2.6174853568244454,-0.020235029444735653
GALLW.WI,2025-10-29,0.2171148620883787,0.07046279934734781,2.6133964104194223,-0.015331021168832781
GALLW.WI,2025-10-30,0.22226962929203387,0.0702786087750512,2.680245799049591,-0.015483756563335227
GALLW.WI,2025-10-31,0.21418839558727343,0.06985279951204315,2.6011202409245273,-0.01359802668067056
GALLW.WI,2025-11-03,0.2098370795403508,0.06976343321727678,2.552861752579136,-0.012907696869241758
GALLW.WI,2025-11-04,0.20205641874431568,0.06996112787475049,2.4535540233771354,-0.01745186470512028
GALLW.WI,2025-11-05,0.20304576821826226,0.06996453714020341,2.465205522677841,-0.016034897627316913
GALLW.WI,2025-11-06,0.21302506092601559,0.06991088907169507,2.585294922299313,-0.011666775182225142
GALLW.WI,2025-11-07,0.2141275499846811,0.06990405424587129,2.5985468581611855,-0.01096631589597119
GALLW.WI,2025-11-10,0.21606696834470718,0.06998477779970473,2.618453858871473,-0.005929220965889326
GALLW.WI,2025-11-11,0.21898318194363298,0.06994067224750873,2.6543343543648277,-0.005229188826164188
GALLW.WI,2025-11-12,0.2181525438903762,0.06993840093641202,2.644664104650105,-0.004547646029041341
GALLW.WI,2025-11-13,0.22799894628456974,0.0702533348127455,2.7478059040027913,0.0
GALLW.WI,2025-11-14,0.2215870794369832,0.07044907694473798,2.6659957852529192,-0.00442282275588135
GALLW.WI,2025-11-17,0.2128228197017048,0.07098665970072553,2.544829897473026,-0.012463566482697086
GALLW.WI,2025-11-18,0.20311354286277372,0.07108508833555931,2.4282467920700106,-0.016537111752004008
GALLW.WI,2025-11-19,0.20793988297171695,0.07118694219278143,2.4811552918341353,-0.012055579228739788
GALLW.WI,2025-11-20,0.20948065639917868,0.07112535833589263,2.5011779665464635,-0.01406606935612964
GALLW.WI,2025-11-21,0.1942009188964684,0.07218569031917749,2.2892381473370547,-0.025470730656135365
GALLW.WI,2025-11-24,0.19646667678021768,0.07221988157701596,2.314453453017344,-0.022583305205372217
GALLW.WI,2025-11-25,0.20896508609360298,0.07223720141613349,2.4578795824272253,-0.016657025691394156
GALLW.WI,2025-11-26,0.2067609337007399,0.07226770710177675,2.4316021983242058,-0.01799001118710053
GALLW.WI,2025-11-27,0.22117716335458537,0.07139081871206986,2.6270582739832027,-0.016631229897228095
GALLW.WI,2025-11-28,0.23063035298105472,0.07136956499878273,2.735953959368372,-0.012224955386660574
GALLW.WI,2025-12-01,0.23499772618823878,0.07146844592097057,2.781877230637428,-0.007683922187230241
GALLW.WI,2025-12-02,0.2186957992607237,0.07118786059236581,2.6057528907087377,-0.01199145477814767
GALLW.WI,2025-12-03,0.2149408655280436,0.07122798032787975,2.5609672124998872,-0.013647252735753401
GALLW.WI,2025-12-04,0.20395481397716342,0.07133091465729065,2.4299331730856446,-0.018165957971837288
GALLW.WI,2025-12-05,0.20852219253038728,0.07138157722435269,2.481344316063498,-0.014631143262296753
GALLW.WI,2025-12-08,0.21196131899767012,0.07125349199925606,2.525588737348587,-0.015640829583006055
GALLW.WI,2025-12-09,0.21021988633137312,0.07133825493152707,2.5025008645948037,-0.019722648974970003
GALLW.WI,2025-12-10,0.20804108627059947,0.07129240599875204,2.478769808386868,-0.01809209925929567
GALLW.WI,2025-12-11,0.21124723879888574,0.07124537669865548,2.517589958792384,-0.017277098177575723
GALLW.WI,2025-12-12,0.20833332711820263,0.07112741911841199,2.487758794594618,-0.014314718909801516
GALLW.WI,2025-12-15,0.20777555070800924,0.07112752001657001,2.4812590662278495,-0.013808233092742817
GALLW.WI,2025-12-16,0.19748242625663393,0.07140392952019566,2.3519748627235653,-0.01955406372583257
GALLW.WI,2025-12-17,0.20505170873699563,0.0716250966902351,2.432969605066066,-0.013288119308955015
GALLW.WI,2025-12-18,0.20915307377466852,0.07161521032729905,2.480775315093324,-0.011068342549651278
GALLW.WI,2025-12-19,0.2122000274695961,0.07162501267285976,2.515610255677664,-0.008787544135752112
GALLW.WI,2025-12-22,0.21731480172192708,0.07184393043180541,2.566814110137023,-0.002250013810484175
GALLW.WI,2025-12-23,0.21624742117934814,0.07176836696661813,2.557209339087598,0.0
GALLW.WI,2025-12-24,0.2144747209305502,0.07173582889126175,2.5379883089977353,0.0
GALLW.WI,2025-12-25,0.2065785848489694,0.07173058657946256,2.447162673846008,-0.002438156649538503
GALLW.WI,2025-12-26,0.21869783964837852,0.07176832338541118,2.585276794973664,0.0
GALLW.WI,2025-12-29,0.20731581530526166,0.07222976877377944,2.439209819087369,-0.007438341231824852
GALLW.WI,2025-12-30,0.20854652250596084,0.07216942278091622,2.4553173546866356,-0.0104224769290584
GALLW.WI,2025-12-31,0.20811335803649156,0.0721870438371262,2.44976580600639,-0.01335249149174178
GALLW.WI,2026-01-05,0.22313950340501343,0.07234691955896827,2.6155000658187606,-0.005552237773309487
GALLW.WI,2026-01-06,0.22843946915750535,0.07268576873921788,2.6631753322157805,0.0
GALLW.WI,2026-01-07,0.22357321207966052,0.07268778191091566,2.608452764985722,-0.0012034854148972318
GALLW.WI,2026-01-08,0.2210034428358163,0.07277284376412767,2.576575122138057,-0.004378490124227086
GALLW.WI,2026-01-09,0.22908524938618147,0.07301585427051868,2.6586667070066743,0.0
GALLW.WI,2026-01-12,0.23720696647693407,0.07327426398585725,2.7395062331538718,0.0
GALLW.WI,2026-01-13,0.23387357097487183,0.07322911433741612,2.7042768154569465,0.0
GALLW.WI,2026-01-14,0.23734127993027476,0.07322896463865396,2.7426395315091012,0.0
GALLW.WI,2026-01-15,0.23711864650675696,0.07323060994414061,2.740120208787991,0.0
GALLW.WI,2026-01-16,0.22926327069365926,0.07330586972984764,2.650413128632577,-0.003204431083218884
GALLW.WI,2026-01-19,0.23398515191969005,0.07331986574110588,2.702254501550078,-0.000191093193717351
GALLW.WI,2026-01-20,0.2398740652986171,0.07338690146764598,2.7647823191153194,0.0
GALLW.WI,2026-01-21,0.25284312878516246,0.07402074596802369,2.882433319331042,0.0
GALLW.WI,2026-01-22,0.2549980137527468,0.07401381577993975,2.9059363033066736,0.0
GALLW.WI,2026-01-23,0.26880231774707264,0.0746667422717715,3.027814504218246,0.0
GALLW.WI,2026-01-26,0.28410980462294755,0.07549460520849509,3.1544308291532124,0.0
GALLW.WI,2026-01-27,0.27262834291059024,0.07551569348637165,3.034520251917252,-0.0036844860231330934
GALLW.WI,2026-01-28,0.2898966672352554,0.07690317050314713,3.156557873041842,0.0
GALLW.WI,2026-01-29,0.30582724260197214,0.07837469652411834,3.2555057867366486,0.0
GALLW.WI,2026-01-30,0.2655278390047473,0.08389506559521182,2.6726830515241797,-0.028878031863646014
GALLW.WI,2026-02-02,0.21736696114663334,0.09203253507210712,2.0223589283011743,-0.06470240382176373
GALLW.WI,2026-02-03,0.24224321424657536,0.09367081522069505,2.204719203345271,-0.047432521735481625
GALLW.WI,2026-02-04,0.2560795028964855,0.09435534122396268,2.306896005867794,-0.035787849666253924
GALLW.WI,2026-02-05,0.2424778458975161,0.09510406434205333,2.1748973982702835,-0.04642993486931968
GALLW.WI,2026-02-06,0.23991575623708106,0.09515094341335424,2.1521595622050147,-0.04863226237170437
GALLW.WI,2026-02-09,0.25072305877349654,0.09576945786679292,2.229567083456797,-0.0372285930247751
GALLW.WI,2026-02-10,0.2485872389323871,0.09578348050471118,2.2113948725051134,-0.037935504740848836
GALLW.WI,2026-02-11,0.23944622896293177,0.0951711188253763,2.1477407008144818,-0.03309113910364092
GALLW.WI,2026-02-12,0.2372828422928699,0.09518803398549289,2.1290071416602725,-0.03398521368926544
GALLW.WI,2026-02-13,0.22431195085664846,0.09566147936920698,2.0086838899463544,-0.042383176122813504
GALLW.WI,2026-02-24,0.23795936623893765,0.09665998825737193,2.1036935873195595,-0.028032746175511103
GALLW.WI,2026-02-25,0.23692915036854623,0.09663600143088609,2.095569342144656,-0.024912643451292293
GALLW.WI,2026-02-26,0.23566742410704333,0.09667562231239171,2.0841843720932745,-0.02822451596029707
GALLW.WI,2026-02-27,0.24014166250513935,0.09670768673436692,2.1209316955982596,-0.024795083855293165
GALLW.WI,2026-03-02,0.2623650126981574,0.09846777929032628,2.2652762488758924,-0.005861716834123398
GALLW.WI,2026-03-03,0.2662517990692086,0.09823756206634149,2.301677472878458,-0.010738941433008242
GALLW.WI,2026-03-04,0.25829746542944565,0.0984493810563359,2.2328677285803256,-0.01617970832565052
GALLW.WI,2026-03-05,0.2506635745913113,0.09842415216416878,2.1715308297960116,-0.017873276972073304
GALLW.WI,2026-03-06,0.2560179683413255,0.09846660690208431,2.2140627372578656,-0.013916880370178464
GALLW.WI,2026-03-09,0.26848892598611496,0.09850997215038293,2.3135194249500923,-0.007684279107128766
GALLW.WI,2026-03-10,0.26908962223881505,0.09848564823847569,2.318878325435004,-0.0115156229376423
GALLW.WI,2026-03-11,0.27974258164405175,0.0987178233023673,2.3984144303485677,-0.0037117860544124692
GALLW.WI,2026-03-12,0.28335179746936645,0.09869520084352942,2.427505594200623,-0.002094703301892653
GALLW.WI,2026-03-13,0.2808584116637878,0.09873114374321103,2.406940346955697,-0.003875248287753985
GALLW.WI,2026-03-16,0.27425056927059277,0.09908083615862807,2.346540869538244,-0.012121293528549515
GALLW.WI,2026-03-17,0.26259375505319205,0.09900384925169177,2.2553747820907617,-0.014902038665451034
GALLW.WI,2026-03-18,0.26093300017994814,0.09902246431099494,2.241664708745236,-0.015996153281283787
GALLW.WI,2026-03-19,0.24366653248506664,0.10006082783525844,2.0815179186477732,-0.029232986356759305
GALLW.WI,2026-03-20,0.22839864455115944,0.10085173858470704,1.9433974786109995,-0.04061334360249891
GALLW.WI,2026-03-23,0.20060974663399156,0.10391695345058015,1.6687628553718472,-0.06396590793918033
GALLW.WI,2026-03-24,0.21532521587440523,0.10467282000753522,1.7739287060098246,-0.051511084848610666
GALLW.WI,2026-03-25,0.23015970649887674,0.10469645832847863,1.8895259737305352,-0.044781325275191075
GALLW.WI,2026-03-26,0.22535739945853872,0.10480223909966839,1.8503709807105397,-0.04854745072737632
GALLW.WI,2026-03-27,0.2265859259365377,0.10482759305932189,1.8595158994286733,-0.044774276139831426
GALLW.WI,2026-03-30,0.22702797709321643,0.10485347463194966,1.8625218098711183,-0.03669874226773684
GALLW.WI,2026-03-31,0.2248753900206113,0.104947894569421,1.8441960084740052,-0.04217886220738731
GALLW.WI,2026-04-01,0.22189101971831304,0.10492714903531204,1.8212719890938636,-0.04171162109354409
GALLW.WI,2026-04-02,0.21917949979154816,0.10491287835800452,1.8003128164543603,-0.04135622256040805
GALLW.WI,2026-04-03,0.21773577908691744,0.10491457123491257,1.7889826286284438,-0.04129466751226696
GALLW.WI,2026-04-07,0.2305626412854216,0.1048319004401794,1.8903457384325593,-0.036271409250929976
GALLW.WI,2026-04-08,0.23717308920262647,0.10507772516500374,1.937196278245798,-0.028253378561769904
GALLW.WI,2026-04-09,0.23269686193683126,0.10510799932665751,1.902153652368987,-0.030028706077364853
GALLW.WI,2026-04-10,0.23250557371879643,0.10511019378216038,1.9006384118082558,-0.030714192862345335
GALLW.WI,2026-04-13,0.23584054552257672,0.10513989472816572,1.925853965785791,-0.02745776985116999
GALLW.WI,2026-04-14,0.24218203648446424,0.10523731472460005,1.9728450413762364,-0.022179077566798377
GALLW.WI,2026-04-15,0.24104999300106167,0.10524543537053369,1.9640301892428176,-0.022676180372165455
GALLW.WI,2026-04-16,0.24728485255728105,0.1054568377817307,2.0078641686323864,-0.015041744757580244
GALLW.WI,2026-04-17,0.24474782165364695,0.10547114105072464,1.98828389921264,-0.01588952817084266
GALLW.WI,2026-04-20,0.2375885378397209,0.1053792970688376,1.9351400218310466,-0.01622799767811478
GALLW.WI,2026-04-21,0.2724900504986054,0.10200485909510924,2.2685762145473034,-0.014277773898594859
GALLW.WI,2026-04-22,0.27182404606452093,0.10197973424560677,2.263971624811213,-0.008796987898910258
GALLW.WI,2026-04-23,0.26227815178294733,0.10223106607465325,2.1848903193383036,-0.014940892167433772
GALLW.WI,2026-04-24,0.24151864321616157,0.10171461908715373,2.032292636945306,-0.019139235076675143
GALLW.WI,2026-04-27,0.23997783350041724,0.10168606861487173,2.0206117050443173,-0.01661309138776612
GALLW.WI,2026-04-28,0.22986967349365117,0.10163629534209878,1.9409478935808135,-0.019195128614527324
GALLW.WI,2026-04-29,0.2373388795578626,0.10170729692722469,1.9992457611309145,-0.01421988218064063
GALLW.WI,2026-04-30,0.23068769501193143,0.10164543982151684,1.94732926697602,-0.014895322560108282
GALLW.WI,2026-05-06,0.23752636085921908,0.10178990702979633,1.999194817328007,-0.008720613015012812
GALLW.WI,2026-05-07,0.23474008299223947,0.10181216242390219,1.9766218129710005,-0.009975581129053945
GALLW.WI,2026-05-08,0.22375712587759788,0.10162174457415661,1.8921414099417755,-0.011448794914232008
GALLW.WI,2026-05-11,0.21400498023833792,0.10125990052384491,1.8194664867181212,-0.010134547457166021
GALLW.WI,2026-05-12,0.23370815689058322,0.09989315234349007,2.0042764597420533,-0.009898817710136676
GALLW.WI,2026-05-13,0.23300269124817352,0.09988808869639686,1.998641849002099,-0.008467898737116952
GALLW.WI,2026-05-14,0.22604677049437139,0.10016175311265449,1.9369242577365988,-0.015226076871986738
GALLW.WI,2026-05-15,0.21375612342216765,0.10089721608098975,1.8236042357818898,-0.02660315932255919
GALLW.WI,2026-05-18,0.2110372096043862,0.1009002306730027,1.8013094516355488,-0.027062851756017303
GALLW.WI,2026-05-19,0.21718341894389637,0.1007894827070874,1.8534445344143595,-0.025975675265538678
GALLW.WI,2026-05-20,0.20365459689888565,0.10078280718096648,1.7425727579663006,-0.0306072347218872
GALLW.WI,2026-05-21,0.19740356385931768,0.10081191226319382,1.6904104973078162,-0.032952543111568255
GALLW.WI,2026-05-22,0.20270007727183037,0.10076920289927759,1.734915785407034,-0.031039063643923392
GALLW.WI,2026-05-25,0.20273322661179227,0.1007688826549561,1.735194703306797,-0.03142665507870224
GALLW.WI,2026-05-26,0.20905320797698823,0.10068638683618696,1.7886257240897563,-0.029682132839679243
GALLW.WI,2026-05-27,0.20292619632002062,0.10090390034657488,1.7345990784975711,-0.035582758680788196
GALLW.WI,2026-05-28,0.19578548303097265,0.10101750218647573,1.6737796820757576,-0.03958755564515293
GALLW.WI,2026-05-29,0.2148884155748978,0.10052720813610432,1.8392275068959991,-0.034252803307920576
GALLW.WI,2026-06-01,0.2141887503641624,0.10052562252692616,1.833519775455732,-0.03350087703454985
GALLW.WI,2026-06-02,0.21724584553562742,0.10058250221667119,1.8575600697163428,-0.029330231121721728
GALLW.WI,2026-06-03,0.21345856356665482,0.10063417038599376,1.8256676115993835,-0.03168447581685885
GALLW.WI,2026-06-04,0.19344295797291244,0.10022575351655964,1.6666317146113356,-0.03666061033079093
GALLW.WI,2026-06-05,0.19111983580264025,0.10029282084434767,1.6461424319920497,-0.040225141612688975
GALLW.WI,2026-06-08,0.17922182991649271,0.1010180254025227,1.535601400735457,-0.05134162807496323
GALLW.WI,2026-06-09,0.18179332274152515,0.1010087361761295,1.5573134177125787,-0.05007095204512069
GALLW.WI,2026-06-10,0.17755767304165593,0.10123568748809665,1.5185583796458804,-0.05720667520925671
GALLW.WI,2026-06-11,0.17180121232096757,0.10140910084535268,1.4677792088965997,-0.06226512364238923
GALLW.WI,2026-06-12,0.18488049945540275,0.10177617837274708,1.571982506106325,-0.05328441418410368
GALLW.WI,2026-06-15,0.19128186133260905,0.10199361944799476,1.621710401271659,-0.04619587027237526
GALLW.WI,2026-06-16,0.18430261617313204,0.10193822379508806,1.5648550911851993,-0.04741970007982721
GALLW.WI,2026-06-17,0.17994501499819093,0.10189439549547925,1.5292826963963158,-0.04737890390274546
GALLW.WI,2026-06-18,0.17615122968216412,0.10198311227704503,1.4964419025851348,-0.050940548924496176
GALLW.WI,2026-06-22,0.1701512190171568,0.1019516170383135,1.4466746621474813,-0.052156608031551754
GALLW.WI,2026-06-23,0.15457568753889728,0.10293462167497802,1.3035814294493882,-0.06502177960806144
GALLW.WI,2026-06-24,0.15214027252062556,0.10296664336944662,1.2826884223423674,-0.06691411166962713
GALLW.WI,2026-06-25,0.13511469770581397,0.1034571189394806,1.13311777423768,-0.07649255450341508
GALLW.WI,2026-06-26,0.1294234744253604,0.10344199956664836,1.0846519940038137,-0.07805446528311932
GALLW.WI,2026-06-29,0.13104059475791852,0.10350200082906229,1.0979134335270841,-0.07295860647807761
GALLW.WI,2026-06-30,0.1257343506778521,0.10357903155756241,1.0517508493406236,-0.07623950719550199
GALLW.WI,2026-07-01,0.12208450853714448,0.10366772747346084,1.0195987305707035,-0.07989811945720104
GALLW.WI,2026-07-02,0.11965899760424192,0.10363833531831498,0.9989689389342212,-0.07917133695011336
GALLW.WI,2026-07-03,0.12592637863936162,0.10367017732747755,1.0525631100328248,-0.07561391030857789
GALLW.WI,2026-07-06,0.13247438136606005,0.103713504244205,1.108106323012138,-0.07175237175652349
GALLW.WI,2026-07-07,0.12913135646917984,0.10371559752901481,1.0795673404294357,-0.07272021249091243
GALLW.WI,2026-07-08,0.14031258206402542,0.10358511082967595,1.1759736008861394,-0.06893937821297647
GALLW.WI,2026-07-09,0.1393963571128407,0.10357823329188763,1.168280244932089,-0.06798979862451937
GALLW.WI,2026-07-10,0.1362774769342825,0.10363379953296846,1.1412456486322862,-0.07072036723886044
GALLW.WI,2026-07-13,0.13739641211272935,0.10362260655805405,1.150861242537999,-0.07086196050108584
GALLW.WI,2026-07-14,0.14596384526571193,0.10385065044476625,1.2208595405318,-0.06394770229825131
GALLW.WI,2026-07-15,0.14274629455911203,0.10377983820955276,1.1945144997729078,-0.06231674329502346
GALLW.WI,2026-07-16,0.13223827092566753,0.10406177910407921,1.1027389295633863,-0.0691069478165276
GALLW.WI,2026-07-17,0.12212638413664889,0.10429127420522473,1.0144802919912024,-0.07528742988191761
GALLW.WI,2026-07-20,0.13540961426547726,0.10461368120103473,1.124218978962664,-0.06673677318557747
GALLW.WI,2026-07-21,0.1444128003937899,0.10469119472430334,1.198946835316338,-0.061586908012779884
GALLW.WI,2026-07-22,0.14460947254120504,0.1046950801484361,1.2005484464871903,-0.05877668971937455
GALLW.WI,2026-07-23,0.15166971141921337,0.10465558753699221,1.25975299185726,-0.05597679535649591
GALLW.WI,2026-07-24,0.1410161097980811,0.10477117513397001,1.1697249563520937,-0.06105344943055757
GALLW.WI,2026-07-27,0.1404247154035554,0.10476427521890706,1.1648438149106084,-0.059484656030502014
GALLW.WI,2026-07-28,0.1250389007602779,0.10528623949239692,1.0305132910350934,-0.06915801241913333
GALLW.WI,2026-07-29,0.13200856508694558,0.10528009545293114,1.0892584891393995,-0.06591235737850754
GALLW.WI,2026-07-30,0.1332612612078543,0.10526487439060335,1.099913087420429,-0.0662631489964085
GALLW.WI,2026-07-31,0.13369218708610076,0.10527458308490759,1.103434488790304,-0.06310796711039957
GALLW.WI,2026-08-03,0.12870665713987028,0.10521195196676711,1.062117969324225,-0.06330478785044336
GALLW.WI,2026-08-04,0.11913355098073874,0.105057352379375,0.9824120995877765,-0.06507251118065027
GALLW.WI,2026-08-05,0.11419402861064065,0.10495180464470477,0.9411282591257343,-0.06439018818083131
